sample,contig,mge(s),species,type_resistance,AMR,infos_amr,short_name,WHO_classif
ERR11865276,NODE_618_length_2851_cov_2.745228,gene:plasmid:117290,Leuconostoc mesenteroides,Drugs,Aminoglycosides,Aminoglycoside-resistant_16S_ribosomal_subunit_protein,A16S,CIA
ERR11865278,NODE_532_length_5121_cov_3.178815,gene:plasmid:139560,Leuconostoc mesenteroides,Drugs,Aminoglycosides,Aminoglycoside-resistant_16S_ribosomal_subunit_protein,A16S,CIA
ERR11865278,NODE_532_length_5121_cov_3.178815,gene:plasmid:139560,Leuconostoc mesenteroides,Drugs,Oxazolidinone,Oxazolidinone-resistant_23S_rRNA_mutation,O23S,Authorized for use in humans only
ERR11865278,NODE_568_length_4813_cov_10.290653,gene:plasmid:139560;gene:plasmid:131185,Acetobacter orientalis,Drugs,Aminoglycosides,Aminoglycoside-resistant_16S_ribosomal_subunit_protein,A16S,CIA
ERR11865284,NODE_166_length_9815_cov_3.523121,gene:plasmid:117290,Leuconostoc mesenteroides,Drugs,Aminoglycosides,Aminoglycoside-resistant_16S_ribosomal_subunit_protein,A16S,CIA
ERR11865286,NODE_2_length_57893_cov_3.452498,gene:plasmid:131182,Leuconostoc mesenteroides,Drugs,Aminoglycosides,Aminoglycoside-resistant_16S_ribosomal_subunit_protein,A16S,CIA
ERR11865286,NODE_2_length_57893_cov_3.452498,gene:plasmid:131182,Leuconostoc mesenteroides,Drugs,Oxazolidinone,Oxazolidinone-resistant_23S_rRNA_mutation,O23S,Authorized for use in humans only
ERR11865288,NODE_281_length_4144_cov_1.973861,gene:plasmid:139560,Leuconostoc mesenteroides,Drugs,Aminoglycosides,Aminoglycoside-resistant_16S_ribosomal_subunit_protein,A16S,CIA
ERR11865288,NODE_2_length_164853_cov_24.453153,ICEberg|404|Tn5301|GenBank|S54034|1..515,Lactococcus cremoris,Drugs,Multi-drug_resistance,Multi-drug_ABC_efflux_pumps,LMRD,HIA
ERR11865290,NODE_1427_length_2415_cov_5.556818,gene:plasmid:139560,Leuconostoc mesenteroides,Drugs,Aminoglycosides,Aminoglycoside-resistant_16S_ribosomal_subunit_protein,A16S,CIA
ERR11865290,NODE_1_length_164133_cov_29.451575,ICEberg|404|Tn5301|GenBank|S54034|1..515,Lactococcus cremoris,Drugs,Multi-drug_resistance,Multi-drug_ABC_efflux_pumps,LMRD,HIA
ERR11865292,NODE_32_length_47486_cov_3.195908,gene:plasmid:123887,Escherichia coli,Drugs,Rifampin,Rifampin-resistant_beta-subunit_of_RNA_polymerase_RpoB,RPOB,CIA
ERR11865292,NODE_32_length_47486_cov_3.195908,gene:plasmid:123887,Pseudomonas helleri,Drugs,Rifampin,Rifampin-resistant_beta-subunit_of_RNA_polymerase_RpoB,RPOB,CIA
ERR11865292,NODE_4_length_85389_cov_2.866048,gene:plasmid:124575,Pseudomonas helleri,Multi-compound,Biocide_and_metal_resistance,Biocide_and_metal_resistance_protein,RUVB,0
ERR11865292,NODE_252_length_11150_cov_2.269709,gene:proph:184195;gene:proph:184194,Pseudomonas helleri,Biocides,Multi-biocide_resistance,Multi-biocide_RND_efflux_pump,EMHB,0
ERR11865292,NODE_252_length_11150_cov_2.269709,gene:proph:184195;gene:proph:184194,Pseudomonas helleri,Multi-compound,Drug_and_biocide_resistance,Drug_and_biocide_RND_efflux_pumps,EMHC,0
ERR11865294,NODE_162_length_15117_cov_1.687392,gene:plasmid:123887,Acinetobacter sp. TTH0-4,Drugs,Rifampin,Rifampin-resistant_beta-subunit_of_RNA_polymerase_RpoB,RPOB,CIA
ERR11865294,NODE_485_length_7181_cov_1.282535,gene:plasmid:89528,Pseudomonas helleri,Drugs,Multi-drug_resistance,Multi-drug_RND_efflux_pumps,OPMH,NA
ERR11865294,NODE_270_length_11115_cov_1.055970,gene:proph:184195;gene:proph:184194,Pseudomonas helleri,Biocides,Multi-biocide_resistance,Multi-biocide_RND_efflux_pump,EMHB,0
ERR11865294,NODE_270_length_11115_cov_1.055970,gene:proph:184195;gene:proph:184194,Pseudomonas helleri,Multi-compound,Drug_and_biocide_resistance,Drug_and_biocide_RND_efflux_pumps,EMHC,0
ERR11865294,NODE_9_length_81020_cov_8.649228,ICEberg|404|Tn5301|GenBank|S54034|1..515,Lactococcus cremoris,Drugs,Multi-drug_resistance,Multi-drug_ABC_efflux_pumps,LMRD,HIA
ERR11865296,NODE_189_length_8252_cov_2.815015,gene:plasmid:131373,Leuconostoc mesenteroides,Drugs,Aminoglycosides,Aminoglycoside-resistant_16S_ribosomal_subunit_protein,A16S,CIA
ERR11865296,NODE_189_length_8252_cov_2.815015,gene:plasmid:131373,Leuconostoc mesenteroides,Drugs,Oxazolidinone,Oxazolidinone-resistant_23S_rRNA_mutation,O23S,Authorized for use in humans only
ERR11865296,NODE_226_length_6615_cov_2.165228,gene:plasmid:139560;gene:plasmid:117293,Acetobacter ghanensis,Drugs,MLS,Macrolide-resistant_23S_rRNA_mutation,MLS23S,CIA ?
ERR11865296,NODE_226_length_6615_cov_2.165228,gene:plasmid:139560;gene:plasmid:117293,Acetobacter ghanensis,Drugs,Aminoglycosides,Aminoglycoside-resistant_16S_ribosomal_subunit_protein,A16S,CIA
ERR11865296,NODE_5_length_65696_cov_17.842654,gene:vir:1131;gene:proph:162945;gene:proph:162923;gene:proph:163023;gene:proph:183081;gene:vir:3400;gene:proph:162961;gene:proph:162946;gene:proph:162929;gene:vir:3406;gene:vir:3407;gene:proph:183063;gene:proph:162928;gene:proph:183065;gene:proph:184310,Lactococcus lactis,Drugs,Multi-drug_resistance,Multi-drug_ABC_efflux_pumps,LMRD,HIA
ERR11865298,NODE_817_length_4709_cov_12.291139,gene:plasmid:139560,Acetobacter ghanensis,Drugs,Aminoglycosides,Aminoglycoside-resistant_16S_ribosomal_subunit_protein,A16S,CIA
ERR11865298,NODE_817_length_4709_cov_12.291139,gene:plasmid:139560,Leuconostoc mesenteroides,Drugs,Oxazolidinone,Oxazolidinone-resistant_23S_rRNA_mutation,O23S,Authorized for use in humans only
ERR11865298,NODE_147_length_18254_cov_11.336956,gene:proph:163023;gene:proph:183081;gene:proph:183055;gene:proph:162961;gene:proph:162946;gene:proph:162929;gene:vir:3406;gene:proph:183062;gene:proph:183063;gene:proph:162928;gene:proph:183065;gene:proph:184310,Lactococcus lactis,Drugs,Multi-drug_resistance,Multi-drug_ABC_efflux_pumps,LMRD,HIA
ERR11865300,NODE_2_length_164852_cov_20.778340,ICEberg|404|Tn5301|GenBank|S54034|1..515,Lactococcus cremoris,Drugs,Multi-drug_resistance,Multi-drug_ABC_efflux_pumps,LMRD,HIA
ERR11865302,NODE_125_length_15826_cov_2.729792,gene:plasmid:139560,Acetobacter ghanensis,Drugs,Aminoglycosides,Aminoglycoside-resistant_16S_ribosomal_subunit_protein,A16S,CIA
ERR11865302,NODE_2_length_164852_cov_32.423834,ICEberg|404|Tn5301|GenBank|S54034|1..515,Lactococcus cremoris,Drugs,Multi-drug_resistance,Multi-drug_ABC_efflux_pumps,LMRD,HIA
ERR11865304,NODE_371_length_6994_cov_1.922528,gene:plasmid:139560;gene:plasmid:131185,Acetobacter orientalis,Drugs,MLS,Macrolide-resistant_23S_rRNA_mutation,MLS23S,CIA ?
ERR11865304,NODE_371_length_6994_cov_1.922528,gene:plasmid:139560;gene:plasmid:131185,other,Drugs,Aminoglycosides,Aminoglycoside-resistant_16S_ribosomal_subunit_protein,A16S,CIA
ERR11865305,NODE_244_length_6807_cov_1.805240,gene:plasmid:139560;gene:plasmid:117293,Acetobacter oryzifermentans,Drugs,MLS,Macrolide-resistant_23S_rRNA_mutation,MLS23S,CIA ?
ERR11865305,NODE_244_length_6807_cov_1.805240,gene:plasmid:139560;gene:plasmid:117293,other,Drugs,Aminoglycosides,Aminoglycoside-resistant_16S_ribosomal_subunit_protein,A16S,CIA
ERR11865306,NODE_328_length_8778_cov_4.689284,gene:plasmid:139560;gene:plasmid:131185,Acetobacter ghanensis,Drugs,MLS,Macrolide-resistant_23S_rRNA_mutation,MLS23S,CIA ?
ERR11865306,NODE_328_length_8778_cov_4.689284,gene:plasmid:139560;gene:plasmid:131185,other,Drugs,MLS,Macrolide-resistant_23S_rRNA_mutation,MLS23S,CIA ?
ERR11865307,NODE_2_length_164045_cov_24.977824,gene:plasmid:135980;gene:plasmid:135959,Lactococcus lactis,Drugs,Multi-drug_resistance,Multi-drug_ABC_efflux_pumps,LMRD,HIA
ERR11865307,NODE_76_length_20435_cov_2.738280,gene:plasmid:139560;gene:plasmid:117293,Acetobacter orientalis,Drugs,MLS,Macrolide-resistant_23S_rRNA_mutation,MLS23S,CIA ?
ERR11865307,NODE_76_length_20435_cov_2.738280,gene:plasmid:139560;gene:plasmid:117293,Acetobacter oryzifermentans,Drugs,Aminoglycosides,Aminoglycoside-resistant_16S_ribosomal_subunit_protein,A16S,CIA
ERR11865308,NODE_203_length_5382_cov_1.965937,gene:plasmid:131182,Leuconostoc mesenteroides,Drugs,Oxazolidinone,Oxazolidinone-resistant_23S_rRNA_mutation,O23S,Authorized for use in humans only
ERR11865308,NODE_331_length_2954_cov_1.169438,gene:plasmid:131185,Acetobacter okinawensis,Drugs,MLS,Macrolide-resistant_23S_rRNA_mutation,MLS23S,CIA ?
ERR11865308,NODE_2_length_164852_cov_30.449713,ICEberg|404|Tn5301|GenBank|S54034|1..515,Lactococcus cremoris,Drugs,Multi-drug_resistance,Multi-drug_ABC_efflux_pumps,LMRD,HIA
ERR11865310,NODE_402_length_4775_cov_1.873494,gene:plasmid:131373,Leuconostoc mesenteroides,Drugs,Aminoglycosides,Aminoglycoside-resistant_16S_ribosomal_subunit_protein,A16S,CIA
ERR11865310,NODE_402_length_4775_cov_1.873494,gene:plasmid:131373,Leuconostoc mesenteroides,Drugs,Oxazolidinone,Oxazolidinone-resistant_23S_rRNA_mutation,O23S,Authorized for use in humans only
ERR11865310,NODE_30_length_54006_cov_2.303718,gene:plasmid:138875;gene:plasmid:139560;gene:plasmid:131185,Acetobacter orientalis,Drugs,MLS,Macrolide-resistant_23S_rRNA_mutation,MLS23S,CIA ?
ERR11865310,NODE_30_length_54006_cov_2.303718,gene:plasmid:138875;gene:plasmid:139560;gene:plasmid:131185,Acetobacter orientalis,Drugs,Aminoglycosides,Aminoglycoside-resistant_16S_ribosomal_subunit_protein,A16S,CIA
ERR11865310,NODE_347_length_5849_cov_4.253932,gene:plasmid:139560,Acetobacter ghanensis,Drugs,MLS,Macrolide-resistant_23S_rRNA_mutation,MLS23S,CIA ?
ERR11865310,NODE_2_length_164868_cov_30.231916,ICEberg|404|Tn5301|GenBank|S54034|1..515,Lactococcus cremoris,Drugs,Multi-drug_resistance,Multi-drug_ABC_efflux_pumps,LMRD,HIA
ERR11865312,NODE_156_length_2751_cov_0.762957,gene:plasmid:131185,Pseudomonas helleri,Drugs,MLS,Macrolide-resistant_23S_rRNA_mutation,MLS23S,CIA ?
ERR11865312,NODE_2_length_164853_cov_28.547491,ICEberg|404|Tn5301|GenBank|S54034|1..515,Lactococcus cremoris,Drugs,Multi-drug_resistance,Multi-drug_ABC_efflux_pumps,LMRD,HIA
ERR11865314,NODE_231_length_7128_cov_5.281531,gene:plasmid:139560;gene:plasmid:131185,Acetobacter orientalis,Drugs,MLS,Macrolide-resistant_23S_rRNA_mutation,MLS23S,CIA ?
ERR11865314,NODE_231_length_7128_cov_5.281531,gene:plasmid:139560;gene:plasmid:131185,Acetobacter orientalis,Drugs,Oxazolidinone,Oxazolidinone-resistant_23S_rRNA_mutation,O23S,Authorized for use in humans only
ERR11865316,NODE_707_length_3994_cov_1.186967,gene:plasmid:139560,Acetobacter orientalis,Drugs,MLS,Macrolide-resistant_23S_rRNA_mutation,MLS23S,CIA ?
ERR11865318,NODE_663_length_4550_cov_8.597558,gene:plasmid:139560;gene:plasmid:131376,Acetobacter orientalis,Drugs,Aminoglycosides,Aminoglycoside-resistant_16S_ribosomal_subunit_protein,A16S,CIA
ERR11865322,NODE_233_length_15139_cov_1.698774,gene:plasmid:123887,Escherichia coli,Drugs,Rifampin,Rifampin-resistant_beta-subunit_of_RNA_polymerase_RpoB,RPOB,CIA
ERR11865322,NODE_1_length_78408_cov_1.842491,gene:plasmid:124575,Pseudomonas helleri,Multi-compound,Biocide_and_metal_resistance,Biocide_and_metal_resistance_protein,RUVB,0
ERR11865322,NODE_731_length_5784_cov_3.541630,gene:plasmid:139560;gene:plasmid:117293,Acetobacter ghanensis,Drugs,MLS,Macrolide-resistant_23S_rRNA_mutation,MLS23S,CIA ?
ERR11865322,NODE_731_length_5784_cov_3.541630,gene:plasmid:139560;gene:plasmid:117293,Acetobacter ghanensis,Drugs,Aminoglycosides,Aminoglycoside-resistant_16S_ribosomal_subunit_protein,A16S,CIA
ERR11865322,NODE_799_length_5245_cov_1.707698,gene:plasmid:89528,Pseudomonas helleri,Drugs,Multi-drug_resistance,Multi-drug_RND_efflux_pumps,OPMH,NA
ERR11865322,NODE_334_length_11128_cov_1.478684,gene:proph:184195;gene:proph:184194,Pseudomonas helleri,Biocides,Multi-biocide_resistance,Multi-biocide_RND_efflux_pump,EMHB,0
ERR11865322,NODE_334_length_11128_cov_1.478684,gene:proph:184195;gene:proph:184194,Pseudomonas helleri,Multi-compound,Drug_and_biocide_resistance,Drug_and_biocide_RND_efflux_pumps,EMHC,0
ERR11865324,NODE_20_length_78217_cov_3.312883,gene:plasmid:124575,Pseudomonas helleri,Multi-compound,Biocide_and_metal_resistance,Biocide_and_metal_resistance_protein,RUVB,0
ERR11865324,NODE_7_length_126143_cov_2.307175,gene:plasmid:21021;gene:proph:184236;gene:proph:175950;gene:proph:175953;gene:proph:175954;gene:proph:175955;gene:proph:184195;gene:proph:184194,Pseudomonas lundensis,Biocides,Multi-biocide_resistance,Multi-biocide_RND_efflux_pump,EMHB,0
ERR11865324,NODE_7_length_126143_cov_2.307175,gene:plasmid:21021;gene:proph:184236;gene:proph:175950;gene:proph:175953;gene:proph:175954;gene:proph:175955;gene:proph:184195;gene:proph:184194,Pseudomonas lundensis,Multi-compound,Drug_and_biocide_resistance,Drug_and_biocide_RND_efflux_pumps,EMHC,0
ERR11865324,NODE_7_length_126143_cov_2.307175,gene:plasmid:21021;gene:proph:184236;gene:proph:175950;gene:proph:175953;gene:proph:175954;gene:proph:175955;gene:proph:184195;gene:proph:184194,Pseudomonas lundensis,Biocides,Peroxide_resistance,peroxide_resistance_protein,SODB,0
ERR11865324,NODE_154_length_28361_cov_3.113622,gene:plasmid:89528,Pseudomonas helleri,Drugs,Multi-drug_resistance,Multi-drug_RND_efflux_pumps,OPMH,NA
ERR11865324,NODE_154_length_28361_cov_3.113622,gene:plasmid:89528,Pseudomonas helleri,Drugs,Multi-drug_resistance,Multi-drug_RND_efflux_pumps,OPMH,NA
ERR11865324,NODE_154_length_28361_cov_3.113622,gene:plasmid:89528,Pseudomonas helleri,Drugs,Fluoroquinolones,Fluoroquinolone-resistant_DNA_topoisomerases,PARC,HPCIA
ERR11865324,NODE_377_length_11107_cov_2.280601,gene:proph:184195;gene:proph:184194,Pseudomonas helleri,Biocides,Multi-biocide_resistance,Multi-biocide_RND_efflux_pump,EMHB,0
ERR11865324,NODE_377_length_11107_cov_2.280601,gene:proph:184195;gene:proph:184194,Pseudomonas helleri,Multi-compound,Drug_and_biocide_resistance,Drug_and_biocide_RND_efflux_pumps,EMHC,0
ERR11865326,NODE_240_length_15493_cov_2.225303,gene:plasmid:123887,Citrobacter freundii,Drugs,Rifampin,Rifampin-resistant_beta-subunit_of_RNA_polymerase_RpoB,RPOB,CIA
ERR11865326,NODE_13_length_85350_cov_2.824437,gene:plasmid:124575,Pseudomonas helleri,Multi-compound,Biocide_and_metal_resistance,Biocide_and_metal_resistance_protein,RUVB,0
ERR11865326,NODE_514_length_5279_cov_1.271157,gene:plasmid:131373,Leuconostoc mesenteroides,Drugs,Oxazolidinone,Oxazolidinone-resistant_23S_rRNA_mutation,O23S,Authorized for use in humans only
ERR11865326,NODE_74_length_37582_cov_1.640315,gene:plasmid:85748,Pseudomonas helleri,Multi-compound,Drug_and_biocide_resistance,Drug_and_biocide_RND_efflux_pumps,MEXE,HPCIA
ERR11865326,NODE_74_length_37582_cov_1.640315,gene:plasmid:85748,Pseudomonas helleri,Multi-compound,Drug_and_biocide_resistance,Drug_and_biocide_RND_efflux_pumps,MEXF,HPCIA
ERR11865326,NODE_94_length_33288_cov_2.705166,gene:plasmid:89528,Pseudomonas helleri,Drugs,Aminocoumarins,Aminocoumarin-resistant_DNA_topoisomerases,PARE,Not medically important
ERR11865326,NODE_94_length_33288_cov_2.705166,gene:plasmid:89528,Pseudomonas helleri,Drugs,Multi-drug_resistance,Multi-drug_RND_efflux_pumps,OPMH,NA
ERR11865326,NODE_94_length_33288_cov_2.705166,gene:plasmid:89528,Pseudomonas helleri,Drugs,Fluoroquinolones,Fluoroquinolone-resistant_DNA_topoisomerases,PARC,HPCIA
ERR11865326,NODE_300_length_11199_cov_2.389812,gene:proph:184195;gene:proph:184194,Pseudomonas helleri,Biocides,Multi-biocide_resistance,Multi-biocide_RND_efflux_pump,EMHB,0
ERR11865326,NODE_300_length_11199_cov_2.389812,gene:proph:184195;gene:proph:184194,Pseudomonas helleri,Multi-compound,Drug_and_biocide_resistance,Drug_and_biocide_RND_efflux_pumps,EMHC,0
ERR11865326,NODE_2_length_123987_cov_30.665703,ICEberg|404|Tn5301|GenBank|S54034|1..515,Lactococcus cremoris,Drugs,Multi-drug_resistance,Multi-drug_ABC_efflux_pumps,LMRD,HIA
ERR11865328,NODE_489_length_4262_cov_2.107134,gene:plasmid:10524;gene:plasmid:10528,Acinetobacter lwoffii,Drugs,Aminoglycosides,Aminoglycoside_O-nucleotidyltransferases,ANT3-DPRIME,CIA
ERR11865328,NODE_133_length_8568_cov_0.938277,gene:plasmid:123887,Citrobacter freundii,Drugs,Rifampin,Rifampin-resistant_beta-subunit_of_RNA_polymerase_RpoB,RPOB,CIA
ERR11865328,NODE_263_length_5984_cov_1.051562,gene:plasmid:89528,Pseudomonas helleri,Drugs,Aminocoumarins,Aminocoumarin-resistant_DNA_topoisomerases,PARE,Not medically important
ERR11865332,NODE_408_length_8085_cov_1.637095,gene:plasmid:123887,Pseudomonas helleri,Drugs,Rifampin,Rifampin-resistant_beta-subunit_of_RNA_polymerase_RpoB,RPOB,CIA
ERR11865332,NODE_2_length_75982_cov_1.580291,gene:plasmid:124575,Pseudomonas helleri,Multi-compound,Biocide_and_metal_resistance,Biocide_and_metal_resistance_protein,RUVB,0
ERR11865332,NODE_113_length_17412_cov_1.174313,gene:proph:184195;gene:proph:184194,Pseudomonas lundensis,Biocides,Multi-biocide_resistance,Multi-biocide_RND_efflux_pump,EMHB,0
ERR11865332,NODE_113_length_17412_cov_1.174313,gene:proph:184195;gene:proph:184194,Pseudomonas lundensis,Multi-compound,Drug_and_biocide_resistance,Drug_and_biocide_RND_efflux_pumps,EMHC,0
ERR11865334,NODE_226_length_13682_cov_1.377278,gene:plasmid:123887,Escherichia coli,Drugs,Rifampin,Rifampin-resistant_beta-subunit_of_RNA_polymerase_RpoB,RPOB,CIA
ERR11865334,NODE_12_length_67096_cov_1.621810,gene:plasmid:124575,Pseudomonas helleri,Multi-compound,Biocide_and_metal_resistance,Biocide_and_metal_resistance_protein,RUVB,0
ERR11865334,NODE_1397_length_2944_cov_1.181754,gene:plasmid:131182,Leuconostoc mesenteroides,Drugs,Oxazolidinone,Oxazolidinone-resistant_23S_rRNA_mutation,O23S,Authorized for use in humans only
ERR11865334,NODE_7_length_79412_cov_1.599231,gene:plasmid:89528;gene:plasmid:125744,Pseudomonas helleri,Drugs,Aminocoumarins,Aminocoumarin-resistant_DNA_topoisomerases,PARE,Not medically important
ERR11865334,NODE_7_length_79412_cov_1.599231,gene:plasmid:89528;gene:plasmid:125744,Pseudomonas helleri,Drugs,Multi-drug_resistance,Multi-drug_RND_efflux_pumps,OPMH,NA
ERR11865334,NODE_7_length_79412_cov_1.599231,gene:plasmid:89528;gene:plasmid:125744,Pseudomonas helleri,Drugs,Fluoroquinolones,Fluoroquinolone-resistant_DNA_topoisomerases,PARC,HPCIA
ERR11865334,NODE_303_length_11150_cov_1.436814,gene:proph:184195;gene:proph:184194,Pseudomonas helleri,Biocides,Multi-biocide_resistance,Multi-biocide_RND_efflux_pump,EMHB,0
ERR11865334,NODE_303_length_11150_cov_1.436814,gene:proph:184195;gene:proph:184194,Pseudomonas helleri,Multi-compound,Drug_and_biocide_resistance,Drug_and_biocide_RND_efflux_pumps,EMHC,0
ERR11865334,NODE_1_length_165079_cov_30.540442,ICEberg|404|Tn5301|GenBank|S54034|1..515,Lactococcus lactis,Drugs,Multi-drug_resistance,Multi-drug_ABC_efflux_pumps,LMRD,HIA
ERR11865335,NODE_261_length_4915_cov_1.388680,gene:plasmid:117290,Leuconostoc mesenteroides,Drugs,Aminoglycosides,Aminoglycoside-resistant_16S_ribosomal_subunit_protein,A16S,CIA
ERR11865335,NODE_2_length_153226_cov_29.093247,ICEberg|404|Tn5301|GenBank|S54034|1..515,Lactococcus cremoris,Drugs,Multi-drug_resistance,Multi-drug_ABC_efflux_pumps,LMRD,HIA
ERR11865338,NODE_1527_length_2385_cov_0.668733,gene:plasmid:87053,Enterococcus faecium,Drugs,Phenicol,Chloramphenicol_acetyltransferases,CATA,HIA
ERR11865338,NODE_7_length_79748_cov_22.979905,ICEberg|404|Tn5301|GenBank|S54034|1..515,Lactococcus lactis,Drugs,Multi-drug_resistance,Multi-drug_ABC_efflux_pumps,LMRD,HIA
ERR11865340,NODE_108_length_15192_cov_1.677398,gene:plasmid:123887,Duffyella gerundensis,Drugs,Rifampin,Rifampin-resistant_beta-subunit_of_RNA_polymerase_RpoB,RPOB,CIA
ERR11865340,NODE_1_length_78276_cov_1.666752,gene:plasmid:124575,Pseudomonas helleri,Multi-compound,Biocide_and_metal_resistance,Biocide_and_metal_resistance_protein,RUVB,0
ERR11865340,NODE_167_length_11117_cov_1.208371,gene:proph:184195;gene:proph:184194,Pseudomonas helleri,Biocides,Multi-biocide_resistance,Multi-biocide_RND_efflux_pump,EMHB,0
ERR11865340,NODE_167_length_11117_cov_1.208371,gene:proph:184195;gene:proph:184194,Pseudomonas helleri,Multi-compound,Drug_and_biocide_resistance,Drug_and_biocide_RND_efflux_pumps,EMHC,0
ERR11865342,NODE_500_length_4379_cov_1.556444,gene:plasmid:139560,Leuconostoc mesenteroides,Drugs,Aminoglycosides,Aminoglycoside-resistant_16S_ribosomal_subunit_protein,A16S,CIA
ERR11865342,NODE_500_length_4379_cov_1.556444,gene:plasmid:139560,Leuconostoc mesenteroides,Drugs,Oxazolidinone,Oxazolidinone-resistant_23S_rRNA_mutation,O23S,Authorized for use in humans only
ERR11865344,NODE_1_length_889486_cov_19.175962,gene:plasmid:115792;gene:plasmid:120653;gene:plasmid:120658;gene:plasmid:120659;gene:plasmid:155304,Leuconostoc mesenteroides,Drugs,Elfamycins,EF-Tu_inhibition,TUFAB,NA
ERR11865344,NODE_24_length_5339_cov_120.308327,gene:plasmid:131373,Leuconostoc falkenbergense,Drugs,Aminoglycosides,Aminoglycoside-resistant_16S_ribosomal_subunit_protein,A16S,CIA
ERR11865344,NODE_24_length_5339_cov_120.308327,gene:plasmid:131373,Leuconostoc mesenteroides,Drugs,Oxazolidinone,Oxazolidinone-resistant_23S_rRNA_mutation,O23S,Authorized for use in humans only
ERR11865346,NODE_723_length_4144_cov_0.773712,gene:plasmid:10528;gene:plasmid:10524,Proteus mirabilis,Drugs,Aminoglycosides,Aminoglycoside_O-nucleotidyltransferases,ANT3-DPRIME,CIA
ERR11865346,NODE_562_length_5339_cov_54.400806,gene:plasmid:117290,Leuconostoc mesenteroides,Drugs,Aminoglycosides,Aminoglycoside-resistant_16S_ribosomal_subunit_protein,A16S,CIA
ERR11865346,NODE_562_length_5339_cov_54.400806,gene:plasmid:117290,Leuconostoc mesenteroides,Drugs,Oxazolidinone,Oxazolidinone-resistant_23S_rRNA_mutation,O23S,Authorized for use in humans only
ERR11865346,NODE_362_length_7726_cov_1.352941,gene:plasmid:123887,Pseudomonas helleri,Drugs,Rifampin,Rifampin-resistant_beta-subunit_of_RNA_polymerase_RpoB,RPOB,CIA
ERR11865346,NODE_122_length_20106_cov_1.255418,gene:plasmid:89528,Pseudomonas helleri,Drugs,Aminocoumarins,Aminocoumarin-resistant_DNA_topoisomerases,PARE,Not medically important
ERR11865346,NODE_122_length_20106_cov_1.255418,gene:plasmid:89528,Pseudomonas helleri,Drugs,Multi-drug_resistance,Multi-drug_RND_efflux_pumps,OPMH,NA
ERR11865346,NODE_122_length_20106_cov_1.255418,gene:plasmid:89528,Pseudomonas helleri,Drugs,Fluoroquinolones,Fluoroquinolone-resistant_DNA_topoisomerases,PARC,HPCIA
ERR11865346,NODE_3_length_152974_cov_17.307981,ICEberg|404|Tn5301|GenBank|S54034|1..515,Lactococcus lactis,Drugs,Multi-drug_resistance,Multi-drug_ABC_efflux_pumps,LMRD,HIA
ERR11865348,NODE_371_length_10167_cov_4.314641,gene:plasmid:139560;gene:plasmid:131376,Acetobacter orientalis,Drugs,MLS,Macrolide-resistant_23S_rRNA_mutation,MLS23S,CIA ?
ERR11865348,NODE_371_length_10167_cov_4.314641,gene:plasmid:139560;gene:plasmid:131376,Komagataeibacter piraceti,Drugs,Aminoglycosides,Aminoglycoside-resistant_16S_ribosomal_subunit_protein,A16S,CIA
ERR11865350,NODE_450_length_4538_cov_1.802766,gene:plasmid:131182,Leuconostoc mesenteroides,Drugs,Oxazolidinone,Oxazolidinone-resistant_23S_rRNA_mutation,O23S,Authorized for use in humans only
ERR11865350,NODE_77_length_27009_cov_4.859051,gene:plasmid:139560;gene:plasmid:131376,Acetobacter ghanensis,Drugs,MLS,Macrolide-resistant_23S_rRNA_mutation,MLS23S,CIA ?
ERR11865350,NODE_77_length_27009_cov_4.859051,gene:plasmid:139560;gene:plasmid:131376,Acetobacter ghanensis,Drugs,Aminoglycosides,Aminoglycoside-resistant_16S_ribosomal_subunit_protein,A16S,CIA
ERR11865350,NODE_623_length_3190_cov_0.864512,gene:plasmid:16015,other,Drugs,Sulfonamides,Sulfonamide-resistant_dihydropteroate_synthases,SULI,HIA
ERR11865350,NODE_623_length_3190_cov_0.864512,gene:plasmid:16015,other,Drugs,Aminoglycosides,Aminoglycoside_O-nucleotidyltransferases,ANT3-DPRIME,CIA
ERR11865350,NODE_623_length_3190_cov_0.864512,gene:plasmid:16015,other,Multi-compound,Drug_and_biocide_resistance,Drug_and_biocide_SMR_efflux_pumps,QACEDELTA1,0
ERR11865350,NODE_550_length_3668_cov_0.780570,gene:proph:176833,Acinetobacter sp. CE-15,Drugs,Elfamycins,EF-Tu_inhibition,TUFAB,NA
ERR11865352,NODE_59_length_19909_cov_2.236326,gene:plasmid:139560,Acetobacter ghanensis,Drugs,Aminoglycosides,Aminoglycoside-resistant_16S_ribosomal_subunit_protein,A16S,CIA
ERR11865352,NODE_59_length_19909_cov_2.236326,gene:plasmid:139560,Leuconostoc mesenteroides,Drugs,Oxazolidinone,Oxazolidinone-resistant_23S_rRNA_mutation,O23S,Authorized for use in humans only
ERR11865352,NODE_43_length_26711_cov_2.345659,gene:proph:176833,Acinetobacter johnsonii,Drugs,Elfamycins,EF-Tu_inhibition,TUFAB,NA
ERR11865352,NODE_43_length_26711_cov_2.345659,gene:proph:176833,Acinetobacter sp. CE-15,Drugs,Rifampin,Rifampin-resistant_beta-subunit_of_RNA_polymerase_RpoB,RPOB,CIA
ERR11865352,NODE_2_length_153266_cov_30.620025,gene:proph:183052;gene:proph:162923;gene:vir:3401;gene:proph:183058;gene:proph:183059;gene:proph:162954;gene:proph:163039;gene:proph:183231;gene:proph:162936,Lactococcus cremoris,Drugs,Multi-drug_resistance,Multi-drug_ABC_efflux_pumps,LMRD,HIA
ERR11865354,NODE_39_length_17294_cov_3.171958,gene:plasmid:117290,Leuconostoc mesenteroides,Drugs,Aminoglycosides,Aminoglycoside-resistant_16S_ribosomal_subunit_protein,A16S,CIA
ERR11865354,NODE_39_length_17294_cov_3.171958,gene:plasmid:117290,Leuconostoc mesenteroides,Drugs,Oxazolidinone,Oxazolidinone-resistant_23S_rRNA_mutation,O23S,Authorized for use in humans only
ERR11865354,NODE_2_length_153266_cov_33.423086,gene:vir:3397;gene:proph:162923;gene:proph:183056;gene:proph:183058;gene:proph:183059;gene:proph:162954;gene:proph:163039;gene:vir:1019;gene:proph:162936,Lactococcus lactis,Drugs,Multi-drug_resistance,Multi-drug_ABC_efflux_pumps,LMRD,HIA
ERR11865360,NODE_429_length_5592_cov_13.092406,gene:plasmid:139560;gene:plasmid:117293,Acetobacter ghanensis,Drugs,MLS,Macrolide-resistant_23S_rRNA_mutation,MLS23S,CIA ?
ERR11865360,NODE_429_length_5592_cov_13.092406,gene:plasmid:139560;gene:plasmid:117293,Acetobacter ghanensis,Drugs,Aminoglycosides,Aminoglycoside-resistant_16S_ribosomal_subunit_protein,A16S,CIA
ERR11865362,NODE_646_length_3877_cov_56.351200,gene:plasmid:139560,Leuconostoc mesenteroides,Drugs,Aminoglycosides,Aminoglycoside-resistant_16S_ribosomal_subunit_protein,A16S,CIA
ERR11865364,NODE_5_length_188282_cov_8.230055,gene:plasmid:123887,Pantoea agglomerans,Drugs,Rifampin,Rifampin-resistant_beta-subunit_of_RNA_polymerase_RpoB,RPOB,CIA
ERR11865364,NODE_5_length_188282_cov_8.230055,gene:plasmid:123887,Pseudomonas sp.TH21,Drugs,Rifampin,Rifampin-resistant_beta-subunit_of_RNA_polymerase_RpoB,RPOB,CIA
ERR11865364,NODE_17_length_114373_cov_3.295993,gene:plasmid:154779,Pseudomonas helleri,Drugs,Cationic_antimicrobial_peptides,Polymyxin_B_resistance_regulator,ARNA,HPCIA
ERR11865364,NODE_4_length_217547_cov_8.951559,gene:plasmid:27818;gene:plasmid:89528,Pseudomonas helleri,Drugs,Aminocoumarins,Aminocoumarin-resistant_DNA_topoisomerases,PARE,Not medically important
ERR11865364,NODE_4_length_217547_cov_8.951559,gene:plasmid:27818;gene:plasmid:89528,Pseudomonas helleri,Drugs,Multi-drug_resistance,Multi-drug_RND_efflux_pumps,OPMH,NA
ERR11865364,NODE_4_length_217547_cov_8.951559,gene:plasmid:27818;gene:plasmid:89528,Pseudomonas helleri,Drugs,Fluoroquinolones,Fluoroquinolone-resistant_DNA_topoisomerases,PARC,HPCIA
ERR11865364,NODE_4_length_217547_cov_8.951559,gene:plasmid:27818;gene:plasmid:89528,Pseudomonas helleri,Multi-compound,Biocide_and_metal_resistance,Biocide_and_metal_resistance_protein,RUVB,0
ERR11865364,NODE_32_length_66363_cov_6.482653,gene:proph:175953;gene:proph:184195;gene:proph:184236,Pseudomonas helleri,Biocides,Multi-biocide_resistance,Multi-biocide_RND_efflux_pump,EMHB,0
ERR11865364,NODE_32_length_66363_cov_6.482653,gene:proph:175953;gene:proph:184195;gene:proph:184236,Pseudomonas helleri,Multi-compound,Drug_and_biocide_resistance,Drug_and_biocide_RND_efflux_pumps,EMHC,0
ERR11865364,NODE_311_length_9089_cov_3.201294,gene:proph:176833,Hafnia paralvei,Multi-compound,Drug_and_biocide_resistance,Drug_and_biocide_RND_efflux_pumps,ACRB,Authorized for use in humans only ?
ERR11865367,NODE_164_length_10172_cov_0.893280,gene:plasmid:123887,Pantoea septica,Drugs,Rifampin,Rifampin-resistant_beta-subunit_of_RNA_polymerase_RpoB,RPOB,CIA
ERR11865367,NODE_430_length_5743_cov_0.934117,gene:plasmid:89528,Pseudomonas helleri,Drugs,Multi-drug_resistance,Multi-drug_RND_efflux_pumps,OPMH,NA
ERR11865367,NODE_372_length_6243_cov_0.795128,gene:proph:184194,Pseudomonas fragi,Multi-compound,Drug_and_biocide_resistance,Drug_and_biocide_RND_efflux_pumps,EMHC,0
ERR11865371,NODE_140_length_4634_cov_1.497005,gene:plasmid:139560,Leuconostoc mesenteroides,Drugs,Oxazolidinone,Oxazolidinone-resistant_23S_rRNA_mutation,O23S,Authorized for use in humans only
ERR11865373,NODE_4_length_164046_cov_35.115716,gene:plasmid:135980;gene:plasmid:135959,Lactococcus lactis,Drugs,Multi-drug_resistance,Multi-drug_ABC_efflux_pumps,LMRD,HIA
ERR11865375,NODE_236_length_5125_cov_2.280512,gene:plasmid:131182,Leuconostoc citreum,Drugs,Aminoglycosides,Aminoglycoside-resistant_16S_ribosomal_subunit_protein,A16S,CIA
ERR11865375,NODE_236_length_5125_cov_2.280512,gene:plasmid:131182,Leuconostoc falkenbergense,Drugs,Oxazolidinone,Oxazolidinone-resistant_23S_rRNA_mutation,O23S,Authorized for use in humans only
ERR11865375,NODE_3_length_164046_cov_31.107535,gene:plasmid:135980;gene:plasmid:135959,Lactococcus lactis,Drugs,Multi-drug_resistance,Multi-drug_ABC_efflux_pumps,LMRD,HIA
ERR11865377,NODE_465_length_5629_cov_12.865867,gene:plasmid:139560;gene:plasmid:131185,Acetobacter pasteurianus,Drugs,MLS,Macrolide-resistant_23S_rRNA_mutation,MLS23S,CIA ?
ERR11865377,NODE_465_length_5629_cov_12.865867,gene:plasmid:139560;gene:plasmid:131185,other,Drugs,Aminoglycosides,Aminoglycoside-resistant_16S_ribosomal_subunit_protein,A16S,CIA
ERR11865379,NODE_391_length_5648_cov_18.712733,gene:plasmid:139560;gene:plasmid:117293,Acetobacter ghanensis,Drugs,MLS,Macrolide-resistant_23S_rRNA_mutation,MLS23S,CIA ?
ERR11865379,NODE_391_length_5648_cov_18.712733,gene:plasmid:139560;gene:plasmid:117293,Acetobacter ghanensis,Drugs,Aminoglycosides,Aminoglycoside-resistant_16S_ribosomal_subunit_protein,A16S,CIA
ERR11865379,NODE_392_length_5592_cov_20.642452,gene:plasmid:139560;gene:plasmid:131185,Acetobacter orientalis,Drugs,MLS,Macrolide-resistant_23S_rRNA_mutation,MLS23S,CIA ?
ERR11865379,NODE_392_length_5592_cov_20.642452,gene:plasmid:139560;gene:plasmid:131185,other,Drugs,Aminoglycosides,Aminoglycoside-resistant_16S_ribosomal_subunit_protein,A16S,CIA
ERR11865385,NODE_61_length_16884_cov_5.519723,gene:plasmid:131373,Leuconostoc falkenbergense,Drugs,Aminoglycosides,Aminoglycoside-resistant_16S_ribosomal_subunit_protein,A16S,CIA
ERR11865385,NODE_61_length_16884_cov_5.519723,gene:plasmid:131373,Leuconostoc mesenteroides,Drugs,Oxazolidinone,Oxazolidinone-resistant_23S_rRNA_mutation,O23S,Authorized for use in humans only
ERR11865387,NODE_108_length_7991_cov_17.490336,gene:plasmid:117290,Leuconostoc mesenteroides,Drugs,Aminoglycosides,Aminoglycoside-resistant_16S_ribosomal_subunit_protein,A16S,CIA
ERR11865387,NODE_108_length_7991_cov_17.490336,gene:plasmid:117290,Leuconostoc mesenteroides,Drugs,Oxazolidinone,Oxazolidinone-resistant_23S_rRNA_mutation,O23S,Authorized for use in humans only
ERR11865387,NODE_1_length_491865_cov_33.043887,gene:proph:183526;gene:vir:1043;gene:vir:1042;gene:proph:183088;gene:proph:162939;gene:proph:162942;gene:proph:162944;gene:proph:162958;gene:vir:1105;gene:proph:162935;gene:vir:1102;gene:proph:183095;gene:proph:162937;gene:proph:183098;gene:plasmid:87093;gene:plasmid:135980;gene:plasmid:135959;gene:proph:184306;gene:proph:183085;gene:vir:3398;gene:proph:183082;gene:proph:162960;gene:proph:162952;gene:proph:162961;gene:vir:1121;gene:vir:1122;gene:vir:1123;gene:proph:162927;gene:vir:1125;gene:vir:1126;gene:vir:1048;gene:vir:1049;gene:proph:183100;gene:proph:162997;gene:proph:162996;gene:vir:992;gene:proph:184398;gene:proph:184397;gene:vir:3940;gene:vir:1619;gene:proph:183252;gene:vir:999;gene:proph:163000;gene:proph:183109;gene:vir:94750;gene:vir:723;gene:vir:1008;gene:vir:4038,Lactococcus cremoris,Drugs,Multi-drug_resistance,Multi-drug_ABC_efflux_pumps,LMRD,HIA
ERR11865389,NODE_152_length_9156_cov_3.603278,gene:plasmid:139560;gene:plasmid:131376,Acetobacter ghanensis,Drugs,MLS,Macrolide-resistant_23S_rRNA_mutation,MLS23S,CIA ?
ERR11865389,NODE_152_length_9156_cov_3.603278,gene:plasmid:139560;gene:plasmid:131376,Acetobacter ghanensis,Drugs,Aminoglycosides,Aminoglycoside-resistant_16S_ribosomal_subunit_protein,A16S,CIA
ERR11865391,NODE_459_length_5592_cov_11.909058,gene:plasmid:139560;gene:plasmid:131185,Acetobacter ghanensis,Drugs,MLS,Macrolide-resistant_23S_rRNA_mutation,MLS23S,CIA ?
ERR11865391,NODE_459_length_5592_cov_11.909058,gene:plasmid:139560;gene:plasmid:131185,Acetobacter ghanensis,Drugs,Aminoglycosides,Aminoglycoside-resistant_16S_ribosomal_subunit_protein,A16S,CIA
ERR11865391,NODE_358_length_8203_cov_7.619985,gene:plasmid:139560;gene:plasmid:131185,Acetobacter persici,Drugs,Oxazolidinone,Oxazolidinone-resistant_23S_rRNA_mutation,O23S,Authorized for use in humans only
ERR11865393,NODE_2_length_156671_cov_24.038807,gene:plasmid:135980,Lactococcus lactis,Drugs,Multi-drug_resistance,Multi-drug_ABC_efflux_pumps,LMRD,HIA
ERR11865395,NODE_9_length_85698_cov_2.326512,gene:plasmid:139560;gene:plasmid:131185,Acetobacter orientalis,Drugs,MLS,Macrolide-resistant_23S_rRNA_mutation,MLS23S,CIA ?
ERR11865395,NODE_9_length_85698_cov_2.326512,gene:plasmid:139560;gene:plasmid:131185,Acetobacter orientalis,Drugs,Aminoglycosides,Aminoglycoside-resistant_16S_ribosomal_subunit_protein,A16S,CIA
ERR11865397,NODE_152_length_5344_cov_40.032969,gene:plasmid:131373,Leuconostoc mesenteroides,Drugs,Aminoglycosides,Aminoglycoside-resistant_16S_ribosomal_subunit_protein,A16S,CIA
ERR11865397,NODE_152_length_5344_cov_40.032969,gene:plasmid:131373,Leuconostoc mesenteroides,Drugs,Oxazolidinone,Oxazolidinone-resistant_23S_rRNA_mutation,O23S,Authorized for use in humans only
ERR11865399,NODE_47_length_21993_cov_6.383701,gene:plasmid:131373,Leuconostoc mesenteroides,Drugs,Aminoglycosides,Aminoglycoside-resistant_16S_ribosomal_subunit_protein,A16S,CIA
ERR11865399,NODE_47_length_21993_cov_6.383701,gene:plasmid:131373,Leuconostoc mesenteroides,Drugs,Oxazolidinone,Oxazolidinone-resistant_23S_rRNA_mutation,O23S,Authorized for use in humans only
ERR11865399,NODE_1_length_302269_cov_42.669209,gene:proph:184332;gene:proph:183180;gene:proph:183265;gene:vir:1043;gene:vir:1042;gene:plasmid:135980;gene:plasmid:135959;gene:plasmid:87093;gene:vir:1048;gene:vir:1049;gene:proph:183100;gene:proph:162997;gene:proph:162996;gene:proph:184398;gene:proph:184397;gene:vir:3940;gene:vir:1619;gene:proph:183252;gene:proph:183251;gene:proph:163000;gene:proph:183109;gene:vir:94750;gene:vir:723;gene:vir:1008;gene:vir:4038;gene:proph:184362;gene:proph:162987;gene:vir:952;gene:proph:183179;gene:proph:183181;gene:vir:3961;gene:vir:1017;gene:vir:729;gene:vir:3962;gene:vir:3963;gene:proph:184335;gene:vir:3965;gene:proph:184331;gene:vir:3613;gene:proph:184329;gene:vir:3615;gene:proph:184327;gene:vir:98409;gene:vir:3618;gene:proph:184324;gene:proph:184323;gene:vir:3975;gene:vir:3977;gene:proph:184319;gene:proph:183212;gene:proph:184391,Lactococcus lactis,Drugs,Multi-drug_resistance,Multi-drug_ABC_efflux_pumps,LMRD,HIA
ERR11865401,NODE_1_length_232033_cov_24.610730,gene:proph:184332;gene:proph:183180;gene:proph:183265;gene:vir:1043;gene:vir:1042;gene:plasmid:135980;gene:plasmid:135959;gene:vir:1048;gene:proph:183099;gene:proph:183100;gene:proph:162997;gene:proph:162996;gene:proph:184398;gene:proph:184397;gene:vir:3940;gene:vir:1619;gene:proph:183252;gene:vir:999;gene:proph:163000;gene:vir:1059;gene:vir:94750;gene:vir:723;gene:vir:1008;gene:vir:4038;gene:proph:184362;gene:proph:162987;gene:proph:183178;gene:vir:953;gene:proph:183181;gene:vir:3961;gene:vir:1017;gene:vir:729;gene:vir:3962;gene:vir:3963;gene:proph:184335;gene:vir:3965;gene:proph:184331;gene:vir:3613;gene:proph:184329;gene:vir:3615;gene:proph:184327;gene:vir:98409;gene:vir:3618;gene:proph:184324;gene:proph:184323;gene:vir:3975;gene:vir:3977;gene:proph:184319;gene:proph:183212;gene:vir:4010,Lactococcus lactis,Drugs,Multi-drug_resistance,Multi-drug_ABC_efflux_pumps,LMRD,HIA
ERR11865403,NODE_245_length_5648_cov_18.463141,gene:plasmid:139560;gene:plasmid:131376,Acetobacter orientalis,Drugs,MLS,Macrolide-resistant_23S_rRNA_mutation,MLS23S,CIA ?
ERR11865403,NODE_245_length_5648_cov_18.463141,gene:plasmid:139560;gene:plasmid:131376,Acetobacter okinawensis,Drugs,Aminoglycosides,Aminoglycoside-resistant_16S_ribosomal_subunit_protein,A16S,CIA
ERR11865403,NODE_1_length_274553_cov_26.776220,gene:proph:184332;gene:proph:183180;gene:proph:183526;gene:vir:1043;gene:vir:1042;gene:plasmid:135980;gene:plasmid:135959;gene:vir:1048;gene:proph:183099;gene:vir:1050;gene:proph:162997;gene:proph:162996;gene:vir:712;gene:proph:184398;gene:proph:184397;gene:vir:3940;gene:vir:1619;gene:proph:183252;gene:vir:999;gene:proph:163000;gene:proph:183109;gene:vir:94750;gene:vir:723;gene:vir:1008;gene:vir:4038;gene:proph:184362;gene:proph:162987;gene:proph:183178;gene:proph:183179;gene:proph:183181;gene:vir:3961;gene:vir:1017;gene:vir:729;gene:vir:3962;gene:vir:3963;gene:proph:184335;gene:vir:3965;gene:proph:184331;gene:vir:3613;gene:proph:184329;gene:vir:3615;gene:proph:184327;gene:vir:98409;gene:vir:3618;gene:proph:184324;gene:proph:184323;gene:proph:184322;gene:vir:3977;gene:proph:184319;gene:vir:1038;gene:proph:184391,Lactococcus lactis,Drugs,Multi-drug_resistance,Multi-drug_ABC_efflux_pumps,LMRD,HIA
ERR11865405,NODE_245_length_7691_cov_2.237441,gene:plasmid:139560;gene:plasmid:131376,Acetobacter ghanensis,Drugs,MLS,Macrolide-resistant_23S_rRNA_mutation,MLS23S,CIA ?
ERR11865405,NODE_245_length_7691_cov_2.237441,gene:plasmid:139560;gene:plasmid:131376,Acetobacter ghanensis,Drugs,Aminoglycosides,Aminoglycoside-resistant_16S_ribosomal_subunit_protein,A16S,CIA
ERR11865407,NODE_313_length_6563_cov_4.098664,gene:plasmid:139560;gene:plasmid:131376,Acetobacter ghanensis,Drugs,MLS,Macrolide-resistant_23S_rRNA_mutation,MLS23S,CIA ?
ERR11865407,NODE_313_length_6563_cov_4.098664,gene:plasmid:139560;gene:plasmid:131376,Acetobacter ghanensis,Drugs,Aminoglycosides,Aminoglycoside-resistant_16S_ribosomal_subunit_protein,A16S,CIA
ERR11865407,NODE_1_length_146101_cov_28.369374,ICEberg|404|Tn5301|GenBank|S54034|1..515,Lactococcus cremoris,Drugs,Multi-drug_resistance,Multi-drug_ABC_efflux_pumps,LMRD,HIA
ERR11865411,NODE_142_length_5344_cov_34.428024,gene:plasmid:131373,Leuconostoc mesenteroides,Drugs,Aminoglycosides,Aminoglycoside-resistant_16S_ribosomal_subunit_protein,A16S,CIA
ERR11865411,NODE_142_length_5344_cov_34.428024,gene:plasmid:131373,Leuconostoc mesenteroides,Drugs,Oxazolidinone,Oxazolidinone-resistant_23S_rRNA_mutation,O23S,Authorized for use in humans only
ERR11865411,NODE_3_length_164047_cov_33.773932,gene:plasmid:135980;gene:plasmid:135959,Lactococcus lactis,Drugs,Multi-drug_resistance,Multi-drug_ABC_efflux_pumps,LMRD,HIA
ERR11865413,NODE_11_length_78351_cov_4.084271,gene:plasmid:124575,Pseudomonas helleri,Multi-compound,Biocide_and_metal_resistance,Biocide_and_metal_resistance_protein,RUVB,0
ERR11865413,NODE_191_length_20774_cov_3.024943,gene:plasmid:89528,Pseudomonas helleri,Drugs,Multi-drug_resistance,Multi-drug_RND_efflux_pumps,OPMH,NA
ERR11865413,NODE_10_length_78724_cov_2.111378,gene:proph:175950;gene:proph:175953;gene:proph:175954;gene:proph:184195;gene:proph:184194;gene:proph:184236;gene:proph:175955,Pseudomonas lundensis,Biocides,Multi-biocide_resistance,Multi-biocide_RND_efflux_pump,EMHB,0
ERR11865413,NODE_10_length_78724_cov_2.111378,gene:proph:175950;gene:proph:175953;gene:proph:175954;gene:proph:184195;gene:proph:184194;gene:proph:184236;gene:proph:175955,Pseudomonas lundensis,Multi-compound,Drug_and_biocide_resistance,Drug_and_biocide_RND_efflux_pumps,EMHC,0
ERR11865413,NODE_435_length_11109_cov_2.599253,gene:proph:184195;gene:proph:184194,Pseudomonas helleri,Biocides,Multi-biocide_resistance,Multi-biocide_RND_efflux_pump,EMHB,0
ERR11865413,NODE_435_length_11109_cov_2.599253,gene:proph:184195;gene:proph:184194,Pseudomonas helleri,Multi-compound,Drug_and_biocide_resistance,Drug_and_biocide_RND_efflux_pumps,EMHC,0
ERR11865415,NODE_249_length_15202_cov_1.959867,gene:plasmid:123887,Citrobacter freundii,Drugs,Rifampin,Rifampin-resistant_beta-subunit_of_RNA_polymerase_RpoB,RPOB,CIA
ERR11865415,NODE_22_length_61086_cov_2.354861,gene:plasmid:124575,Pseudomonas helleri,Multi-compound,Biocide_and_metal_resistance,Biocide_and_metal_resistance_protein,RUVB,0
ERR11865415,NODE_326_length_12448_cov_2.190812,gene:plasmid:89528,Pseudomonas helleri,Drugs,Aminocoumarins,Aminocoumarin-resistant_DNA_topoisomerases,PARE,Not medically important
ERR11865415,NODE_370_length_11140_cov_1.892672,gene:proph:184195;gene:proph:184194,Pseudomonas helleri,Biocides,Multi-biocide_resistance,Multi-biocide_RND_efflux_pump,EMHB,0
ERR11865415,NODE_370_length_11140_cov_1.892672,gene:proph:184195;gene:proph:184194,Pseudomonas helleri,Multi-compound,Drug_and_biocide_resistance,Drug_and_biocide_RND_efflux_pumps,EMHC,0
ERR11865415,NODE_6_length_99133_cov_22.536836,ICEberg|404|Tn5301|GenBank|S54034|1..515,Lactococcus cremoris,Drugs,Multi-drug_resistance,Multi-drug_ABC_efflux_pumps,LMRD,HIA
ERR11865417,NODE_530_length_3579_cov_4.647451,gene:plasmid:139560,Acetobacter ghanensis,Drugs,MLS,Macrolide-resistant_23S_rRNA_mutation,MLS23S,CIA ?
ERR11865417,NODE_2_length_133599_cov_19.300872,gene:proph:181670,Streptococcus thermophilus,Drugs,Rifampin,Rifampin-resistant_beta-subunit_of_RNA_polymerase_RpoB,RPOB,CIA
ERR11865419,NODE_865_length_3146_cov_15.426300,gene:plasmid:139560,Leuconostoc mesenteroides,Drugs,Aminoglycosides,Aminoglycoside-resistant_16S_ribosomal_subunit_protein,A16S,CIA
ERR11865423,NODE_1_length_273985_cov_45.414394,gene:proph:184332;gene:vir:983;gene:vir:1043;gene:vir:1042;gene:plasmid:135980;gene:plasmid:135959;gene:vir:1048;gene:vir:1049;gene:proph:183100;gene:proph:162997;gene:proph:162996;gene:proph:184398;gene:proph:184397;gene:vir:3940;gene:vir:1619;gene:vir:998;gene:vir:999;gene:proph:163000;gene:vir:1059;gene:vir:94750;gene:vir:723;gene:proph:183242;gene:vir:4038;gene:proph:184362;gene:proph:162987;gene:proph:183178;gene:vir:953;gene:proph:183181;gene:vir:3961;gene:vir:1017;gene:vir:729;gene:vir:3962;gene:vir:3963;gene:proph:184335;gene:vir:3965;gene:proph:184331;gene:vir:3613;gene:proph:184329;gene:vir:3615;gene:proph:184327;gene:vir:98409;gene:vir:3618;gene:proph:184324;gene:proph:184323;gene:proph:184322;gene:vir:3977;gene:proph:184319;gene:proph:183212;gene:proph:184391,Lactococcus lactis,Drugs,Multi-drug_resistance,Multi-drug_ABC_efflux_pumps,LMRD,HIA
ERR11865425,NODE_3_length_160258_cov_27.134509,gene:plasmid:135980;gene:plasmid:135959,Lactococcus lactis,Drugs,Multi-drug_resistance,Multi-drug_ABC_efflux_pumps,LMRD,HIA
ERR11865427,NODE_2_length_164112_cov_15.992152,gene:plasmid:135980;gene:plasmid:135959,Lactococcus lactis,Drugs,Multi-drug_resistance,Multi-drug_ABC_efflux_pumps,LMRD,HIA
ERR11865427,NODE_160_length_6335_cov_2.153834,gene:plasmid:139560;gene:plasmid:131376,Acetobacter orientalis,Drugs,MLS,Macrolide-resistant_23S_rRNA_mutation,MLS23S,CIA ?
ERR11865427,NODE_160_length_6335_cov_2.153834,gene:plasmid:139560;gene:plasmid:131376,Acetobacter orientalis,Drugs,Aminoglycosides,Aminoglycoside-resistant_16S_ribosomal_subunit_protein,A16S,CIA
ERR11865429,NODE_2_length_234517_cov_43.467610,gene:plasmid:135980;gene:plasmid:135959;gene:plasmid:132172,Lactococcus lactis,Drugs,Multi-drug_resistance,Multi-drug_ABC_efflux_pumps,LMRD,HIA
ERR11865431,NODE_1_length_164319_cov_40.661622,gene:plasmid:135980;gene:plasmid:135959,Lactococcus lactis,Drugs,Multi-drug_resistance,Multi-drug_ABC_efflux_pumps,LMRD,HIA
ERR11865433,NODE_190_length_8373_cov_4.463619,gene:plasmid:139560;gene:plasmid:117293,Acetobacter orientalis,Drugs,MLS,Macrolide-resistant_23S_rRNA_mutation,MLS23S,CIA ?
ERR11865433,NODE_190_length_8373_cov_4.463619,gene:plasmid:139560;gene:plasmid:117293,Acetobacter orientalis,Drugs,Aminoglycosides,Aminoglycoside-resistant_16S_ribosomal_subunit_protein,A16S,CIA
ERR11865435,NODE_1119_length_2716_cov_6.251062,gene:plasmid:139560,Acetobacter ghanensis,Drugs,Aminoglycosides,Aminoglycoside-resistant_16S_ribosomal_subunit_protein,A16S,CIA
ERR11865437,NODE_130_length_15116_cov_1.740610,gene:plasmid:123887,Pseudomonas taetrolens,Drugs,Elfamycins,EF-Tu_inhibition,TUFAB,NA
ERR11865437,NODE_13_length_45680_cov_1.763528,gene:plasmid:89528,Pseudomonas helleri,Drugs,Aminocoumarins,Aminocoumarin-resistant_DNA_topoisomerases,PARE,Not medically important
ERR11865437,NODE_227_length_10325_cov_1.299078,gene:proph:184195;gene:proph:184194,Pseudomonas helleri,Biocides,Multi-biocide_resistance,Multi-biocide_RND_efflux_pump,EMHB,0
ERR11865439,NODE_839_length_4146_cov_0.988554,gene:plasmid:10528;gene:plasmid:10524,Proteus mirabilis,Drugs,Aminoglycosides,Aminoglycoside_O-nucleotidyltransferases,ANT3-DPRIME,CIA
ERR11865439,NODE_253_length_15111_cov_1.363054,gene:plasmid:123887,Citrobacter freundii,Drugs,Rifampin,Rifampin-resistant_beta-subunit_of_RNA_polymerase_RpoB,RPOB,CIA
ERR11865439,NODE_67_length_32483_cov_1.841173,gene:plasmid:89528,Pseudomonas helleri,Drugs,Multi-drug_resistance,Multi-drug_RND_efflux_pumps,OPMH,NA
ERR11865439,NODE_139_length_22041_cov_2.658848,gene:proph:184195;gene:proph:184194,Pseudomonas helleri,Biocides,Multi-biocide_resistance,Multi-biocide_RND_efflux_pump,EMHB,0
ERR11865439,NODE_139_length_22041_cov_2.658848,gene:proph:184195;gene:proph:184194,Pseudomonas helleri,Multi-compound,Drug_and_biocide_resistance,Drug_and_biocide_RND_efflux_pumps,EMHC,0
ERR11865439,NODE_2_length_152974_cov_32.470883,ICEberg|404|Tn5301|GenBank|S54034|1..515,Lactococcus cremoris,Drugs,Multi-drug_resistance,Multi-drug_ABC_efflux_pumps,LMRD,HIA
ERR11865441,NODE_301_length_3065_cov_1.690265,gene:plasmid:117290,Leuconostoc mesenteroides,Drugs,Oxazolidinone,Oxazolidinone-resistant_23S_rRNA_mutation,O23S,Authorized for use in humans only
ERR11865441,NODE_2_length_245175_cov_30.768751,ICEberg|404|Tn5301|GenBank|S54034|1..515,Lactococcus cremoris,Drugs,Multi-drug_resistance,Multi-drug_ABC_efflux_pumps,LMRD,HIA
ERR11865443,NODE_127_length_5258_cov_13.306568,gene:plasmid:117290,Leuconostoc mesenteroides,Drugs,Aminoglycosides,Aminoglycoside-resistant_16S_ribosomal_subunit_protein,A16S,CIA
ERR11865443,NODE_127_length_5258_cov_13.306568,gene:plasmid:117290,Leuconostoc mesenteroides,Drugs,Oxazolidinone,Oxazolidinone-resistant_23S_rRNA_mutation,O23S,Authorized for use in humans only
ERR11865443,NODE_118_length_6057_cov_1.300843,gene:plasmid:139560;gene:plasmid:131185,Acetobacter ghanensis,Drugs,MLS,Macrolide-resistant_23S_rRNA_mutation,MLS23S,CIA ?
ERR11865443,NODE_118_length_6057_cov_1.300843,gene:plasmid:139560;gene:plasmid:131185,other,Drugs,MLS,Macrolide-resistant_23S_rRNA_mutation,MLS23S,CIA ?
ERR11865443,NODE_1_length_302269_cov_43.083265,gene:proph:184332;gene:proph:183180;gene:vir:983;gene:vir:1043;gene:vir:1042;gene:plasmid:135980;gene:plasmid:135959;gene:plasmid:87093;gene:vir:1048;gene:proph:183099;gene:vir:1050;gene:proph:162997;gene:proph:162996;gene:proph:184398;gene:proph:184397;gene:vir:3940;gene:vir:1619;gene:vir:998;gene:proph:183251;gene:proph:163000;gene:proph:183109;gene:vir:94750;gene:vir:723;gene:vir:1008;gene:vir:4038;gene:proph:184362;gene:proph:162987;gene:vir:952;gene:vir:953;gene:proph:183181;gene:vir:3961;gene:vir:1017;gene:vir:729;gene:vir:3962;gene:vir:3963;gene:proph:184335;gene:vir:3965;gene:proph:184331;gene:vir:3613;gene:proph:184329;gene:vir:3615;gene:proph:184327;gene:vir:98409;gene:vir:3618;gene:proph:184324;gene:proph:184323;gene:proph:184322;gene:vir:3977;gene:proph:184319;gene:proph:183212;gene:proph:184391,Lactococcus lactis,Drugs,Multi-drug_resistance,Multi-drug_ABC_efflux_pumps,LMRD,HIA
ERR11865445,NODE_277_length_5452_cov_64.181408,gene:plasmid:139560;gene:plasmid:131376,Acetobacter orientalis,Drugs,MLS,Macrolide-resistant_23S_rRNA_mutation,MLS23S,CIA ?
ERR11865445,NODE_277_length_5452_cov_64.181408,gene:plasmid:139560;gene:plasmid:131376,Acetobacter orientalis,Drugs,Aminoglycosides,Aminoglycoside-resistant_16S_ribosomal_subunit_protein,A16S,CIA
ERR11865445,NODE_8_length_133590_cov_10.989727,gene:proph:181670,Streptococcus thermophilus,Drugs,Rifampin,Rifampin-resistant_beta-subunit_of_RNA_polymerase_RpoB,RPOB,CIA
ERR11865447,NODE_5_length_160265_cov_6.368257,gene:plasmid:135980;gene:plasmid:135959,Lactococcus lactis,Drugs,Multi-drug_resistance,Multi-drug_ABC_efflux_pumps,LMRD,HIA
ERR11865447,NODE_291_length_5452_cov_163.211643,gene:plasmid:139560;gene:plasmid:117293,Acetobacter ghanensis,Drugs,MLS,Macrolide-resistant_23S_rRNA_mutation,MLS23S,CIA ?
ERR11865447,NODE_291_length_5452_cov_163.211643,gene:plasmid:139560;gene:plasmid:117293,Acetobacter orientalis,Drugs,Aminoglycosides,Aminoglycoside-resistant_16S_ribosomal_subunit_protein,A16S,CIA
ERR11865449,NODE_133_length_9861_cov_2.380316,gene:plasmid:131182,Leuconostoc mesenteroides,Drugs,Aminoglycosides,Aminoglycoside-resistant_16S_ribosomal_subunit_protein,A16S,CIA
ERR11865449,NODE_133_length_9861_cov_2.380316,gene:plasmid:131182,Leuconostoc mesenteroides,Drugs,Oxazolidinone,Oxazolidinone-resistant_23S_rRNA_mutation,O23S,Authorized for use in humans only
ERR11865449,NODE_209_length_5156_cov_2.129250,gene:plasmid:139560,Comamonas terrigena,Drugs,MLS,Macrolide-resistant_23S_rRNA_mutation,MLS23S,CIA ?
ERR11865449,NODE_6_length_101787_cov_35.244501,gene:vir:1138;gene:proph:162954;gene:vir:1139;gene:vir:1141;gene:vir:1142;gene:vir:1143;gene:vir:1144,Lactococcus cremoris,Drugs,Multi-drug_resistance,Multi-drug_ABC_efflux_pumps,LMRD,HIA
ERR11865451,NODE_508_length_5029_cov_22.177683,gene:plasmid:117290,Leuconostoc mesenteroides,Drugs,Aminoglycosides,Aminoglycoside-resistant_16S_ribosomal_subunit_protein,A16S,CIA
ERR11865451,NODE_508_length_5029_cov_22.177683,gene:plasmid:117290,Leuconostoc mesenteroides,Drugs,Oxazolidinone,Oxazolidinone-resistant_23S_rRNA_mutation,O23S,Authorized for use in humans only
ERR11865451,NODE_448_length_5592_cov_24.825984,gene:plasmid:139560;gene:plasmid:131376,Acetobacter ghanensis,Drugs,MLS,Macrolide-resistant_23S_rRNA_mutation,MLS23S,CIA ?
ERR11865451,NODE_448_length_5592_cov_24.825984,gene:plasmid:139560;gene:plasmid:131376,Acetobacter ghanensis,Drugs,Aminoglycosides,Aminoglycoside-resistant_16S_ribosomal_subunit_protein,A16S,CIA
ERR11865451,NODE_14_length_101787_cov_27.239878,gene:vir:1138;gene:proph:162954;gene:vir:1139;gene:vir:1141;gene:vir:1142;gene:vir:1143;gene:vir:1144,Lactococcus cremoris,Drugs,Multi-drug_resistance,Multi-drug_ABC_efflux_pumps,LMRD,HIA
ERR11865455,NODE_513_length_4550_cov_38.778431,gene:plasmid:139560;gene:plasmid:131185,Acetobacter ghanensis,Drugs,Aminoglycosides,Aminoglycoside-resistant_16S_ribosomal_subunit_protein,A16S,CIA
ERR11865457,NODE_650_length_3122_cov_26.705509,gene:plasmid:139560,Acetobacter okinawensis,Drugs,MLS,Macrolide-resistant_23S_rRNA_mutation,MLS23S,CIA ?
ERR11865457,NODE_656_length_3014_cov_25.335296,gene:plasmid:139560,Acetobacter okinawensis,Drugs,MLS,Macrolide-resistant_23S_rRNA_mutation,MLS23S,CIA ?
ERR11865459,NODE_2_length_229535_cov_29.880628,gene:proph:184332;gene:proph:183180;gene:vir:983;gene:vir:1043;gene:vir:1042;gene:plasmid:135980;gene:plasmid:135959;gene:vir:1048;gene:proph:183099;gene:proph:183100;gene:proph:162997;gene:proph:162996;gene:proph:184398;gene:proph:184397;gene:vir:3940;gene:vir:1619;gene:proph:183252;gene:vir:999;gene:proph:163000;gene:proph:183109;gene:vir:94750;gene:vir:723;gene:proph:183242;gene:vir:4038;gene:proph:184362;gene:proph:162987;gene:vir:952;gene:proph:183179;gene:proph:183181;gene:vir:3961;gene:vir:1017;gene:vir:729;gene:vir:3962;gene:vir:3963;gene:proph:184335;gene:vir:3965;gene:proph:184331;gene:vir:3613;gene:proph:184329;gene:vir:3615;gene:proph:184327;gene:vir:98409;gene:vir:3618;gene:proph:184324;gene:proph:184323;gene:vir:3975;gene:vir:3977;gene:proph:184319;gene:proph:183212,Lactococcus lactis,Drugs,Multi-drug_resistance,Multi-drug_ABC_efflux_pumps,LMRD,HIA
ERR11865461,NODE_350_length_5937_cov_2.555250,gene:plasmid:131373,Leuconostoc mesenteroides,Drugs,Aminoglycosides,Aminoglycoside-resistant_16S_ribosomal_subunit_protein,A16S,CIA
ERR11865461,NODE_271_length_7079_cov_1.703826,gene:plasmid:139560;gene:plasmid:117293,Acetobacter ghanensis,Drugs,MLS,Macrolide-resistant_23S_rRNA_mutation,MLS23S,CIA ?
ERR11865461,NODE_271_length_7079_cov_1.703826,gene:plasmid:139560;gene:plasmid:117293,Acetobacter ghanensis,Drugs,Aminoglycosides,Aminoglycoside-resistant_16S_ribosomal_subunit_protein,A16S,CIA
ERR11865463,NODE_64_length_32158_cov_2.257501,gene:plasmid:131182,Leuconostoc mesenteroides,Drugs,Aminoglycosides,Aminoglycoside-resistant_16S_ribosomal_subunit_protein,A16S,CIA
ERR11865463,NODE_1013_length_3538_cov_11.781589,gene:plasmid:139560,Acetobacter ghanensis,Drugs,MLS,Macrolide-resistant_23S_rRNA_mutation,MLS23S,CIA ?
ERR11865463,NODE_892_length_3959_cov_17.699374,gene:plasmid:139560;gene:plasmid:131185,Acetobacter okinawensis,Drugs,Aminoglycosides,Aminoglycoside-resistant_16S_ribosomal_subunit_protein,A16S,CIA
ERR11865465,NODE_202_length_7094_cov_5.936558,gene:plasmid:139560,Leuconostoc mesenteroides,Drugs,Aminoglycosides,Aminoglycoside-resistant_16S_ribosomal_subunit_protein,A16S,CIA
ERR11865465,NODE_202_length_7094_cov_5.936558,gene:plasmid:139560,Leuconostoc mesenteroides,Drugs,Oxazolidinone,Oxazolidinone-resistant_23S_rRNA_mutation,O23S,Authorized for use in humans only
ERR11865467,NODE_251_length_6769_cov_8.247666,gene:plasmid:131182,Leuconostoc mesenteroides,Drugs,Aminoglycosides,Aminoglycoside-resistant_16S_ribosomal_subunit_protein,A16S,CIA
ERR11865467,NODE_251_length_6769_cov_8.247666,gene:plasmid:131182,Leuconostoc mesenteroides,Drugs,Oxazolidinone,Oxazolidinone-resistant_23S_rRNA_mutation,O23S,Authorized for use in humans only
ERR11865467,NODE_4_length_164358_cov_38.545603,gene:plasmid:135980;gene:plasmid:135959,Lactococcus lactis,Drugs,Multi-drug_resistance,Multi-drug_ABC_efflux_pumps,LMRD,HIA
ERR11865469,NODE_3012_length_1972_cov_80.457995,gene:plasmid:145499,other,Drugs,betalactams,Class_A_betalactamases,TEM,Authorized for use in humans only
ERR11865471,NODE_1411_length_1972_cov_83.545799,gene:plasmid:145499,other,Drugs,betalactams,Class_A_betalactamases,TEM,Authorized for use in humans only
ERR11865473,NODE_4_length_164047_cov_22.434108,gene:plasmid:135980;gene:plasmid:135959,Lactococcus lactis,Drugs,Multi-drug_resistance,Multi-drug_ABC_efflux_pumps,LMRD,HIA
ERR11865473,NODE_678_length_4169_cov_1.565562,gene:plasmid:139560,Acetobacter ghanensis,Drugs,Aminoglycosides,Aminoglycoside-resistant_16S_ribosomal_subunit_protein,A16S,CIA
ERR11865473,NODE_646_length_4336_cov_47.799240,gene:plasmid:145499,other,Drugs,betalactams,Class_A_betalactamases,TEM,Authorized for use in humans only
ERR11865475,NODE_4_length_164046_cov_26.203424,gene:plasmid:135980;gene:plasmid:135959,Lactococcus lactis,Drugs,Multi-drug_resistance,Multi-drug_ABC_efflux_pumps,LMRD,HIA
ERR11865475,NODE_639_length_3959_cov_15.030271,gene:plasmid:139560;gene:plasmid:131376,Acetobacter okinawensis,Drugs,Aminoglycosides,Aminoglycoside-resistant_16S_ribosomal_subunit_protein,A16S,CIA
ERR11865475,NODE_804_length_2858_cov_9.175394,gene:plasmid:19384;gene:plasmid:145499,other,Drugs,betalactams,Class_A_betalactamases,TEM,Authorized for use in humans only
ERR11865477,NODE_9_length_132138_cov_40.385938,gene:plasmid:135980,Lactococcus lactis,Drugs,Multi-drug_resistance,Multi-drug_ABC_efflux_pumps,LMRD,HIA
ERR11865477,NODE_52_length_2798_cov_11.372145,gene:plasmid:145499,other,Drugs,betalactams,Class_A_betalactamases,TEM,Authorized for use in humans only
ERR11865479,NODE_9_length_105187_cov_25.393413,gene:plasmid:135980,Lactococcus lactis,Drugs,Multi-drug_resistance,Multi-drug_ABC_efflux_pumps,LMRD,HIA
ERR11865479,NODE_57_length_2810_cov_15.685054,gene:plasmid:145499,Escherichia coli,Drugs,betalactams,Class_A_betalactamases,TEM,Authorized for use in humans only
ERR11865481,NODE_268_length_7174_cov_4.469562,gene:plasmid:139560;gene:plasmid:131376,Acetobacter okinawensis,Drugs,MLS,Macrolide-resistant_23S_rRNA_mutation,MLS23S,CIA ?
ERR11865481,NODE_268_length_7174_cov_4.469562,gene:plasmid:139560;gene:plasmid:131376,Acetobacter ghanensis,Drugs,Aminoglycosides,Aminoglycoside-resistant_16S_ribosomal_subunit_protein,A16S,CIA
ERR11865481,NODE_468_length_4484_cov_2.770484,gene:plasmid:139562,Pseudomonas helleri,Drugs,MLS,Macrolide-resistant_23S_rRNA_mutation,MLS23S,CIA ?
ERR11865481,NODE_2_length_171254_cov_37.901079,ICEberg|404|Tn5301|GenBank|S54034|1..515,Lactococcus cremoris,Drugs,Multi-drug_resistance,Multi-drug_ABC_efflux_pumps,LMRD,HIA
ERR11865483,NODE_288_length_5612_cov_14.456153,gene:plasmid:139560;gene:plasmid:131376,Acetobacter ghanensis,Drugs,MLS,Macrolide-resistant_23S_rRNA_mutation,MLS23S,CIA ?
ERR11865483,NODE_288_length_5612_cov_14.456153,gene:plasmid:139560;gene:plasmid:131376,Acetobacter ghanensis,Drugs,Aminoglycosides,Aminoglycoside-resistant_16S_ribosomal_subunit_protein,A16S,CIA
ERR11865483,NODE_1_length_158828_cov_36.360571,ICEberg|404|Tn5301|GenBank|S54034|1..515,Lactococcus cremoris,Drugs,Multi-drug_resistance,Multi-drug_ABC_efflux_pumps,LMRD,HIA
ERR11865485,NODE_61_length_9458_cov_3.024006,gene:plasmid:131373,Leuconostoc mesenteroides,Drugs,Aminoglycosides,Aminoglycoside-resistant_16S_ribosomal_subunit_protein,A16S,CIA
ERR11865485,NODE_61_length_9458_cov_3.024006,gene:plasmid:131373,Leuconostoc mesenteroides,Drugs,Oxazolidinone,Oxazolidinone-resistant_23S_rRNA_mutation,O23S,Authorized for use in humans only
ERR11865485,NODE_86_length_6827_cov_2.610448,gene:plasmid:139560;gene:plasmid:131376,Acetobacter okinawensis,Drugs,MLS,Macrolide-resistant_23S_rRNA_mutation,MLS23S,CIA ?
ERR11865485,NODE_86_length_6827_cov_2.610448,gene:plasmid:139560;gene:plasmid:131376,Acetobacter ghanensis,Drugs,Aminoglycosides,Aminoglycoside-resistant_16S_ribosomal_subunit_protein,A16S,CIA
ERR11865485,NODE_1_length_231049_cov_38.837192,ICEberg|404|Tn5301|GenBank|S54034|1..515,Lactococcus lactis,Drugs,Multi-drug_resistance,Multi-drug_ABC_efflux_pumps,LMRD,HIA
ERR11865487,NODE_552_length_5519_cov_19.011684,gene:plasmid:117290,Leuconostoc mesenteroides,Drugs,Aminoglycosides,Aminoglycoside-resistant_16S_ribosomal_subunit_protein,A16S,CIA
ERR11865487,NODE_552_length_5519_cov_19.011684,gene:plasmid:117290,Leuconostoc mesenteroides,Drugs,Oxazolidinone,Oxazolidinone-resistant_23S_rRNA_mutation,O23S,Authorized for use in humans only
ERR11865487,NODE_550_length_5592_cov_33.228362,gene:plasmid:139560;gene:plasmid:117293,Acetobacter ghanensis,Drugs,MLS,Macrolide-resistant_23S_rRNA_mutation,MLS23S,CIA ?
ERR11865487,NODE_550_length_5592_cov_33.228362,gene:plasmid:139560;gene:plasmid:117293,Acetobacter ghanensis,Drugs,Aminoglycosides,Aminoglycoside-resistant_16S_ribosomal_subunit_protein,A16S,CIA
ERR11865487,NODE_2_length_231049_cov_33.030655,ICEberg|404|Tn5301|GenBank|S54034|1..515,Lactococcus cremoris,Drugs,Multi-drug_resistance,Multi-drug_ABC_efflux_pumps,LMRD,HIA
ERR11865489,NODE_7_length_133542_cov_25.507244,gene:plasmid:135980,Lactococcus lactis,Drugs,Multi-drug_resistance,Multi-drug_ABC_efflux_pumps,LMRD,HIA
ERR11865491,NODE_98_length_10752_cov_3.568753,gene:plasmid:139560;gene:plasmid:131376,Acetobacter orientalis,Drugs,MLS,Macrolide-resistant_23S_rRNA_mutation,MLS23S,CIA ?
ERR11865491,NODE_98_length_10752_cov_3.568753,gene:plasmid:139560;gene:plasmid:131376,Acetobacter orientalis,Drugs,Aminoglycosides,Aminoglycoside-resistant_16S_ribosomal_subunit_protein,A16S,CIA
ERR11865491,NODE_1_length_277799_cov_45.285463,gene:proph:184332;gene:proph:183180;gene:proph:183265;gene:vir:1043;gene:vir:1042;gene:plasmid:135980;gene:plasmid:135959;gene:vir:1048;gene:proph:183099;gene:proph:183100;gene:proph:162997;gene:proph:162996;gene:vir:712;gene:proph:184398;gene:proph:184397;gene:vir:3940;gene:vir:1619;gene:proph:183252;gene:vir:999;gene:proph:163000;gene:vir:1059;gene:vir:94750;gene:vir:723;gene:proph:183242;gene:vir:4038;gene:proph:184362;gene:proph:162987;gene:vir:952;gene:proph:183179;gene:vir:955;gene:vir:3961;gene:vir:1017;gene:vir:729;gene:vir:3962;gene:vir:3963;gene:proph:184335;gene:vir:3965;gene:proph:184331;gene:vir:3613;gene:proph:184329;gene:vir:3615;gene:proph:184327;gene:vir:98409;gene:vir:3618;gene:proph:184324;gene:proph:184323;gene:vir:3975;gene:vir:3977;gene:proph:184319;gene:proph:183212;gene:proph:184391,Lactococcus lactis,Drugs,Multi-drug_resistance,Multi-drug_ABC_efflux_pumps,LMRD,HIA
ERR11865493,NODE_230_length_3622_cov_0.990272,gene:plasmid:131373,Leuconostoc mesenteroides,Drugs,Aminoglycosides,Aminoglycoside-resistant_16S_ribosomal_subunit_protein,A16S,CIA
ERR11865493,NODE_312_length_2460_cov_16.690527,gene:plasmid:145499,other,Drugs,betalactams,Class_A_betalactamases,TEM,Authorized for use in humans only
ERR11865493,NODE_1_length_173406_cov_8.262507,gene:plasmid:87093;gene:plasmid:135980,Lactococcus lactis,Drugs,Multi-drug_resistance,Multi-drug_ABC_efflux_pumps,LMRD,HIA
ERR11865495,NODE_340_length_5339_cov_23.585188,gene:plasmid:139560,Leuconostoc mesenteroides,Drugs,Aminoglycosides,Aminoglycoside-resistant_16S_ribosomal_subunit_protein,A16S,CIA
ERR11865495,NODE_340_length_5339_cov_23.585188,gene:plasmid:139560,Leuconostoc mesenteroides,Drugs,Oxazolidinone,Oxazolidinone-resistant_23S_rRNA_mutation,O23S,Authorized for use in humans only
ERR11865495,NODE_52_length_45437_cov_3.248797,gene:plasmid:139560;gene:plasmid:117293,Acetobacter okinawensis,Drugs,MLS,Macrolide-resistant_23S_rRNA_mutation,MLS23S,CIA ?
ERR11865495,NODE_52_length_45437_cov_3.248797,gene:plasmid:139560;gene:plasmid:117293,Acetobacter orientalis,Drugs,Aminoglycosides,Aminoglycoside-resistant_16S_ribosomal_subunit_protein,A16S,CIA
ERR11865495,NODE_402_length_3476_cov_4.568827,gene:plasmid:145499;gene:plasmid:19384,other,Drugs,betalactams,Class_A_betalactamases,TEM,Authorized for use in humans only
ERR11865495,NODE_1_length_318996_cov_42.561861,gene:vir:3394;gene:vir:3393;gene:vir:3392;gene:vir:3390;gene:proph:184332;gene:proph:183180;gene:vir:3930;gene:vir:1043;gene:vir:1042;gene:plasmid:135980;gene:plasmid:87093;gene:plasmid:135959;gene:vir:1048;gene:vir:1049;gene:proph:183100;gene:proph:162997;gene:proph:162996;gene:proph:184398;gene:proph:184397;gene:vir:3940;gene:vir:1619;gene:proph:183252;gene:vir:999;gene:proph:163000;gene:vir:1059;gene:vir:94750;gene:vir:723;gene:vir:1008;gene:vir:4038;gene:proph:184362;gene:proph:162987;gene:proph:183178;gene:vir:953;gene:proph:183181;gene:vir:3961;gene:vir:1017;gene:vir:729;gene:vir:3962;gene:vir:3963;gene:proph:184335;gene:vir:3965;gene:proph:184331;gene:vir:3613;gene:proph:184329;gene:vir:3615;gene:proph:184327;gene:vir:98409;gene:vir:3618;gene:proph:184324;gene:proph:184323;gene:vir:3975;gene:vir:3977;gene:proph:184319;gene:vir:1038;gene:proph:184391;gene:proph:183050;gene:vir:3396;gene:proph:162945;gene:vir:3398;gene:proph:184301;gene:proph:184300;gene:vir:1119;gene:vir:3402;gene:proph:183058;gene:proph:183059;gene:proph:162954,Lactococcus phage D2950,Drugs,Multi-drug_resistance,Multi-drug_ABC_efflux_pumps,LMRD,HIA
ERR11865497,NODE_86_length_11059_cov_3.336718,gene:plasmid:131373,Leuconostoc mesenteroides,Drugs,Aminoglycosides,Aminoglycoside-resistant_16S_ribosomal_subunit_protein,A16S,CIA
ERR11865497,NODE_86_length_11059_cov_3.336718,gene:plasmid:131373,Leuconostoc mesenteroides,Drugs,Oxazolidinone,Oxazolidinone-resistant_23S_rRNA_mutation,O23S,Authorized for use in humans only
ERR11865497,NODE_828_length_2437_cov_21.696104,gene:plasmid:145499,other,Drugs,betalactams,Class_A_betalactamases,TEM,Authorized for use in humans only
ERR11865499,NODE_369_length_5258_cov_17.077568,gene:plasmid:139560,Leuconostoc mesenteroides,Drugs,Aminoglycosides,Aminoglycoside-resistant_16S_ribosomal_subunit_protein,A16S,CIA
ERR11865499,NODE_369_length_5258_cov_17.077568,gene:plasmid:139560,Leuconostoc mesenteroides,Drugs,Oxazolidinone,Oxazolidinone-resistant_23S_rRNA_mutation,O23S,Authorized for use in humans only
ERR11865499,NODE_713_length_2460_cov_15.273468,gene:plasmid:145499,other,Drugs,betalactams,Class_A_betalactamases,TEM,Authorized for use in humans only
ERR11865501,NODE_2_length_122737_cov_5.342362,gene:plasmid:135980;gene:plasmid:135959,Lactococcus lactis,Drugs,Multi-drug_resistance,Multi-drug_ABC_efflux_pumps,LMRD,HIA
ERR11865501,NODE_707_length_1972_cov_24.347425,gene:plasmid:145499,other,Drugs,betalactams,Class_A_betalactamases,TEM,Authorized for use in humans only
ERR11865503,NODE_7_length_132923_cov_33.270174,gene:plasmid:135980,Lactococcus lactis,Drugs,Multi-drug_resistance,Multi-drug_ABC_efflux_pumps,LMRD,HIA
ERR11865503,NODE_583_length_2893_cov_12.599422,gene:plasmid:145499,other,Drugs,betalactams,Class_A_betalactamases,TEM,Authorized for use in humans only
ERR11865508,NODE_109_length_18573_cov_7.193646,gene:plasmid:117290,Leuconostoc mesenteroides,Drugs,Aminoglycosides,Aminoglycoside-resistant_16S_ribosomal_subunit_protein,A16S,CIA
ERR11865508,NODE_109_length_18573_cov_7.193646,gene:plasmid:117290,Leuconostoc mesenteroides,Drugs,Oxazolidinone,Oxazolidinone-resistant_23S_rRNA_mutation,O23S,Authorized for use in humans only
ERR11865508,NODE_325_length_6938_cov_9.640435,gene:plasmid:139560;gene:plasmid:131376,Acetobacter orientalis,Drugs,MLS,Macrolide-resistant_23S_rRNA_mutation,MLS23S,CIA ?
ERR11865508,NODE_325_length_6938_cov_9.640435,gene:plasmid:139560;gene:plasmid:131376,Acetobacter orientalis,Drugs,Aminoglycosides,Aminoglycoside-resistant_16S_ribosomal_subunit_protein,A16S,CIA
ERR11865508,NODE_519_length_3374_cov_4.303665,gene:plasmid:145499;gene:plasmid:19384,other,Drugs,betalactams,Class_A_betalactamases,TEM,Authorized for use in humans only
ERR11865508,NODE_1_length_307930_cov_41.440308,gene:proph:184332;gene:proph:183180;gene:proph:183265;gene:vir:1043;gene:vir:1042;gene:plasmid:135980;gene:plasmid:87093;gene:plasmid:135959;gene:vir:1048;gene:proph:183099;gene:vir:1050;gene:proph:162997;gene:proph:162996;gene:vir:712;gene:proph:184398;gene:proph:184397;gene:vir:3940;gene:vir:1619;gene:vir:998;gene:proph:183251;gene:proph:163000;gene:proph:183109;gene:vir:94750;gene:vir:723;gene:vir:1008;gene:vir:4038;gene:proph:184362;gene:proph:162987;gene:proph:183178;gene:vir:953;gene:vir:955;gene:vir:3961;gene:vir:1017;gene:vir:729;gene:vir:3962;gene:vir:3963;gene:proph:184335;gene:vir:3965;gene:proph:184331;gene:vir:3613;gene:proph:184329;gene:vir:3615;gene:proph:184327;gene:vir:98409;gene:vir:3618;gene:proph:184324;gene:proph:184323;gene:proph:184322;gene:vir:3977;gene:proph:184319;gene:vir:1038;gene:proph:184391,Lactococcus lactis,Drugs,Multi-drug_resistance,Multi-drug_ABC_efflux_pumps,LMRD,HIA
ERR11865509,NODE_758_length_5344_cov_92.012651,gene:plasmid:131182,Leuconostoc mesenteroides,Drugs,Aminoglycosides,Aminoglycoside-resistant_16S_ribosomal_subunit_protein,A16S,CIA
ERR11865509,NODE_758_length_5344_cov_92.012651,gene:plasmid:131182,Leuconostoc mesenteroides,Drugs,Oxazolidinone,Oxazolidinone-resistant_23S_rRNA_mutation,O23S,Authorized for use in humans only
ERR11865509,NODE_706_length_5592_cov_11.436962,gene:plasmid:139560;gene:plasmid:131376,Acetobacter ghanensis,Drugs,MLS,Macrolide-resistant_23S_rRNA_mutation,MLS23S,CIA ?
ERR11865509,NODE_706_length_5592_cov_11.436962,gene:plasmid:139560;gene:plasmid:131376,Acetobacter ghanensis,Drugs,Aminoglycosides,Aminoglycoside-resistant_16S_ribosomal_subunit_protein,A16S,CIA
ERR11865509,NODE_24_length_50167_cov_18.342226,gene:plasmid:155304,Leuconostoc mesenteroides,Drugs,Elfamycins,EF-Tu_inhibition,TUFAB,NA
ERR11865509,NODE_1797_length_2842_cov_6.547330,gene:plasmid:19384;gene:plasmid:145499,other,Drugs,betalactams,Class_A_betalactamases,TEM,Authorized for use in humans only
ERR11865511,NODE_688_length_4795_cov_69.694302,gene:plasmid:131182,Leuconostoc mesenteroides,Drugs,Aminoglycosides,Aminoglycoside-resistant_16S_ribosomal_subunit_protein,A16S,CIA
ERR11865511,NODE_688_length_4795_cov_69.694302,gene:plasmid:131182,Leuconostoc mesenteroides,Drugs,Oxazolidinone,Oxazolidinone-resistant_23S_rRNA_mutation,O23S,Authorized for use in humans only
ERR11865511,NODE_603_length_5656_cov_9.478568,gene:plasmid:139560;gene:plasmid:131376,Acetobacter ghanensis,Drugs,MLS,Macrolide-resistant_23S_rRNA_mutation,MLS23S,CIA ?
ERR11865511,NODE_603_length_5656_cov_9.478568,gene:plasmid:139560;gene:plasmid:131376,Acetobacter ghanensis,Drugs,Aminoglycosides,Aminoglycoside-resistant_16S_ribosomal_subunit_protein,A16S,CIA
ERR11865511,NODE_1065_length_2540_cov_3.323663,gene:plasmid:145499,other,Drugs,betalactams,Class_A_betalactamases,TEM,Authorized for use in humans only
ERR11865511,NODE_1_length_294546_cov_7.013661,ICEberg|404|Tn5301|GenBank|S54034|1..515,Lactococcus cremoris,Drugs,Multi-drug_resistance,Multi-drug_ABC_efflux_pumps,LMRD,HIA
ERR11865540,NODE_90_length_18146_cov_1.971253,gene:plasmid:139560,Leuconostoc mesenteroides,Drugs,Aminoglycosides,Aminoglycoside-resistant_16S_ribosomal_subunit_protein,A16S,CIA
ERR11865540,NODE_90_length_18146_cov_1.971253,gene:plasmid:139560,Leuconostoc mesenteroides,Drugs,Oxazolidinone,Oxazolidinone-resistant_23S_rRNA_mutation,O23S,Authorized for use in humans only
ERR11865540,NODE_233_length_5648_cov_9.864155,gene:plasmid:139560;gene:plasmid:117293,Acetobacter ghanensis,Drugs,MLS,Macrolide-resistant_23S_rRNA_mutation,MLS23S,CIA ?
ERR11865540,NODE_233_length_5648_cov_9.864155,gene:plasmid:139560;gene:plasmid:117293,Acetobacter orientalis,Drugs,Aminoglycosides,Aminoglycoside-resistant_16S_ribosomal_subunit_protein,A16S,CIA
ERR11865542,NODE_381_length_4262_cov_12.306651,gene:plasmid:10524;gene:plasmid:10528,Acinetobacter lwoffii,Drugs,Aminoglycosides,Aminoglycoside_O-nucleotidyltransferases,ANT3-DPRIME,CIA
ERR11865542,NODE_21_length_20976_cov_6.583625,gene:plasmid:139562;gene:plasmid:139559,Acinetobacter sp. TTH0-4,Drugs,MLS,Macrolide-resistant_23S_rRNA_mutation,MLS23S,CIA ?
ERR11865542,NODE_21_length_20976_cov_6.583625,gene:plasmid:139562;gene:plasmid:139559,Acinetobacter sp. TTH0-4,Drugs,Aminoglycosides,Aminoglycoside-resistant_16S_ribosomal_subunit_protein,A16S,CIA
ERR11865542,NODE_81_length_12336_cov_1.401179,gene:plasmid:21818,Escherichia coli,Biocides,Acid_resistance,Acid_resistance_protein,HDEB,0
ERR11865544,NODE_89_length_11072_cov_4.765738,gene:plasmid:131373,Leuconostoc lactis,Drugs,MLS,Macrolide-resistant_23S_rRNA_mutation,MLS23S,CIA ?
ERR11865544,NODE_89_length_11072_cov_4.765738,gene:plasmid:131373,Leuconostoc falkenbergense,Drugs,Oxazolidinone,Oxazolidinone-resistant_23S_rRNA_mutation,O23S,Authorized for use in humans only
ERR11865544,NODE_1_length_182698_cov_40.747594,gene:vir:3930;gene:vir:1043;gene:vir:1042;gene:plasmid:135980;gene:plasmid:135959;gene:vir:1047;gene:vir:94743;gene:proph:162966;gene:vir:1050;gene:vir:709;gene:vir:711;gene:vir:930;gene:vir:7383;gene:vir:7384;gene:vir:94733;gene:vir:1058;gene:proph:183109;gene:vir:1060;gene:vir:1061,Lactococcus lactis,Drugs,Multi-drug_resistance,Multi-drug_ABC_efflux_pumps,LMRD,HIA
ERR11865546,NODE_516_length_4308_cov_1.667304,gene:plasmid:131373,Leuconostoc falkenbergense,Drugs,Oxazolidinone,Oxazolidinone-resistant_23S_rRNA_mutation,O23S,Authorized for use in humans only
ERR11865546,NODE_3_length_107959_cov_10.938293,gene:plasmid:135980,Lactococcus lactis,Drugs,Multi-drug_resistance,Multi-drug_ABC_efflux_pumps,LMRD,HIA
ERR11865548,NODE_208_length_10774_cov_4.871419,gene:plasmid:131373,Leuconostoc citreum,Drugs,MLS,Macrolide-resistant_23S_rRNA_mutation,MLS23S,CIA ?
ERR11865548,NODE_208_length_10774_cov_4.871419,gene:plasmid:131373,Leuconostoc falkenbergense,Drugs,Oxazolidinone,Oxazolidinone-resistant_23S_rRNA_mutation,O23S,Authorized for use in humans only
ERR11865548,NODE_1_length_182698_cov_33.558774,gene:vir:3930;gene:vir:1043;gene:vir:1042;gene:plasmid:135980;gene:plasmid:135959;gene:vir:1047;gene:vir:94743;gene:proph:162966;gene:vir:1050;gene:vir:709;gene:vir:711;gene:vir:930;gene:vir:7383;gene:vir:7384;gene:vir:94733;gene:vir:1058;gene:vir:1059;gene:proph:183110;gene:vir:1061,Lactococcus lactis,Drugs,Multi-drug_resistance,Multi-drug_ABC_efflux_pumps,LMRD,HIA
ERR11865552,NODE_66_length_6839_cov_1.783820,gene:plasmid:117290,Leuconostoc citreum,Drugs,Aminoglycosides,Aminoglycoside-resistant_16S_ribosomal_subunit_protein,A16S,CIA
ERR11865552,NODE_66_length_6839_cov_1.783820,gene:plasmid:117290,Leuconostoc falkenbergense,Drugs,Oxazolidinone,Oxazolidinone-resistant_23S_rRNA_mutation,O23S,Authorized for use in humans only
ERR11865552,NODE_1_length_182698_cov_35.295638,gene:vir:3930;gene:vir:1043;gene:vir:1042;gene:plasmid:135980;gene:plasmid:135959;gene:vir:1047;gene:vir:94743;gene:proph:162966;gene:proph:183100;gene:vir:709;gene:vir:711;gene:vir:930;gene:vir:7383;gene:vir:7384;gene:vir:94733;gene:vir:1058;gene:vir:1059;gene:proph:183110;gene:vir:942,Lactococcus lactis,Drugs,Multi-drug_resistance,Multi-drug_ABC_efflux_pumps,LMRD,HIA
ERR11865554,NODE_170_length_7704_cov_1.849545,gene:plasmid:131373,Stenotrophomonas riyadhensis,Drugs,MLS,Macrolide-resistant_23S_rRNA_mutation,MLS23S,CIA ?
ERR11865554,NODE_170_length_7704_cov_1.849545,gene:plasmid:131373,Leuconostoc falkenbergense,Drugs,Oxazolidinone,Oxazolidinone-resistant_23S_rRNA_mutation,O23S,Authorized for use in humans only
ERR11865554,NODE_13_length_71016_cov_5.331885,gene:plasmid:135980,Lactococcus lactis,Drugs,Multi-drug_resistance,Multi-drug_ABC_efflux_pumps,LMRD,HIA
ERR11865556,NODE_93_length_11407_cov_3.199468,gene:plasmid:117290,Leuconostoc falkenbergense,Drugs,Aminoglycosides,Aminoglycoside-resistant_16S_ribosomal_subunit_protein,A16S,CIA
ERR11865556,NODE_93_length_11407_cov_3.199468,gene:plasmid:117290,Leuconostoc falkenbergense,Drugs,Oxazolidinone,Oxazolidinone-resistant_23S_rRNA_mutation,O23S,Authorized for use in humans only
ERR11865558,NODE_1_length_182698_cov_19.366800,gene:vir:3930;gene:vir:1043;gene:vir:1042;gene:plasmid:135980;gene:plasmid:135959;gene:vir:1047;gene:vir:94743;gene:proph:162966;gene:vir:1050;gene:vir:709;gene:vir:711;gene:vir:930;gene:vir:7383;gene:vir:7384;gene:vir:94733;gene:vir:1058;gene:vir:1059;gene:proph:183110;gene:vir:1061,Lactococcus lactis,Drugs,Multi-drug_resistance,Multi-drug_ABC_efflux_pumps,LMRD,HIA
ERR11865560,NODE_168_length_5648_cov_9.557870,gene:plasmid:139560;gene:plasmid:131185,Acetobacter orientalis,Drugs,MLS,Macrolide-resistant_23S_rRNA_mutation,MLS23S,CIA ?
ERR11865560,NODE_168_length_5648_cov_9.557870,gene:plasmid:139560;gene:plasmid:131185,Acetobacter orientalis,Drugs,Aminoglycosides,Aminoglycoside-resistant_16S_ribosomal_subunit_protein,A16S,CIA
ERR11865560,NODE_1_length_182698_cov_37.015457,gene:vir:3930;gene:vir:1043;gene:vir:1042;gene:plasmid:135980;gene:plasmid:135959;gene:vir:1047;gene:vir:94743;gene:proph:162966;gene:proph:183100;gene:vir:709;gene:vir:711;gene:vir:930;gene:vir:7383;gene:vir:7384;gene:vir:94733;gene:vir:1058;gene:vir:1059;gene:vir:1060;gene:vir:942,Lactococcus lactis,Drugs,Multi-drug_resistance,Multi-drug_ABC_efflux_pumps,LMRD,HIA
ERR14783384,NODE_41_length_131134_cov_96.647401,gene:plasmid:123887;gene:plasmid:139212,Pseudomonas bubulae,Drugs,Elfamycins,EF-Tu_inhibition,TUFAB,NA
ERR14783384,NODE_41_length_131134_cov_96.647401,gene:plasmid:123887;gene:plasmid:139212,Pseudomonas bubulae,Drugs,Rifampin,Rifampin-resistant_beta-subunit_of_RNA_polymerase_RpoB,RPOB,CIA
ERR14783384,NODE_94_length_77434_cov_21.746220,gene:plasmid:125744,Pseudomonas fragi,Multi-compound,Biocide_and_metal_resistance,Biocide_and_metal_resistance_protein,RUVB,0
ERR14783384,NODE_65_length_101534_cov_18.979242,gene:plasmid:125744;gene:plasmid:89528,Pseudomonas helleri,Drugs,Aminocoumarins,Aminocoumarin-resistant_DNA_topoisomerases,PARE,Not medically important
ERR14783384,NODE_3_length_479119_cov_104.142762,gene:plasmid:145291,Pseudomonas bubulae,Biocides,Phenolic_compound_resistance,Phenolic_RND_efflux_pump,TRIC,0
ERR14783384,NODE_43_length_122839_cov_5.652780,gene:plasmid:146728;gene:plasmid:22247,Pseudomonas sp. WC2401,Drugs,Cationic_antimicrobial_peptides,Polymyxin_B_resistance_regulator,ARNA,HPCIA
ERR14783384,NODE_64_length_102752_cov_7.709749,gene:plasmid:154779,Pseudomonas helleri,Drugs,Cationic_antimicrobial_peptides,Polymyxin_B_resistance_regulator,ARNA,HPCIA
ERR14783384,NODE_8_length_258542_cov_92.085220,gene:plasmid:20845;gene:plasmid:125744,Pseudomonas bubulae,Drugs,Aminocoumarins,Aminocoumarin-resistant_DNA_topoisomerases,PARE,Not medically important
ERR14783384,NODE_8_length_258542_cov_92.085220,gene:plasmid:20845;gene:plasmid:125744,Pseudomonas bubulae,Drugs,Fluoroquinolones,Fluoroquinolone-resistant_DNA_topoisomerases,PARC,HPCIA
ERR14783384,NODE_8_length_258542_cov_92.085220,gene:plasmid:20845;gene:plasmid:125744,Pseudomonas bubulae,Multi-compound,Biocide_and_metal_resistance,Biocide_and_metal_resistance_protein,RUVB,0
ERR14783384,NODE_2_length_553249_cov_45.790290,gene:plasmid:21828;gene:plasmid:88994,Pseudomonas bubulae,Drugs,Multi-drug_resistance,Multi-drug_RND_efflux_pumps,MUXB,CIA
ERR14783384,NODE_45_length_122286_cov_19.613127,gene:plasmid:27818,Pseudomonas helleri,Multi-compound,Biocide_and_metal_resistance,Biocide_and_metal_resistance_protein,RUVB,0
ERR14783384,NODE_284_length_33406_cov_13.886475,gene:plasmid:28516,Pseudomonas putida,Drugs,Aminocoumarins,Aminocoumarin-resistant_DNA_topoisomerases,PARE,Not medically important
ERR14783384,NODE_284_length_33406_cov_13.886475,gene:plasmid:28516,Pseudomonas fragi,Drugs,Fluoroquinolones,Fluoroquinolone-resistant_DNA_topoisomerases,PARC,HPCIA
ERR14783384,NODE_57_length_107381_cov_7.385039,gene:plasmid:85748,Pseudomonas fragi,Multi-compound,Drug_and_biocide_resistance,Drug_and_biocide_RND_efflux_pumps,MEXE,HPCIA
ERR14783384,NODE_57_length_107381_cov_7.385039,gene:plasmid:85748,Pseudomonas fragi,Multi-compound,Drug_and_biocide_resistance,Drug_and_biocide_RND_efflux_pumps,MEXF,HPCIA
ERR14783384,NODE_7_length_284794_cov_55.275311,gene:proph:169464;gene:proph:179985;gene:proph:179984,Pseudomonas bubulae,Drugs,Fluoroquinolones,Fluoroquinolone-resistant_DNA_topoisomerases,GYRA,HPCIA
ERR14783384,NODE_9_length_258531_cov_9.033192,gene:proph:178296,Pseudomonas sp. WC2401,Drugs,Multi-drug_resistance,Multi-drug_RND_efflux_pumps,MUXB,CIA
ERR14783384,NODE_376_length_24690_cov_41.969181,gene:proph:184195;gene:proph:184194;gene:proph:184236,Pseudomonas sp. WC2401,Biocides,Multi-biocide_resistance,Multi-biocide_RND_efflux_pump,EMHB,0
ERR14783384,NODE_376_length_24690_cov_41.969181,gene:proph:184195;gene:proph:184194;gene:proph:184236,Pseudomonas sp. WC2401,Multi-compound,Drug_and_biocide_resistance,Drug_and_biocide_RND_efflux_pumps,EMHC,0
ERR14783384,NODE_16_length_203592_cov_68.501187,gene:proph:184236;gene:proph:175955;gene:proph:175950;gene:proph:175953;gene:proph:175954;gene:proph:184195;gene:proph:184194,Pseudomonas bubulae,Biocides,Multi-biocide_resistance,Multi-biocide_RND_efflux_pump,EMHB,0
ERR14783384,NODE_16_length_203592_cov_68.501187,gene:proph:184236;gene:proph:175955;gene:proph:175950;gene:proph:175953;gene:proph:175954;gene:proph:184195;gene:proph:184194,Pseudomonas bubulae,Multi-compound,Drug_and_biocide_resistance,Drug_and_biocide_RND_efflux_pumps,EMHC,0
ERR14783384,NODE_16_length_203592_cov_68.501187,gene:proph:184236;gene:proph:175955;gene:proph:175950;gene:proph:175953;gene:proph:175954;gene:proph:184195;gene:proph:184194,Pseudomonas bubulae,Biocides,Peroxide_resistance,peroxide_resistance_protein,SODB,0
ERR14783384,NODE_52_length_114409_cov_13.654408,gene:proph:184430;gene:proph:175953;gene:proph:184195;gene:proph:184194;gene:proph:184236;gene:proph:175955;gene:proph:184449,Pseudomonas helleri,Biocides,Multi-biocide_resistance,Multi-biocide_RND_efflux_pump,EMHB,0
ERR14783384,NODE_52_length_114409_cov_13.654408,gene:proph:184430;gene:proph:175953;gene:proph:184195;gene:proph:184194;gene:proph:184236;gene:proph:175955;gene:proph:184449,Pseudomonas helleri,Multi-compound,Drug_and_biocide_resistance,Drug_and_biocide_RND_efflux_pumps,EMHC,0
ERR14783385,NODE_30_length_131445_cov_229.100854,gene:plasmid:123887;gene:plasmid:139212,Pseudomonas bubulae,Drugs,Elfamycins,EF-Tu_inhibition,TUFAB,NA
ERR14783385,NODE_30_length_131445_cov_229.100854,gene:plasmid:123887;gene:plasmid:139212,Pseudomonas bubulae,Drugs,Rifampin,Rifampin-resistant_beta-subunit_of_RNA_polymerase_RpoB,RPOB,CIA
ERR14783385,NODE_23_length_153442_cov_15.665610,gene:plasmid:137265;gene:plasmid:85748,Pseudomonas fragi,Multi-compound,Drug_and_biocide_resistance,Drug_and_biocide_RND_efflux_pumps,MEXE,HPCIA
ERR14783385,NODE_23_length_153442_cov_15.665610,gene:plasmid:137265;gene:plasmid:85748,Pseudomonas fragi,Multi-compound,Drug_and_biocide_resistance,Drug_and_biocide_RND_efflux_pumps,MEXF,HPCIA
ERR14783385,NODE_4_length_508296_cov_243.725379,gene:plasmid:145291,Pseudomonas bubulae,Biocides,Phenolic_compound_resistance,Phenolic_RND_efflux_pump,TRIC,0
ERR14783385,NODE_51_length_102421_cov_17.964758,gene:plasmid:154779,Pseudomonas helleri,Drugs,Cationic_antimicrobial_peptides,Polymyxin_B_resistance_regulator,ARNA,HPCIA
ERR14783385,NODE_1_length_906507_cov_102.557026,gene:plasmid:21828,Pseudomonas bubulae,Multi-compound,Drug_and_biocide_resistance,Drug_and_biocide_RND_efflux_pumps,MEXE,HPCIA
ERR14783385,NODE_1_length_906507_cov_102.557026,gene:plasmid:21828,Pseudomonas bubulae,Multi-compound,Drug_and_biocide_resistance,Drug_and_biocide_RND_efflux_pumps,MEXF,HPCIA
ERR14783385,NODE_12_length_270680_cov_12.866333,gene:plasmid:22247,Pseudomonas fragi,Drugs,Cationic_antimicrobial_peptides,Polymyxin_B_resistance_regulator,ARNA,HPCIA
ERR14783385,NODE_3_length_558099_cov_136.910576,gene:plasmid:26949;gene:plasmid:26360;gene:proph:173746;gene:proph:169464;gene:proph:179985;gene:proph:179984,Pseudomonas fragi,Drugs,Fluoroquinolones,Fluoroquinolone-resistant_DNA_topoisomerases,GYRA,HPCIA
ERR14783385,NODE_3_length_558099_cov_136.910576,gene:plasmid:26949;gene:plasmid:26360;gene:proph:173746;gene:proph:169464;gene:proph:179985;gene:proph:179984,Pseudomonas fragi,Drugs,Multi-drug_resistance,Multi-drug_RND_efflux_pumps,MUXB,CIA
ERR14783385,NODE_52_length_102398_cov_44.309267,gene:plasmid:27818,Pseudomonas helleri,Multi-compound,Biocide_and_metal_resistance,Biocide_and_metal_resistance_protein,RUVB,0
ERR14783385,NODE_2_length_573961_cov_220.955466,gene:plasmid:27818;gene:plasmid:125744;gene:plasmid:20845,Pseudomonas bubulae,Drugs,Aminocoumarins,Aminocoumarin-resistant_DNA_topoisomerases,PARE,Not medically important
ERR14783385,NODE_2_length_573961_cov_220.955466,gene:plasmid:27818;gene:plasmid:125744;gene:plasmid:20845,Pseudomonas bubulae,Drugs,Fluoroquinolones,Fluoroquinolone-resistant_DNA_topoisomerases,PARC,HPCIA
ERR14783385,NODE_2_length_573961_cov_220.955466,gene:plasmid:27818;gene:plasmid:125744;gene:plasmid:20845,Pseudomonas bubulae,Multi-compound,Biocide_and_metal_resistance,Biocide_and_metal_resistance_protein,RUVB,0
ERR14783385,NODE_272_length_33406_cov_28.978455,gene:plasmid:28516,Pseudomonas fragi,Drugs,Multi-drug_resistance,Multi-drug_RND_efflux_pumps,OPMH,NA
ERR14783385,NODE_272_length_33406_cov_28.978455,gene:plasmid:28516,Pseudomonas fragi,Drugs,Fluoroquinolones,Fluoroquinolone-resistant_DNA_topoisomerases,PARC,HPCIA
ERR14783385,NODE_7_length_409206_cov_181.922577,gene:proph:175950;gene:proph:175953;gene:proph:175954;gene:proph:184195;gene:proph:184194;gene:plasmid:22676;gene:plasmid:154897;gene:proph:184236;gene:proph:175955,Pseudomonas bubulae,Biocides,Multi-biocide_resistance,Multi-biocide_RND_efflux_pump,EMHB,0
ERR14783385,NODE_7_length_409206_cov_181.922577,gene:proph:175950;gene:proph:175953;gene:proph:175954;gene:proph:184195;gene:proph:184194;gene:plasmid:22676;gene:plasmid:154897;gene:proph:184236;gene:proph:175955,Pseudomonas bubulae,Multi-compound,Drug_and_biocide_resistance,Drug_and_biocide_RND_efflux_pumps,EMHC,0
ERR14783385,NODE_10_length_303933_cov_19.780580,gene:proph:178296,Pseudomonas sp. WC2401,Drugs,Multi-drug_resistance,Multi-drug_RND_efflux_pumps,MUXB,CIA
ERR14783385,NODE_367_length_24690_cov_99.003216,gene:proph:184195;gene:proph:184194;gene:proph:184236,Pseudomonas sp. WC2401,Biocides,Multi-biocide_resistance,Multi-biocide_RND_efflux_pump,EMHB,0
ERR14783385,NODE_367_length_24690_cov_99.003216,gene:proph:184195;gene:proph:184194;gene:proph:184236,Pseudomonas sp. WC2401,Multi-compound,Drug_and_biocide_resistance,Drug_and_biocide_RND_efflux_pumps,EMHC,0
ERR14783385,NODE_16_length_198358_cov_31.230731,gene:proph:184430;gene:proph:175953;gene:proph:184195;gene:proph:184194;gene:proph:184236;gene:proph:175955;gene:proph:184449,Pseudomonas helleri,Biocides,Multi-biocide_resistance,Multi-biocide_RND_efflux_pump,EMHB,0
ERR14783385,NODE_16_length_198358_cov_31.230731,gene:proph:184430;gene:proph:175953;gene:proph:184195;gene:proph:184194;gene:proph:184236;gene:proph:175955;gene:proph:184449,Pseudomonas helleri,Multi-compound,Drug_and_biocide_resistance,Drug_and_biocide_RND_efflux_pumps,EMHC,0
ERR14783386,NODE_288_length_33629_cov_92.311146,gene:plasmid:123887,Pseudomonas helleri,Drugs,Rifampin,Rifampin-resistant_beta-subunit_of_RNA_polymerase_RpoB,RPOB,CIA
ERR14783386,NODE_288_length_33629_cov_92.311146,gene:plasmid:123887,Pseudomonas lundensis,Drugs,Rifampin,Rifampin-resistant_beta-subunit_of_RNA_polymerase_RpoB,RPOB,CIA
ERR14783386,NODE_53_length_135499_cov_66.622891,gene:plasmid:125744;gene:plasmid:89528,Pseudomonas helleri,Drugs,Multi-drug_resistance,Multi-drug_RND_efflux_pumps,OPMH,NA
ERR14783386,NODE_53_length_135499_cov_66.622891,gene:plasmid:125744;gene:plasmid:89528,Pseudomonas helleri,Drugs,Multi-drug_resistance,Multi-drug_RND_efflux_pumps,OPMH,NA
ERR14783386,NODE_53_length_135499_cov_66.622891,gene:plasmid:125744;gene:plasmid:89528,Pseudomonas helleri,Drugs,Fluoroquinolones,Fluoroquinolone-resistant_DNA_topoisomerases,PARC,HPCIA
ERR14783386,NODE_79_length_102421_cov_29.374626,gene:plasmid:154779,Pseudomonas helleri,Drugs,Cationic_antimicrobial_peptides,Polymyxin_B_resistance_regulator,ARNA,HPCIA
ERR14783386,NODE_64_length_120846_cov_69.343550,gene:plasmid:27818,Pseudomonas helleri,Multi-compound,Biocide_and_metal_resistance,Biocide_and_metal_resistance_protein,RUVB,0
ERR14783386,NODE_205_length_45611_cov_6.745229,gene:plasmid:28516,Pseudomonas fragi,Drugs,Aminocoumarins,Aminocoumarin-resistant_DNA_topoisomerases,PARE,Not medically important
ERR14783386,NODE_205_length_45611_cov_6.745229,gene:plasmid:28516,Pseudomonas putida,Drugs,Aminocoumarins,Aminocoumarin-resistant_DNA_topoisomerases,PARE,Not medically important
ERR14783386,NODE_205_length_45611_cov_6.745229,gene:plasmid:28516,Pseudomonas fragi,Drugs,Fluoroquinolones,Fluoroquinolone-resistant_DNA_topoisomerases,PARC,HPCIA
ERR14783386,NODE_1_length_440318_cov_21.795332,gene:plasmid:83370,Pseudomonas bubulae,Biocides,Phenolic_compound_resistance,Phenolic_RND_efflux_pump,TRIC,0
ERR14783386,NODE_32_length_166579_cov_16.938931,gene:proph:175950;gene:proph:175953;gene:proph:175954;gene:proph:184195;gene:proph:184194;gene:proph:184236;gene:proph:175955,Pseudomonas fragi,Biocides,Multi-biocide_resistance,Multi-biocide_RND_efflux_pump,EMHB,0
ERR14783386,NODE_32_length_166579_cov_16.938931,gene:proph:175950;gene:proph:175953;gene:proph:175954;gene:proph:184195;gene:proph:184194;gene:proph:184236;gene:proph:175955,Pseudomonas fragi,Multi-compound,Drug_and_biocide_resistance,Drug_and_biocide_RND_efflux_pumps,EMHC,0
ERR14783386,NODE_44_length_148194_cov_53.136182,gene:proph:184430;gene:proph:175953;gene:proph:184195;gene:proph:184194;gene:proph:184236;gene:proph:175955;gene:proph:184449,Pseudomonas helleri,Biocides,Multi-biocide_resistance,Multi-biocide_RND_efflux_pump,EMHB,0
ERR14783386,NODE_44_length_148194_cov_53.136182,gene:proph:184430;gene:proph:175953;gene:proph:184195;gene:proph:184194;gene:proph:184236;gene:proph:175955;gene:proph:184449,Pseudomonas helleri,Multi-compound,Drug_and_biocide_resistance,Drug_and_biocide_RND_efflux_pumps,EMHC,0
ERR14783390,NODE_75_length_56059_cov_6.088322,gene:plasmid:123158,Bacillus tropicus,Drugs,Nucleosides,Streptothricin_acetyltransferase,SAT,CIA
ERR14783390,NODE_68_length_58554_cov_26.086484,gene:plasmid:141403,Bacillus cereus,Drugs,Rifampin,Rifampin-resistant_beta-subunit_of_RNA_polymerase_RpoB,RPOB,CIA
ERR14783390,NODE_68_length_58554_cov_26.086484,gene:plasmid:141403,Bacillus mycoides,Drugs,Oxazolidinone,Oxazolidinone-resistant_23S_rRNA_mutation,O23S,Authorized for use in humans only
ERR14783390,NODE_68_length_58554_cov_26.086484,gene:plasmid:141403,Bacillus tropicus,Drugs,Lipopeptides,Daptomycin-resistant_beta-subunit_of_RNA_polymerase_RpoC,RPOCL,Authorized for use in humans only
ERR14783390,NODE_243_length_26236_cov_4.815772,gene:proph:172890;gene:vir:105016;gene:vir:6171;gene:vir:6173;gene:proph:182328;gene:proph:182329,Bacillus albus,Drugs,betalactams,Class_B_betalactamases,BC,Authorized for use in humans only
ERR14783391,NODE_1_length_777738_cov_17.185089,gene:plasmid:122188;gene:plasmid:122777;gene:plasmid:122162;gene:plasmid:122860;gene:plasmid:122777,Bacillus thuringiensis,Drugs,betalactams,Class_A_betalactamases,BLA1,Authorized for use in humans only 
ERR14783391,NODE_4_length_465217_cov_22.637507,gene:plasmid:123128;gene:plasmid:151379;gene:plasmid:138523;gene:plasmid:122720;gene:plasmid:123153;gene:plasmid:122880;gene:plasmid:122716;gene:plasmid:122717;gene:plasmid:122719;gene:plasmid:122722;gene:plasmid:122910;gene:plasmid:12587;gene:plasmid:122037;gene:plasmid:123138;gene:proph:182251;gene:plasmid:154206;gene:plasmid:122050;gene:plasmid:122054;gene:plasmid:122055;gene:proph:161065;gene:proph:172331;gene:plasmid:122796;gene:plasmid:122797;gene:plasmid:122798;gene:plasmid:122802;gene:plasmid:122806;gene:plasmid:122807;gene:plasmid:122808;gene:plasmid:122809;gene:proph:182237;gene:plasmid:122087;gene:plasmid:122720;gene:plasmid:122811;gene:plasmid:12550;gene:plasmid:12551;gene:plasmid:122035;gene:plasmid:122034;gene:plasmid:122959;gene:plasmid:122029;gene:plasmid:122028;gene:plasmid:154259;gene:plasmid:12560;gene:plasmid:12561;gene:plasmid:12562;gene:plasmid:12814;gene:plasmid:122022;gene:plasmid:12824;gene:plasmid:123068;gene:plasmid:154296;gene:plasmid:122959;gene:plasmid:154188;gene:plasmid:154189;gene:plasmid:12831;gene:plasmid:154184;gene:plasmid:12832;gene:plasmid:154292;gene:plasmid:154293;gene:plasmid:12582;gene:plasmid:12840;gene:plasmid:123029;gene:plasmid:151379;gene:plasmid:122721;gene:plasmid:122718;gene:plasmid:122745;gene:plasmid:123155;gene:plasmid:122879;gene:plasmid:122881;gene:plasmid:122882;gene:plasmid:122883;gene:plasmid:122884;gene:plasmid:122885;gene:plasmid:122814;gene:plasmid:122815;gene:plasmid:123152;gene:plasmid:154248;gene:plasmid:122104;gene:plasmid:122107;gene:plasmid:154155;gene:plasmid:123068;gene:plasmid:154264;gene:plasmid:12637;gene:plasmid:122863;gene:plasmid:122864;gene:plasmid:122865;gene:plasmid:122867;gene:plasmid:122924;gene:plasmid:123126;gene:plasmid:123124;gene:plasmid:151379,Bacillus sp. N5-665,Drugs,betalactams,Class_A_betalactamases,BLAZ,Authorized for use in humans only 
ERR14783391,NODE_4_length_465217_cov_22.637507,gene:plasmid:123128;gene:plasmid:151379;gene:plasmid:138523;gene:plasmid:122720;gene:plasmid:123153;gene:plasmid:122880;gene:plasmid:122716;gene:plasmid:122717;gene:plasmid:122719;gene:plasmid:122722;gene:plasmid:122910;gene:plasmid:12587;gene:plasmid:122037;gene:plasmid:123138;gene:proph:182251;gene:plasmid:154206;gene:plasmid:122050;gene:plasmid:122054;gene:plasmid:122055;gene:proph:161065;gene:proph:172331;gene:plasmid:122796;gene:plasmid:122797;gene:plasmid:122798;gene:plasmid:122802;gene:plasmid:122806;gene:plasmid:122807;gene:plasmid:122808;gene:plasmid:122809;gene:proph:182237;gene:plasmid:122087;gene:plasmid:122720;gene:plasmid:122811;gene:plasmid:12550;gene:plasmid:12551;gene:plasmid:122035;gene:plasmid:122034;gene:plasmid:122959;gene:plasmid:122029;gene:plasmid:122028;gene:plasmid:154259;gene:plasmid:12560;gene:plasmid:12561;gene:plasmid:12562;gene:plasmid:12814;gene:plasmid:122022;gene:plasmid:12824;gene:plasmid:123068;gene:plasmid:154296;gene:plasmid:122959;gene:plasmid:154188;gene:plasmid:154189;gene:plasmid:12831;gene:plasmid:154184;gene:plasmid:12832;gene:plasmid:154292;gene:plasmid:154293;gene:plasmid:12582;gene:plasmid:12840;gene:plasmid:123029;gene:plasmid:151379;gene:plasmid:122721;gene:plasmid:122718;gene:plasmid:122745;gene:plasmid:123155;gene:plasmid:122879;gene:plasmid:122881;gene:plasmid:122882;gene:plasmid:122883;gene:plasmid:122884;gene:plasmid:122885;gene:plasmid:122814;gene:plasmid:122815;gene:plasmid:123152;gene:plasmid:154248;gene:plasmid:122104;gene:plasmid:122107;gene:plasmid:154155;gene:plasmid:123068;gene:plasmid:154264;gene:plasmid:12637;gene:plasmid:122863;gene:plasmid:122864;gene:plasmid:122865;gene:plasmid:122867;gene:plasmid:122924;gene:plasmid:123126;gene:plasmid:123124;gene:plasmid:151379,Bacillus sp. N5-665,Drugs,betalactams,Class_A_betalactamases,BLAZ,Authorized for use in humans only 
ERR14783391,NODE_6_length_347281_cov_18.137138,gene:plasmid:128185,Bacillus paramobilis,Drugs,betalactams,Class_B_betalactamases,BCII,Authorized for use in humans only 
ERR14783391,NODE_3_length_570685_cov_34.346655,gene:plasmid:138538;gene:plasmid:122850;gene:plasmid:127957;gene:plasmid:123038,Bacillus wiedmannii,Drugs,betalactams,Class_A_betalactamases,BLAZ,Authorized for use in humans only 
ERR14783391,NODE_59_length_58445_cov_74.263829,gene:plasmid:141403,Bacillus mycoides,Drugs,Aminoglycosides,Aminoglycoside-resistant_16S_ribosomal_subunit_protein,A16S,CIA
ERR14783391,NODE_59_length_58445_cov_74.263829,gene:plasmid:141403,Bacillus tropicus,Drugs,Rifampin,Rifampin-resistant_beta-subunit_of_RNA_polymerase_RpoB,RPOB,CIA
ERR14783391,NODE_59_length_58445_cov_74.263829,gene:plasmid:141403,Bacillus thuringiensis,Drugs,Lipopeptides,Daptomycin-resistant_beta-subunit_of_RNA_polymerase_RpoC,RPOCL,Authorized for use in humans only
ERR14783393,NODE_2_length_777403_cov_210.512562,gene:plasmid:122188;gene:plasmid:122777;gene:plasmid:122162;gene:plasmid:122860;gene:plasmid:122777,Bacillus thuringiensis,Drugs,betalactams,Class_A_betalactamases,BLA1,Authorized for use in humans only 
ERR14783393,NODE_6_length_285585_cov_203.346440,gene:plasmid:123128;gene:plasmid:151379;gene:plasmid:122720;gene:proph:161065;gene:proph:172895;gene:plasmid:122802;gene:plasmid:123153;gene:plasmid:122087;gene:plasmid:122716;gene:plasmid:122717;gene:plasmid:12550;gene:plasmid:12551;gene:plasmid:122035;gene:plasmid:122029;gene:plasmid:122028;gene:plasmid:12559;gene:plasmid:154260;gene:plasmid:12561;gene:plasmid:122719;gene:plasmid:122722;gene:plasmid:122910;gene:plasmid:154198;gene:plasmid:123068;gene:plasmid:154296;gene:plasmid:122959;gene:plasmid:154188;gene:plasmid:12830;gene:plasmid:154183;gene:plasmid:155256;gene:plasmid:122037;gene:plasmid:12579;gene:plasmid:154292;gene:plasmid:12835;gene:plasmid:154294;gene:plasmid:12585;gene:plasmid:123029;gene:plasmid:151379;gene:proph:182251;gene:plasmid:122721;gene:plasmid:122718;gene:plasmid:154206;gene:plasmid:122050;gene:plasmid:122054;gene:plasmid:122055;gene:plasmid:123152;gene:plasmid:122796;gene:plasmid:122797;gene:plasmid:122798;gene:plasmid:122800;gene:plasmid:122801;gene:plasmid:122806;gene:plasmid:122807;gene:plasmid:122808;gene:plasmid:122809;gene:proph:182237;gene:plasmid:122959;gene:plasmid:122811;gene:plasmid:151379,Bacillus mycoides,Drugs,betalactams,Class_A_betalactamases,BLAZ,Authorized for use in humans only 
ERR14783393,NODE_6_length_285585_cov_203.346440,gene:plasmid:123128;gene:plasmid:151379;gene:plasmid:122720;gene:proph:161065;gene:proph:172895;gene:plasmid:122802;gene:plasmid:123153;gene:plasmid:122087;gene:plasmid:122716;gene:plasmid:122717;gene:plasmid:12550;gene:plasmid:12551;gene:plasmid:122035;gene:plasmid:122029;gene:plasmid:122028;gene:plasmid:12559;gene:plasmid:154260;gene:plasmid:12561;gene:plasmid:122719;gene:plasmid:122722;gene:plasmid:122910;gene:plasmid:154198;gene:plasmid:123068;gene:plasmid:154296;gene:plasmid:122959;gene:plasmid:154188;gene:plasmid:12830;gene:plasmid:154183;gene:plasmid:155256;gene:plasmid:122037;gene:plasmid:12579;gene:plasmid:154292;gene:plasmid:12835;gene:plasmid:154294;gene:plasmid:12585;gene:plasmid:123029;gene:plasmid:151379;gene:proph:182251;gene:plasmid:122721;gene:plasmid:122718;gene:plasmid:154206;gene:plasmid:122050;gene:plasmid:122054;gene:plasmid:122055;gene:plasmid:123152;gene:plasmid:122796;gene:plasmid:122797;gene:plasmid:122798;gene:plasmid:122800;gene:plasmid:122801;gene:plasmid:122806;gene:plasmid:122807;gene:plasmid:122808;gene:plasmid:122809;gene:proph:182237;gene:plasmid:122959;gene:plasmid:122811;gene:plasmid:151379,Bacillus mycoides,Drugs,betalactams,Class_A_betalactamases,BLAZ,Authorized for use in humans only 
ERR14783393,NODE_5_length_347181_cov_210.586128,gene:plasmid:128185,Bacillus thuringiensis,Drugs,betalactams,Class_B_betalactamases,BCII,Authorized for use in humans only 
ERR14783393,NODE_3_length_570685_cov_288.828925,gene:plasmid:138538;gene:plasmid:122850;gene:plasmid:127957;gene:plasmid:123038,Bacillus cereus,Drugs,betalactams,Class_A_betalactamases,BLAZ,Authorized for use in humans only 
ERR14783393,NODE_78_length_58442_cov_413.635291,gene:plasmid:141403,Bacillus mycoides,Drugs,Elfamycins,EF-Tu_inhibition,TUFAB,NA
ERR14783393,NODE_78_length_58442_cov_413.635291,gene:plasmid:141403,Bacillus mycoides,Drugs,Rifampin,Rifampin-resistant_beta-subunit_of_RNA_polymerase_RpoB,RPOB,CIA
ERR14783393,NODE_78_length_58442_cov_413.635291,gene:plasmid:141403,Bacillus cereus,Drugs,Lipopeptides,Daptomycin-resistant_beta-subunit_of_RNA_polymerase_RpoC,RPOCL,Authorized for use in humans only
ERR14783399,NODE_500_length_5576_cov_12.743623,gene:plasmid:131373,Leuconostoc mesenteroides,Drugs,Aminoglycosides,Aminoglycoside-resistant_16S_ribosomal_subunit_protein,A16S,CIA
ERR14783399,NODE_500_length_5576_cov_12.743623,gene:plasmid:131373,Leuconostoc mesenteroides,Drugs,Oxazolidinone,Oxazolidinone-resistant_23S_rRNA_mutation,O23S,Authorized for use in humans only
ERR14783399,NODE_7_length_238437_cov_108.771646,gene:plasmid:135980;gene:plasmid:135959,Lactococcus cremoris,Drugs,Multi-drug_resistance,Multi-drug_ABC_efflux_pumps,LMRD,HIA
ERR14783399,NODE_496_length_5592_cov_132.608783,gene:plasmid:139560;gene:plasmid:117293,Acetobacter ghanensis,Drugs,MLS,Macrolide-resistant_23S_rRNA_mutation,MLS23S,CIA ?
ERR14783399,NODE_496_length_5592_cov_132.608783,gene:plasmid:139560;gene:plasmid:117293,other,Drugs,MLS,Macrolide-resistant_23S_rRNA_mutation,MLS23S,CIA ?
ERR14783400,NODE_2255_length_5342_cov_28.739214,gene:plasmid:139560,Acetobacter orientalis,Drugs,Aminoglycosides,Aminoglycoside-resistant_16S_ribosomal_subunit_protein,A16S,CIA
ERR14783400,NODE_2255_length_5342_cov_28.739214,gene:plasmid:139560,Leuconostoc mesenteroides,Drugs,Oxazolidinone,Oxazolidinone-resistant_23S_rRNA_mutation,O23S,Authorized for use in humans only
ERR14783400,NODE_2152_length_5592_cov_159.352790,gene:plasmid:139560;gene:plasmid:131376,Acetobacter ghanensis,Drugs,MLS,Macrolide-resistant_23S_rRNA_mutation,MLS23S,CIA ?
ERR14783400,NODE_2152_length_5592_cov_159.352790,gene:plasmid:139560;gene:plasmid:131376,other,Drugs,MLS,Macrolide-resistant_23S_rRNA_mutation,MLS23S,CIA ?
ERR14783400,NODE_2_length_440936_cov_14.534236,gene:plasmid:17313;gene:plasmid:17312;gene:plasmid:17311;gene:plasmid:17310;gene:plasmid:17309;gene:plasmid:17308;gene:plasmid:17307;gene:plasmid:17306;gene:plasmid:17300;ICEberg|404|Tn5301|GenBank|S54034|1..515;gene:plasmid:135980;gene:plasmid:135959;gene:plasmid:17299,Lactococcus cremoris,Drugs,Multi-drug_resistance,Multi-drug_ABC_efflux_pumps,LMRD,HIA
ERR14783400,NODE_6676_length_1871_cov_0.704128,gene:plasmid:20178,Klebsiella michiganensis,Drugs,Aminoglycosides,Aminoglycoside_O-phosphotransferases,APH3-DPRIME,CIA
ERR14783400,NODE_682_length_15955_cov_4.335102,gene:proph:169512,Klebsiella grimontii,Multi-compound,Drug_and_biocide_resistance,Drug_and_biocide_ABC_efflux_regulator,PHOB,0
ERR14783400,NODE_682_length_15955_cov_4.335102,gene:proph:169512,Klebsiella grimontii,Multi-compound,Drug_and_biocide_resistance,Drug_and_biocide_SMR_efflux_regulator,PHOR,0
ERR14783400,NODE_70_length_66160_cov_8.539155,gene:proph:170051,Klebsiella grimontii,Multi-compound,Drug_and_biocide_resistance,Drug_and_biocide_RND_efflux_regulator,CPXAR,CIA 
ERR14783400,NODE_70_length_66160_cov_8.539155,gene:proph:170051,Klebsiella grimontii,Multi-compound,Drug_and_biocide_resistance,Drug_and_biocide_RND_efflux_regulator,CPXAR,CIA 
ERR14783400,NODE_70_length_66160_cov_8.539155,gene:proph:170051,Klebsiella grimontii,Biocides,Biguanide_resistance,Biguanide_cation_efflux,CEPAB,0
ERR14783400,NODE_922_length_12621_cov_10.411157,gene:proph:176833;gene:proph:176835,Klebsiella grimontii,Drugs,Elfamycins,EF-Tu_inhibition,TUFAB,NA
ERR14783400,NODE_922_length_12621_cov_10.411157,gene:proph:176833;gene:proph:176835,Lelliottia amnigena,Drugs,Elfamycins,EF-Tu_inhibition,TUFAB,NA
ERR14783401,NODE_193_length_5672_cov_1.972227,gene:plasmid:139560;gene:plasmid:131376,Acetobacter ghanensis,Drugs,MLS,Macrolide-resistant_23S_rRNA_mutation,MLS23S,CIA ?
ERR14783401,NODE_193_length_5672_cov_1.972227,gene:plasmid:139560;gene:plasmid:131376,Acetobacter ghanensis,Drugs,Aminoglycosides,Aminoglycoside-resistant_16S_ribosomal_subunit_protein,A16S,CIA
ERR14783401,NODE_1_length_440985_cov_9.114697,gene:plasmid:17313;gene:plasmid:17312;gene:plasmid:17311;gene:plasmid:17310;gene:plasmid:17309;gene:plasmid:17308;gene:plasmid:17307;gene:plasmid:17306;gene:plasmid:17300;ICEberg|404|Tn5301|GenBank|S54034|1..515;gene:plasmid:135980;gene:plasmid:135959;gene:plasmid:17299,Lactococcus cremoris,Drugs,Multi-drug_resistance,Multi-drug_ABC_efflux_pumps,LMRD,HIA
ERR14783402,NODE_8_length_353634_cov_31.221820,gene:plasmid:115548;gene:proph:184192;gene:proph:184193;gene:plasmid:20884,Pseudomonas sp. AC109,Drugs,Fluoroquinolones,Fluoroquinolone-resistant_DNA_topoisomerases,GYRA,HPCIA
ERR14783402,NODE_8_length_353634_cov_31.221820,gene:plasmid:115548;gene:proph:184192;gene:proph:184193;gene:plasmid:20884,Pseudomonas azotoformans,Biocides,Multi-biocide_resistance,Multi-biocide_RND_efflux_pump,EMHA,0
ERR14783402,NODE_8_length_353634_cov_31.221820,gene:plasmid:115548;gene:proph:184192;gene:proph:184193;gene:plasmid:20884,Pseudomonas sp. AC109,Biocides,Multi-biocide_resistance,Multi-biocide_RND_efflux_pump,EMHB,0
ERR14783402,NODE_8_length_353634_cov_31.221820,gene:plasmid:115548;gene:proph:184192;gene:proph:184193;gene:plasmid:20884,Pseudomonas azotoformans,Multi-compound,Drug_and_biocide_resistance,Drug_and_biocide_RND_efflux_pumps,EMHC,0
ERR14783402,NODE_1_length_629312_cov_29.189649,gene:plasmid:116634,Pseudomonas sp. MYb193,Multi-compound,Drug_and_biocide_resistance,Drug_and_biocide_RND_efflux_pumps,EMHC,0
ERR14783402,NODE_1447_length_5342_cov_69.955513,gene:plasmid:117290,Leuconostoc mesenteroides,Drugs,Aminoglycosides,Aminoglycoside-resistant_16S_ribosomal_subunit_protein,A16S,CIA
ERR14783402,NODE_1447_length_5342_cov_69.955513,gene:plasmid:117290,Leuconostoc mesenteroides,Drugs,Oxazolidinone,Oxazolidinone-resistant_23S_rRNA_mutation,O23S,Authorized for use in humans only
ERR14783402,NODE_73_length_80889_cov_4.655395,gene:plasmid:119533;gene:plasmid:28516;gene:plasmid:130030,Pseudomonas putida,Drugs,Aminocoumarins,Aminocoumarin-resistant_DNA_topoisomerases,PARE,Not medically important
ERR14783402,NODE_73_length_80889_cov_4.655395,gene:plasmid:119533;gene:plasmid:28516;gene:plasmid:130030,Pseudomonas putida,Drugs,Multi-drug_resistance,Multi-drug_RND_efflux_pumps,OPMH,NA
ERR14783402,NODE_73_length_80889_cov_4.655395,gene:plasmid:119533;gene:plasmid:28516;gene:plasmid:130030,Pseudomonas putida,Drugs,Fluoroquinolones,Fluoroquinolone-resistant_DNA_topoisomerases,PARC,HPCIA
ERR14783402,NODE_385_length_21920_cov_2.558436,gene:plasmid:124393,Pseudomonas sp. FP2335,Biocides,Peroxide_resistance,peroxide_resistance_protein,SODB,0
ERR14783402,NODE_13_length_289658_cov_4.814220,gene:plasmid:138733;gene:plasmid:86304;gene:plasmid:124575;gene:plasmid:155093;gene:plasmid:154639,Pseudomonas putida,Multi-compound,Biocide_and_metal_resistance,Biocide_and_metal_resistance_protein,RUVB,0
ERR14783402,NODE_13_length_289658_cov_4.814220,gene:plasmid:138733;gene:plasmid:86304;gene:plasmid:124575;gene:plasmid:155093;gene:plasmid:154639,Pseudomonas putida,Biocides,Phenolic_compound_resistance,Phenolic_RND_efflux_pump,TRIC,0
ERR14783402,NODE_1770_length_4277_cov_50.719277,gene:plasmid:139560,Leuconostoc mesenteroides,Drugs,Aminoglycosides,Aminoglycoside-resistant_16S_ribosomal_subunit_protein,A16S,CIA
ERR14783402,NODE_11_length_323270_cov_43.877893,gene:plasmid:145291,Pseudomonas sp. J380,Drugs,Fluoroquinolones,Fluoroquinolone-resistant_DNA_topoisomerases,GYRB,HPCIA
ERR14783402,NODE_145_length_50017_cov_4.279094,gene:plasmid:21089,Pseudomonas putida,Biocides,Peroxide_resistance,peroxide_resistance_protein,SODB,0
ERR14783402,NODE_2_length_584861_cov_35.829201,gene:plasmid:21664;gene:plasmid:154774;gene:plasmid:120282;gene:plasmid:154739;gene:plasmid:20556,Pseudomonas sp. J380,Biocides,Peroxide_resistance,peroxide_resistance_protein,SODB,0
ERR14783402,NODE_25_length_170652_cov_3.060513,gene:plasmid:21758;gene:plasmid:21763,Pseudomonas sp. LPD2,Multi-compound,Drug_and_biocide_resistance,Drug_and_biocide_RND_efflux_pumps,MEXD1,0
ERR14783402,NODE_19_length_232061_cov_38.495542,gene:plasmid:22410,Pseudomonas sp. J380,Drugs,Elfamycins,EF-Tu_inhibition,TUFAB,NA
ERR14783402,NODE_19_length_232061_cov_38.495542,gene:plasmid:22410,Pseudomonas sp. J380,Drugs,Rifampin,Rifampin-resistant_beta-subunit_of_RNA_polymerase_RpoB,RPOB,CIA
ERR14783402,NODE_118_length_60730_cov_3.957906,gene:plasmid:28512;gene:proph:175950,Pseudomonas asiatica,Drugs,Lipopeptides,Colistin-resistant_mutant,PHOP,HPCIA
ERR14783402,NODE_118_length_60730_cov_3.957906,gene:plasmid:28512;gene:proph:175950,Pseudomonas asiatica,Drugs,Lipopeptides,Colistin-resistant_mutant,PHOQ,HPCIA
ERR14783402,NODE_5335_length_1395_cov_0.455836,gene:plasmid:88376,Klebsiella pneumoniae,Drugs,betalactams,Class_A_betalactamases,CTX,Authorized for use in humans only 
ERR14783402,NODE_10_length_325836_cov_39.087498,gene:plasmid:89528;gene:plasmid:20845;gene:plasmid:125744,Pseudomonas sp. AC109,Drugs,Aminocoumarins,Aminocoumarin-resistant_DNA_topoisomerases,PARE,Not medically important
ERR14783402,NODE_10_length_325836_cov_39.087498,gene:plasmid:89528;gene:plasmid:20845;gene:plasmid:125744,Pseudomonas sp. AC109,Drugs,Multi-drug_resistance,Multi-drug_RND_efflux_pumps,OPMH,NA
ERR14783402,NODE_10_length_325836_cov_39.087498,gene:plasmid:89528;gene:plasmid:20845;gene:plasmid:125744,Pseudomonas sp. AC109,Drugs,Fluoroquinolones,Fluoroquinolone-resistant_DNA_topoisomerases,PARC,HPCIA
ERR14783402,NODE_10_length_325836_cov_39.087498,gene:plasmid:89528;gene:plasmid:20845;gene:plasmid:125744,Pseudomonas sp. AC109,Multi-compound,Biocide_and_metal_resistance,Biocide_and_metal_resistance_protein,RUVB,0
ERR14783402,NODE_4_length_537025_cov_32.266591,gene:proph:168323;gene:plasmid:21134;gene:plasmid:21133;gene:plasmid:20567,Pseudomonas sp. J380,Drugs,Lipopeptides,Colistin-resistant_mutant,PHOP,HPCIA
ERR14783402,NODE_5_length_532379_cov_25.921094,gene:proph:173726;gene:plasmid:21288;gene:plasmid:137174;gene:plasmid:137265,Pseudomonas sp. TMW 2.1634,Multi-compound,Drug_and_biocide_resistance,Drug_and_biocide_RND_efflux_pumps,MEXE,HPCIA
ERR14783402,NODE_5_length_532379_cov_25.921094,gene:proph:173726;gene:plasmid:21288;gene:plasmid:137174;gene:plasmid:137265,Pseudomonas sp. TMW 2.1634,Multi-compound,Drug_and_biocide_resistance,Drug_and_biocide_RND_efflux_pumps,MEXF,HPCIA
ERR14783402,NODE_5_length_532379_cov_25.921094,gene:proph:173726;gene:plasmid:21288;gene:plasmid:137174;gene:plasmid:137265,Pseudomonas sp. TMW 2.1634,Multi-compound,Drug_and_biocide_resistance,Drug_and_biocide_RND_efflux_pumps,MEXQ,CIA
ERR14783402,NODE_14_length_277839_cov_30.466634,gene:proph:184196;gene:proph:184202;gene:proph:184206;gene:proph:184207;gene:proph:163072;gene:proph:184236;gene:proph:175955;gene:plasmid:145219;gene:proph:175950;gene:proph:175956;gene:proph:184195;gene:proph:184194,Pseudomonas sp. J380,Multi-compound,Drug_and_biocide_resistance,Drug_and_biocide_RND_efflux_pumps,MEXK,CIA
ERR14783408,NODE_1433_length_5219_cov_182.625098,gene:plasmid:139560,Acetobacter orientalis,Drugs,Aminoglycosides,Aminoglycoside-resistant_16S_ribosomal_subunit_protein,A16S,CIA
ERR14783408,NODE_1433_length_5219_cov_182.625098,gene:plasmid:139560,Leuconostoc mesenteroides,Drugs,Oxazolidinone,Oxazolidinone-resistant_23S_rRNA_mutation,O23S,Authorized for use in humans only
ERR14783408,NODE_1572_length_4848_cov_2.032620,gene:plasmid:139560;gene:plasmid:131376,Acetobacter orientalis,Drugs,Aminoglycosides,Aminoglycoside-resistant_16S_ribosomal_subunit_protein,A16S,CIA
ERR14783408,NODE_1_length_374618_cov_36.835609,gene:plasmid:155304,Leuconostoc mesenteroides,Drugs,Elfamycins,EF-Tu_inhibition,TUFAB,NA
ERR14783408,NODE_223_length_29856_cov_1.467288,gene:plasmid:20019;gene:plasmid:15306,Aeromonas salmonicida,Biocides,Aldehyde_resistance,Aldehyde_degradation,FORMA,HPCIA
ERR14783408,NODE_2279_length_3600_cov_1.163259,gene:proph:176833;gene:proph:176835,Klebsiella grimontii,Drugs,Rifampin,Rifampin-resistant_beta-subunit_of_RNA_polymerase_RpoB,RPOB,CIA
ERR14783409,NODE_1221_length_5219_cov_410.115672,gene:plasmid:117290,Leuconostoc mesenteroides,Drugs,Aminoglycosides,Aminoglycoside-resistant_16S_ribosomal_subunit_protein,A16S,CIA
ERR14783409,NODE_1221_length_5219_cov_410.115672,gene:plasmid:117290,Leuconostoc mesenteroides,Drugs,Oxazolidinone,Oxazolidinone-resistant_23S_rRNA_mutation,O23S,Authorized for use in humans only
ERR14783409,NODE_1518_length_4339_cov_22.561016,gene:plasmid:131371;gene:plasmid:139560,Acetobacter orientalis,Drugs,MLS,Macrolide-resistant_23S_rRNA_mutation,MLS23S,CIA ?
ERR14783409,NODE_1_length_374908_cov_72.409319,gene:plasmid:155304,Leuconostoc mesenteroides,Drugs,Elfamycins,EF-Tu_inhibition,TUFAB,NA
ERR14783410,NODE_392_length_5219_cov_17.937353,gene:plasmid:117290,Leuconostoc mesenteroides,Drugs,Aminoglycosides,Aminoglycoside-resistant_16S_ribosomal_subunit_protein,A16S,CIA
ERR14783410,NODE_392_length_5219_cov_17.937353,gene:plasmid:117290,Leuconostoc mesenteroides,Drugs,Oxazolidinone,Oxazolidinone-resistant_23S_rRNA_mutation,O23S,Authorized for use in humans only
ERR14783410,NODE_1_length_374908_cov_4.013421,gene:plasmid:155304,Leuconostoc mesenteroides,Drugs,Elfamycins,EF-Tu_inhibition,TUFAB,NA
ERR14783411,NODE_1455_length_5038_cov_18.198738,gene:plasmid:139560,Acetobacter ghanensis,Drugs,Aminoglycosides,Aminoglycoside-resistant_16S_ribosomal_subunit_protein,A16S,CIA
ERR14783411,NODE_1377_length_5219_cov_484.801453,gene:plasmid:139560,Acetobacter okinawensis,Drugs,Aminoglycosides,Aminoglycoside-resistant_16S_ribosomal_subunit_protein,A16S,CIA
ERR14783411,NODE_1455_length_5038_cov_18.198738,gene:plasmid:139560,other,Drugs,Aminoglycosides,Aminoglycoside-resistant_16S_ribosomal_subunit_protein,A16S,CIA
ERR14783411,NODE_1377_length_5219_cov_484.801453,gene:plasmid:139560,Leuconostoc mesenteroides,Drugs,Oxazolidinone,Oxazolidinone-resistant_23S_rRNA_mutation,O23S,Authorized for use in humans only
ERR14783411,NODE_3_length_374908_cov_108.796294,gene:plasmid:155304,Leuconostoc mesenteroides isolate Leuconostoc_mesenteroides_FME338 genome assembly,Drugs,Elfamycins,EF-Tu_inhibition,TUFAB,NA
ERR14783416,NODE_31_length_150815_cov_230.620255,gene:plasmid:120162;gene:plasmid:21818,Escherichia coli,Drugs,Aminoglycosides,Aminoglycoside-resistant_16S_ribosomal_subunit_protein,RPSL,CIA
ERR14783416,NODE_31_length_150815_cov_230.620255,gene:plasmid:120162;gene:plasmid:21818,Escherichia coli,Multi-compound,Drug_and_biocide_resistance,Drug_and_biocide_RND_efflux_regulator,CRP,Authorized for use in humans only 
ERR14783416,NODE_11_length_279828_cov_188.457567,gene:plasmid:123175;gene:plasmid:88437;gene:plasmid:88436;gene:plasmid:88435,Escherichia coli,Drugs,betalactams,Penicillin_binding_protein,AMPH,HIA
ERR14783416,NODE_11_length_279828_cov_188.457567,gene:plasmid:123175;gene:plasmid:88437;gene:plasmid:88436;gene:plasmid:88435,Escherichia coli,Multi-compound,Drug_and_biocide_resistance,Drug_and_biocide_RND_efflux_pumps,ACRA,Authorized for use in humans only ?
ERR14783416,NODE_11_length_279828_cov_188.457567,gene:plasmid:123175;gene:plasmid:88437;gene:plasmid:88436;gene:plasmid:88435,Escherichia coli,Multi-compound,Drug_and_biocide_resistance,Drug_and_biocide_RND_efflux_pumps,ACRB,Authorized for use in humans only ?
ERR14783416,NODE_11_length_279828_cov_188.457567,gene:plasmid:123175;gene:plasmid:88437;gene:plasmid:88436;gene:plasmid:88435,Escherichia coli,Multi-compound,Drug_and_biocide_resistance,Drug_and_biocide_RND_efflux_regulator,ACRR,Authorized for use in humans only ?
ERR14783416,NODE_11_length_279828_cov_188.457567,gene:plasmid:123175;gene:plasmid:88437;gene:plasmid:88436;gene:plasmid:88435,Escherichia coli,Multi-compound,Biocide_and_metal_resistance,Biocide_and_metal_ABC_efflux_pumps,FETA,0
ERR14783416,NODE_11_length_279828_cov_188.457567,gene:plasmid:123175;gene:plasmid:88437;gene:plasmid:88436;gene:plasmid:88435,Escherichia coli,Multi-compound,Biocide_and_metal_resistance,Biocide_and_metal_ABC_efflux_pumps,FETB,0
ERR14783416,NODE_10_length_294718_cov_222.781921,gene:plasmid:123353,Escherichia coli,Drugs,Cationic_antimicrobial_peptides,Lipid_A_modification,EPTA,NA
ERR14783416,NODE_10_length_294718_cov_222.781921,gene:plasmid:123353,Escherichia coli,Multi-compound,Drug_and_biocide_and_metal_resistance,Drug_and_biocide_and_metal_resistance_regulator,SOXS,NA
ERR14783416,NODE_10_length_294718_cov_222.781921,gene:plasmid:123353,Escherichia coli,Drugs,Lipopeptides,Colistin-resistant_mutant,PMRAR,HPCIA
ERR14783416,NODE_10_length_294718_cov_222.781921,gene:plasmid:123353,Escherichia coli,Drugs,betalactams,Class_C_betalactamases,AMPC,HIA 
ERR14783416,NODE_10_length_294718_cov_222.781921,gene:plasmid:123353,Escherichia coli,Drugs,betalactams,Class_C_betalactamase_regulator,AMPCR,HIA 
ERR14783416,NODE_10_length_294718_cov_222.781921,gene:plasmid:123353,Escherichia coli,Biocides,Acetate_resistance,Acetate_resistance_protein,ICLR,0
ERR14783416,NODE_10_length_294718_cov_222.781921,gene:plasmid:123353,Escherichia coli,Multi-compound,Drug_and_biocide_resistance,Drug_and_biocide_RND_efflux_pumps,MDTN,0
ERR14783416,NODE_10_length_294718_cov_222.781921,gene:plasmid:123353,Escherichia coli,Multi-compound,Drug_and_biocide_resistance,Drug_and_biocide_RND_efflux_pumps,MDTO,0
ERR14783416,NODE_10_length_294718_cov_222.781921,gene:plasmid:123353,Escherichia coli,Multi-compound,Drug_and_biocide_resistance,Drug_and_biocide_RND_efflux_pumps,MDTP,0
ERR14783416,NODE_10_length_294718_cov_222.781921,gene:plasmid:123353,Escherichia coli,Biocides,Multi-biocide_resistance,Multi-biocide_resistance_regulator,SOXRB,0
ERR14783416,NODE_10_length_294718_cov_222.781921,gene:plasmid:123353,Escherichia coli,Biocides,Multi-biocide_resistance,Multi-biocide_SMR_efflux_pump,SUGE,0
ERR14783416,NODE_10_length_294718_cov_222.781921,gene:plasmid:123353,Escherichia coli,Multi-compound,Biocide_and_metal_resistance,Biocide_and_metal_resistance_protein,YJAA,0
ERR14783416,NODE_10_length_294718_cov_222.781921,gene:plasmid:123353,Escherichia coli,Biocides,Multi-biocide_resistance,Multi-biocide_resistance_protein,YJCG,0
ERR14783416,NODE_199_length_30987_cov_229.252560,gene:plasmid:123887,Pseudomonas putida,Drugs,Elfamycins,EF-Tu_inhibition,TUFAB,NA
ERR14783416,NODE_578_length_5534_cov_93.272795,gene:plasmid:131182,Leuconostoc mesenteroides,Drugs,Aminoglycosides,Aminoglycoside-resistant_16S_ribosomal_subunit_protein,A16S,CIA
ERR14783416,NODE_578_length_5534_cov_93.272795,gene:plasmid:131182,Leuconostoc mesenteroides,Drugs,Oxazolidinone,Oxazolidinone-resistant_23S_rRNA_mutation,O23S,Authorized for use in humans only
ERR14783416,NODE_759_length_3538_cov_147.769862,gene:plasmid:139560,Acetobacter ghanensis,Drugs,MLS,Macrolide-resistant_23S_rRNA_mutation,MLS23S,CIA ?
ERR14783416,NODE_749_length_3593_cov_124.202827,gene:plasmid:139560,Acetobacter ghanensis,Drugs,Aminoglycosides,Aminoglycoside-resistant_16S_ribosomal_subunit_protein,A16S,CIA
ERR14783416,NODE_32_length_149845_cov_210.451616,gene:plasmid:142025;gene:proph:163854;gene:proph:177620;gene:proph:177621;gene:plasmid:156052,Escherichia coli,Multi-compound,Drug_and_biocide_resistance,Drug_and_biocide_MFS_efflux_pumps,MDTM,HPCIA
ERR14783416,NODE_32_length_149845_cov_210.451616,gene:plasmid:142025;gene:proph:163854;gene:proph:177620;gene:proph:177621;gene:plasmid:156052,Escherichia coli,Multi-compound,Drug_and_biocide_and_metal_resistance,Drug_and_biocide_and_metal_RND_efflux_pumps,ROBA,Authorized for use in humans only ?
ERR14783416,NODE_36_length_125769_cov_59.697744,gene:plasmid:15652;gene:plasmid:15651,Enterococcus durans,Drugs,Aminocoumarins,Aminocoumarin-resistant_DNA_topoisomerases,PARE,Not medically important
ERR14783416,NODE_36_length_125769_cov_59.697744,gene:plasmid:15652;gene:plasmid:15651,Enterococcus durans,Drugs,Elfamycins,EF-Tu_inhibition,TUFAB,NA
ERR14783416,NODE_36_length_125769_cov_59.697744,gene:plasmid:15652;gene:plasmid:15651,Enterococcus durans,Drugs,Fluoroquinolones,Fluoroquinolone-resistant_DNA_topoisomerases,PARC,HPCIA
ERR14783416,NODE_37_length_125584_cov_236.982145,gene:plasmid:157741,Escherichia coli,Multi-compound,Drug_and_biocide_resistance,Drug_and_biocide_RND_efflux_regulator,CPXAR,CIA 
ERR14783416,NODE_37_length_125584_cov_236.982145,gene:plasmid:157741,Escherichia coli,Multi-compound,Drug_and_biocide_resistance,Drug_and_biocide_RND_efflux_regulator,CPXAR,CIA 
ERR14783416,NODE_37_length_125584_cov_236.982145,gene:plasmid:157741,Escherichia coli,Multi-compound,Biocide_and_metal_resistance,Biocide_and_metal_resistance_protein,GLPF,0
ERR14783416,NODE_37_length_125584_cov_236.982145,gene:plasmid:157741,Escherichia coli,Biocides,Peroxide_resistance,peroxide_resistance_protein,SODA,0
ERR14783416,NODE_4_length_591678_cov_206.149767,gene:proph:163818;gene:plasmid:123257;gene:plasmid:91947,Escherichia coli,Drugs,Bacitracin,Undecaprenyl_pyrophosphate_phosphatase,BACA,IA
ERR14783416,NODE_4_length_591678_cov_206.149767,gene:proph:163818;gene:plasmid:123257;gene:plasmid:91947,Escherichia coli,Drugs,Fosfomycin,Fosfomycin_target_mutation,MURA,HPCIA
ERR14783416,NODE_4_length_591678_cov_206.149767,gene:proph:163818;gene:plasmid:123257;gene:plasmid:91947,Escherichia coli,Drugs,Fluoroquinolones,Fluoroquinolone-resistant_DNA_topoisomerases,PARC,HPCIA
ERR14783416,NODE_4_length_591678_cov_206.149767,gene:proph:163818;gene:plasmid:123257;gene:plasmid:91947,Escherichia coli,Drugs,Fluoroquinolones,Fluoroquinolone-resistant_DNA_topoisomerases,PAREF,HPCIA
ERR14783416,NODE_4_length_591678_cov_206.149767,gene:proph:163818;gene:plasmid:123257;gene:plasmid:91947,Escherichia coli,Drugs,Sulfonamides,Sulfonamide-resistant_dihydropteroate_synthases,FOLP,HIA
ERR14783416,NODE_4_length_591678_cov_206.149767,gene:proph:163818;gene:plasmid:123257;gene:plasmid:91947,Escherichia coli,Multi-compound,Drug_and_biocide_resistance,Drug_and_biocide_RND_efflux_pumps,ACRE,Authorized for use in humans only ?
ERR14783416,NODE_4_length_591678_cov_206.149767,gene:proph:163818;gene:plasmid:123257;gene:plasmid:91947,Escherichia coli,Multi-compound,Drug_and_biocide_resistance,Drug_and_biocide_RND_efflux_pumps,ACRF,Authorized for use in humans only ?
ERR14783416,NODE_4_length_591678_cov_206.149767,gene:proph:163818;gene:plasmid:123257;gene:plasmid:91947,Escherichia coli,Multi-compound,Drug_and_biocide_resistance,Drug_and_biocide_RND_efflux_regulator,ACRS,Authorized for use in humans only ?
ERR14783416,NODE_4_length_591678_cov_206.149767,gene:proph:163818;gene:plasmid:123257;gene:plasmid:91947,Escherichia coli,Biocides,Multi-biocide_resistance,Multi-biocide_RND_efflux_pump,TOLC,0
ERR14783416,NODE_4_length_591678_cov_206.149767,gene:proph:163818;gene:plasmid:123257;gene:plasmid:91947,Escherichia coli,Multi-compound,Biocide_and_metal_resistance,Biocide_and_metal_resistance_protein,YGIW,0
ERR14783416,NODE_4_length_591678_cov_206.149767,gene:proph:163818;gene:plasmid:123257;gene:plasmid:91947,Escherichia coli,Multi-compound,Biocide_and_metal_resistance,Biocide_and_metal_resistance_protein,YHCN,0
ERR14783416,NODE_4_length_591678_cov_206.149767,gene:proph:163818;gene:plasmid:123257;gene:plasmid:91947,Escherichia coli,Multi-compound,Biocide_and_metal_resistance,Biocide_and_metal_resistance_protein,ZUPT,0
ERR14783416,NODE_17_length_198832_cov_142.279248,gene:proph:163940;gene:proph:182930;gene:proph:179461;gene:proph:159076;gene:proph:159058;gene:proph:179471;gene:plasmid:117772;gene:proph:163947;gene:proph:163927;gene:proph:163921;gene:proph:163942;gene:proph:169106;gene:proph:169101;gene:proph:169100;gene:plasmid:117704;gene:plasmid:117783;gene:proph:177498;gene:proph:163929;gene:proph:159074;gene:proph:163938;gene:proph:159072;gene:proph:159064;gene:proph:163939;gene:proph:159065;gene:proph:159066;gene:proph:159070;gene:proph:159071;gene:proph:179464;gene:proph:159069;gene:proph:159067;gene:proph:159060;gene:proph:163832;gene:proph:163946;gene:proph:163928,Escherichia coli,Multi-compound,Drug_and_biocide_resistance,Drug_and_biocide_MATE_efflux_pumps,MDTK,HPCIA
ERR14783416,NODE_17_length_198832_cov_142.279248,gene:proph:163940;gene:proph:182930;gene:proph:179461;gene:proph:159076;gene:proph:159058;gene:proph:179471;gene:plasmid:117772;gene:proph:163947;gene:proph:163927;gene:proph:163921;gene:proph:163942;gene:proph:169106;gene:proph:169101;gene:proph:169100;gene:plasmid:117704;gene:plasmid:117783;gene:proph:177498;gene:proph:163929;gene:proph:159074;gene:proph:163938;gene:proph:159072;gene:proph:159064;gene:proph:163939;gene:proph:159065;gene:proph:159066;gene:proph:159070;gene:proph:159071;gene:proph:179464;gene:proph:159069;gene:proph:159067;gene:proph:159060;gene:proph:163832;gene:proph:163946;gene:proph:163928,Escherichia coli,Multi-compound,Drug_and_biocide_resistance,Drug_and_biocide_RND_efflux_regulator,MARA,Authorized for use in humans only ?
ERR14783416,NODE_17_length_198832_cov_142.279248,gene:proph:163940;gene:proph:182930;gene:proph:179461;gene:proph:159076;gene:proph:159058;gene:proph:179471;gene:plasmid:117772;gene:proph:163947;gene:proph:163927;gene:proph:163921;gene:proph:163942;gene:proph:169106;gene:proph:169101;gene:proph:169100;gene:plasmid:117704;gene:plasmid:117783;gene:proph:177498;gene:proph:163929;gene:proph:159074;gene:proph:163938;gene:proph:159072;gene:proph:159064;gene:proph:163939;gene:proph:159065;gene:proph:159066;gene:proph:159070;gene:proph:159071;gene:proph:179464;gene:proph:159069;gene:proph:159067;gene:proph:159060;gene:proph:163832;gene:proph:163946;gene:proph:163928,Escherichia coli,Multi-compound,Drug_and_biocide_resistance,Drug_and_biocide_RND_efflux_regulator,MARR,Authorized for use in humans only ?
ERR14783416,NODE_17_length_198832_cov_142.279248,gene:proph:163940;gene:proph:182930;gene:proph:179461;gene:proph:159076;gene:proph:159058;gene:proph:179471;gene:plasmid:117772;gene:proph:163947;gene:proph:163927;gene:proph:163921;gene:proph:163942;gene:proph:169106;gene:proph:169101;gene:proph:169100;gene:plasmid:117704;gene:plasmid:117783;gene:proph:177498;gene:proph:163929;gene:proph:159074;gene:proph:163938;gene:proph:159072;gene:proph:159064;gene:proph:163939;gene:proph:159065;gene:proph:159066;gene:proph:159070;gene:proph:159071;gene:proph:179464;gene:proph:159069;gene:proph:159067;gene:proph:159060;gene:proph:163832;gene:proph:163946;gene:proph:163928,Escherichia coli,Biocides,Acid_resistance,Acid_resistance_protein,ASR,0
ERR14783416,NODE_17_length_198832_cov_142.279248,gene:proph:163940;gene:proph:182930;gene:proph:179461;gene:proph:159076;gene:proph:159058;gene:proph:179471;gene:plasmid:117772;gene:proph:163947;gene:proph:163927;gene:proph:163921;gene:proph:163942;gene:proph:169106;gene:proph:169101;gene:proph:169100;gene:plasmid:117704;gene:plasmid:117783;gene:proph:177498;gene:proph:163929;gene:proph:159074;gene:proph:163938;gene:proph:159072;gene:proph:159064;gene:proph:163939;gene:proph:159065;gene:proph:159066;gene:proph:159070;gene:proph:159071;gene:proph:179464;gene:proph:159069;gene:proph:159067;gene:proph:159060;gene:proph:163832;gene:proph:163946;gene:proph:163928,Escherichia coli,Multi-compound,Drug_and_biocide_resistance,Drug_and_biocide_SMR_efflux_pumps,MDTJ,0
ERR14783416,NODE_17_length_198832_cov_142.279248,gene:proph:163940;gene:proph:182930;gene:proph:179461;gene:proph:159076;gene:proph:159058;gene:proph:179471;gene:plasmid:117772;gene:proph:163947;gene:proph:163927;gene:proph:163921;gene:proph:163942;gene:proph:169106;gene:proph:169101;gene:proph:169100;gene:plasmid:117704;gene:plasmid:117783;gene:proph:177498;gene:proph:163929;gene:proph:159074;gene:proph:163938;gene:proph:159072;gene:proph:159064;gene:proph:163939;gene:proph:159065;gene:proph:159066;gene:proph:159070;gene:proph:159071;gene:proph:179464;gene:proph:159069;gene:proph:159067;gene:proph:159060;gene:proph:163832;gene:proph:163946;gene:proph:163928,Escherichia coli,Biocides,Peroxide_resistance,peroxide_resistance_protein,SODB,0
ERR14783416,NODE_17_length_198832_cov_142.279248,gene:proph:163940;gene:proph:182930;gene:proph:179461;gene:proph:159076;gene:proph:159058;gene:proph:179471;gene:plasmid:117772;gene:proph:163947;gene:proph:163927;gene:proph:163921;gene:proph:163942;gene:proph:169106;gene:proph:169101;gene:proph:169100;gene:plasmid:117704;gene:plasmid:117783;gene:proph:177498;gene:proph:163929;gene:proph:159074;gene:proph:163938;gene:proph:159072;gene:proph:159064;gene:proph:163939;gene:proph:159065;gene:proph:159066;gene:proph:159070;gene:proph:159071;gene:proph:179464;gene:proph:159069;gene:proph:159067;gene:proph:159060;gene:proph:163832;gene:proph:163946;gene:proph:163928,Escherichia coli,Biocides,Peroxide_resistance,peroxide_resistance_protein,YDEI,0
ERR14783416,NODE_24_length_171998_cov_176.588674,gene:proph:177427;gene:proph:177428;gene:proph:179486;gene:vir:4537;gene:vir:4536;gene:proph:176737;gene:proph:179490;gene:vir:4507;gene:vir:4508;gene:vir:4509;gene:proph:181093;gene:proph:159053,Enterobacter hormaechei,Multi-compound,Drug_and_biocide_resistance,Drug_and_biocide_MFS_efflux_pumps,EMRA,HPCIA
ERR14783416,NODE_24_length_171998_cov_176.588674,gene:proph:177427;gene:proph:177428;gene:proph:179486;gene:vir:4537;gene:vir:4536;gene:proph:176737;gene:proph:179490;gene:vir:4507;gene:vir:4508;gene:vir:4509;gene:proph:181093;gene:proph:159053,Enterobacter hormaechei,Multi-compound,Drug_and_biocide_resistance,Drug_and_biocide_MFS_efflux_pumps,EMRB,HPCIA
ERR14783416,NODE_24_length_171998_cov_176.588674,gene:proph:177427;gene:proph:177428;gene:proph:179486;gene:vir:4537;gene:vir:4536;gene:proph:176737;gene:proph:179490;gene:vir:4507;gene:vir:4508;gene:vir:4509;gene:proph:181093;gene:proph:159053,Enterobacter hormaechei,Multi-compound,Drug_and_biocide_resistance,Drug_and_biocide_MFS_efflux_regulator,EMRR,HPCIA
ERR14783416,NODE_24_length_171998_cov_176.588674,gene:proph:177427;gene:proph:177428;gene:proph:179486;gene:vir:4537;gene:vir:4536;gene:proph:176737;gene:proph:179490;gene:vir:4507;gene:vir:4508;gene:vir:4509;gene:proph:181093;gene:proph:159053,Enterobacter hormaechei,Biocides,Multi-biocide_resistance,Multi-biocide_resistance_regulator,RPOS,0
ERR14783416,NODE_24_length_171998_cov_176.588674,gene:proph:177427;gene:proph:177428;gene:proph:179486;gene:vir:4537;gene:vir:4536;gene:proph:176737;gene:proph:179490;gene:vir:4507;gene:vir:4508;gene:vir:4509;gene:proph:181093;gene:proph:159053,Enterobacter hormaechei,Multi-compound,Biocide_and_metal_resistance,Biocide_and_metal_resistance_protein,TEHA,0
ERR14783416,NODE_24_length_171998_cov_176.588674,gene:proph:177427;gene:proph:177428;gene:proph:179486;gene:vir:4537;gene:vir:4536;gene:proph:176737;gene:proph:179490;gene:vir:4507;gene:vir:4508;gene:vir:4509;gene:proph:181093;gene:proph:159053,Enterobacter hormaechei,Multi-compound,Biocide_and_metal_resistance,Biocide_and_metal_resistance_protein,TEHB,0
ERR14783416,NODE_58_length_91625_cov_174.168583,gene:proph:181174;gene:proph:163837;gene:proph:163841;gene:proph:159024;gene:proph:176766;gene:proph:159036;gene:proph:159028;gene:proph:176073;gene:proph:181324;gene:proph:176075;gene:proph:176076;gene:proph:163832;gene:proph:163833;gene:proph:176712;gene:proph:159061,Escherichia coli,Biocides,Paraquat_resistance,Paraquat_resistance_protein,NMPC,0
ERR14783416,NODE_1_length_738832_cov_161.385797,gene:proph:181243;gene:proph:163837;gene:plasmid:151225;gene:plasmid:148202;gene:plasmid:151223;gene:vir:1321;gene:proph:183581,Escherichia coli,Multi-compound,Drug_and_biocide_resistance,Drug_and_biocide_MFS_efflux_pumps,BCR,Not medically important
ERR14783416,NODE_1_length_738832_cov_161.385797,gene:proph:181243;gene:proph:163837;gene:plasmid:151225;gene:plasmid:148202;gene:plasmid:151223;gene:vir:1321;gene:proph:183581,Escherichia coli,Multi-compound,Drug_and_biocide_and_metal_resistance,Drug_and_biocide_and_metal_RND_efflux_pumps,MDTA,Not medically important
ERR14783416,NODE_1_length_738832_cov_161.385797,gene:proph:181243;gene:proph:163837;gene:plasmid:151225;gene:plasmid:148202;gene:plasmid:151223;gene:vir:1321;gene:proph:183581,Escherichia coli,Multi-compound,Drug_and_biocide_and_metal_resistance,Drug_and_biocide_and_metal_RND_efflux_pumps,MDTB,Not medically important
ERR14783416,NODE_1_length_738832_cov_161.385797,gene:proph:181243;gene:proph:163837;gene:plasmid:151225;gene:plasmid:148202;gene:plasmid:151223;gene:vir:1321;gene:proph:183581,Escherichia coli,Multi-compound,Drug_and_biocide_and_metal_resistance,Drug_and_biocide_and_metal_RND_efflux_pumps,MDTC,Not medically important
ERR14783416,NODE_1_length_738832_cov_161.385797,gene:proph:181243;gene:proph:163837;gene:plasmid:151225;gene:plasmid:148202;gene:plasmid:151223;gene:vir:1321;gene:proph:183581,Escherichia coli,Drugs,Multi-drug_resistance,Multi-drug_RND_efflux_regulator,ASMA,NA
ERR14783416,NODE_1_length_738832_cov_161.385797,gene:proph:181243;gene:proph:163837;gene:plasmid:151225;gene:plasmid:148202;gene:plasmid:151223;gene:vir:1321;gene:proph:183581,Escherichia coli,Drugs,Cationic_antimicrobial_peptides,Lipid_A_modification,PMRF,NA
ERR14783416,NODE_1_length_738832_cov_161.385797,gene:proph:181243;gene:proph:163837;gene:plasmid:151225;gene:plasmid:148202;gene:plasmid:151223;gene:vir:1321;gene:proph:183581,Escherichia coli,Multi-compound,Drug_and_biocide_resistance,Drug_and_biocide_ABC_efflux_pumps,YOGI,NA
ERR14783416,NODE_1_length_738832_cov_161.385797,gene:proph:181243;gene:proph:163837;gene:plasmid:151225;gene:plasmid:148202;gene:plasmid:151223;gene:vir:1321;gene:proph:183581,Escherichia coli,Drugs,Fosfomycin,Fosfomycin_target_mutation,GLPT,HPCIA
ERR14783416,NODE_1_length_738832_cov_161.385797,gene:proph:181243;gene:proph:163837;gene:plasmid:151225;gene:plasmid:148202;gene:plasmid:151223;gene:vir:1321;gene:proph:183581,Escherichia coli,Drugs,Fluoroquinolones,Fluoroquinolone-resistant_DNA_topoisomerases,GYRA,HPCIA
ERR14783416,NODE_1_length_738832_cov_161.385797,gene:proph:181243;gene:proph:163837;gene:plasmid:151225;gene:plasmid:148202;gene:plasmid:151223;gene:vir:1321;gene:proph:183581,Escherichia coli,Drugs,Cationic_antimicrobial_peptides,Lipid_A_modification,UGD,HPCIA
ERR14783416,NODE_1_length_738832_cov_161.385797,gene:proph:181243;gene:proph:163837;gene:plasmid:151225;gene:plasmid:148202;gene:plasmid:151223;gene:vir:1321;gene:proph:183581,Escherichia coli,Multi-compound,Drug_and_biocide_resistance,Drug_and_biocide_MFS_efflux_pumps,EMRK,HIA
ERR14783416,NODE_1_length_738832_cov_161.385797,gene:proph:181243;gene:proph:163837;gene:plasmid:151225;gene:plasmid:148202;gene:plasmid:151223;gene:vir:1321;gene:proph:183581,Escherichia coli,Multi-compound,Drug_and_biocide_resistance,Drug_and_biocide_MFS_efflux_pumps,EMRY,HIA
ERR14783416,NODE_1_length_738832_cov_161.385797,gene:proph:181243;gene:proph:163837;gene:plasmid:151225;gene:plasmid:148202;gene:plasmid:151223;gene:vir:1321;gene:proph:183581,Escherichia coli,Multi-compound,Drug_and_biocide_and_metal_resistance,Drug_and_biocide_and_metal_RND_efflux_regulator,BAER,CIA
ERR14783416,NODE_1_length_738832_cov_161.385797,gene:proph:181243;gene:proph:163837;gene:plasmid:151225;gene:plasmid:148202;gene:plasmid:151223;gene:vir:1321;gene:proph:183581,Escherichia coli,Multi-compound,Drug_and_biocide_and_metal_resistance,Drug_and_biocide_and_metal_RND_efflux_regulator,BAES,CIA
ERR14783416,NODE_1_length_738832_cov_161.385797,gene:proph:181243;gene:proph:163837;gene:plasmid:151225;gene:plasmid:148202;gene:plasmid:151223;gene:vir:1321;gene:proph:183581,Escherichia coli,Biocides,Acid_resistance,Acid_resistance_regulator,EVGA,Authorized for use in humans only ?
ERR14783416,NODE_1_length_738832_cov_161.385797,gene:proph:181243;gene:proph:163837;gene:plasmid:151225;gene:plasmid:148202;gene:plasmid:151223;gene:vir:1321;gene:proph:183581,Escherichia coli,Multi-compound,Drug_and_biocide_resistance,Drug_and_biocide_MFS_efflux_regulator,EVGS,Authorized for use in humans only ?
ERR14783416,NODE_1_length_738832_cov_161.385797,gene:proph:181243;gene:proph:163837;gene:plasmid:151225;gene:plasmid:148202;gene:plasmid:151223;gene:vir:1321;gene:proph:183581,Escherichia coli,Multi-compound,Drug_and_biocide_resistance,Drug_and_biocide_SMR_efflux_pumps,KPNO,0
ERR14783416,NODE_1_length_738832_cov_161.385797,gene:proph:181243;gene:proph:163837;gene:plasmid:151225;gene:plasmid:148202;gene:plasmid:151223;gene:vir:1321;gene:proph:183581,Escherichia coli,Multi-compound,Drug_and_biocide_resistance,Drug_and_biocide_SMR_efflux_pumps,MVRC,0
ERR14783416,NODE_1_length_738832_cov_161.385797,gene:proph:181243;gene:proph:163837;gene:plasmid:151225;gene:plasmid:148202;gene:plasmid:151223;gene:vir:1321;gene:proph:183581,Escherichia coli,Multi-compound,Biocide_and_metal_resistance,Biocide_and_metal_resistance_protein,YODB,0
ERR14783416,NODE_35_length_134853_cov_425.888359,gene:proph:181670,Streptococcus thermophilus,Drugs,Rifampin,Rifampin-resistant_beta-subunit_of_RNA_polymerase_RpoB,RPOB,CIA
ERR14783416,NODE_3_length_613030_cov_156.670883,gene:proph:182947;gene:proph:182971;gene:proph:182951;gene:proph:182952;gene:proph:179383;gene:proph:179426;gene:proph:183644;gene:proph:172518;gene:proph:172519;gene:proph:172520;gene:proph:172521;gene:proph:172522;gene:proph:172523;gene:proph:172524;gene:proph:172517;gene:proph:163818;gene:proph:179418;gene:proph:179425;gene:proph:179382;gene:proph:179387;gene:proph:182978;gene:proph:182984;gene:proph:182982,Escherichia coli,Multi-compound,Drug_and_biocide_resistance,Drug_and_biocide_MFS_efflux_pumps,MDTG,HPCIA
ERR14783416,NODE_3_length_613030_cov_156.670883,gene:proph:182947;gene:proph:182971;gene:proph:182951;gene:proph:182952;gene:proph:179383;gene:proph:179426;gene:proph:183644;gene:proph:172518;gene:proph:172519;gene:proph:172520;gene:proph:172521;gene:proph:172522;gene:proph:172523;gene:proph:172524;gene:proph:172517;gene:proph:163818;gene:proph:179418;gene:proph:179425;gene:proph:179382;gene:proph:179387;gene:proph:182978;gene:proph:182984;gene:proph:182982,Escherichia coli,Multi-compound,Drug_and_biocide_resistance,Drug_and_biocide_MFS_efflux_pumps,MDTH,HPCIA
ERR14783416,NODE_3_length_613030_cov_156.670883,gene:proph:182947;gene:proph:182971;gene:proph:182951;gene:proph:182952;gene:proph:179383;gene:proph:179426;gene:proph:183644;gene:proph:172518;gene:proph:172519;gene:proph:172520;gene:proph:172521;gene:proph:172522;gene:proph:172523;gene:proph:172524;gene:proph:172517;gene:proph:163818;gene:proph:179418;gene:proph:179425;gene:proph:179382;gene:proph:179387;gene:proph:182978;gene:proph:182984;gene:proph:182982,Escherichia coli,Multi-compound,Drug_and_biocide_resistance,Drug_and_biocide_MFS_efflux_pumps,MDFA,HIA
ERR14783416,NODE_3_length_613030_cov_156.670883,gene:proph:182947;gene:proph:182971;gene:proph:182951;gene:proph:182952;gene:proph:179383;gene:proph:179426;gene:proph:183644;gene:proph:172518;gene:proph:172519;gene:proph:172520;gene:proph:172521;gene:proph:172522;gene:proph:172523;gene:proph:172524;gene:proph:172517;gene:proph:163818;gene:proph:179418;gene:proph:179425;gene:proph:179382;gene:proph:179387;gene:proph:182978;gene:proph:182984;gene:proph:182982,Escherichia coli,Drugs,Multi-drug_resistance,Multi-drug_ABC_efflux_pumps,MSBA,HIA
ERR14783416,NODE_3_length_613030_cov_156.670883,gene:proph:182947;gene:proph:182971;gene:proph:182951;gene:proph:182952;gene:proph:179383;gene:proph:179426;gene:proph:183644;gene:proph:172518;gene:proph:172519;gene:proph:172520;gene:proph:172521;gene:proph:172522;gene:proph:172523;gene:proph:172524;gene:proph:172517;gene:proph:163818;gene:proph:179418;gene:proph:179425;gene:proph:179382;gene:proph:179387;gene:proph:182978;gene:proph:182984;gene:proph:182982,Escherichia coli,Drugs,Multi-drug_resistance,Multi-drug_RND_efflux_pumps,HNS,Authorized for use in humans only ?
ERR14783416,NODE_3_length_613030_cov_156.670883,gene:proph:182947;gene:proph:182971;gene:proph:182951;gene:proph:182952;gene:proph:179383;gene:proph:179426;gene:proph:183644;gene:proph:172518;gene:proph:172519;gene:proph:172520;gene:proph:172521;gene:proph:172522;gene:proph:172523;gene:proph:172524;gene:proph:172517;gene:proph:163818;gene:proph:179418;gene:proph:179425;gene:proph:179382;gene:proph:179387;gene:proph:182978;gene:proph:182984;gene:proph:182982,Escherichia coli,Drugs,betalactams,Mutant_porin_proteins,OMPA,Authorized for use in humans only ?
ERR14783416,NODE_3_length_613030_cov_156.670883,gene:proph:182947;gene:proph:182971;gene:proph:182951;gene:proph:182952;gene:proph:179383;gene:proph:179426;gene:proph:183644;gene:proph:172518;gene:proph:172519;gene:proph:172520;gene:proph:172521;gene:proph:172522;gene:proph:172523;gene:proph:172524;gene:proph:172517;gene:proph:163818;gene:proph:179418;gene:proph:179425;gene:proph:179382;gene:proph:179387;gene:proph:182978;gene:proph:182984;gene:proph:182982,Escherichia coli,Drugs,betalactams,Mutant_porin_proteins,OMPFB,Authorized for use in humans only 
ERR14783416,NODE_3_length_613030_cov_156.670883,gene:proph:182947;gene:proph:182971;gene:proph:182951;gene:proph:182952;gene:proph:179383;gene:proph:179426;gene:proph:183644;gene:proph:172518;gene:proph:172519;gene:proph:172520;gene:proph:172521;gene:proph:172522;gene:proph:172523;gene:proph:172524;gene:proph:172517;gene:proph:163818;gene:proph:179418;gene:proph:179425;gene:proph:179382;gene:proph:179387;gene:proph:182978;gene:proph:182984;gene:proph:182982,Escherichia coli,Biocides,Multi-biocide_resistance,Multi-biocide_resistance_regulator,ARIR,0
ERR14783416,NODE_3_length_613030_cov_156.670883,gene:proph:182947;gene:proph:182971;gene:proph:182951;gene:proph:182952;gene:proph:179383;gene:proph:179426;gene:proph:183644;gene:proph:172518;gene:proph:172519;gene:proph:172520;gene:proph:172521;gene:proph:172522;gene:proph:172523;gene:proph:172524;gene:proph:172517;gene:proph:163818;gene:proph:179418;gene:proph:179425;gene:proph:179382;gene:proph:179387;gene:proph:182978;gene:proph:182984;gene:proph:182982,Escherichia coli,Biocides,Phenolic_compound_resistance,Triclosan-resistant_mutation,FABG,0
ERR14783416,NODE_3_length_613030_cov_156.670883,gene:proph:182947;gene:proph:182971;gene:proph:182951;gene:proph:182952;gene:proph:179383;gene:proph:179426;gene:proph:183644;gene:proph:172518;gene:proph:172519;gene:proph:172520;gene:proph:172521;gene:proph:172522;gene:proph:172523;gene:proph:172524;gene:proph:172517;gene:proph:163818;gene:proph:179418;gene:proph:179425;gene:proph:179382;gene:proph:179387;gene:proph:182978;gene:proph:182984;gene:proph:182982,Escherichia coli,Biocides,Phenolic_compound_resistance,Phenolic_resistance_protein,FABI,0
ERR14783416,NODE_3_length_613030_cov_156.670883,gene:proph:182947;gene:proph:182971;gene:proph:182951;gene:proph:182952;gene:proph:179383;gene:proph:179426;gene:proph:183644;gene:proph:172518;gene:proph:172519;gene:proph:172520;gene:proph:172521;gene:proph:172522;gene:proph:172523;gene:proph:172524;gene:proph:172517;gene:proph:163818;gene:proph:179418;gene:proph:179425;gene:proph:179382;gene:proph:179387;gene:proph:182978;gene:proph:182984;gene:proph:182982,Escherichia coli,Multi-compound,Biocide_and_metal_resistance,Biocide_and_metal_resistance_protein,YCHH,0
ERR14783416,NODE_917_length_2761_cov_213.581625,gene:proph:183618,Klebsiella pneumoniae,Drugs,betalactams,Class_A_betalactamases,CTX,Authorized for use in humans only 
ERR14783416,NODE_15_length_203818_cov_178.473659,gene:vir:7156;gene:proph:184644;gene:proph:184643;gene:proph:182641;gene:proph:183583;gene:plasmid:134726;gene:plasmid:134726,Escherichia coli,Drugs,Fosfomycin,Fosfomycin_target_mutation,PTSL,HPCIA
ERR14783416,NODE_15_length_203818_cov_178.473659,gene:vir:7156;gene:proph:184644;gene:proph:184643;gene:proph:182641;gene:proph:183583;gene:plasmid:134726;gene:plasmid:134726,Escherichia coli,Multi-compound,Drug_and_biocide_and_metal_resistance,Drug_and_biocide_and_metal_RND_efflux_pumps,ACRD,CIA
ERR14783416,NODE_15_length_203818_cov_178.473659,gene:vir:7156;gene:proph:184644;gene:proph:184643;gene:proph:182641;gene:proph:183583;gene:plasmid:134726;gene:plasmid:134726,Escherichia coli,Drugs,MLS,Macrolide_phosphotransferases,MPHB,CIA
ERR14783416,NODE_15_length_203818_cov_178.473659,gene:vir:7156;gene:proph:184644;gene:proph:184643;gene:proph:182641;gene:proph:183583;gene:plasmid:134726;gene:plasmid:134726,Escherichia coli,Drugs,betalactams,Penicillin_binding_protein,PBP4B,Authorized for use in humans only ?
ERR14783418,NODE_1461_length_2754_cov_0.905976,gene:plasmid:10524,Acinetobacter lwoffii,Drugs,Aminoglycosides,Aminoglycoside_O-nucleotidyltransferases,ANT3-DPRIME,CIA
ERR14783418,NODE_64_length_81774_cov_14.799748,gene:plasmid:123887;gene:plasmid:139212,Pseudomonas bubulae,Drugs,Elfamycins,EF-Tu_inhibition,TUFAB,NA
ERR14783418,NODE_64_length_81774_cov_14.799748,gene:plasmid:123887;gene:plasmid:139212,Pseudomonas bubulae,Drugs,Rifampin,Rifampin-resistant_beta-subunit_of_RNA_polymerase_RpoB,RPOB,CIA
ERR14783418,NODE_1123_length_4277_cov_168.113012,gene:plasmid:139560,Leuconostoc mesenteroides,Drugs,Aminoglycosides,Aminoglycoside-resistant_16S_ribosomal_subunit_protein,A16S,CIA
ERR14783418,NODE_17_length_182225_cov_10.590885,gene:plasmid:21134,Pseudomonas bubulae,Biocides,Peroxide_resistance,peroxide_resistance_protein,SODB,0
ERR14783418,NODE_2_length_574312_cov_16.343478,gene:plasmid:90278;gene:plasmid:27818;gene:plasmid:125744;gene:plasmid:20845,Pseudomonas bubulae,Drugs,Aminocoumarins,Aminocoumarin-resistant_DNA_topoisomerases,PARE,Not medically important
ERR14783418,NODE_2_length_574312_cov_16.343478,gene:plasmid:90278;gene:plasmid:27818;gene:plasmid:125744;gene:plasmid:20845,Pseudomonas bubulae,Drugs,Multi-drug_resistance,Multi-drug_RND_efflux_pumps,OPMH,NA
ERR14783418,NODE_2_length_574312_cov_16.343478,gene:plasmid:90278;gene:plasmid:27818;gene:plasmid:125744;gene:plasmid:20845,Pseudomonas bubulae,Multi-compound,Biocide_and_metal_resistance,Biocide_and_metal_resistance_protein,RUVB,0
ERR14783418,NODE_32_length_126025_cov_8.701322,gene:proph:169464,Pseudomonas fragi,Drugs,Fluoroquinolones,Fluoroquinolone-resistant_DNA_topoisomerases,GYRA,HPCIA
ERR14783418,NODE_46_length_99584_cov_11.877837,gene:proph:184194,Pseudomonas helleri,Multi-compound,Drug_and_biocide_resistance,Drug_and_biocide_RND_efflux_pumps,TTGB,NA
ERR14783418,NODE_46_length_99584_cov_11.877837,gene:proph:184194,Pseudomonas fragi,Biocides,Multi-biocide_resistance,Multi-biocide_RND_efflux_pump,EMHB,0
ERR14783424,NODE_98_length_31032_cov_10.132697,gene:plasmid:123887,Klebsiella grimontii,Drugs,Rifampin,Rifampin-resistant_beta-subunit_of_RNA_polymerase_RpoB,RPOB,CIA
ERR14783424,NODE_33_length_121213_cov_130.340973,gene:plasmid:123887,Pseudomonas helleri,Drugs,Rifampin,Rifampin-resistant_beta-subunit_of_RNA_polymerase_RpoB,RPOB,CIA
ERR14783424,NODE_33_length_121213_cov_130.340973,gene:plasmid:123887,Pseudomonas lundensis,Drugs,Rifampin,Rifampin-resistant_beta-subunit_of_RNA_polymerase_RpoB,RPOB,CIA
ERR14783424,NODE_3_length_575845_cov_9.745474,gene:plasmid:124575;gene:proph:179208;gene:proph:165701,Serratia liquefaciens,Drugs,betalactams,Penicillin_binding_protein,AMPH,HIA
ERR14783424,NODE_3_length_575845_cov_9.745474,gene:plasmid:124575;gene:proph:179208;gene:proph:165701,Serratia liquefaciens,Biocides,Multi-biocide_resistance,Multi-biocide_resistance_protein,YJCG,0
ERR14783424,NODE_4_length_557439_cov_99.723855,gene:plasmid:129653;gene:plasmid:115921;gene:plasmid:129646;gene:plasmid:88450;gene:plasmid:129656;gene:plasmid:129718;gene:plasmid:115901;gene:plasmid:115900;gene:plasmid:115898;gene:plasmid:115897,Pseudomonas helleri,Drugs,Cationic_antimicrobial_peptides,Polymyxin_B_resistance_regulator,ARNA,HPCIA
ERR14783424,NODE_463_length_5592_cov_4.501738,gene:plasmid:139560;gene:plasmid:117293,Acetobacter ghanensis,Drugs,MLS,Macrolide-resistant_23S_rRNA_mutation,MLS23S,CIA ?
ERR14783424,NODE_463_length_5592_cov_4.501738,gene:plasmid:139560;gene:plasmid:117293,Acetobacter ghanensis,Drugs,Aminoglycosides,Aminoglycoside-resistant_16S_ribosomal_subunit_protein,A16S,CIA
ERR14783424,NODE_2_length_1038016_cov_8.259786,gene:plasmid:156009;gene:proph:163818;gene:proph:173723;gene:plasmid:111200;gene:plasmid:145318;gene:plasmid:124596,Serratia liquefaciens,Drugs,betalactams,Mutant_porin_proteins,OMP36,Authorized for use in humans only
ERR14783424,NODE_2_length_1038016_cov_8.259786,gene:plasmid:156009;gene:proph:163818;gene:proph:173723;gene:plasmid:111200;gene:plasmid:145318;gene:plasmid:124596,Serratia liquefaciens,Multi-compound,Drug_and_biocide_resistance,Drug_and_biocide_RND_efflux_pumps,SDEX,0
ERR14783424,NODE_2_length_1038016_cov_8.259786,gene:plasmid:156009;gene:proph:163818;gene:proph:173723;gene:plasmid:111200;gene:plasmid:145318;gene:plasmid:124596,Serratia liquefaciens,Multi-compound,Drug_and_biocide_resistance,Drug_and_biocide_RND_efflux_pumps,SDEY,0
ERR14783424,NODE_2_length_1038016_cov_8.259786,gene:plasmid:156009;gene:proph:163818;gene:proph:173723;gene:plasmid:111200;gene:plasmid:145318;gene:plasmid:124596,Serratia liquefaciens,Biocides,Multi-biocide_resistance,Multi-biocide_ABC_efflux_pump,SMDA,0
ERR14783424,NODE_2_length_1038016_cov_8.259786,gene:plasmid:156009;gene:proph:163818;gene:proph:173723;gene:plasmid:111200;gene:plasmid:145318;gene:plasmid:124596,Serratia liquefaciens,Biocides,Multi-biocide_resistance,Multi-biocide_ABC_efflux_pump,SMDB,0
ERR14783424,NODE_1_length_1639064_cov_7.371837,gene:plasmid:22293;gene:proph:176833;gene:plasmid:11362;gene:plasmid:119871,Serratia liquefaciens,Drugs,Fluoroquinolones,Fluoroquinolone-resistant_DNA_topoisomerases,GYRA,HPCIA
ERR14783424,NODE_1_length_1639064_cov_7.371837,gene:plasmid:22293;gene:proph:176833;gene:plasmid:11362;gene:plasmid:119871,Serratia liquefaciens,Drugs,Fosfomycin,Fosfomycin_target_mutation,PTSL,HPCIA
ERR14783424,NODE_1_length_1639064_cov_7.371837,gene:plasmid:22293;gene:proph:176833;gene:plasmid:11362;gene:plasmid:119871,Serratia liquefaciens,Multi-compound,Drug_and_biocide_resistance,Drug_and_biocide_RND_efflux_pumps,MEXQ,CIA
ERR14783424,NODE_1_length_1639064_cov_7.371837,gene:plasmid:22293;gene:proph:176833;gene:plasmid:11362;gene:plasmid:119871,Serratia liquefaciens,Drugs,betalactams,Class_C_betalactamases,BLAC,Authorized for use in humans only 
ERR14783424,NODE_1_length_1639064_cov_7.371837,gene:plasmid:22293;gene:proph:176833;gene:plasmid:11362;gene:plasmid:119871,Serratia liquefaciens,Drugs,betalactams,Mutant_porin_proteins,OMP36,Authorized for use in humans only
ERR14783424,NODE_7_length_456729_cov_9.919827,gene:plasmid:27303;gene:plasmid:133420,Serratia liquefaciens,Drugs,Aminocoumarins,Aminocoumarin-resistant_DNA_topoisomerases,PARE,Not medically important
ERR14783424,NODE_7_length_456729_cov_9.919827,gene:plasmid:27303;gene:plasmid:133420,Serratia liquefaciens,Drugs,Fluoroquinolones,Fluoroquinolone-resistant_DNA_topoisomerases,PARC,HPCIA
ERR14783424,NODE_7_length_456729_cov_9.919827,gene:plasmid:27303;gene:plasmid:133420,Serratia liquefaciens,Biocides,Multi-biocide_resistance,Multi-biocide_RND_efflux_pump,HASF,0
ERR14783424,NODE_5_length_536767_cov_138.292824,gene:plasmid:27818;gene:plasmid:89528;gene:plasmid:20845;gene:plasmid:22062,Pseudomonas helleri,Drugs,Aminocoumarins,Aminocoumarin-resistant_DNA_topoisomerases,PARE,Not medically important
ERR14783424,NODE_5_length_536767_cov_138.292824,gene:plasmid:27818;gene:plasmid:89528;gene:plasmid:20845;gene:plasmid:22062,Pseudomonas helleri,Drugs,Multi-drug_resistance,Multi-drug_RND_efflux_pumps,OPMH,NA
ERR14783424,NODE_5_length_536767_cov_138.292824,gene:plasmid:27818;gene:plasmid:89528;gene:plasmid:20845;gene:plasmid:22062,Pseudomonas helleri,Drugs,Fluoroquinolones,Fluoroquinolone-resistant_DNA_topoisomerases,PARC,HPCIA
ERR14783424,NODE_5_length_536767_cov_138.292824,gene:plasmid:27818;gene:plasmid:89528;gene:plasmid:20845;gene:plasmid:22062,Pseudomonas helleri,Multi-compound,Biocide_and_metal_resistance,Biocide_and_metal_resistance_protein,RUVB,0
ERR14783424,NODE_21_length_170940_cov_118.972344,gene:plasmid:85950,Pseudomonas helleri,Multi-compound,Drug_and_biocide_resistance,Drug_and_biocide_RND_efflux_pumps,MEXK,CIA
ERR14783424,NODE_13_length_303848_cov_10.938947,gene:proph:159396,Serratia liquefaciens,Drugs,Fluoroquinolones,Fluoroquinolone-resistant_DNA_topoisomerases,GYRB,HPCIA
ERR14783424,NODE_9_length_339553_cov_7.295455,gene:proph:165705;gene:proph:165711;gene:proph:169512;gene:proph:172517;gene:proph:165703;gene:proph:165704;gene:proph:165696;gene:proph:165697;gene:proph:165698;gene:proph:165694,Serratia liquefaciens,Multi-compound,Drug_and_biocide_resistance,Drug_and_biocide_RND_efflux_pumps,SDEB,0
ERR14783424,NODE_393_length_6507_cov_11.572257,gene:proph:176835,Serratia liquefaciens,Drugs,Elfamycins,EF-Tu_inhibition,TUFAB,NA
ERR14783424,NODE_10_length_336829_cov_212.811486,gene:proph:183147;gene:proph:183045;gene:plasmid:135980;gene:plasmid:135959;gene:proph:183051;gene:proph:162945;gene:proph:162956;gene:proph:183054;gene:vir:3400;gene:vir:3401;gene:proph:183057;gene:vir:3403;gene:proph:183059;gene:vir:3405;gene:vir:3406;gene:vir:3407;gene:proph:183063;gene:proph:183064;gene:vir:3410,Lactococcus lactis,Drugs,Multi-drug_resistance,Multi-drug_ABC_efflux_pumps,LMRD,HIA
ERR14783424,NODE_15_length_288917_cov_8.521531,gene:proph:183597,Enterobacter hormaechei,Multi-compound,Drug_and_biocide_resistance,Drug_and_biocide_RND_efflux_pumps,OQXA,Authorized for use in humans only ?
ERR14783424,NODE_15_length_288917_cov_8.521531,gene:proph:183597,Serratia liquefaciens,Multi-compound,Drug_and_biocide_resistance,Drug_and_biocide_RND_efflux_pumps,SDEY,0
ERR14783424,NODE_20_length_210268_cov_116.127329,gene:proph:184236;gene:proph:175955;gene:proph:184195;gene:proph:184194,Pseudomonas helleri,Biocides,Multi-biocide_resistance,Multi-biocide_RND_efflux_pump,EMHB,0
ERR14783424,NODE_20_length_210268_cov_116.127329,gene:proph:184236;gene:proph:175955;gene:proph:184195;gene:proph:184194,Pseudomonas helleri,Multi-compound,Drug_and_biocide_resistance,Drug_and_biocide_RND_efflux_pumps,EMHC,0
ERR14783424,NODE_20_length_210268_cov_116.127329,gene:proph:184236;gene:proph:175955;gene:proph:184195;gene:proph:184194,Pseudomonas helleri,Biocides,Peroxide_resistance,peroxide_resistance_protein,SODB,0
ERR14783425,NODE_787_length_4976_cov_125.002475,gene:plasmid:117290,Leuconostoc citreum,Drugs,MLS,Macrolide-resistant_23S_rRNA_mutation,MLS23S,CIA ?
ERR14783425,NODE_787_length_4976_cov_125.002475,gene:plasmid:117290,Leuconostoc mesenteroides,Drugs,Aminoglycosides,Aminoglycoside-resistant_16S_ribosomal_subunit_protein,A16S,CIA
ERR14783425,NODE_7_length_453917_cov_14.008722,gene:plasmid:123169;gene:plasmid:123170;gene:plasmid:123171;gene:plasmid:123173;gene:plasmid:123174;gene:plasmid:123175;gene:plasmid:123168,Citrobacter freundii,Multi-compound,Drug_and_biocide_resistance,Drug_and_biocide_MFS_efflux_pumps,EMRB,HPCIA
ERR14783425,NODE_7_length_453917_cov_14.008722,gene:plasmid:123169;gene:plasmid:123170;gene:plasmid:123171;gene:plasmid:123173;gene:plasmid:123174;gene:plasmid:123175;gene:plasmid:123168,Citrobacter freundii,Multi-compound,Drug_and_biocide_resistance,Drug_and_biocide_MFS_efflux_regulator,EMRR,HPCIA
ERR14783425,NODE_7_length_453917_cov_14.008722,gene:plasmid:123169;gene:plasmid:123170;gene:plasmid:123171;gene:plasmid:123173;gene:plasmid:123174;gene:plasmid:123175;gene:plasmid:123168,Citrobacter freundii,Biocides,Multi-biocide_resistance,Multi-biocide_resistance_regulator,RPOS,0
ERR14783425,NODE_7_length_453917_cov_14.008722,gene:plasmid:123169;gene:plasmid:123170;gene:plasmid:123171;gene:plasmid:123173;gene:plasmid:123174;gene:plasmid:123175;gene:plasmid:123168,Citrobacter freundii,Multi-compound,Biocide_and_metal_resistance,Biocide_and_metal_ABC_efflux_pumps,SITC,0
ERR14783425,NODE_158_length_32327_cov_18.986304,gene:plasmid:123887,Pseudomonas fragi,Drugs,Elfamycins,EF-Tu_inhibition,TUFAB,NA
ERR14783425,NODE_141_length_36595_cov_46.433613,gene:plasmid:123887,Pseudomonas lundensis,Drugs,Elfamycins,EF-Tu_inhibition,TUFAB,NA
ERR14783425,NODE_40_length_146495_cov_12.311742,gene:plasmid:134726;gene:plasmid:134726,Klebsiella grimontii,Multi-compound,Drug_and_biocide_and_metal_resistance,Drug_and_biocide_and_metal_RND_efflux_pumps,MDTB,Not medically important
ERR14783425,NODE_40_length_146495_cov_12.311742,gene:plasmid:134726;gene:plasmid:134726,Pantoea agglomerans,Multi-compound,Drug_and_biocide_and_metal_resistance,Drug_and_biocide_and_metal_RND_efflux_pumps,ACRD,CIA
ERR14783425,NODE_52_length_120682_cov_36.996732,gene:plasmid:135980,Lactococcus cremoris,Drugs,Multi-drug_resistance,Multi-drug_ABC_efflux_pumps,LMRD,HIA
ERR14783425,NODE_13_length_354117_cov_81.174533,gene:plasmid:139560;gene:plasmid:131185;gene:plasmid:85663,Acetobacter ghanensis,Drugs,MLS,Macrolide-resistant_23S_rRNA_mutation,MLS23S,CIA ?
ERR14783425,NODE_13_length_354117_cov_81.174533,gene:plasmid:139560;gene:plasmid:131185;gene:plasmid:85663,Acetobacter ghanensis,Drugs,Aminoglycosides,Aminoglycoside-resistant_16S_ribosomal_subunit_protein,A16S,CIA
ERR14783425,NODE_34_length_164873_cov_15.500231,gene:plasmid:141383,Citrobacter freundii,Drugs,betalactams,Class_C_betalactamases,CMY,Authorized for use in humans only 
ERR14783425,NODE_34_length_164873_cov_15.500231,gene:plasmid:141383,Citrobacter freundii,Drugs,betalactams,Class_C_betalactamases,CMY,Authorized for use in humans only 
ERR14783425,NODE_18_length_308381_cov_11.565482,gene:plasmid:155991;gene:plasmid:155983;gene:plasmid:156052;gene:proph:175223;gene:proph:163818,Citrobacter freundii,Drugs,Multi-drug_resistance,Multi-drug_ABC_efflux_pumps,MSBA,HIA
ERR14783425,NODE_18_length_308381_cov_11.565482,gene:plasmid:155991;gene:plasmid:155983;gene:plasmid:156052;gene:proph:175223;gene:proph:163818,Citrobacter freundii,Drugs,betalactams,Mutant_porin_proteins,OMPA,Authorized for use in humans only ?
ERR14783425,NODE_18_length_308381_cov_11.565482,gene:plasmid:155991;gene:plasmid:155983;gene:plasmid:156052;gene:proph:175223;gene:proph:163818,Citrobacter freundii,Drugs,betalactams,Mutant_porin_proteins,OMPFB,Authorized for use in humans only 
ERR14783425,NODE_18_length_308381_cov_11.565482,gene:plasmid:155991;gene:plasmid:155983;gene:plasmid:156052;gene:proph:175223;gene:proph:163818,Citrobacter freundii,Biocides,Phenolic_compound_resistance,Triclosan-resistant_mutation,FABG,0
ERR14783425,NODE_15_length_336309_cov_11.998638,gene:plasmid:24609,Citrobacter sp. S39,Multi-compound,Drug_and_biocide_resistance,Drug_and_biocide_MFS_efflux_pumps,MDFA,HIA
ERR14783425,NODE_31_length_173143_cov_15.270830,gene:plasmid:25641;gene:proph:170565;gene:proph:170564;gene:proph:170546;gene:proph:170559;gene:proph:170548;gene:proph:170549;gene:proph:170542;gene:proph:170541;gene:proph:170553;gene:proph:170560;gene:proph:184661,Citrobacter freundii,Drugs,Aminocoumarins,Aminocoumarin-resistant_DNA_topoisomerases,PARE,Not medically important
ERR14783425,NODE_31_length_173143_cov_15.270830,gene:plasmid:25641;gene:proph:170565;gene:proph:170564;gene:proph:170546;gene:proph:170559;gene:proph:170548;gene:proph:170549;gene:proph:170542;gene:proph:170541;gene:proph:170553;gene:proph:170560;gene:proph:184661,Citrobacter freundii,Drugs,Bacitracin,Undecaprenyl_pyrophosphate_phosphatase,BACA,IA
ERR14783425,NODE_31_length_173143_cov_15.270830,gene:plasmid:25641;gene:proph:170565;gene:proph:170564;gene:proph:170546;gene:proph:170559;gene:proph:170548;gene:proph:170549;gene:proph:170542;gene:proph:170541;gene:proph:170553;gene:proph:170560;gene:proph:184661,Citrobacter freundii,Drugs,Fluoroquinolones,Fluoroquinolone-resistant_DNA_topoisomerases,PARC,HPCIA
ERR14783425,NODE_31_length_173143_cov_15.270830,gene:plasmid:25641;gene:proph:170565;gene:proph:170564;gene:proph:170546;gene:proph:170559;gene:proph:170548;gene:proph:170549;gene:proph:170542;gene:proph:170541;gene:proph:170553;gene:proph:170560;gene:proph:184661,Citrobacter freundii,Biocides,Multi-biocide_resistance,Multi-biocide_RND_efflux_pump,TOLC,0
ERR14783425,NODE_12_length_358703_cov_11.942085,gene:plasmid:86179;gene:proph:161537,Citrobacter freundii,Multi-compound,Drug_and_biocide_resistance,Drug_and_biocide_MFS_efflux_pumps,BCR,Not medically important
ERR14783425,NODE_12_length_358703_cov_11.942085,gene:plasmid:86179;gene:proph:161537,Citrobacter freundii,Multi-compound,Drug_and_biocide_and_metal_resistance,Drug_and_biocide_and_metal_RND_efflux_pumps,MDTB,Not medically important
ERR14783425,NODE_12_length_358703_cov_11.942085,gene:plasmid:86179;gene:proph:161537,Citrobacter freundii,Multi-compound,Drug_and_biocide_and_metal_resistance,Drug_and_biocide_and_metal_RND_efflux_pumps,MDTC,Not medically important
ERR14783425,NODE_12_length_358703_cov_11.942085,gene:plasmid:86179;gene:proph:161537,Citrobacter freundii,Drugs,Fosfomycin,Fosfomycin_target_mutation,GLPT,HPCIA
ERR14783425,NODE_12_length_358703_cov_11.942085,gene:plasmid:86179;gene:proph:161537,Citrobacter freundii,Drugs,Fluoroquinolones,Fluoroquinolone-resistant_DNA_topoisomerases,GYRA,HPCIA
ERR14783425,NODE_12_length_358703_cov_11.942085,gene:plasmid:86179;gene:proph:161537,Citrobacter freundii,Multi-compound,Drug_and_biocide_and_metal_resistance,Drug_and_biocide_and_metal_RND_efflux_regulator,BAES,CIA
ERR14783425,NODE_12_length_358703_cov_11.942085,gene:plasmid:86179;gene:proph:161537,Citrobacter freundii,Drugs,betalactams,Mutant_porin_proteins,OMP36,Authorized for use in humans only
ERR14783425,NODE_11_length_361002_cov_42.664200,gene:plasmid:93474,Escherichia coli,Drugs,Aminocoumarins,Aminocoumarin-resistant_DNA_topoisomerases,PARE,Not medically important
ERR14783425,NODE_11_length_361002_cov_42.664200,gene:plasmid:93474,Escherichia coli,Drugs,Aminocoumarins,Aminocoumarin-resistant_DNA_topoisomerases,PARE,Not medically important
ERR14783425,NODE_11_length_361002_cov_42.664200,gene:plasmid:93474,Escherichia coli,Drugs,Fosfomycin,Fosfomycin_target_mutation,MURA,HPCIA
ERR14783425,NODE_11_length_361002_cov_42.664200,gene:plasmid:93474,Escherichia coli,Drugs,Fluoroquinolones,Fluoroquinolone-resistant_DNA_topoisomerases,PARC,HPCIA
ERR14783425,NODE_11_length_361002_cov_42.664200,gene:plasmid:93474,Escherichia coli,Biocides,Multi-biocide_resistance,Multi-biocide_RND_efflux_pump,TOLC,0
ERR14783425,NODE_2_length_786732_cov_37.675381,gene:proph:163818;gene:plasmid:123318;gene:vir:441;gene:proph:181135,Kluyvera cryocrescens,Drugs,betalactams,Penicillin_binding_protein,PBP2,HPCIA
ERR14783425,NODE_2_length_786732_cov_37.675381,gene:proph:163818;gene:plasmid:123318;gene:vir:441;gene:proph:181135,Kluyvera cryocrescens,Multi-compound,Drug_and_biocide_resistance,Drug_and_biocide_RND_efflux_pumps,ACRB,Authorized for use in humans only ?
ERR14783425,NODE_2_length_786732_cov_37.675381,gene:proph:163818;gene:plasmid:123318;gene:vir:441;gene:proph:181135,Kluyvera cryocrescens,Multi-compound,Drug_and_biocide_resistance,Drug_and_biocide_RND_efflux_pumps,ACRB,Authorized for use in humans only ?
ERR14783425,NODE_2_length_786732_cov_37.675381,gene:proph:163818;gene:plasmid:123318;gene:vir:441;gene:proph:181135,Kluyvera cryocrescens,Drugs,betalactams,Mutant_porin_proteins,OMPA,Authorized for use in humans only ?
ERR14783425,NODE_23_length_205682_cov_12.972290,gene:proph:170892,Citrobacter freundii,Drugs,betalactams,Penicillin_binding_protein,AMPH,HIA
ERR14783425,NODE_23_length_205682_cov_12.972290,gene:proph:170892,Citrobacter freundii,Multi-compound,Drug_and_biocide_resistance,Drug_and_biocide_RND_efflux_pumps,ACRA,Authorized for use in humans only ?
ERR14783425,NODE_23_length_205682_cov_12.972290,gene:proph:170892,Klebsiella grimontii,Multi-compound,Drug_and_biocide_resistance,Drug_and_biocide_RND_efflux_pumps,ACRA,Authorized for use in humans only ?
ERR14783425,NODE_23_length_205682_cov_12.972290,gene:proph:170892,Citrobacter freundii,Biocides,Multi-biocide_resistance,Multi-biocide_ABC_efflux_pump,SMDA,0
ERR14783425,NODE_1_length_967862_cov_32.920956,gene:proph:172517;gene:plasmid:88467;gene:plasmid:153880;gene:plasmid:112498;gene:plasmid:154014;gene:plasmid:22293;gene:vir:105410;gene:plasmid:117744;gene:proph:169464;gene:proph:169511;gene:proph:172522,Escherichia coli,Drugs,Multi-drug_resistance,Multi-drug_RND_efflux_pumps,HNS,Authorized for use in humans only ?
ERR14783425,NODE_1_length_967862_cov_32.920956,gene:proph:172517;gene:plasmid:88467;gene:plasmid:153880;gene:plasmid:112498;gene:plasmid:154014;gene:plasmid:22293;gene:vir:105410;gene:plasmid:117744;gene:proph:169464;gene:proph:169511;gene:proph:172522,Escherichia coli,Drugs,betalactams,Mutant_porin_proteins,OMP37,Authorized for use in humans only ?
ERR14783425,NODE_1_length_967862_cov_32.920956,gene:proph:172517;gene:plasmid:88467;gene:plasmid:153880;gene:plasmid:112498;gene:plasmid:154014;gene:plasmid:22293;gene:vir:105410;gene:plasmid:117744;gene:proph:169464;gene:proph:169511;gene:proph:172522,Escherichia coli,Biocides,Phenolic_compound_resistance,Phenolic_resistance_protein,FABI,0
ERR14783425,NODE_1_length_967862_cov_32.920956,gene:proph:172517;gene:plasmid:88467;gene:plasmid:153880;gene:plasmid:112498;gene:plasmid:154014;gene:plasmid:22293;gene:vir:105410;gene:plasmid:117744;gene:proph:169464;gene:proph:169511;gene:proph:172522,Escherichia coli,Biocides,Multi-biocide_resistance,Multi-biocide_MFS_efflux_pump,SMVA,0
ERR14783425,NODE_17_length_323170_cov_44.788239,gene:proph:173746;gene:proph:183000,Kluyvera cryocrescens,Biocides,Acetate_resistance,Acetate_resistance_protein,ICLR,0
ERR14783425,NODE_9_length_451037_cov_11.021270,gene:proph:175311;gene:proph:169502;gene:proph:179464;gene:proph:173446;gene:proph:161622;gene:proph:161623;gene:proph:161624;gene:proph:161626;gene:proph:173413;gene:proph:161537;gene:proph:164865;gene:proph:175130;gene:proph:169503,Citrobacter freundii,Drugs,Fluoroquinolones,Quinolone_resistance_protein_Qnr,QNRB,HPCIA
ERR14783425,NODE_9_length_451037_cov_11.021270,gene:proph:175311;gene:proph:169502;gene:proph:179464;gene:proph:173446;gene:proph:161622;gene:proph:161623;gene:proph:161624;gene:proph:161626;gene:proph:173413;gene:proph:161537;gene:proph:164865;gene:proph:175130;gene:proph:169503,Citrobacter freundii,Drugs,Multi-drug_resistance,Multi-drug_RND_efflux_pumps,HNS,Authorized for use in humans only ?
ERR14783425,NODE_9_length_451037_cov_11.021270,gene:proph:175311;gene:proph:169502;gene:proph:179464;gene:proph:173446;gene:proph:161622;gene:proph:161623;gene:proph:161624;gene:proph:161626;gene:proph:173413;gene:proph:161537;gene:proph:164865;gene:proph:175130;gene:proph:169503,Citrobacter freundii,Biocides,Paraquat_resistance,Paraquat_resistance_protein,NMPC,0
ERR14783425,NODE_29_length_174557_cov_15.556349,gene:proph:184661;gene:proph:184659;gene:proph:163818,Citrobacter freundii,Drugs,Fosfomycin,Fosfomycin_target_mutation,MURA,HPCIA
ERR14783425,NODE_3_length_707137_cov_36.212510,gene:vir:103532;gene:plasmid:93399;gene:proph:179244;gene:proph:183597;gene:plasmid:134726;gene:plasmid:134726;gene:plasmid:14231;gene:proph:179307;gene:vir:441;gene:vir:194;gene:proph:179327;gene:proph:179377,Escherichia coli,Multi-compound,Drug_and_biocide_and_metal_resistance,Drug_and_biocide_and_metal_RND_efflux_pumps,MDTB,Not medically important
ERR14783425,NODE_3_length_707137_cov_36.212510,gene:vir:103532;gene:plasmid:93399;gene:proph:179244;gene:proph:183597;gene:plasmid:134726;gene:plasmid:134726;gene:plasmid:14231;gene:proph:179307;gene:vir:441;gene:vir:194;gene:proph:179327;gene:proph:179377,Escherichia coli,Multi-compound,Drug_and_biocide_and_metal_resistance,Drug_and_biocide_and_metal_RND_efflux_pumps,MDTC,Not medically important
ERR14783425,NODE_3_length_707137_cov_36.212510,gene:vir:103532;gene:plasmid:93399;gene:proph:179244;gene:proph:183597;gene:plasmid:134726;gene:plasmid:134726;gene:plasmid:14231;gene:proph:179307;gene:vir:441;gene:vir:194;gene:proph:179327;gene:proph:179377,Escherichia coli,Drugs,Fluoroquinolones,Fluoroquinolone-resistant_DNA_topoisomerases,GYRA,HPCIA
ERR14783425,NODE_3_length_707137_cov_36.212510,gene:vir:103532;gene:plasmid:93399;gene:proph:179244;gene:proph:183597;gene:plasmid:134726;gene:plasmid:134726;gene:plasmid:14231;gene:proph:179307;gene:vir:441;gene:vir:194;gene:proph:179327;gene:proph:179377,Escherichia coli,Drugs,Fosfomycin,Fosfomycin_target_mutation,PTSL,HPCIA
ERR14783425,NODE_3_length_707137_cov_36.212510,gene:vir:103532;gene:plasmid:93399;gene:proph:179244;gene:proph:183597;gene:plasmid:134726;gene:plasmid:134726;gene:plasmid:14231;gene:proph:179307;gene:vir:441;gene:vir:194;gene:proph:179327;gene:proph:179377,Escherichia coli,Multi-compound,Drug_and_biocide_and_metal_resistance,Drug_and_biocide_and_metal_RND_efflux_pumps,ACRD,CIA
ERR14783425,NODE_3_length_707137_cov_36.212510,gene:vir:103532;gene:plasmid:93399;gene:proph:179244;gene:proph:183597;gene:plasmid:134726;gene:plasmid:134726;gene:plasmid:14231;gene:proph:179307;gene:vir:441;gene:vir:194;gene:proph:179327;gene:proph:179377,Escherichia coli,Multi-compound,Drug_and_biocide_and_metal_resistance,Drug_and_biocide_and_metal_RND_efflux_regulator,BAER,CIA
ERR14783425,NODE_3_length_707137_cov_36.212510,gene:vir:103532;gene:plasmid:93399;gene:proph:179244;gene:proph:183597;gene:plasmid:134726;gene:plasmid:134726;gene:plasmid:14231;gene:proph:179307;gene:vir:441;gene:vir:194;gene:proph:179327;gene:proph:179377,Escherichia coli,Drugs,betalactams,Class_A_betalactamases,CTX,Authorized for use in humans only 
ERR14783425,NODE_3_length_707137_cov_36.212510,gene:vir:103532;gene:plasmid:93399;gene:proph:179244;gene:proph:183597;gene:plasmid:134726;gene:plasmid:134726;gene:plasmid:14231;gene:proph:179307;gene:vir:441;gene:vir:194;gene:proph:179327;gene:proph:179377,Escherichia coli,Drugs,betalactams,Mutant_porin_proteins,OMP36,Authorized for use in humans only
ERR14783426,NODE_380_length_5592_cov_50.748399,gene:plasmid:139560;gene:plasmid:131185,Acetobacter ghanensis,Drugs,MLS,Macrolide-resistant_23S_rRNA_mutation,MLS23S,CIA ?
ERR14783426,NODE_380_length_5592_cov_50.748399,gene:plasmid:139560;gene:plasmid:131185,Acetobacter ghanensis,Drugs,Aminoglycosides,Aminoglycoside-resistant_16S_ribosomal_subunit_protein,A16S,CIA
ERR14783427,NODE_1_length_357101_cov_38.871467,gene:proph:183147;gene:proph:183045;gene:plasmid:135980;gene:plasmid:135959;gene:proph:183051;gene:proph:162945;gene:proph:162956;gene:proph:183054;gene:vir:3400;gene:proph:183056;gene:proph:183057;gene:vir:3403;gene:vir:3404;gene:proph:183060;gene:vir:3406;gene:vir:3407;gene:vir:3408;gene:proph:183064;gene:proph:183065;gene:proph:163007,Lactococcus lactis,Drugs,Multi-drug_resistance,Multi-drug_ABC_efflux_pumps,LMRD,HIA
ERR14783429,NODE_240_length_5592_cov_9.815919,gene:plasmid:139560;gene:plasmid:131376,Acetobacter ghanensis,Drugs,MLS,Macrolide-resistant_23S_rRNA_mutation,MLS23S,CIA ?
ERR14783429,NODE_240_length_5592_cov_9.815919,gene:plasmid:139560;gene:plasmid:131376,Acetobacter ghanensis,Drugs,Aminoglycosides,Aminoglycoside-resistant_16S_ribosomal_subunit_protein,A16S,CIA
ERR14783429,NODE_6_length_192057_cov_12.131595,gene:vir:94765;gene:vir:3390;gene:plasmid:135980;gene:plasmid:135959;gene:proph:183051;gene:proph:162945;gene:proph:183053;gene:vir:3399;gene:proph:183055;gene:vir:3401;gene:proph:183058;gene:proph:183059;gene:proph:183061;gene:vir:3407;gene:vir:3408;gene:vir:3409;gene:vir:3410,Lactococcus lactis,Drugs,Multi-drug_resistance,Multi-drug_ABC_efflux_pumps,LMRD,HIA
ERR14783433,NODE_102_length_34464_cov_3.133093,gene:plasmid:123887,Pseudomonas saxonica,Drugs,Elfamycins,EF-Tu_inhibition,TUFAB,NA
ERR14783433,NODE_34_length_91225_cov_2.315583,gene:plasmid:124311,Klebsiella grimontii,Multi-compound,Drug_and_biocide_resistance,Drug_and_biocide_MFS_efflux_pumps,KDEA,0
ERR14783433,NODE_37_length_83375_cov_2.134754,gene:plasmid:125744,Citrobacter freundii,Drugs,Multi-drug_resistance,Multi-drug_ABC_efflux_pumps,MSBA,HIA
ERR14783433,NODE_3_length_209386_cov_2.473920,gene:plasmid:134726,Klebsiella grimontii,Drugs,Fluoroquinolones,Fluoroquinolone-resistant_DNA_topoisomerases,GYRA,HPCIA
ERR14783433,NODE_3_length_209386_cov_2.473920,gene:plasmid:134726,Klebsiella grimontii,Drugs,betalactams,Mutant_porin_proteins,OMPK36,Authorized for use in humans only ?
ERR14783433,NODE_31_length_99205_cov_2.282384,gene:proph:163818,Lelliottia amnigena,Drugs,betalactams,Mutant_porin_proteins,OMPA,Authorized for use in humans only ?
ERR14783433,NODE_31_length_99205_cov_2.282384,gene:proph:163818,Hafnia paralvei,Drugs,betalactams,Mutant_porin_proteins,OMP36,Authorized for use in humans only
ERR14783433,NODE_12_length_164520_cov_2.561399,gene:proph:163979,Klebsiella grimontii,Drugs,Fosfomycin,Fosfomycin_target_mutation,PTSL,HPCIA
ERR14783433,NODE_12_length_164520_cov_2.561399,gene:proph:163979,Klebsiella grimontii,Multi-compound,Drug_and_biocide_and_metal_resistance,Drug_and_biocide_and_metal_RND_efflux_pumps,ACRD,CIA
ERR14783433,NODE_2_length_226465_cov_2.710583,gene:proph:170892,Klebsiella grimontii,Drugs,betalactams,Penicillin_binding_protein,AMPH,HIA
ERR14783433,NODE_2_length_226465_cov_2.710583,gene:proph:170892,Klebsiella grimontii,Multi-compound,Drug_and_biocide_resistance,Drug_and_biocide_RND_efflux_pumps,ACRA,Authorized for use in humans only ?
ERR14783433,NODE_2_length_226465_cov_2.710583,gene:proph:170892,Klebsiella grimontii,Multi-compound,Drug_and_biocide_resistance,Drug_and_biocide_RND_efflux_pumps,SDEY,0
ERR14783433,NODE_2_length_226465_cov_2.710583,gene:proph:170892,Klebsiella grimontii,Biocides,Multi-biocide_resistance,Multi-biocide_ABC_efflux_pump,SMDA,0
ERR14783433,NODE_28_length_102723_cov_2.094068,gene:proph:172517;gene:plasmid:156052;gene:proph:169464;gene:proph:169512,Klebsiella grimontii,Multi-compound,Drug_and_biocide_resistance,Drug_and_biocide_ABC_efflux_regulator,PHOB,0
ERR14783433,NODE_28_length_102723_cov_2.094068,gene:proph:172517;gene:plasmid:156052;gene:proph:169464;gene:proph:169512,Klebsiella grimontii,Multi-compound,Drug_and_biocide_resistance,Drug_and_biocide_SMR_efflux_regulator,PHOR,0
ERR14783433,NODE_4_length_198210_cov_2.714140,ICEberg|404|Tn5301|GenBank|S54034|1..515;gene:plasmid:135980;gene:plasmid:135959,Lactococcus cremoris,Drugs,Multi-drug_resistance,Multi-drug_ABC_efflux_pumps,LMRD,HIA
ERR14783434,NODE_3_length_293868_cov_3.314999,gene:plasmid:120653,Leuconostoc mesenteroides,Drugs,Elfamycins,EF-Tu_inhibition,TUFAB,NA
ERR14783434,NODE_257_length_5534_cov_15.340115,gene:plasmid:139560,Leuconostoc mesenteroides,Drugs,Aminoglycosides,Aminoglycoside-resistant_16S_ribosomal_subunit_protein,A16S,CIA
ERR14783434,NODE_257_length_5534_cov_15.340115,gene:plasmid:139560,Leuconostoc mesenteroides,Drugs,Oxazolidinone,Oxazolidinone-resistant_23S_rRNA_mutation,O23S,Authorized for use in humans only
ERR14783434,NODE_254_length_5592_cov_8.591583,gene:plasmid:139560;gene:plasmid:131185,Acetobacter ghanensis,Drugs,MLS,Macrolide-resistant_23S_rRNA_mutation,MLS23S,CIA ?
ERR14783434,NODE_254_length_5592_cov_8.591583,gene:plasmid:139560;gene:plasmid:131185,Acetobacter ghanensis,Drugs,Aminoglycosides,Aminoglycoside-resistant_16S_ribosomal_subunit_protein,A16S,CIA
ERR14783434,NODE_2_length_296074_cov_19.075067,ICEberg|404|Tn5301|GenBank|S54034|1..515;gene:plasmid:135980;gene:plasmid:135959,Lactococcus cremoris,Drugs,Multi-drug_resistance,Multi-drug_ABC_efflux_pumps,LMRD,HIA
ERR14783439,NODE_348_length_25012_cov_1.276753,gene:plasmid:123887,Lelliottia amnigena,Drugs,Rifampin,Rifampin-resistant_beta-subunit_of_RNA_polymerase_RpoB,RPOB,CIA
ERR14783439,NODE_1686_length_3538_cov_26.089123,gene:plasmid:139560,Acetobacter ghanensis,Drugs,Aminoglycosides,Aminoglycoside-resistant_16S_ribosomal_subunit_protein,A16S,CIA
ERR14783439,NODE_2598_length_2266_cov_3.363721,gene:proph:176833,Acinetobacter sp. MYb10,Drugs,Elfamycins,EF-Tu_inhibition,TUFAB,NA
ERR14783439,NODE_240_length_40874_cov_61.538616,gene:vir:723,Lactococcus formosensis,Drugs,Elfamycins,EF-Tu_inhibition,TUFAB,NA
ERR14783440,NODE_553_length_5299_cov_100.938515,gene:plasmid:131182,Leuconostoc falkenbergense,Drugs,Aminoglycosides,Aminoglycoside-resistant_16S_ribosomal_subunit_protein,A16S,CIA
ERR14783440,NODE_553_length_5299_cov_100.938515,gene:plasmid:131182,Leuconostoc falkenbergense,Drugs,Oxazolidinone,Oxazolidinone-resistant_23S_rRNA_mutation,O23S,Authorized for use in humans only
ERR14783440,NODE_526_length_5592_cov_24.298262,gene:plasmid:139560;gene:plasmid:117293,Acetobacter ghanensis,Drugs,MLS,Macrolide-resistant_23S_rRNA_mutation,MLS23S,CIA ?
ERR14783440,NODE_526_length_5592_cov_24.298262,gene:plasmid:139560;gene:plasmid:117293,Acetobacter ghanensis,Drugs,Aminoglycosides,Aminoglycoside-resistant_16S_ribosomal_subunit_protein,A16S,CIA
ERR14783440,NODE_3_length_490333_cov_259.334007,ICEberg|404|Tn5301|GenBank|S54034|1..515;gene:plasmid:135980;gene:plasmid:135959,Lactococcus cremoris,Drugs,Multi-drug_resistance,Multi-drug_ABC_efflux_pumps,LMRD,HIA
ERR14783442,NODE_18_length_14397_cov_2.576454,gene:plasmid:139560;gene:plasmid:131376,Acetobacter ghanensis,Drugs,MLS,Macrolide-resistant_23S_rRNA_mutation,MLS23S,CIA ?
ERR14783442,NODE_18_length_14397_cov_2.576454,gene:plasmid:139560;gene:plasmid:131376,Acetobacter ghanensis,Drugs,Aminoglycosides,Aminoglycoside-resistant_16S_ribosomal_subunit_protein,A16S,CIA
ERR14783446,NODE_11_length_135308_cov_3.589543,gene:plasmid:121597;gene:plasmid:146728,Pseudomonas sp. ML2-2023-3,Drugs,Cationic_antimicrobial_peptides,Polymyxin_B_resistance_regulator,ARNA,HPCIA
ERR14783446,NODE_92_length_24911_cov_5.047329,gene:plasmid:123887,Pseudomonas fragi,Drugs,Rifampin,Rifampin-resistant_beta-subunit_of_RNA_polymerase_RpoB,RPOB,CIA
ERR14783446,NODE_92_length_24911_cov_5.047329,gene:plasmid:123887,Serratia liquefaciens,Drugs,Rifampin,Rifampin-resistant_beta-subunit_of_RNA_polymerase_RpoB,RPOB,CIA
ERR14783446,NODE_10_length_136195_cov_5.280147,gene:plasmid:130030,Pseudomonas sp. Lz4W,Multi-compound,Biocide_and_metal_resistance,Biocide_and_metal_resistance_protein,RUVB,0
ERR14783446,NODE_996_length_3709_cov_3.064489,gene:plasmid:134731,Leclercia adecarboxylata,Drugs,MLS,Macrolide-resistant_23S_rRNA_mutation,MLS23S,CIA ?
ERR14783446,NODE_95_length_24165_cov_2.769324,gene:plasmid:139560;gene:plasmid:117293,Acetobacter orientalis,Drugs,MLS,Macrolide-resistant_23S_rRNA_mutation,MLS23S,CIA ?
ERR14783446,NODE_95_length_24165_cov_2.769324,gene:plasmid:139560;gene:plasmid:117293,Croceicoccus sp. Ery5,Drugs,Aminoglycosides,Aminoglycoside-resistant_16S_ribosomal_subunit_protein,A16S,CIA
ERR14783446,NODE_2_length_189908_cov_4.327825,gene:proph:175953;gene:proph:184194;gene:proph:184236;gene:plasmid:154774,Pseudomonas versuta,Biocides,Multi-biocide_resistance,Multi-biocide_RND_efflux_pump,EMHB,0
ERR14783446,NODE_2_length_189908_cov_4.327825,gene:proph:175953;gene:proph:184194;gene:proph:184236;gene:plasmid:154774,Pseudomonas versuta,Multi-compound,Drug_and_biocide_resistance,Drug_and_biocide_RND_efflux_pumps,EMHC,0
ERR14783446,NODE_2_length_189908_cov_4.327825,gene:proph:175953;gene:proph:184194;gene:proph:184236;gene:plasmid:154774,Pseudomonas versuta,Biocides,Peroxide_resistance,peroxide_resistance_protein,SODB,0
ERR14783446,NODE_3341_length_1523_cov_0.810172,gene:proph:176835,Leclercia adecarboxylata,Drugs,Elfamycins,EF-Tu_inhibition,TUFAB,NA
ERR14783454,NODE_6_length_194754_cov_42.208738,gene:vir:3412;gene:vir:94765;gene:proph:183045;gene:plasmid:135980;gene:plasmid:135959;gene:proph:183051;gene:proph:162945;gene:proph:183053;gene:proph:183054;gene:vir:3400;gene:vir:3401;gene:vir:3403;gene:vir:3404;gene:vir:3406;gene:vir:3407;gene:proph:183063;gene:proph:183064;gene:vir:3410,Lactococcus lactis,Drugs,Multi-drug_resistance,Multi-drug_ABC_efflux_pumps,LMRD,HIA
ERR14783455,NODE_4_length_220695_cov_460.711558,gene:vir:3412;gene:vir:94765;gene:proph:183066;gene:plasmid:135980;gene:plasmid:135959;gene:proph:183051;gene:proph:162945;gene:vir:3398;gene:proph:183054;gene:proph:183055;gene:proph:183056;gene:vir:3403;gene:vir:3404;gene:proph:183061;gene:vir:3407;gene:proph:183063;gene:proph:183064;gene:proph:183065;gene:vir:3412;gene:vir:3413;gene:proph:183069;gene:proph:183070;gene:proph:183066,Lactococcus lactis,Drugs,Multi-drug_resistance,Multi-drug_ABC_efflux_pumps,LMRD,HIA
ERR14783456,NODE_171_length_3631_cov_2.057648,gene:plasmid:139560,Leuconostoc mesenteroides,Drugs,Aminoglycosides,Aminoglycoside-resistant_16S_ribosomal_subunit_protein,A16S,CIA
ERR14783456,NODE_5_length_194754_cov_36.879529,gene:proph:183067;gene:vir:94765;gene:vir:3390;gene:plasmid:135980;gene:plasmid:135959;gene:vir:3396;gene:proph:162945;gene:proph:183053;gene:proph:183054;gene:vir:3400;gene:proph:183056;gene:vir:3403;gene:vir:3404;gene:vir:3406;gene:vir:3407;gene:proph:183063;gene:proph:183064;gene:proph:183065,Lactococcus lactis,Drugs,Multi-drug_resistance,Multi-drug_ABC_efflux_pumps,LMRD,HIA
ERR14783459,NODE_2232_length_5531_cov_16.210585,gene:plasmid:131182,Leuconostoc citreum,Drugs,MLS,Macrolide-resistant_23S_rRNA_mutation,MLS23S,CIA ?
ERR14783459,NODE_2232_length_5531_cov_16.210585,gene:plasmid:131182,Leuconostoc mesenteroides,Drugs,Aminoglycosides,Aminoglycoside-resistant_16S_ribosomal_subunit_protein,A16S,CIA
ERR14783459,NODE_2188_length_5592_cov_22.623422,gene:plasmid:139560;gene:plasmid:131185,Acetobacter ghanensis,Drugs,MLS,Macrolide-resistant_23S_rRNA_mutation,MLS23S,CIA ?
ERR14783459,NODE_2188_length_5592_cov_22.623422,gene:plasmid:139560;gene:plasmid:131185,Acetobacter ghanensis,Drugs,Aminoglycosides,Aminoglycoside-resistant_16S_ribosomal_subunit_protein,A16S,CIA
ERR14783459,NODE_2_length_415032_cov_3.191543,gene:vir:1043;gene:vir:1042;ICEberg|404|Tn5301|GenBank|S54034|1..515;gene:plasmid:135980;gene:plasmid:135959,Lactococcus cremoris,Drugs,Multi-drug_resistance,Multi-drug_ABC_efflux_pumps,LMRD,HIA
ERR14783460,NODE_371_length_4726_cov_2.848663,gene:plasmid:139560,Leuconostoc mesenteroides,Drugs,Aminoglycosides,Aminoglycoside-resistant_16S_ribosomal_subunit_protein,A16S,CIA
ERR14783464,NODE_59_length_60983_cov_2.819706,gene:plasmid:117704;gene:plasmid:117783,Kluyvera cryocrescens,Biocides,Multi-biocide_resistance,Multi-biocide_resistance_regulator,RPOS,0
ERR14783464,NODE_23_length_132018_cov_2.497244,gene:plasmid:119712,Kluyvera cryocrescens,Drugs,Fluoroquinolones,Fluoroquinolone-resistant_DNA_topoisomerases,GYRA,HPCIA
ERR14783464,NODE_23_length_132018_cov_2.497244,gene:plasmid:119712,Kluyvera cryocrescens,Drugs,betalactams,Mutant_porin_proteins,OMP36,Authorized for use in humans only
ERR14783464,NODE_40_length_76138_cov_11.593980,gene:plasmid:123887;gene:plasmid:139212,Pseudomonas bubulae,Drugs,Elfamycins,EF-Tu_inhibition,TUFAB,NA
ERR14783464,NODE_40_length_76138_cov_11.593980,gene:plasmid:123887;gene:plasmid:139212,Pseudomonas bubulae,Drugs,Rifampin,Rifampin-resistant_beta-subunit_of_RNA_polymerase_RpoB,RPOB,CIA
ERR14783464,NODE_46_length_71077_cov_2.690049,gene:plasmid:134726;gene:plasmid:134726;gene:proph:173847;gene:plasmid:14231,Escherichia coli,Drugs,betalactams,Class_A_betalactamases,CTX,Authorized for use in humans only 
ERR14783464,NODE_2_length_477869_cov_11.074015,gene:plasmid:22061;gene:plasmid:27818;gene:plasmid:125744;gene:plasmid:20845,Pseudomonas bubulae,Drugs,Aminocoumarins,Aminocoumarin-resistant_DNA_topoisomerases,PARE,Not medically important
ERR14783464,NODE_2_length_477869_cov_11.074015,gene:plasmid:22061;gene:plasmid:27818;gene:plasmid:125744;gene:plasmid:20845,Pseudomonas bubulae,Drugs,Fluoroquinolones,Fluoroquinolone-resistant_DNA_topoisomerases,PARC,HPCIA
ERR14783464,NODE_2_length_477869_cov_11.074015,gene:plasmid:22061;gene:plasmid:27818;gene:plasmid:125744;gene:plasmid:20845,Pseudomonas bubulae,Multi-compound,Biocide_and_metal_resistance,Biocide_and_metal_resistance_protein,RUVB,0
ERR14783464,NODE_1_length_560046_cov_3.439385,gene:plasmid:88446;gene:plasmid:123887,Kluyvera cryocrescens,Drugs,Aminocoumarins,Aminocoumarin-resistant_DNA_topoisomerases,GYRBA,Not medically important
ERR14783464,NODE_1_length_560046_cov_3.439385,gene:plasmid:88446;gene:plasmid:123887,Kluyvera cryocrescens,Drugs,Elfamycins,EF-Tu_inhibition,TUFAB,NA
ERR14783464,NODE_1_length_560046_cov_3.439385,gene:plasmid:88446;gene:plasmid:123887,Kluyvera cryocrescens,Drugs,Fosfomycin,Fosfomycin_target_mutation,UHPT,HPCIA
ERR14783464,NODE_1_length_560046_cov_3.439385,gene:plasmid:88446;gene:plasmid:123887,Kluyvera cryocrescens,Drugs,Rifampin,Rifampin-resistant_beta-subunit_of_RNA_polymerase_RpoB,RPOB,CIA
ERR14783464,NODE_1_length_560046_cov_3.439385,gene:plasmid:88446;gene:plasmid:123887,Kluyvera cryocrescens,Drugs,Aminoglycosides,Aminoglycoside-resistant_16S_ribosomal_subunit_protein,RPSL,CIA
ERR14783464,NODE_1_length_560046_cov_3.439385,gene:plasmid:88446;gene:plasmid:123887,Kluyvera cryocrescens,Multi-compound,Drug_and_biocide_resistance,Drug_and_biocide_RND_efflux_regulator,CRP,Authorized for use in humans only 
ERR14783464,NODE_1_length_560046_cov_3.439385,gene:plasmid:88446;gene:plasmid:123887,Kluyvera cryocrescens,Multi-compound,Biocide_and_metal_resistance,Biocide_and_metal_resistance_protein,GLPF,0
ERR14783464,NODE_31_length_102046_cov_3.264151,gene:plasmid:93474,Escherichia coli,Drugs,Fluoroquinolones,Fluoroquinolone-resistant_DNA_topoisomerases,PARC,HPCIA
ERR14783464,NODE_31_length_102046_cov_3.264151,gene:plasmid:93474,Escherichia coli,Multi-compound,Drug_and_biocide_resistance,Drug_and_biocide_RND_efflux_pumps,ACRF,Authorized for use in humans only ?
ERR14783464,NODE_31_length_102046_cov_3.264151,gene:plasmid:93474,Escherichia coli,Biocides,Multi-biocide_resistance,Multi-biocide_RND_efflux_pump,TOLC,0
ERR14783464,NODE_36_length_91250_cov_2.408898,gene:proph:163818,Klebsiella grimontii,Drugs,betalactams,Mutant_porin_proteins,OMPA,Authorized for use in humans only ?
ERR14783464,NODE_8_length_209043_cov_8.362438,gene:proph:173746;gene:plasmid:26360;gene:proph:169464,Pseudomonas fragi,Drugs,Fluoroquinolones,Fluoroquinolone-resistant_DNA_topoisomerases,GYRA,HPCIA
ERR14783464,NODE_5_length_248585_cov_9.225720,gene:proph:184236;gene:proph:175955;gene:proph:175950;gene:proph:175953;gene:proph:175954;gene:proph:184195;gene:proph:184194;gene:plasmid:21134,Pseudomonas fragi,Biocides,Multi-biocide_resistance,Multi-biocide_RND_efflux_pump,EMHB,0
ERR14783464,NODE_5_length_248585_cov_9.225720,gene:proph:184236;gene:proph:175955;gene:proph:175950;gene:proph:175953;gene:proph:175954;gene:proph:184195;gene:proph:184194;gene:plasmid:21134,Pseudomonas fragi,Multi-compound,Drug_and_biocide_resistance,Drug_and_biocide_RND_efflux_pumps,EMHC,0
ERR14783464,NODE_5_length_248585_cov_9.225720,gene:proph:184236;gene:proph:175955;gene:proph:175950;gene:proph:175953;gene:proph:175954;gene:proph:184195;gene:proph:184194;gene:plasmid:21134,Pseudomonas fragi,Biocides,Peroxide_resistance,peroxide_resistance_protein,SODB,0
ERR14783465,NODE_95_length_7953_cov_2.001406,gene:plasmid:131373,Leuconostoc falkenbergense,Drugs,Aminoglycosides,Aminoglycoside-resistant_16S_ribosomal_subunit_protein,A16S,CIA
ERR14783465,NODE_95_length_7953_cov_2.001406,gene:plasmid:131373,Leuconostoc mesenteroides,Drugs,Oxazolidinone,Oxazolidinone-resistant_23S_rRNA_mutation,O23S,Authorized for use in humans only
ERR14783465,NODE_21_length_21549_cov_2.426851,gene:proph:163032;gene:proph:183160,Lactococcus lactis,Drugs,MLS,Macrolide-resistant_23S_rRNA_mutation,MLS23S,CIA ?
ERR14783465,NODE_21_length_21549_cov_2.426851,gene:proph:163032;gene:proph:183160,Lactococcus lactis,Drugs,Aminoglycosides,Aminoglycoside-resistant_16S_ribosomal_subunit_protein,A16S,CIA
ERR14783466,NODE_1672_length_5342_cov_98.422435,gene:plasmid:131373,Leuconostoc mesenteroides,Drugs,Aminoglycosides,Aminoglycoside-resistant_16S_ribosomal_subunit_protein,A16S,CIA
ERR14783466,NODE_1672_length_5342_cov_98.422435,gene:plasmid:131373,Leuconostoc mesenteroides,Drugs,Oxazolidinone,Oxazolidinone-resistant_23S_rRNA_mutation,O23S,Authorized for use in humans only
ERR14783466,NODE_1825_length_4981_cov_191.803461,gene:plasmid:139560,Acetobacter okinawensis,Drugs,MLS,Macrolide-resistant_23S_rRNA_mutation,MLS23S,CIA ?
ERR14783466,NODE_1825_length_4981_cov_191.803461,gene:plasmid:139560,Leuconostoc mesenteroides,Drugs,Aminoglycosides,Aminoglycoside-resistant_16S_ribosomal_subunit_protein,A16S,CIA
ERR14783466,NODE_24_length_220695_cov_171.027679,gene:vir:3412;gene:vir:94765;gene:proph:183066;gene:plasmid:135980;gene:plasmid:135959;gene:vir:3396;gene:proph:162945;gene:proph:183053;gene:proph:183054;gene:vir:3400;gene:vir:3401;gene:vir:3403;gene:vir:3404;gene:vir:3406;gene:vir:3407;gene:vir:3408;gene:vir:3409;gene:proph:183065;gene:proph:183067;gene:vir:3413;gene:proph:183069;gene:vir:3415;gene:proph:183066,Lactococcus lactis,Drugs,Multi-drug_resistance,Multi-drug_ABC_efflux_pumps,LMRD,HIA
ERR14783473,NODE_886_length_3904_cov_75.226635,gene:plasmid:139560;gene:plasmid:117293,Acetobacter oryzifermentans,Drugs,MLS,Macrolide-resistant_23S_rRNA_mutation,MLS23S,CIA ?
ERR14783473,NODE_384_length_8257_cov_14.310824,gene:plasmid:15664;gene:plasmid:135617,Streptococcus suis,Drugs,Aminoglycosides,Aminoglycoside_O-nucleotidyltransferases,ANT6,CIA
ERR14783473,NODE_384_length_8257_cov_14.310824,gene:plasmid:15664;gene:plasmid:135617,Streptococcus suis,Drugs,Aminoglycosides,Aminoglycoside_O-phosphotransferases,APH2-DPRIME,CIA
ERR14783473,NODE_384_length_8257_cov_14.310824,gene:plasmid:15664;gene:plasmid:135617,Streptococcus suis,Drugs,Nucleosides,Streptothricin_acetyltransferase,SAT,CIA
ERR14783473,NODE_3_length_385970_cov_9.443528,gene:proph:183779;ICEberg|101|Tn5385|GenBank|AF016233|1..1605,Enterococcus faecalis,Drugs,MLS,MLS_resistance_ABC_efflux_pumps,LSA,HIA
ERR14783473,NODE_33_length_80563_cov_10.332277,ICEberg|304|ICESga43143-1|GenBank|AP012053|1643376..1661407,Enterococcus faecalis,Multi-compound,Drug_and_biocide_resistance,Drug_and_biocide_ABC_efflux_pumps,EFRA,HPCIA
ERR14783473,NODE_33_length_80563_cov_10.332277,ICEberg|304|ICESga43143-1|GenBank|AP012053|1643376..1661407,Enterococcus faecalis,Multi-compound,Drug_and_biocide_resistance,Drug_and_biocide_ABC_efflux_pumps,EFRB,HPCIA
ERR14783473,NODE_33_length_80563_cov_10.332277,ICEberg|304|ICESga43143-1|GenBank|AP012053|1643376..1661407,Enterococcus faecalis,Drugs,Tetracyclines,Tetracycline_resistance_ribosomal_protection_proteins,TETM,HIA
ERR14783473,NODE_33_length_80563_cov_10.332277,ICEberg|304|ICESga43143-1|GenBank|AP012053|1643376..1661407,Enterococcus faecalis,Drugs,Tetracyclines,Tetracycline_resistance_ribosomal_protection_proteins,TETM,HIA
ERR14783473,NODE_33_length_80563_cov_10.332277,ICEberg|304|ICESga43143-1|GenBank|AP012053|1643376..1661407,Enterococcus faecalis,Drugs,Lipopeptides,Daptomycin-resistant_mutant,LIAFSR,Authorized for use in humans only ?
ERR14783473,NODE_33_length_80563_cov_10.332277,ICEberg|304|ICESga43143-1|GenBank|AP012053|1643376..1661407,Enterococcus faecalis,Drugs,Lipopeptides,Daptomycin-resistant_mutant,LIAFSR,Authorized for use in humans only
ERR14783473,NODE_569_length_5774_cov_15.292191,rep7b_3_SAP089A003(SAP089A)_GQ900440;gene:plasmid:97767;gene:plasmid:97768,Enterococcus faecalis,Drugs,Phenicol,Chloramphenicol_acetyltransferases,CATA,HIA
ERR14783474,NODE_344_length_5592_cov_219.759927,gene:plasmid:139560;gene:plasmid:131376,Acetobacter ghanensis,Drugs,MLS,Macrolide-resistant_23S_rRNA_mutation,MLS23S,CIA ?
ERR14783474,NODE_344_length_5592_cov_219.759927,gene:plasmid:139560;gene:plasmid:131376,Komagataeibacter piraceti,Drugs,MLS,Macrolide-resistant_23S_rRNA_mutation,MLS23S,CIA ?
ERR14783474,NODE_10_length_220695_cov_354.281210,gene:proph:183067;gene:vir:94765;gene:proph:183066;gene:plasmid:135980;gene:plasmid:135959;gene:vir:3396;gene:proph:162945;gene:vir:3398;gene:proph:183054;gene:proph:183055;gene:vir:3401;gene:vir:3403;gene:proph:183059;gene:vir:3406;gene:vir:3407;gene:vir:3408;gene:proph:183064;gene:vir:3410;gene:proph:183067;gene:proph:183068;gene:proph:183069;gene:proph:183070;gene:proph:183066,Lactococcus lactis,Drugs,Multi-drug_resistance,Multi-drug_ABC_efflux_pumps,LMRD,HIA
ERR14783475,NODE_270_length_4844_cov_5.093704,gene:plasmid:131371;gene:plasmid:139560,Acetobacter okinawensis,Drugs,Oxazolidinone,Oxazolidinone-resistant_23S_rRNA_mutation,O23S,Authorized for use in humans only
ERR14783475,NODE_6_length_194754_cov_24.421118,gene:proph:183067;gene:vir:94765;gene:vir:3390;gene:plasmid:135980;gene:plasmid:135959;gene:vir:3396;gene:proph:162945;gene:proph:183053;gene:proph:183054;gene:proph:183055;gene:proph:183056;gene:proph:183058;gene:proph:183059;gene:vir:3406;gene:vir:3407;gene:vir:3408;gene:proph:183064;gene:vir:3410,Lactococcus lactis,Drugs,Multi-drug_resistance,Multi-drug_ABC_efflux_pumps,LMRD,HIA
ERR14783476,NODE_1376_length_7404_cov_6.732032,gene:plasmid:139560;gene:plasmid:117293,Acetobacter orientalis,Drugs,MLS,Macrolide-resistant_23S_rRNA_mutation,MLS23S,CIA ?
ERR14783476,NODE_1376_length_7404_cov_6.732032,gene:plasmid:139560;gene:plasmid:117293,Acetobacter oryzifermentans,Drugs,Aminoglycosides,Aminoglycoside-resistant_16S_ribosomal_subunit_protein,A16S,CIA
ERR14783483,NODE_66_length_22153_cov_94.869109,gene:plasmid:123887,Pseudomonas helleri,Drugs,Elfamycins,EF-Tu_inhibition,TUFAB,NA
ERR14783483,NODE_56_length_25818_cov_2.367249,gene:plasmid:123887,Pseudomonas helleri,Drugs,Elfamycins,EF-Tu_inhibition,TUFAB,NA
ERR14783483,NODE_59_length_23958_cov_2.486299,gene:proph:176835,Duffyella gerundensis,Drugs,Elfamycins,EF-Tu_inhibition,TUFAB,NA
ERR14783484,NODE_154_length_25869_cov_1.906146,gene:plasmid:123887,Pseudomonas helleri,Drugs,Elfamycins,EF-Tu_inhibition,TUFAB,NA
ERR14783484,NODE_153_length_25946_cov_50.768891,gene:plasmid:123887,Klebsiella grimontii,Drugs,Rifampin,Rifampin-resistant_beta-subunit_of_RNA_polymerase_RpoB,RPOB,CIA
ERR14783484,NODE_27_length_105161_cov_40.430984,gene:plasmid:134726;gene:plasmid:134726,Klebsiella grimontii,Multi-compound,Drug_and_biocide_and_metal_resistance,Drug_and_biocide_and_metal_RND_efflux_pumps,MDTC,Not medically important
ERR14783484,NODE_27_length_105161_cov_40.430984,gene:plasmid:134726;gene:plasmid:134726,Klebsiella grimontii,Drugs,betalactams,Mutant_porin_proteins,OMPK36,Authorized for use in humans only ?
ERR14783484,NODE_52_length_68102_cov_38.312777,gene:proph:163818,Klebsiella grimontii,Drugs,Multi-drug_resistance,MDR_mutant_porin_proteins,OMPK,NA
ERR14783484,NODE_52_length_68102_cov_38.312777,gene:proph:163818,Superficieibacter sp. BNK-5,Drugs,betalactams,Mutant_porin_proteins,OMPA,Authorized for use in humans only ?
ERR14783484,NODE_4_length_224308_cov_4.114590,gene:proph:176833;gene:proph:176833,Acinetobacter guillouiae,Drugs,Aminocoumarins,Aminocoumarin-resistant_DNA_topoisomerases,PARE,Not medically important
ERR14783484,NODE_4_length_224308_cov_4.114590,gene:proph:176833;gene:proph:176833,Acinetobacter guillouiae,Drugs,Elfamycins,EF-Tu_inhibition,TUFAB,NA
ERR14783484,NODE_30_length_100504_cov_41.542724,gene:proph:183597,Serratia liquefaciens,Multi-compound,Drug_and_biocide_and_metal_resistance,Drug_and_biocide_and_metal_RND_efflux_pumps,MDTB,Not medically important
ERR14783485,NODE_21_length_157575_cov_15.008797,gene:plasmid:115548;gene:proph:184192;gene:proph:184193;gene:plasmid:154823,Pseudomonas sp. FP453,Biocides,Multi-biocide_resistance,Multi-biocide_RND_efflux_pump,EMHA,0
ERR14783485,NODE_21_length_157575_cov_15.008797,gene:plasmid:115548;gene:proph:184192;gene:proph:184193;gene:plasmid:154823,Pseudomonas sp. FP453,Biocides,Multi-biocide_resistance,Multi-biocide_RND_efflux_pump,EMHB,0
ERR14783485,NODE_21_length_157575_cov_15.008797,gene:plasmid:115548;gene:proph:184192;gene:proph:184193;gene:plasmid:154823,Pseudomonas sp. FP453,Multi-compound,Drug_and_biocide_resistance,Drug_and_biocide_RND_efflux_pumps,EMHC,0
ERR14783485,NODE_481_length_5398_cov_50.844811,gene:plasmid:117290,Leuconostoc mesenteroides,Drugs,Aminoglycosides,Aminoglycoside-resistant_16S_ribosomal_subunit_protein,A16S,CIA
ERR14783485,NODE_481_length_5398_cov_50.844811,gene:plasmid:117290,Leuconostoc mesenteroides,Drugs,Oxazolidinone,Oxazolidinone-resistant_23S_rRNA_mutation,O23S,Authorized for use in humans only
ERR14783485,NODE_33_length_134599_cov_16.625483,gene:plasmid:129691;gene:plasmid:112536,Pseudomonas sp. HN11,Multi-compound,Drug_and_biocide_resistance,Drug_and_biocide_RND_efflux_pumps,MEXN,HIA
ERR14783485,NODE_61_length_85638_cov_19.077744,gene:plasmid:138489,Pseudomonas lundensis,Drugs,Elfamycins,EF-Tu_inhibition,TUFAB,NA
ERR14783485,NODE_61_length_85638_cov_19.077744,gene:plasmid:138489,Pseudomonas sp. FP453,Drugs,Rifampin,Rifampin-resistant_beta-subunit_of_RNA_polymerase_RpoB,RPOB,CIA
ERR14783485,NODE_99_length_58401_cov_5.175567,gene:plasmid:141403,Bacillus tropicus,Drugs,Elfamycins,EF-Tu_inhibition,TUFAB,NA
ERR14783485,NODE_99_length_58401_cov_5.175567,gene:plasmid:141403,Bacillus thuringiensis,Drugs,Rifampin,Rifampin-resistant_beta-subunit_of_RNA_polymerase_RpoB,RPOB,CIA
ERR14783485,NODE_99_length_58401_cov_5.175567,gene:plasmid:141403,Bacillus mycoides,Drugs,Lipopeptides,Daptomycin-resistant_beta-subunit_of_RNA_polymerase_RpoC,RPOCL,Authorized for use in humans only
ERR14783485,NODE_7_length_260882_cov_15.830120,gene:plasmid:154774;gene:plasmid:21021;gene:plasmid:149679;gene:plasmid:21214;gene:plasmid:124393,Pseudomonas sp. FP453,Multi-compound,Drug_and_biocide_resistance,Drug_and_biocide_RND_efflux_regulator,CPXAR,CIA 
ERR14783485,NODE_7_length_260882_cov_15.830120,gene:plasmid:154774;gene:plasmid:21021;gene:plasmid:149679;gene:plasmid:21214;gene:plasmid:124393,Pseudomonas sp. FP453,Biocides,Peroxide_resistance,peroxide_resistance_protein,SODB,0
ERR14783485,NODE_35_length_121030_cov_11.034383,gene:plasmid:21260,Pseudomonas sp. FP453,Drugs,Cationic_antimicrobial_peptides,Polymyxin_B_resistance_regulator,ARNA,HPCIA
ERR14783485,NODE_144_length_40357_cov_12.735869,gene:plasmid:21956;gene:plasmid:21946,Pseudomonas sp. FP453,Multi-compound,Drug_and_biocide_resistance,Drug_and_biocide_RND_efflux_pumps,EMHC,0
ERR14783485,NODE_2_length_382095_cov_18.330454,gene:plasmid:22061;gene:plasmid:124575;gene:plasmid:125744;gene:plasmid:20845,Pseudomonas sp. FP453,Drugs,Aminocoumarins,Aminocoumarin-resistant_DNA_topoisomerases,PARE,Not medically important
ERR14783485,NODE_2_length_382095_cov_18.330454,gene:plasmid:22061;gene:plasmid:124575;gene:plasmid:125744;gene:plasmid:20845,Pseudomonas sp. FP453,Drugs,Multi-drug_resistance,Multi-drug_RND_efflux_pumps,OPMH,NA
ERR14783485,NODE_2_length_382095_cov_18.330454,gene:plasmid:22061;gene:plasmid:124575;gene:plasmid:125744;gene:plasmid:20845,Pseudomonas sp. FP453,Drugs,Fluoroquinolones,Fluoroquinolone-resistant_DNA_topoisomerases,PARC,HPCIA
ERR14783485,NODE_2_length_382095_cov_18.330454,gene:plasmid:22061;gene:plasmid:124575;gene:plasmid:125744;gene:plasmid:20845,Pseudomonas sp. FP453,Multi-compound,Biocide_and_metal_resistance,Biocide_and_metal_resistance_protein,RUVB,0
ERR14783485,NODE_92_length_62507_cov_10.800930,gene:plasmid:22211;gene:plasmid:138445,Pseudomonas sp. FP453,Drugs,Multi-drug_resistance,Multi-drug_RND_efflux_pumps,MUXB,CIA
ERR14783485,NODE_3_length_317474_cov_14.185894,gene:plasmid:26360,Pseudomonas sp. FP453,Biocides,Multi-biocide_resistance,Multi-biocide_ABC_efflux_pump,SMRA,0
ERR14783485,NODE_218_length_22791_cov_5.019546,gene:proph:176833,Acinetobacter johnsonii,Drugs,Elfamycins,EF-Tu_inhibition,TUFAB,NA
ERR14783485,NODE_218_length_22791_cov_5.019546,gene:proph:176833,Acinetobacter johnsonii,Drugs,Rifampin,Rifampin-resistant_beta-subunit_of_RNA_polymerase_RpoB,RPOB,CIA
ERR14783485,NODE_10_length_219673_cov_15.192283,gene:proph:184434;gene:proph:184426;gene:proph:184450;gene:proph:184437;gene:plasmid:21135;gene:plasmid:21134;gene:plasmid:21133,Pseudomonas sp. FP453,Drugs,Lipopeptides,Colistin-resistant_mutant,PHOP,HPCIA
ERR14783486,NODE_341_length_6569_cov_1.632568,gene:plasmid:131182,Leuconostoc mesenteroides,Drugs,Aminoglycosides,Aminoglycoside-resistant_16S_ribosomal_subunit_protein,A16S,CIA
ERR14783486,NODE_341_length_6569_cov_1.632568,gene:plasmid:131182,Leuconostoc mesenteroides,Drugs,Oxazolidinone,Oxazolidinone-resistant_23S_rRNA_mutation,O23S,Authorized for use in humans only
ERR14783486,NODE_39_length_18761_cov_3.055651,gene:proph:183160,Lactococcus lactis,Drugs,MLS,Macrolide-resistant_23S_rRNA_mutation,MLS23S,CIA ?
ERR14783486,NODE_39_length_18761_cov_3.055651,gene:proph:183160,Lactococcus lactis,Drugs,Aminoglycosides,Aminoglycoside-resistant_16S_ribosomal_subunit_protein,A16S,CIA
ERR14783487,NODE_218_length_5453_cov_17.845287,gene:plasmid:117290,Leuconostoc mesenteroides,Drugs,Aminoglycosides,Aminoglycoside-resistant_16S_ribosomal_subunit_protein,A16S,CIA
ERR14783487,NODE_218_length_5453_cov_17.845287,gene:plasmid:117290,Leuconostoc mesenteroides,Drugs,Oxazolidinone,Oxazolidinone-resistant_23S_rRNA_mutation,O23S,Authorized for use in humans only
ERR14783487,NODE_4_length_213992_cov_2.746602,gene:vir:1042;gene:plasmid:135980;gene:plasmid:135959;gene:proph:183050;gene:proph:162966;gene:proph:183100;gene:vir:1614;gene:vir:94758;gene:vir:723;gene:vir:1626;gene:proph:184344;gene:vir:946;gene:proph:184363;gene:proph:183118;gene:proph:184339;gene:vir:956;gene:vir:957;gene:vir:958;gene:proph:183185;gene:vir:960;gene:vir:961;gene:vir:962;gene:vir:963;gene:proph:183190;gene:proph:183191;gene:proph:183192;gene:vir:967;gene:proph:183194;gene:vir:969;gene:proph:183196;gene:proph:183197;gene:proph:183198;gene:vir:972;gene:vir:751;gene:vir:3982;gene:proph:162979;gene:vir:94728,Lactococcus cremoris,Drugs,Multi-drug_resistance,Multi-drug_ABC_efflux_pumps,LMRD,HIA
ERR14783492,NODE_753_length_5373_cov_24.456157,gene:plasmid:117070,Faecalibacter bovis,Drugs,Oxazolidinone,Oxazolidinone-resistant_23S_rRNA_mutation,O23S,Authorized for use in humans only
ERR14783493,NODE_48_length_249588_cov_8.799071,gene:plasmid:123887;gene:plasmid:139212,Pseudomonas bubulae,Drugs,Elfamycins,EF-Tu_inhibition,TUFAB,NA
ERR14783493,NODE_48_length_249588_cov_8.799071,gene:plasmid:123887;gene:plasmid:139212,Pseudomonas bubulae,Drugs,Rifampin,Rifampin-resistant_beta-subunit_of_RNA_polymerase_RpoB,RPOB,CIA
ERR14783493,NODE_1147_length_9922_cov_1.819091,gene:plasmid:123888,Rahnella sp. PAMC25559,Drugs,Rifampin,Rifampin-resistant_beta-subunit_of_RNA_polymerase_RpoB,RPOB,CIA
ERR14783493,NODE_1970_length_5942_cov_4.725021,gene:plasmid:131180,Faecalibacter sp. LW9,Drugs,Oxazolidinone,Oxazolidinone-resistant_23S_rRNA_mutation,O23S,Authorized for use in humans only
ERR14783493,NODE_657_length_17709_cov_2.321806,gene:plasmid:132193,Pseudolactococcus raffinolactis,Drugs,Fusidic_acid,Fusidic_acid-resistant_mutation,FUSA,HIA
ERR14783493,NODE_2534_length_4786_cov_10.775059,gene:plasmid:139560,Leuconostoc mesenteroides,Drugs,Aminoglycosides,Aminoglycoside-resistant_16S_ribosomal_subunit_protein,A16S,CIA
ERR14783493,NODE_2890_length_4277_cov_448.560964,gene:plasmid:139560,Leuconostoc pseudomesenteroides,Drugs,Aminoglycosides,Aminoglycoside-resistant_16S_ribosomal_subunit_protein,A16S,CIA
ERR14783493,NODE_2534_length_4786_cov_10.775059,gene:plasmid:139560,Leuconostoc mesenteroides,Drugs,Oxazolidinone,Oxazolidinone-resistant_23S_rRNA_mutation,O23S,Authorized for use in humans only
ERR14783493,NODE_14_length_488571_cov_9.417526,gene:plasmid:22061;gene:plasmid:90278;gene:plasmid:27818;gene:plasmid:125744;gene:plasmid:20845,Pseudomonas fragi,Drugs,Aminocoumarins,Aminocoumarin-resistant_DNA_topoisomerases,PARE,Not medically important
ERR14783493,NODE_14_length_488571_cov_9.417526,gene:plasmid:22061;gene:plasmid:90278;gene:plasmid:27818;gene:plasmid:125744;gene:plasmid:20845,Pseudomonas fragi,Drugs,Fluoroquinolones,Fluoroquinolone-resistant_DNA_topoisomerases,PARC,HPCIA
ERR14783493,NODE_14_length_488571_cov_9.417526,gene:plasmid:22061;gene:plasmid:90278;gene:plasmid:27818;gene:plasmid:125744;gene:plasmid:20845,Pseudomonas fragi,Multi-compound,Biocide_and_metal_resistance,Biocide_and_metal_resistance_protein,RUVB,0
ERR14783493,NODE_57_length_227541_cov_7.434569,gene:proph:173746;gene:plasmid:26360;gene:proph:169464,Pseudomonas fragi,Drugs,Fluoroquinolones,Fluoroquinolone-resistant_DNA_topoisomerases,GYRA,HPCIA
ERR14783493,NODE_3211_length_3900_cov_1.886827,gene:proph:176835,Rahnella sp. PAMC25559,Drugs,Elfamycins,EF-Tu_inhibition,TUFAB,NA
ERR14783493,NODE_86_length_160561_cov_7.368912,gene:proph:179985;gene:proph:179984,Pseudomonas bubulae,Drugs,Multi-drug_resistance,Multi-drug_RND_efflux_pumps,MUXB,CIA
ERR14783493,NODE_86_length_160561_cov_7.368912,gene:proph:179985;gene:proph:179984,Pseudomonas bubulae,Drugs,Multi-drug_resistance,Multi-drug_RND_efflux_pumps,MUXC,CIA
ERR14783493,NODE_52_length_233499_cov_8.026241,gene:proph:184236;gene:proph:175955;gene:proph:175950;gene:proph:175953;gene:proph:175954;gene:proph:184195;gene:proph:184194;gene:plasmid:21134,Pseudomonas bubulae,Biocides,Multi-biocide_resistance,Multi-biocide_RND_efflux_pump,EMHB,0
ERR14783493,NODE_52_length_233499_cov_8.026241,gene:proph:184236;gene:proph:175955;gene:proph:175950;gene:proph:175953;gene:proph:175954;gene:proph:184195;gene:proph:184194;gene:plasmid:21134,Pseudomonas bubulae,Multi-compound,Drug_and_biocide_resistance,Drug_and_biocide_RND_efflux_pumps,EMHC,0
ERR14783493,NODE_52_length_233499_cov_8.026241,gene:proph:184236;gene:proph:175955;gene:proph:175950;gene:proph:175953;gene:proph:175954;gene:proph:184195;gene:proph:184194;gene:plasmid:21134,Pseudomonas bubulae,Biocides,Peroxide_resistance,peroxide_resistance_protein,SODB,0
ERR14783493,NODE_162_length_97622_cov_70.679101,gene:vir:1142;gene:vir:1143;gene:vir:1145,Lactococcus cremoris,Drugs,Multi-drug_resistance,Multi-drug_ABC_efflux_pumps,LMRD,HIA
ERR14783494,NODE_735_length_4277_cov_155.724819,gene:plasmid:139560,Leuconostoc mesenteroides,Drugs,Aminoglycosides,Aminoglycoside-resistant_16S_ribosomal_subunit_protein,A16S,CIA
ERR14783495,NODE_5_length_34843_cov_2.158457,gene:plasmid:139560;gene:plasmid:131185,Acetobacter okinawensis,Drugs,MLS,Macrolide-resistant_23S_rRNA_mutation,MLS23S,CIA ?
ERR14783495,NODE_5_length_34843_cov_2.158457,gene:plasmid:139560;gene:plasmid:131185,Acetobacter ghanensis,Drugs,Aminoglycosides,Aminoglycoside-resistant_16S_ribosomal_subunit_protein,A16S,CIA
ERR14783500,NODE_8_length_163241_cov_10.931232,gene:plasmid:123887,Pseudomonas azotoformans,Drugs,Rifampin,Rifampin-resistant_beta-subunit_of_RNA_polymerase_RpoB,RPOB,CIA
ERR14783500,NODE_8_length_163241_cov_10.931232,gene:plasmid:123887,Pseudomonas sp. S2_B10,Drugs,Rifampin,Rifampin-resistant_beta-subunit_of_RNA_polymerase_RpoB,RPOB,CIA
ERR14783500,NODE_8_length_163241_cov_10.931232,gene:plasmid:123887,Pseudomonas taetrolens,Drugs,Rifampin,Rifampin-resistant_beta-subunit_of_RNA_polymerase_RpoB,RPOB,CIA
ERR14783500,NODE_6_length_172661_cov_9.256790,gene:plasmid:140796;gene:proph:180361;gene:proph:159993,Pseudomonas fortuita,Biocides,Multi-biocide_resistance,Multi-biocide_RND_efflux_pump,EMHA,0
ERR14783500,NODE_6_length_172661_cov_9.256790,gene:plasmid:140796;gene:proph:180361;gene:proph:159993,Pseudomonas fortuita,Biocides,Multi-biocide_resistance,Multi-biocide_RND_efflux_pump,EMHB,0
ERR14783500,NODE_6_length_172661_cov_9.256790,gene:plasmid:140796;gene:proph:180361;gene:proph:159993,Pseudomonas fortuita,Multi-compound,Drug_and_biocide_resistance,Drug_and_biocide_RND_efflux_pumps,EMHC,0
ERR14783500,NODE_9_length_160932_cov_8.907571,gene:plasmid:21326,Pseudomonas sp. S3_B08,Multi-compound,Drug_and_biocide_resistance,Drug_and_biocide_RND_efflux_pumps,MEXF,HPCIA
ERR14783500,NODE_3_length_207946_cov_11.115591,gene:plasmid:27818;gene:plasmid:22062,Pseudomonas sp. S3_B08,Multi-compound,Biocide_and_metal_resistance,Biocide_and_metal_resistance_protein,RUVB,0
ERR14783500,NODE_20_length_121431_cov_10.515028,gene:proph:163142,Pseudomonas sp. S3_B08,Multi-compound,Drug_and_biocide_resistance,Drug_and_biocide_RND_efflux_pumps,MEXK,CIA
ERR14783500,NODE_18_length_124022_cov_9.734557,gene:proph:163146,Pseudomonas koreensis,Multi-compound,Drug_and_biocide_resistance,Drug_and_biocide_MATE_efflux_pumps,PMPM,HPCIA
ERR14783501,NODE_10_length_321543_cov_35.806348,gene:plasmid:123169;gene:plasmid:123170;gene:plasmid:123171;gene:plasmid:123173;gene:plasmid:123174;gene:plasmid:123175;gene:plasmid:123168,Citrobacter freundii,Multi-compound,Drug_and_biocide_resistance,Drug_and_biocide_MFS_efflux_pumps,EMRB,HPCIA
ERR14783501,NODE_10_length_321543_cov_35.806348,gene:plasmid:123169;gene:plasmid:123170;gene:plasmid:123171;gene:plasmid:123173;gene:plasmid:123174;gene:plasmid:123175;gene:plasmid:123168,Citrobacter freundii,Multi-compound,Drug_and_biocide_resistance,Drug_and_biocide_MFS_efflux_regulator,EMRR,HPCIA
ERR14783501,NODE_10_length_321543_cov_35.806348,gene:plasmid:123169;gene:plasmid:123170;gene:plasmid:123171;gene:plasmid:123173;gene:plasmid:123174;gene:plasmid:123175;gene:plasmid:123168,Citrobacter freundii,Biocides,Multi-biocide_resistance,Multi-biocide_resistance_regulator,RPOS,0
ERR14783501,NODE_10_length_321543_cov_35.806348,gene:plasmid:123169;gene:plasmid:123170;gene:plasmid:123171;gene:plasmid:123173;gene:plasmid:123174;gene:plasmid:123175;gene:plasmid:123168,Citrobacter freundii,Multi-compound,Biocide_and_metal_resistance,Biocide_and_metal_ABC_efflux_pumps,SITC,0
ERR14783501,NODE_112_length_32327_cov_44.625497,gene:plasmid:123887,Pseudomonas helleri,Drugs,Elfamycins,EF-Tu_inhibition,TUFAB,NA
ERR14783501,NODE_660_length_4888_cov_41.392565,gene:plasmid:139560;gene:plasmid:131185,Acetobacter okinawensis,Drugs,Oxazolidinone,Oxazolidinone-resistant_23S_rRNA_mutation,O23S,Authorized for use in humans only
ERR14783501,NODE_15_length_228468_cov_39.856434,gene:plasmid:142025,Citrobacter freundii,Drugs,Aminocoumarins,Aminocoumarin-resistant_DNA_topoisomerases,PARE,Not medically important
ERR14783501,NODE_15_length_228468_cov_39.856434,gene:plasmid:142025,Citrobacter freundii,Drugs,Bacitracin,Undecaprenyl_pyrophosphate_phosphatase,BACA,IA
ERR14783501,NODE_15_length_228468_cov_39.856434,gene:plasmid:142025,Citrobacter freundii,Drugs,Fluoroquinolones,Fluoroquinolone-resistant_DNA_topoisomerases,PARC,HPCIA
ERR14783501,NODE_15_length_228468_cov_39.856434,gene:plasmid:142025,Citrobacter freundii,Biocides,Multi-biocide_resistance,Multi-biocide_RND_efflux_pump,TOLC,0
ERR14783501,NODE_7_length_349576_cov_34.160018,gene:plasmid:87452;gene:proph:170892;gene:plasmid:88436;gene:plasmid:87451,Citrobacter freundii,Drugs,betalactams,Penicillin_binding_protein,AMPH,HIA
ERR14783501,NODE_7_length_349576_cov_34.160018,gene:plasmid:87452;gene:proph:170892;gene:plasmid:88436;gene:plasmid:87451,Citrobacter freundii,Multi-compound,Drug_and_biocide_resistance,Drug_and_biocide_RND_efflux_pumps,ACRA,Authorized for use in humans only ?
ERR14783501,NODE_7_length_349576_cov_34.160018,gene:plasmid:87452;gene:proph:170892;gene:plasmid:88436;gene:plasmid:87451,Citrobacter freundii,Multi-compound,Drug_and_biocide_resistance,Drug_and_biocide_RND_efflux_pumps,ACRB,Authorized for use in humans only ?
ERR14783501,NODE_7_length_349576_cov_34.160018,gene:plasmid:87452;gene:proph:170892;gene:plasmid:88436;gene:plasmid:87451,Citrobacter freundii,Biocides,Multi-biocide_resistance,Multi-biocide_ABC_efflux_pump,SMDA,0
ERR14783501,NODE_38_length_115690_cov_21.894464,gene:proph:161536;gene:proph:175311;gene:proph:164865;gene:proph:175295;gene:proph:161537,Citrobacter freundii,Drugs,Fluoroquinolones,Quinolone_resistance_protein_Qnr,QNRB,HPCIA
ERR14783501,NODE_25_length_161340_cov_22.738985,gene:proph:161537,Citrobacter freundi,Multi-compound,Drug_and_biocide_resistance,Drug_and_biocide_SMR_efflux_pumps,KPNO,0
ERR14783501,NODE_25_length_161340_cov_22.738985,gene:proph:161537,Citrobacter freundi,Biocides,Paraquat_resistance,Paraquat_resistance_protein,NMPC,0
ERR14783501,NODE_2_length_652558_cov_27.197829,gene:proph:161537;gene:proph:169464;gene:proph:169511;gene:proph:169512;gene:plasmid:155991;gene:plasmid:155983;gene:plasmid:156052;gene:proph:163818;gene:plasmid:24609;gene:proph:172517,Citrobacter freundii,Multi-compound,Drug_and_biocide_resistance,Drug_and_biocide_MFS_efflux_pumps,MDFA,HIA
ERR14783501,NODE_2_length_652558_cov_27.197829,gene:proph:161537;gene:proph:169464;gene:proph:169511;gene:proph:169512;gene:plasmid:155991;gene:plasmid:155983;gene:plasmid:156052;gene:proph:163818;gene:plasmid:24609;gene:proph:172517,Citrobacter freundii,Drugs,Multi-drug_resistance,Multi-drug_ABC_efflux_pumps,MSBA,HIA
ERR14783501,NODE_2_length_652558_cov_27.197829,gene:proph:161537;gene:proph:169464;gene:proph:169511;gene:proph:169512;gene:plasmid:155991;gene:plasmid:155983;gene:plasmid:156052;gene:proph:163818;gene:plasmid:24609;gene:proph:172517,Citrobacter freundii,Drugs,betalactams,Mutant_porin_proteins,OMPA,Authorized for use in humans only ?
ERR14783501,NODE_2_length_652558_cov_27.197829,gene:proph:161537;gene:proph:169464;gene:proph:169511;gene:proph:169512;gene:plasmid:155991;gene:plasmid:155983;gene:plasmid:156052;gene:proph:163818;gene:plasmid:24609;gene:proph:172517,Citrobacter freundii,Drugs,betalactams,Mutant_porin_proteins,OMPFB,Authorized for use in humans only 
ERR14783501,NODE_2_length_652558_cov_27.197829,gene:proph:161537;gene:proph:169464;gene:proph:169511;gene:proph:169512;gene:plasmid:155991;gene:plasmid:155983;gene:plasmid:156052;gene:proph:163818;gene:plasmid:24609;gene:proph:172517,Citrobacter freundii,Biocides,Phenolic_compound_resistance,Triclosan-resistant_mutation,FABG,0
ERR14783501,NODE_1_length_691348_cov_28.573461,gene:proph:161537;gene:vir:103532;gene:proph:183597;gene:plasmid:134726;gene:plasmid:134726;gene:proph:161537;gene:plasmid:86179;gene:proph:169502;gene:proph:179460;gene:proph:176082;gene:vir:389;gene:vir:393;gene:vir:1904;gene:proph:161536,Citrobacter freundii,Multi-compound,Drug_and_biocide_resistance,Drug_and_biocide_MFS_efflux_pumps,BCR,Not medically important
ERR14783501,NODE_1_length_691348_cov_28.573461,gene:proph:161537;gene:vir:103532;gene:proph:183597;gene:plasmid:134726;gene:plasmid:134726;gene:proph:161537;gene:plasmid:86179;gene:proph:169502;gene:proph:179460;gene:proph:176082;gene:vir:389;gene:vir:393;gene:vir:1904;gene:proph:161536,Citrobacter freundii,Multi-compound,Drug_and_biocide_and_metal_resistance,Drug_and_biocide_and_metal_RND_efflux_pumps,MDTB,Not medically important
ERR14783501,NODE_1_length_691348_cov_28.573461,gene:proph:161537;gene:vir:103532;gene:proph:183597;gene:plasmid:134726;gene:plasmid:134726;gene:proph:161537;gene:plasmid:86179;gene:proph:169502;gene:proph:179460;gene:proph:176082;gene:vir:389;gene:vir:393;gene:vir:1904;gene:proph:161536,Citrobacter freundii,Multi-compound,Drug_and_biocide_and_metal_resistance,Drug_and_biocide_and_metal_RND_efflux_pumps,MDTC,Not medically important
ERR14783501,NODE_1_length_691348_cov_28.573461,gene:proph:161537;gene:vir:103532;gene:proph:183597;gene:plasmid:134726;gene:plasmid:134726;gene:proph:161537;gene:plasmid:86179;gene:proph:169502;gene:proph:179460;gene:proph:176082;gene:vir:389;gene:vir:393;gene:vir:1904;gene:proph:161536,Citrobacter freundii,Drugs,Fosfomycin,Fosfomycin_target_mutation,GLPT,HPCIA
ERR14783501,NODE_1_length_691348_cov_28.573461,gene:proph:161537;gene:vir:103532;gene:proph:183597;gene:plasmid:134726;gene:plasmid:134726;gene:proph:161537;gene:plasmid:86179;gene:proph:169502;gene:proph:179460;gene:proph:176082;gene:vir:389;gene:vir:393;gene:vir:1904;gene:proph:161536,Citrobacter freundii,Drugs,Fluoroquinolones,Fluoroquinolone-resistant_DNA_topoisomerases,GYRA,HPCIA
ERR14783501,NODE_1_length_691348_cov_28.573461,gene:proph:161537;gene:vir:103532;gene:proph:183597;gene:plasmid:134726;gene:plasmid:134726;gene:proph:161537;gene:plasmid:86179;gene:proph:169502;gene:proph:179460;gene:proph:176082;gene:vir:389;gene:vir:393;gene:vir:1904;gene:proph:161536,Citrobacter freundii,Drugs,Fosfomycin,Fosfomycin_target_mutation,PTSL,HPCIA
ERR14783501,NODE_1_length_691348_cov_28.573461,gene:proph:161537;gene:vir:103532;gene:proph:183597;gene:plasmid:134726;gene:plasmid:134726;gene:proph:161537;gene:plasmid:86179;gene:proph:169502;gene:proph:179460;gene:proph:176082;gene:vir:389;gene:vir:393;gene:vir:1904;gene:proph:161536,Citrobacter freundii,Multi-compound,Drug_and_biocide_and_metal_resistance,Drug_and_biocide_and_metal_RND_efflux_pumps,ACRD,CIA
ERR14783501,NODE_1_length_691348_cov_28.573461,gene:proph:161537;gene:vir:103532;gene:proph:183597;gene:plasmid:134726;gene:plasmid:134726;gene:proph:161537;gene:plasmid:86179;gene:proph:169502;gene:proph:179460;gene:proph:176082;gene:vir:389;gene:vir:393;gene:vir:1904;gene:proph:161536,Citrobacter freundii,Multi-compound,Drug_and_biocide_and_metal_resistance,Drug_and_biocide_and_metal_RND_efflux_regulator,BAES,CIA
ERR14783501,NODE_1_length_691348_cov_28.573461,gene:proph:161537;gene:vir:103532;gene:proph:183597;gene:plasmid:134726;gene:plasmid:134726;gene:proph:161537;gene:plasmid:86179;gene:proph:169502;gene:proph:179460;gene:proph:176082;gene:vir:389;gene:vir:393;gene:vir:1904;gene:proph:161536,Citrobacter freundii,Drugs,betalactams,Mutant_porin_proteins,OMP36,Authorized for use in humans only
ERR14783501,NODE_21_length_182081_cov_43.031623,gene:proph:169080,Citrobacter freundii,Drugs,betalactams,Class_C_betalactamases,CMY,Authorized for use in humans only 
ERR14783501,NODE_21_length_182081_cov_43.031623,gene:proph:169080,Citrobacter freundii,Drugs,betalactams,Class_C_betalactamases,CMY,Authorized for use in humans only 
ERR14783501,NODE_8_length_331337_cov_23.754875,gene:proph:169502;gene:proph:179464;gene:proph:173446;gene:proph:161622;gene:proph:161623;gene:proph:161624;gene:proph:161626;gene:proph:173413;gene:proph:181117;gene:proph:169499,Citrobacter braakii,Drugs,Multi-drug_resistance,Multi-drug_RND_efflux_pumps,HNS,Authorized for use in humans only ?
ERR14783501,NODE_8_length_331337_cov_23.754875,gene:proph:169502;gene:proph:179464;gene:proph:173446;gene:proph:161622;gene:proph:161623;gene:proph:161624;gene:proph:161626;gene:proph:173413;gene:proph:181117;gene:proph:169499,Citrobacter braakii,Biocides,Paraquat_resistance,Paraquat_resistance_protein,NMPC,0
ERR14783501,NODE_19_length_195066_cov_42.695197,gene:proph:184661;gene:proph:184659;gene:proph:163818,Citrobacter freundii,Drugs,Fosfomycin,Fosfomycin_target_mutation,MURA,HPCIA
ERR14783501,NODE_19_length_195066_cov_42.695197,gene:proph:184661;gene:proph:184659;gene:proph:163818,Citrobacter freundii,Multi-compound,Drug_and_biocide_resistance,Drug_and_biocide_RND_efflux_pumps,ACRF,Authorized for use in humans only ?
ERR14783501,NODE_16_length_220695_cov_260.738697,gene:vir:3412;gene:vir:94765;gene:proph:183066;gene:plasmid:135980;gene:plasmid:135959;gene:vir:3396;gene:proph:162945;gene:vir:3398;gene:vir:3399;gene:proph:183055;gene:proph:183056;gene:proph:183058;gene:vir:3404;gene:proph:183061;gene:vir:3407;gene:vir:3408;gene:vir:3409;gene:proph:183065;gene:vir:3412;gene:vir:3413;gene:vir:3414;gene:proph:183070;gene:proph:183066,Lactococcus lactis,Drugs,Multi-drug_resistance,Multi-drug_ABC_efflux_pumps,LMRD,HIA
ERR14783502,NODE_179_length_4038_cov_1.675786,gene:plasmid:139560;gene:plasmid:117293,Acetobacter ghanensis,Drugs,Aminoglycosides,Aminoglycoside-resistant_16S_ribosomal_subunit_protein,A16S,CIA
ERR14783502,NODE_6_length_194754_cov_29.114650,gene:proph:183067;gene:vir:94765;gene:proph:183045;gene:plasmid:135980;gene:plasmid:135959;gene:vir:3396;gene:proph:162945;gene:vir:3398;gene:vir:3399;gene:proph:183055;gene:vir:3401;gene:proph:183058;gene:proph:183059;gene:proph:183061;gene:vir:3407;gene:proph:183063;gene:vir:3409;gene:proph:183065,Lactococcus lactis,Drugs,Multi-drug_resistance,Multi-drug_ABC_efflux_pumps,LMRD,HIA
ERR14783503,NODE_112_length_32327_cov_8.897826,gene:plasmid:123887,Pseudomonas helleri,Drugs,Elfamycins,EF-Tu_inhibition,TUFAB,NA
ERR14783503,NODE_565_length_5592_cov_47.542360,gene:plasmid:139560;gene:plasmid:131185,Acetobacter ghanensis,Drugs,MLS,Macrolide-resistant_23S_rRNA_mutation,MLS23S,CIA ?
ERR14783503,NODE_565_length_5592_cov_47.542360,gene:plasmid:139560;gene:plasmid:131185,Acetobacter ghanensis,Drugs,Aminoglycosides,Aminoglycoside-resistant_16S_ribosomal_subunit_protein,A16S,CIA
ERR14783503,NODE_26_length_161340_cov_3.175892,gene:proph:161537,Citrobacter freundii,Multi-compound,Drug_and_biocide_resistance,Drug_and_biocide_SMR_efflux_pumps,KPNO,0
ERR14783503,NODE_26_length_161340_cov_3.175892,gene:proph:161537,Citrobacter freundii,Biocides,Paraquat_resistance,Paraquat_resistance_protein,NMPC,0
ERR14783503,NODE_16_length_197240_cov_4.128596,gene:proph:161537;gene:proph:169464;gene:proph:169511;gene:proph:169512;gene:plasmid:155991;gene:plasmid:155983;gene:plasmid:156052;gene:proph:172517,Citrobacter freundii,Biocides,Phenolic_compound_resistance,Triclosan-resistant_mutation,FABG,0
ERR14783503,NODE_8_length_292885_cov_3.853411,gene:proph:161537;gene:proph:169502;gene:proph:179464;gene:proph:173446;gene:proph:161622;gene:proph:161623;gene:proph:161624;gene:proph:161626;gene:proph:173413,Citrobacter freundii,Biocides,Paraquat_resistance,Paraquat_resistance_protein,NMPC,0
ERR14783503,NODE_4_length_455418_cov_4.460538,gene:proph:163818;gene:plasmid:24609,Citrobacter freundii,Multi-compound,Drug_and_biocide_resistance,Drug_and_biocide_MFS_efflux_pumps,MDFA,HIA
ERR14783503,NODE_4_length_455418_cov_4.460538,gene:proph:163818;gene:plasmid:24609,Citrobacter freundii,Drugs,Multi-drug_resistance,Multi-drug_ABC_efflux_pumps,MSBA,HIA
ERR14783503,NODE_4_length_455418_cov_4.460538,gene:proph:163818;gene:plasmid:24609,Citrobacter freundii,Drugs,betalactams,Mutant_porin_proteins,OMPA,Authorized for use in humans only ?
ERR14783503,NODE_4_length_455418_cov_4.460538,gene:proph:163818;gene:plasmid:24609,Citrobacter freundii,Drugs,betalactams,Mutant_porin_proteins,OMPFB,Authorized for use in humans only 
ERR14783503,NODE_21_length_182081_cov_7.695736,gene:proph:169080,Citrobacter freundii,Drugs,betalactams,Class_C_betalactamases,CMY,Authorized for use in humans only 
ERR14783503,NODE_21_length_182081_cov_7.695736,gene:proph:169080,Citrobacter freundii,Drugs,betalactams,Class_C_betalactamases,CMY,Authorized for use in humans only 
ERR14783503,NODE_6_length_344886_cov_5.412569,gene:proph:170892;gene:plasmid:88436,Citrobacter freundii,Drugs,betalactams,Penicillin_binding_protein,AMPH,HIA
ERR14783503,NODE_6_length_344886_cov_5.412569,gene:proph:170892;gene:plasmid:88436,Citrobacter freundii,Multi-compound,Drug_and_biocide_resistance,Drug_and_biocide_RND_efflux_pumps,ACRA,Authorized for use in humans only ?
ERR14783503,NODE_6_length_344886_cov_5.412569,gene:proph:170892;gene:plasmid:88436,Citrobacter freundii,Multi-compound,Drug_and_biocide_resistance,Drug_and_biocide_RND_efflux_pumps,ACRB,Authorized for use in humans only ?
ERR14783503,NODE_6_length_344886_cov_5.412569,gene:proph:170892;gene:plasmid:88436,Citrobacter freundii,Biocides,Multi-biocide_resistance,Multi-biocide_ABC_efflux_pump,SMDA,0
ERR14783503,NODE_38_length_105471_cov_3.333878,gene:proph:173413;gene:proph:175311;gene:proph:161537,Citrobacter freundii,Drugs,Fluoroquinolones,Quinolone_resistance_protein_Qnr,QNRB,HPCIA
ERR14783503,NODE_18_length_195051_cov_7.664064,gene:proph:184661;gene:proph:184659;gene:proph:163818,Citrobacter freundii,Drugs,Fosfomycin,Fosfomycin_target_mutation,MURA,HPCIA
ERR14783503,NODE_18_length_195051_cov_7.664064,gene:proph:184661;gene:proph:184659;gene:proph:163818,Citrobacter freundii,Multi-compound,Drug_and_biocide_resistance,Drug_and_biocide_RND_efflux_pumps,ACRF,Authorized for use in humans only ?
ERR14783503,NODE_14_length_220695_cov_186.062851,gene:vir:3412;gene:vir:94765;gene:proph:183066;gene:plasmid:135980;gene:plasmid:135959;gene:vir:3396;gene:proph:162945;gene:proph:183053;gene:vir:3399;gene:proph:183055;gene:vir:3401;gene:vir:3403;gene:proph:183059;gene:proph:183061;gene:vir:3407;gene:vir:3408;gene:proph:183064;gene:vir:3410;gene:proph:183067;gene:proph:183068;gene:vir:3414;gene:proph:183070;gene:proph:183066,Lactococcus lactis,Drugs,Multi-drug_resistance,Multi-drug_ABC_efflux_pumps,LMRD,HIA
ERR14783503,NODE_2_length_651656_cov_4.523883,gene:vir:7156;gene:proph:183597;gene:plasmid:134726;gene:plasmid:134726;gene:proph:161537;gene:plasmid:86179,Citrobacter freundii,Multi-compound,Drug_and_biocide_resistance,Drug_and_biocide_MFS_efflux_pumps,BCR,Not medically important
ERR14783503,NODE_2_length_651656_cov_4.523883,gene:vir:7156;gene:proph:183597;gene:plasmid:134726;gene:plasmid:134726;gene:proph:161537;gene:plasmid:86179,Citrobacter freundii,Multi-compound,Drug_and_biocide_and_metal_resistance,Drug_and_biocide_and_metal_RND_efflux_pumps,MDTB,Not medically important
ERR14783503,NODE_2_length_651656_cov_4.523883,gene:vir:7156;gene:proph:183597;gene:plasmid:134726;gene:plasmid:134726;gene:proph:161537;gene:plasmid:86179,Citrobacter freundii,Multi-compound,Drug_and_biocide_and_metal_resistance,Drug_and_biocide_and_metal_RND_efflux_pumps,MDTC,Not medically important
ERR14783503,NODE_2_length_651656_cov_4.523883,gene:vir:7156;gene:proph:183597;gene:plasmid:134726;gene:plasmid:134726;gene:proph:161537;gene:plasmid:86179,Citrobacter freundii,Drugs,Fosfomycin,Fosfomycin_target_mutation,GLPT,HPCIA
ERR14783503,NODE_2_length_651656_cov_4.523883,gene:vir:7156;gene:proph:183597;gene:plasmid:134726;gene:plasmid:134726;gene:proph:161537;gene:plasmid:86179,Citrobacter freundii,Drugs,Fluoroquinolones,Fluoroquinolone-resistant_DNA_topoisomerases,GYRA,HPCIA
ERR14783503,NODE_2_length_651656_cov_4.523883,gene:vir:7156;gene:proph:183597;gene:plasmid:134726;gene:plasmid:134726;gene:proph:161537;gene:plasmid:86179,Citrobacter freundii,Drugs,Fosfomycin,Fosfomycin_target_mutation,PTSL,HPCIA
ERR14783503,NODE_2_length_651656_cov_4.523883,gene:vir:7156;gene:proph:183597;gene:plasmid:134726;gene:plasmid:134726;gene:proph:161537;gene:plasmid:86179,Citrobacter freundii,Multi-compound,Drug_and_biocide_and_metal_resistance,Drug_and_biocide_and_metal_RND_efflux_pumps,ACRD,CIA
ERR14783503,NODE_2_length_651656_cov_4.523883,gene:vir:7156;gene:proph:183597;gene:plasmid:134726;gene:plasmid:134726;gene:proph:161537;gene:plasmid:86179,Citrobacter freundii,Multi-compound,Drug_and_biocide_and_metal_resistance,Drug_and_biocide_and_metal_RND_efflux_regulator,BAES,CIA
ERR14783503,NODE_2_length_651656_cov_4.523883,gene:vir:7156;gene:proph:183597;gene:plasmid:134726;gene:plasmid:134726;gene:proph:161537;gene:plasmid:86179,Citrobacter freundii,Drugs,betalactams,Mutant_porin_proteins,OMP36,Authorized for use in humans only
ERR14783509,NODE_24_length_102810_cov_4.006028,gene:plasmid:122956;gene:plasmid:122853;gene:plasmid:151356;gene:plasmid:151355;gene:plasmid:151354;gene:plasmid:123068;gene:plasmid:122725,Bacillus mycoides,Drugs,Nucleosides,Streptothricin_acetyltransferase,SAT,CIA
ERR14783509,NODE_200_length_5986_cov_2.260283,gene:plasmid:139560;gene:plasmid:131185,Acetobacter orientalis,Drugs,MLS,Macrolide-resistant_23S_rRNA_mutation,MLS23S,CIA ?
ERR14783509,NODE_200_length_5986_cov_2.260283,gene:plasmid:139560;gene:plasmid:131185,Acetobacter orientalis,Drugs,Aminoglycosides,Aminoglycoside-resistant_16S_ribosomal_subunit_protein,A16S,CIA
ERR14783509,NODE_45_length_58634_cov_9.094091,gene:plasmid:141403,Bacillus thuringiensis,Drugs,Elfamycins,EF-Tu_inhibition,TUFAB,NA
ERR14783509,NODE_45_length_58634_cov_9.094091,gene:plasmid:141403,Bacillus mycoides,Drugs,Rifampin,Rifampin-resistant_beta-subunit_of_RNA_polymerase_RpoB,RPOB,CIA
ERR14783509,NODE_45_length_58634_cov_9.094091,gene:plasmid:141403,Bacillus mycoides,Drugs,Lipopeptides,Daptomycin-resistant_beta-subunit_of_RNA_polymerase_RpoC,RPOCL,Authorized for use in humans only
ERR14783509,NODE_2_length_506893_cov_5.517870,gene:proph:162941;gene:proph:183089;gene:vir:1099;gene:proph:162949;gene:plasmid:17312;gene:plasmid:17311;gene:plasmid:17310;gene:plasmid:17309;gene:plasmid:17308;gene:plasmid:17300;gene:vir:1128;gene:proph:163035;gene:vir:1132;gene:vir:1133;gene:vir:1134;gene:vir:1136;gene:vir:1137;gene:vir:4023;gene:vir:1139;gene:vir:1143;gene:plasmid:17299;gene:plasmid:135980;gene:plasmid:135959;gene:proph:162933;gene:proph:184306;gene:proph:183053;gene:proph:183083;gene:vir:1116;gene:vir:3400;gene:proph:162961;gene:proph:183077;gene:proph:162940;gene:proph:162928,Lactococcus lactis,Drugs,Multi-drug_resistance,Multi-drug_ABC_efflux_pumps,LMRD,HIA
ERR14783510,NODE_249_length_49800_cov_7.499144,gene:plasmid:123887,Serratia liquefaciens,Drugs,Rifampin,Rifampin-resistant_beta-subunit_of_RNA_polymerase_RpoB,RPOB,CIA
ERR14783510,NODE_249_length_49800_cov_7.499144,gene:plasmid:123887,Pseudomonas sp.TH21,Drugs,Rifampin,Rifampin-resistant_beta-subunit_of_RNA_polymerase_RpoB,RPOB,CIA
ERR14783510,NODE_510_length_27257_cov_4.352635,gene:plasmid:123888;gene:plasmid:123887,Rahnella sp. Y9602,Drugs,Rifampin,Rifampin-resistant_beta-subunit_of_RNA_polymerase_RpoB,RPOB,CIA
ERR14783510,NODE_282_length_46088_cov_8.140989,gene:plasmid:124575,Pseudomonas saxonica,Multi-compound,Biocide_and_metal_resistance,Biocide_and_metal_resistance_protein,RUVB,0
ERR14783510,NODE_30_length_183848_cov_3.127525,gene:plasmid:134726;gene:plasmid:134726,Rahnella aquatilis,Drugs,Fluoroquinolones,Fluoroquinolone-resistant_DNA_topoisomerases,GYRA,HPCIA
ERR14783510,NODE_186_length_61745_cov_5.187867,gene:plasmid:137174;gene:plasmid:137265,Pseudomonas saxonica,Drugs,Fluoroquinolones,Fluoroquinolone-resistant_DNA_topoisomerases,GYRA,HPCIA
ERR14783510,NODE_1642_length_5297_cov_49.945841,gene:plasmid:139560,Leuconostoc mesenteroides,Drugs,Aminoglycosides,Aminoglycoside-resistant_16S_ribosomal_subunit_protein,A16S,CIA
ERR14783510,NODE_1642_length_5297_cov_49.945841,gene:plasmid:139560,Leuconostoc pseudomesenteroides,Drugs,Oxazolidinone,Oxazolidinone-resistant_23S_rRNA_mutation,O23S,Authorized for use in humans only
ERR14783510,NODE_1557_length_5648_cov_63.195979,gene:plasmid:139560;gene:plasmid:131185,Acetobacter orientalis,Drugs,MLS,Macrolide-resistant_23S_rRNA_mutation,MLS23S,CIA ?
ERR14783510,NODE_1557_length_5648_cov_63.195979,gene:plasmid:139560;gene:plasmid:131185,Acetobacter orientalis,Drugs,Aminoglycosides,Aminoglycoside-resistant_16S_ribosomal_subunit_protein,A16S,CIA
ERR14783510,NODE_500_length_27586_cov_446.511199,gene:plasmid:19763;gene:plasmid:17265;gene:plasmid:87114;gene:plasmid:17365;gene:plasmid:17315;gene:plasmid:17316;gene:plasmid:17317;gene:plasmid:17286;gene:plasmid:119373;gene:plasmid:17348,Listeria monocytogenes,Drugs,Tetracyclines,Tetracycline_resistance_ribosomal_protection_proteins,TETS,HIA
ERR14783510,NODE_51_length_143839_cov_7.816870,gene:plasmid:20845,Pseudomonas saxonica,Drugs,Aminocoumarins,Aminocoumarin-resistant_DNA_topoisomerases,PARE,Not medically important
ERR14783510,NODE_51_length_143839_cov_7.816870,gene:plasmid:20845,Pseudomonas saxonica,Drugs,Fluoroquinolones,Fluoroquinolone-resistant_DNA_topoisomerases,PARC,HPCIA
ERR14783510,NODE_1093_length_9551_cov_4.383065,gene:plasmid:83808;gene:plasmid:91778,Klebsiella pneumoniae,Drugs,Tetracyclines,Tetracycline_resistance_MFS_efflux_pumps,TETD,HIA
ERR14783510,NODE_8_length_454554_cov_41.097472,gene:plasmid:93474;gene:plasmid:136993,Yersinia alsatica,Drugs,Aminocoumarins,Aminocoumarin-resistant_DNA_topoisomerases,PARE,Not medically important
ERR14783510,NODE_8_length_454554_cov_41.097472,gene:plasmid:93474;gene:plasmid:136993,Yersinia alsatica,Multi-compound,Drug_and_biocide_resistance,Drug_and_biocide_MFS_efflux_regulator,EVGS,Authorized for use in humans only ?
ERR14783510,NODE_13_length_350479_cov_2.609764,gene:plasmid:93482;gene:plasmid:124502,Rahnella aquatilis,Drugs,betalactams,Class_A_betalactamases,RAHN,Authorized for use in humans only 
ERR14783510,NODE_13_length_350479_cov_2.609764,gene:plasmid:93482;gene:plasmid:124502,Rahnella aquatilis,Multi-compound,Drug_and_biocide_resistance,Drug_and_biocide_RND_efflux_pumps,SDEB,0
ERR14783510,NODE_20_length_230279_cov_43.779876,gene:proph:159064,Yersinia alsatica,Drugs,Fosfomycin,Fosfomycin_target_mutation,MURA,HPCIA
ERR14783510,NODE_114_length_84812_cov_3.943166,gene:proph:159396,Rahnella aceris,Drugs,Fosfomycin,Fosfomycin_target_mutation,GLPT,HPCIA
ERR14783510,NODE_83_length_100517_cov_34.083166,gene:proph:163818,Yersinia frederiksenii,Drugs,betalactams,Mutant_porin_proteins,OMPK36,Authorized for use in humans only ?
ERR14783510,NODE_83_length_100517_cov_34.083166,gene:proph:163818,Pantoea agglomerans,Multi-compound,Drug_and_biocide_resistance,Drug_and_biocide_SMR_efflux_pumps,KPNO,0
ERR14783510,NODE_6_length_570856_cov_35.798787,gene:proph:163979;gene:proph:166152,Yersinia alsatica,Drugs,Fluoroquinolones,Fluoroquinolone-resistant_DNA_topoisomerases,GYRA,HPCIA
ERR14783510,NODE_6_length_570856_cov_35.798787,gene:proph:163979;gene:proph:166152,Yersinia alsatica,Drugs,Fosfomycin,Fosfomycin_target_mutation,PTSL,HPCIA
ERR14783510,NODE_7_length_507990_cov_3.141922,gene:proph:163979;gene:proph:173461,Rahnella sp. Y9602,Multi-compound,Drug_and_biocide_and_metal_resistance,Drug_and_biocide_and_metal_RND_efflux_pumps,ACRD,CIA
ERR14783510,NODE_7_length_507990_cov_3.141922,gene:proph:163979;gene:proph:173461,Rahnella sp. Y9602,Multi-compound,Drug_and_biocide_resistance,Drug_and_biocide_RND_efflux_pumps,ACRB,Authorized for use in humans only ?
ERR14783510,NODE_3_length_722390_cov_40.125872,gene:proph:173756;gene:proph:175005;gene:proph:173765;gene:proph:175001;gene:proph:173768;gene:proph:173769;gene:proph:174993;gene:proph:173776;gene:proph:173777;gene:proph:174987;gene:proph:173782;gene:proph:173786;gene:proph:174981;gene:proph:173788,Yersinia alsatica,Biocides,Multi-biocide_resistance,Multi-biocide_resistance_regulator,RPOS,0
ERR14783510,NODE_418_length_33378_cov_42.957114,gene:proph:176835;gene:plasmid:123887,Yersinia alsatica,Drugs,Elfamycins,EF-Tu_inhibition,TUFAB,NA
ERR14783510,NODE_418_length_33378_cov_42.957114,gene:proph:176835;gene:plasmid:123887,Yersinia alsatica,Drugs,Rifampin,Rifampin-resistant_beta-subunit_of_RNA_polymerase_RpoB,RPOB,CIA
ERR14783510,NODE_163_length_66340_cov_5.816683,gene:proph:184236;gene:proph:175950;gene:proph:175955;gene:proph:184195;gene:proph:184194,Pseudomonas saxonica,Biocides,Multi-biocide_resistance,Multi-biocide_RND_efflux_pump,EMHB,0
ERR14783510,NODE_163_length_66340_cov_5.816683,gene:proph:184236;gene:proph:175950;gene:proph:175955;gene:proph:184195;gene:proph:184194,Pseudomonas saxonica,Multi-compound,Drug_and_biocide_resistance,Drug_and_biocide_RND_efflux_pumps,EMHC,0
ERR14783510,NODE_2_length_876226_cov_33.442275,gene:vir:105410,Yersinia alsatica,Drugs,Multi-drug_resistance,Multi-drug_MFS_efflux_pumps,ROSA,NA
ERR14783510,NODE_2_length_876226_cov_33.442275,gene:vir:105410,Yersinia alsatica,Drugs,Multi-drug_resistance,Multi-drug_MFS_efflux_pumps,ROSB,NA
ERR14783510,NODE_2_length_876226_cov_33.442275,gene:vir:105410,Yersinia alsatica,Multi-compound,Drug_and_biocide_resistance,Drug_and_biocide_RND_efflux_pumps,SDEY,0
ERR14783510,NODE_193_length_60031_cov_3.021918,gene:vir:6079;gene:proph:163818,Rahnella aquatilis,Drugs,betalactams,Mutant_porin_proteins,OMPK36,Authorized for use in humans only ?
ERR14783511,NODE_68_length_49648_cov_12.568850,gene:plasmid:123887,Pseudomonas helleri,Drugs,Rifampin,Rifampin-resistant_beta-subunit_of_RNA_polymerase_RpoB,RPOB,CIA
ERR14783511,NODE_68_length_49648_cov_12.568850,gene:plasmid:123887,Pseudomonas saxonica,Drugs,Rifampin,Rifampin-resistant_beta-subunit_of_RNA_polymerase_RpoB,RPOB,CIA
ERR14783511,NODE_76_length_46312_cov_12.842546,gene:plasmid:124575,Pseudomonas saxonica,Multi-compound,Biocide_and_metal_resistance,Biocide_and_metal_resistance_protein,RUVB,0
ERR14783511,NODE_800_length_5648_cov_61.872306,gene:plasmid:139560;gene:plasmid:131376,Acetobacter orientalis,Drugs,MLS,Macrolide-resistant_23S_rRNA_mutation,MLS23S,CIA ?
ERR14783511,NODE_800_length_5648_cov_61.872306,gene:plasmid:139560;gene:plasmid:131376,Acetobacter ghanensis,Drugs,Aminoglycosides,Aminoglycoside-resistant_16S_ribosomal_subunit_protein,A16S,CIA
ERR14783511,NODE_257_length_21320_cov_9.093757,gene:proph:184195;gene:proph:184194;gene:proph:184236,Pseudomonas saxonica,Biocides,Multi-biocide_resistance,Multi-biocide_RND_efflux_pump,EMHB,0
ERR14783511,NODE_257_length_21320_cov_9.093757,gene:proph:184195;gene:proph:184194;gene:proph:184236,Pseudomonas saxonica,Multi-compound,Drug_and_biocide_resistance,Drug_and_biocide_RND_efflux_pumps,EMHC,0
ERR14783512,NODE_14_length_183158_cov_74.409789,gene:plasmid:115548;gene:proph:184192;gene:proph:184193,Pseudomonas brenneri,Multi-compound,Drug_and_biocide_resistance,Drug_and_biocide_RND_efflux_pumps,MEXK,CIA
ERR14783512,NODE_84_length_43549_cov_84.502948,gene:plasmid:138489,Pseudomonas brenneri,Drugs,Elfamycins,EF-Tu_inhibition,TUFAB,NA
ERR14783512,NODE_84_length_43549_cov_84.502948,gene:plasmid:138489,Pseudomonas sp. FP453,Drugs,Elfamycins,EF-Tu_inhibition,TUFAB,NA
ERR14783512,NODE_685_length_4401_cov_2.379504,gene:plasmid:139560;gene:plasmid:131185,Acetobacter orientalis,Drugs,Aminoglycosides,Aminoglycoside-resistant_16S_ribosomal_subunit_protein,A16S,CIA
ERR14783512,NODE_623_length_4864_cov_23.909014,gene:plasmid:141403,Bacillus cereus,Drugs,Elfamycins,EF-Tu_inhibition,TUFAB,NA
ERR14783512,NODE_623_length_4864_cov_23.909014,gene:plasmid:141403,Bacillus mycoides,Drugs,Elfamycins,EF-Tu_inhibition,TUFAB,NA
ERR14783512,NODE_24_length_142166_cov_98.510198,gene:plasmid:145291;gene:plasmid:157593,Pseudomonas brenneri,Drugs,Fluoroquinolones,Fluoroquinolone-resistant_DNA_topoisomerases,GYRB,HPCIA
ERR14783512,NODE_3_length_296946_cov_70.194519,gene:plasmid:146294;gene:plasmid:21628;gene:plasmid:154791,Pseudomonas brenneri,Biocides,Multi-biocide_resistance,Multi-biocide_ABC_efflux_pump,SMRA,0
ERR14783512,NODE_37_length_98452_cov_51.105731,gene:plasmid:20371;gene:plasmid:20600;gene:plasmid:20598;gene:plasmid:20597,Pseudomonas brenneri,Drugs,Multi-drug_resistance,Multi-drug_RND_efflux_pumps,MUXB,CIA
ERR14783512,NODE_37_length_98452_cov_51.105731,gene:plasmid:20371;gene:plasmid:20600;gene:plasmid:20598;gene:plasmid:20597,Pseudomonas brenneri,Multi-compound,Drug_and_biocide_resistance,Drug_and_biocide_RND_efflux_pumps,MEXD1,0
ERR14783512,NODE_5_length_256104_cov_66.984295,gene:plasmid:21134;gene:plasmid:26360,Pseudomonas brenneri,Multi-compound,Drug_and_biocide_resistance,Drug_and_biocide_MATE_efflux_pumps,PMPM,HPCIA
ERR14783512,NODE_18_length_163493_cov_88.843841,gene:plasmid:22061;gene:plasmid:124575,Pseudomonas brenneri,Multi-compound,Biocide_and_metal_resistance,Biocide_and_metal_resistance_protein,RUVB,0
ERR14783512,NODE_52_length_75242_cov_93.334314,gene:plasmid:22062;gene:plasmid:116567,Pseudomonas brenneri,Biocides,Phenolic_compound_resistance,Phenolic_RND_efflux_pump,TRIC,0
ERR14783512,NODE_20_length_157734_cov_86.951544,gene:plasmid:28506;gene:plasmid:116643;gene:plasmid:20845;gene:plasmid:22605,Pseudomonas brenneri,Drugs,Aminocoumarins,Aminocoumarin-resistant_DNA_topoisomerases,PARE,Not medically important
ERR14783512,NODE_20_length_157734_cov_86.951544,gene:plasmid:28506;gene:plasmid:116643;gene:plasmid:20845;gene:plasmid:22605,Pseudomonas brenneri,Drugs,Multi-drug_resistance,Multi-drug_RND_efflux_pumps,OPMH,NA
ERR14783512,NODE_20_length_157734_cov_86.951544,gene:plasmid:28506;gene:plasmid:116643;gene:plasmid:20845;gene:plasmid:22605,Pseudomonas brenneri,Drugs,Fluoroquinolones,Fluoroquinolone-resistant_DNA_topoisomerases,PARC,HPCIA
ERR14783512,NODE_139_length_25843_cov_69.775432,gene:plasmid:85950,Pseudomonas brenneri,Biocides,Peroxide_resistance,peroxide_resistance_protein,SODB,0
ERR14783519,NODE_1939_length_3441_cov_2.155401,gene:plasmid:131373,Leuconostoc mesenteroides,Drugs,Aminoglycosides,Aminoglycoside-resistant_16S_ribosomal_subunit_protein,A16S,CIA
ERR14783519,NODE_15_length_113354_cov_2.718777,gene:plasmid:139560;gene:plasmid:131185,Acetobacter orientalis,Drugs,MLS,Macrolide-resistant_23S_rRNA_mutation,MLS23S,CIA ?
ERR14783519,NODE_15_length_113354_cov_2.718777,gene:plasmid:139560;gene:plasmid:131185,Acetobacter orientalis,Drugs,Aminoglycosides,Aminoglycoside-resistant_16S_ribosomal_subunit_protein,A16S,CIA
ERR14783521,NODE_569_length_5531_cov_22.021281,gene:plasmid:131373,Leuconostoc mesenteroides,Drugs,Aminoglycosides,Aminoglycoside-resistant_16S_ribosomal_subunit_protein,A16S,CIA
ERR14783521,NODE_569_length_5531_cov_22.021281,gene:plasmid:131373,Leuconostoc mesenteroides,Drugs,Oxazolidinone,Oxazolidinone-resistant_23S_rRNA_mutation,O23S,Authorized for use in humans only
ERR14783521,NODE_40_length_108592_cov_4.020375,gene:plasmid:139560;gene:plasmid:131376,Acetobacter orientalis,Drugs,MLS,Macrolide-resistant_23S_rRNA_mutation,MLS23S,CIA ?
ERR14783521,NODE_40_length_108592_cov_4.020375,gene:plasmid:139560;gene:plasmid:131376,other,Drugs,Aminoglycosides,Aminoglycoside-resistant_16S_ribosomal_subunit_protein,A16S,CIA
ERR14783521,NODE_2_length_918619_cov_31.335965,gene:proph:163818;gene:plasmid:134726;gene:plasmid:134726,Hafnia paralvei,Multi-compound,Drug_and_biocide_resistance,Drug_and_biocide_MFS_efflux_pumps,EMRB,HPCIA
ERR14783521,NODE_2_length_918619_cov_31.335965,gene:proph:163818;gene:plasmid:134726;gene:plasmid:134726,Hafnia paralvei,Drugs,betalactams,Mutant_porin_proteins,OMP36,Authorized for use in humans only
ERR14783521,NODE_1_length_1309067_cov_28.303480,gene:proph:168063;gene:plasmid:119512;gene:plasmid:119478;gene:vir:108429,Hafnia paralvei,Drugs,Fluoroquinolones,Fluoroquinolone-resistant_DNA_topoisomerases,GYRA,HPCIA
ERR14783521,NODE_1_length_1309067_cov_28.303480,gene:proph:168063;gene:plasmid:119512;gene:plasmid:119478;gene:vir:108429,Hafnia paralvei,Multi-compound,Drug_and_biocide_resistance,Drug_and_biocide_RND_efflux_pumps,ACRB,Authorized for use in humans only ?
ERR14783521,NODE_1_length_1309067_cov_28.303480,gene:proph:168063;gene:plasmid:119512;gene:plasmid:119478;gene:vir:108429,Hafnia paralvei,Drugs,betalactams,Mutant_porin_proteins,OMP36,Authorized for use in humans only
ERR14783521,NODE_4_length_400355_cov_44.247564,gene:proph:169074;gene:proph:169075,AF180954 Hafnia alvei,Drugs,betalactams,Class_C_betalactamases,ACC,HIA ?
ERR14783521,NODE_4_length_400355_cov_44.247564,gene:proph:169074;gene:proph:169075,AF180954 Hafnia alvei,Drugs,Aminoglycosides,Aminoglycoside-resistant_16S_ribosomal_subunit_protein,RPSL,CIA
ERR14783521,NODE_4_length_400355_cov_44.247564,gene:proph:169074;gene:proph:169075,AF180954 Hafnia alvei,Drugs,Aminoglycosides,Aminoglycoside-resistant_16S_ribosomal_subunit_protein,RPSL,CIA
ERR14783521,NODE_132_length_34475_cov_41.394928,gene:proph:176835;gene:plasmid:123887,Hafnia paralvei,Drugs,Elfamycins,EF-Tu_inhibition,TUFAB,NA
ERR14783521,NODE_132_length_34475_cov_41.394928,gene:proph:176835;gene:plasmid:123887,Hafnia paralvei,Drugs,Rifampin,Rifampin-resistant_beta-subunit_of_RNA_polymerase_RpoB,RPOB,CIA
ERR14783521,NODE_3_length_455292_cov_261.619206,gene:vir:4019;gene:vir:1043;gene:vir:1042;ICEberg|404|Tn5301|GenBank|S54034|1..515;gene:plasmid:135980;gene:plasmid:135959;gene:vir:4021;gene:vir:4022;gene:proph:183100;gene:proph:183258;gene:vir:94760,Lactococcus cremoris,Drugs,Multi-drug_resistance,Multi-drug_ABC_efflux_pumps,LMRD,HIA
ERR14783522,NODE_19_length_82448_cov_2.668262,gene:plasmid:117290,Leuconostoc mesenteroides,Drugs,Oxazolidinone,Oxazolidinone-resistant_23S_rRNA_mutation,O23S,Authorized for use in humans only
ERR14783522,NODE_2_length_724414_cov_8.039236,gene:plasmid:119512;gene:plasmid:119478,Hafnia paralvei,Drugs,Fluoroquinolones,Fluoroquinolone-resistant_DNA_topoisomerases,GYRA,HPCIA
ERR14783522,NODE_1_length_918564_cov_8.666964,gene:proph:163818;gene:plasmid:134726;gene:plasmid:134726,Hafnia paralvei,Multi-compound,Drug_and_biocide_resistance,Drug_and_biocide_MFS_efflux_pumps,EMRB,HPCIA
ERR14783522,NODE_1_length_918564_cov_8.666964,gene:proph:163818;gene:plasmid:134726;gene:plasmid:134726,Hafnia paralvei,Drugs,betalactams,Mutant_porin_proteins,OMP36,Authorized for use in humans only
ERR14783522,NODE_4_length_371546_cov_11.295553,gene:proph:169074;gene:proph:169075,AF180954 Hafnia alvei,Drugs,Elfamycins,EF-Tu_inhibition,TUFAB,NA
ERR14783522,NODE_4_length_371546_cov_11.295553,gene:proph:169074;gene:proph:169075,AF180954 Hafnia alvei,Drugs,betalactams,Class_C_betalactamases,ACC,HIA ?
ERR14783522,NODE_40_length_34475_cov_10.536392,gene:proph:176835;gene:plasmid:123887,Hafnia paralvei,Drugs,Elfamycins,EF-Tu_inhibition,TUFAB,NA
ERR14783522,NODE_40_length_34475_cov_10.536392,gene:proph:176835;gene:plasmid:123887,Hafnia paralvei,Drugs,Rifampin,Rifampin-resistant_beta-subunit_of_RNA_polymerase_RpoB,RPOB,CIA
ERR14783522,NODE_3_length_715253_cov_7.382189,gene:vir:108429;gene:proph:176833;gene:proph:168063,Hafnia paralvei,Drugs,betalactams,Mutant_porin_proteins,OMP36,Authorized for use in humans only
ERR14783523,NODE_436_length_5339_cov_23.106677,gene:plasmid:131373,Leuconostoc mesenteroides,Drugs,Aminoglycosides,Aminoglycoside-resistant_16S_ribosomal_subunit_protein,A16S,CIA
ERR14783523,NODE_436_length_5339_cov_23.106677,gene:plasmid:131373,Leuconostoc mesenteroides,Drugs,Oxazolidinone,Oxazolidinone-resistant_23S_rRNA_mutation,O23S,Authorized for use in humans only
ERR14783524,NODE_14_length_243900_cov_4.097919,gene:plasmid:119512;gene:plasmid:119478,Hafnia paralvei,Drugs,Fluoroquinolones,Fluoroquinolone-resistant_DNA_topoisomerases,GYRA,HPCIA
ERR14783524,NODE_173_length_29046_cov_24.478094,gene:plasmid:123887,Pseudomonas sp. S2_B10,Drugs,Elfamycins,EF-Tu_inhibition,TUFAB,NA
ERR14783524,NODE_5_length_395480_cov_4.148832,gene:plasmid:134726;gene:plasmid:134726;gene:proph:163818,Hafnia paralvei,Drugs,betalactams,Mutant_porin_proteins,OMP36,Authorized for use in humans only
ERR14783524,NODE_1034_length_5342_cov_517.616107,gene:plasmid:139560,Acetobacter orientalis,Drugs,Aminoglycosides,Aminoglycoside-resistant_16S_ribosomal_subunit_protein,A16S,CIA
ERR14783524,NODE_1034_length_5342_cov_517.616107,gene:plasmid:139560,Leuconostoc mesenteroides,Drugs,Oxazolidinone,Oxazolidinone-resistant_23S_rRNA_mutation,O23S,Authorized for use in humans only
ERR14783524,NODE_70_length_72815_cov_12.152680,gene:plasmid:149414,Lelliottia amnigena,Biocides,Paraquat_resistance,Paraquat_resistance_protein,NMPC,0
ERR14783524,NODE_19_length_207922_cov_22.593455,gene:plasmid:153902;gene:plasmid:153905;gene:plasmid:153906;gene:plasmid:147501;gene:plasmid:147500;gene:plasmid:139674,Citrobacter freundii,Drugs,Elfamycins,EF-Tu_inhibition,TUFAB,NA
ERR14783524,NODE_19_length_207922_cov_22.593455,gene:plasmid:153902;gene:plasmid:153905;gene:plasmid:153906;gene:plasmid:147501;gene:plasmid:147500;gene:plasmid:139674,Citrobacter freundii,Drugs,Aminoglycosides,Aminoglycoside-resistant_16S_ribosomal_subunit_protein,RPSL,CIA
ERR14783524,NODE_19_length_207922_cov_22.593455,gene:plasmid:153902;gene:plasmid:153905;gene:plasmid:153906;gene:plasmid:147501;gene:plasmid:147500;gene:plasmid:139674,Citrobacter freundii,Multi-compound,Drug_and_biocide_resistance,Drug_and_biocide_RND_efflux_regulator,CRP,Authorized for use in humans only 
ERR14783524,NODE_29_length_157947_cov_10.921499,gene:plasmid:154014,Lelliottia amnigena,Multi-compound,Drug_and_biocide_resistance,Drug_and_biocide_RND_efflux_pumps,OQXB,Authorized for use in humans only ?
ERR14783524,NODE_29_length_157947_cov_10.921499,gene:plasmid:154014,Lelliottia amnigena,Biocides,Paraquat_resistance,Paraquat_resistance_protein,NMPC,0
ERR14783524,NODE_29_length_157947_cov_10.921499,gene:plasmid:154014,Lelliottia amnigena,Multi-compound,Biocide_and_metal_resistance,Biocide_and_metal_resistance_protein,TEHB,0
ERR14783524,NODE_53_length_95046_cov_17.373929,gene:plasmid:93398;gene:plasmid:93399,Lelliottia amnigena,Multi-compound,Drug_and_biocide_resistance,Drug_and_biocide_RND_efflux_pumps,ACRB,Authorized for use in humans only ?
ERR14783524,NODE_53_length_95046_cov_17.373929,gene:plasmid:93398;gene:plasmid:93399,Lelliottia amnigena,Multi-compound,Drug_and_biocide_resistance,Drug_and_biocide_RND_efflux_pumps,ACRB,Authorized for use in humans only ?
ERR14783524,NODE_53_length_95046_cov_17.373929,gene:plasmid:93398;gene:plasmid:93399,Lelliottia amnigena,Biocides,Multi-biocide_resistance,Multi-biocide_ABC_efflux_pump,SMDB,0
ERR14783524,NODE_10_length_280337_cov_20.151451,gene:plasmid:93495,Lelliottia amnigena,Biocides,Acetate_resistance,Acetate_resistance_protein,LPDT,0
ERR14783524,NODE_3_length_424803_cov_15.782074,gene:proph:163818,Pantoea agglomerans,Drugs,betalactams,Mutant_porin_proteins,OMPA,Authorized for use in humans only ?
ERR14783524,NODE_3_length_424803_cov_15.782074,gene:proph:163818,Lelliottia amnigena,Drugs,Multi-drug_resistance,MDR_mutant_porin_proteins,OMPF,Authorized for use in humans only 
ERR14783524,NODE_4_length_400354_cov_6.398319,gene:proph:169074;gene:proph:169075,AF180954 Hafnia alvei,Drugs,Elfamycins,EF-Tu_inhibition,TUFAB,NA
ERR14783524,NODE_4_length_400354_cov_6.398319,gene:proph:169074;gene:proph:169075,Hafnia paralvei,Drugs,betalactams,Class_C_betalactamases,ACC,HIA ?
ERR14783524,NODE_4_length_400354_cov_6.398319,gene:proph:169074;gene:proph:169075,AF180954 Hafnia alvei,Drugs,Aminoglycosides,Aminoglycoside-resistant_16S_ribosomal_subunit_protein,RPSL,CIA
ERR14783524,NODE_16_length_234128_cov_13.844249,gene:proph:169464;gene:proph:169512;gene:plasmid:125744,Lelliottia amnigena,Biocides,Phenolic_compound_resistance,Triclosan-resistant_mutation,FABG,0
ERR14783524,NODE_2_length_429441_cov_3.847049,gene:proph:176833,Acinetobacter guillouiae,Drugs,Elfamycins,EF-Tu_inhibition,TUFAB,NA
ERR14783524,NODE_36_length_122284_cov_24.865386,gene:proph:176833;gene:proph:176835,Lelliottia amnigena,Drugs,Lipopeptides,Colistin_phosphoethanolamine_transferase,EPTB,NA
ERR14783524,NODE_152_length_34475_cov_5.777658,gene:proph:176835;gene:plasmid:123887,Hafnia paralvei,Drugs,Elfamycins,EF-Tu_inhibition,TUFAB,NA
ERR14783524,NODE_152_length_34475_cov_5.777658,gene:proph:176835;gene:plasmid:123887,Hafnia paralvei,Drugs,Rifampin,Rifampin-resistant_beta-subunit_of_RNA_polymerase_RpoB,RPOB,CIA
ERR14783524,NODE_22_length_185150_cov_16.190333,gene:proph:183597;gene:proph:183598,Lelliottia amnigena,Drugs,Fosfomycin,Fosfomycin_target_mutation,PTSL,HPCIA
ERR14783524,NODE_22_length_185150_cov_16.190333,gene:proph:183597;gene:proph:183598,Lelliottia amnigena,Multi-compound,Drug_and_biocide_and_metal_resistance,Drug_and_biocide_and_metal_RND_efflux_pumps,ACRD,CIA
ERR14783524,NODE_8_length_342076_cov_3.546602,gene:vir:108429;gene:proph:168063,Hafnia alvei,Drugs,betalactams,Mutant_porin_proteins,OMP36,Authorized for use in humans only
ERR14783524,NODE_27_length_173262_cov_25.455644,pENTAS02_1__CP003028,Lelliottia amnigena,Biocides,Biguanide_resistance,Biguanide_cation_efflux,CEPAB,0
ERR14783524,NODE_27_length_173262_cov_25.455644,pENTAS02_1__CP003028,Lelliottia amnigena,Biocides,Multi-biocide_resistance,Multi-biocide_resistance_regulator,OXYRKP,0
ERR14783530,NODE_962_length_8404_cov_6.374169,gene:plasmid:123887,Pseudomonas helleri,Drugs,Rifampin,Rifampin-resistant_beta-subunit_of_RNA_polymerase_RpoB,RPOB,CIA
ERR14783530,NODE_327_length_26295_cov_80.134898,gene:plasmid:123887,Pseudomonas lundensis,Drugs,Rifampin,Rifampin-resistant_beta-subunit_of_RNA_polymerase_RpoB,RPOB,CIA
ERR14783530,NODE_45_length_95888_cov_5.925408,gene:plasmid:125744,Pseudomonas lundensis,Multi-compound,Biocide_and_metal_resistance,Biocide_and_metal_resistance_protein,RUVB,0
ERR14783530,NODE_1850_length_3704_cov_127.413755,gene:plasmid:131373,Leuconostoc mesenteroides,Drugs,Aminoglycosides,Aminoglycoside-resistant_16S_ribosomal_subunit_protein,A16S,CIA
ERR14783530,NODE_4_length_225339_cov_3.178019,gene:plasmid:134485,Pseudomonas lundensis,Drugs,Cationic_antimicrobial_peptides,Polymyxin_B_resistance_regulator,ARNA,HPCIA
ERR14783530,NODE_368_length_24121_cov_2.338585,gene:plasmid:134731;gene:plasmid:139560;gene:plasmid:131376,Acetobacter orientalis,Drugs,MLS,Macrolide-resistant_23S_rRNA_mutation,MLS23S,CIA ?
ERR14783530,NODE_368_length_24121_cov_2.338585,gene:plasmid:134731;gene:plasmid:139560;gene:plasmid:131376,Acetobacter orientalis,Drugs,Aminoglycosides,Aminoglycoside-resistant_16S_ribosomal_subunit_protein,A16S,CIA
ERR14783530,NODE_96_length_62275_cov_4.477554,gene:plasmid:21021,Pseudomonas sp. SD17-1,Multi-compound,Drug_and_biocide_resistance,Drug_and_biocide_RND_efflux_pumps,TTGB,NA
ERR14783530,NODE_96_length_62275_cov_4.477554,gene:plasmid:21021,Pseudomonas lundensis,Drugs,Lipopeptides,Colistin-resistant_mutant,PHOP,HPCIA
ERR14783530,NODE_735_length_11829_cov_57.478978,gene:plasmid:28516,Pseudomonas fragi,Drugs,Aminocoumarins,Aminocoumarin-resistant_DNA_topoisomerases,PARE,Not medically important
ERR14783530,NODE_84_length_67997_cov_4.808177,gene:proph:175950;gene:proph:175953;gene:proph:175954;gene:proph:184195;gene:proph:184194;gene:proph:184236;gene:proph:175955,Pseudomonas lundensis,Biocides,Multi-biocide_resistance,Multi-biocide_RND_efflux_pump,EMHB,0
ERR14783530,NODE_84_length_67997_cov_4.808177,gene:proph:175950;gene:proph:175953;gene:proph:175954;gene:proph:184195;gene:proph:184194;gene:proph:184236;gene:proph:175955,Pseudomonas lundensis,Multi-compound,Drug_and_biocide_resistance,Drug_and_biocide_RND_efflux_pumps,EMHC,0
ERR14783530,NODE_211_length_36346_cov_52.621110,gene:proph:175950;gene:proph:175953;gene:proph:184236;gene:proph:175955;gene:proph:184195;gene:proph:184194,Pseudomonas fragi,Biocides,Multi-biocide_resistance,Multi-biocide_RND_efflux_pump,EMHB,0
ERR14783530,NODE_211_length_36346_cov_52.621110,gene:proph:175950;gene:proph:175953;gene:proph:184236;gene:proph:175955;gene:proph:184195;gene:proph:184194,Pseudomonas fragi,Multi-compound,Drug_and_biocide_resistance,Drug_and_biocide_RND_efflux_pumps,EMHC,0
ERR14783530,NODE_2_length_294581_cov_391.057751,ICEberg|404|Tn5301|GenBank|S54034|1..515,Lactococcus cremoris,Drugs,Multi-drug_resistance,Multi-drug_ABC_efflux_pumps,LMRD,HIA
ERR14783532,NODE_39_length_43118_cov_4.140215,gene:plasmid:29997;gene:plasmid:29994;gene:plasmid:29990;gene:plasmid:29991;gene:plasmid:29993;gene:plasmid:29995;gene:plasmid:29996,Pseudomonas aeruginosa,Multi-compound,Drug_and_biocide_resistance,Drug_and_biocide_RND_efflux_pumps,MEXD1,0
ERR14783532,NODE_134_length_20344_cov_6.282139,gene:plasmid:89528,Pseudomonas helleri,Drugs,Multi-drug_resistance,Multi-drug_RND_efflux_pumps,OPMH,NA
ERR14783538,NODE_13_length_274343_cov_24.475151,gene:plasmid:115070;gene:plasmid:21021,Pseudomonas azotoformans,Multi-compound,Drug_and_biocide_resistance,Drug_and_biocide_RND_efflux_regulator,CPXAR,CIA 
ERR14783538,NODE_13_length_274343_cov_24.475151,gene:plasmid:115070;gene:plasmid:21021,Pseudomonas azotoformans,Biocides,Peroxide_resistance,peroxide_resistance_protein,SODB,0
ERR14783538,NODE_15_length_270034_cov_23.594134,gene:plasmid:115548;gene:proph:184192;gene:proph:184193;gene:plasmid:20884,Pseudomonas azotoformans,Multi-compound,Drug_and_biocide_resistance,Drug_and_biocide_RND_efflux_pumps,TTGB,NA
ERR14783538,NODE_15_length_270034_cov_23.594134,gene:plasmid:115548;gene:proph:184192;gene:proph:184193;gene:plasmid:20884,Pseudomonas sp. AC109,Biocides,Multi-biocide_resistance,Multi-biocide_RND_efflux_pump,EMHA,0
ERR14783538,NODE_15_length_270034_cov_23.594134,gene:plasmid:115548;gene:proph:184192;gene:proph:184193;gene:plasmid:20884,Pseudomonas sp. AC109,Multi-compound,Drug_and_biocide_resistance,Drug_and_biocide_RND_efflux_pumps,EMHC,0
ERR14783538,NODE_88_length_100431_cov_12.810197,gene:plasmid:115548;gene:proph:184192;gene:proph:184193;gene:plasmid:21089,Pseudomonas sp. FP2294,Multi-compound,Drug_and_biocide_resistance,Drug_and_biocide_RND_efflux_pumps,TTGB,NA
ERR14783538,NODE_88_length_100431_cov_12.810197,gene:plasmid:115548;gene:proph:184192;gene:proph:184193;gene:plasmid:21089,Pseudomonas sp. FP2294,Biocides,Multi-biocide_resistance,Multi-biocide_RND_efflux_pump,EMHA,0
ERR14783538,NODE_88_length_100431_cov_12.810197,gene:plasmid:115548;gene:proph:184192;gene:proph:184193;gene:plasmid:21089,Pseudomonas sp. FP2294,Multi-compound,Drug_and_biocide_resistance,Drug_and_biocide_RND_efflux_pumps,EMHC,0
ERR14783538,NODE_8_length_312548_cov_9.971055,gene:plasmid:116448;gene:plasmid:116447;gene:proph:173726,Pseudomonas rustica,Drugs,Cationic_antimicrobial_peptides,Polymyxin_B_resistance_regulator,ARNA,HPCIA
ERR14783538,NODE_8_length_312548_cov_9.971055,gene:plasmid:116448;gene:plasmid:116447;gene:proph:173726,Pseudomonas rustica,Multi-compound,Drug_and_biocide_resistance,Drug_and_biocide_RND_efflux_pumps,MEXE,HPCIA
ERR14783538,NODE_8_length_312548_cov_9.971055,gene:plasmid:116448;gene:plasmid:116447;gene:proph:173726,Pseudomonas rustica,Multi-compound,Drug_and_biocide_resistance,Drug_and_biocide_RND_efflux_pumps,MEXF,HPCIA
ERR14783538,NODE_2539_length_3439_cov_1.981884,gene:plasmid:117290,Leuconostoc mesenteroides,Drugs,Oxazolidinone,Oxazolidinone-resistant_23S_rRNA_mutation,O23S,Authorized for use in humans only
ERR14783538,NODE_294_length_34525_cov_4.638409,gene:plasmid:117746;gene:plasmid:117744;gene:plasmid:88433;gene:plasmid:88432;gene:plasmid:88431,Enterobacter hormaechei,Drugs,betalactams,Class_A_betalactamases,CTX,Authorized for use in humans only 
ERR14783538,NODE_375_length_25862_cov_3.079775,gene:plasmid:123887,Pseudomonas sp.TH21,Drugs,Elfamycins,EF-Tu_inhibition,TUFAB,NA
ERR14783538,NODE_716_length_13340_cov_34.632786,gene:plasmid:123887,Lelliottia amnigena,Drugs,Rifampin,Rifampin-resistant_beta-subunit_of_RNA_polymerase_RpoB,RPOB,CIA
ERR14783538,NODE_31_length_198850_cov_27.710008,gene:plasmid:124575;gene:plasmid:125744;gene:plasmid:21379,Pseudomonas azotoformans,Drugs,Aminocoumarins,Aminocoumarin-resistant_DNA_topoisomerases,PARE,Not medically important
ERR14783538,NODE_31_length_198850_cov_27.710008,gene:plasmid:124575;gene:plasmid:125744;gene:plasmid:21379,Pseudomonas azotoformans,Drugs,Multi-drug_resistance,Multi-drug_RND_efflux_pumps,OPMH,NA
ERR14783538,NODE_31_length_198850_cov_27.710008,gene:plasmid:124575;gene:plasmid:125744;gene:plasmid:21379,Pseudomonas azotoformans,Drugs,Fluoroquinolones,Fluoroquinolone-resistant_DNA_topoisomerases,PARC,HPCIA
ERR14783538,NODE_31_length_198850_cov_27.710008,gene:plasmid:124575;gene:plasmid:125744;gene:plasmid:21379,Pseudomonas azotoformans,Multi-compound,Biocide_and_metal_resistance,Biocide_and_metal_resistance_protein,RUVB,0
ERR14783538,NODE_52_length_150306_cov_14.597360,gene:plasmid:125744;gene:plasmid:21379,Pseudomonas shahriarae,Drugs,Aminocoumarins,Aminocoumarin-resistant_DNA_topoisomerases,PARE,Not medically important
ERR14783538,NODE_52_length_150306_cov_14.597360,gene:plasmid:125744;gene:plasmid:21379,Pseudomonas shahriarae,Drugs,Multi-drug_resistance,Multi-drug_RND_efflux_pumps,OPMH,NA
ERR14783538,NODE_52_length_150306_cov_14.597360,gene:plasmid:125744;gene:plasmid:21379,Pseudomonas shahriarae,Drugs,Fluoroquinolones,Fluoroquinolone-resistant_DNA_topoisomerases,PARC,HPCIA
ERR14783538,NODE_52_length_150306_cov_14.597360,gene:plasmid:125744;gene:plasmid:21379,Pseudomonas shahriarae,Multi-compound,Biocide_and_metal_resistance,Biocide_and_metal_resistance_protein,RUVB,0
ERR14783538,NODE_12_length_275256_cov_16.250675,gene:plasmid:134726;gene:plasmid:134726,Klebsiella grimontii,Multi-compound,Drug_and_biocide_and_metal_resistance,Drug_and_biocide_and_metal_RND_efflux_pumps,MDTC,Not medically important
ERR14783538,NODE_12_length_275256_cov_16.250675,gene:plasmid:134726;gene:plasmid:134726,Superficieibacter sp. BNK-5,Drugs,Fosfomycin,Fosfomycin_target_mutation,GLPT,HPCIA
ERR14783538,NODE_12_length_275256_cov_16.250675,gene:plasmid:134726;gene:plasmid:134726,Superficieibacter sp. BNK-5,Drugs,Fluoroquinolones,Fluoroquinolone-resistant_DNA_topoisomerases,GYRA,HPCIA
ERR14783538,NODE_12_length_275256_cov_16.250675,gene:plasmid:134726;gene:plasmid:134726,Citrobacter freundii,Multi-compound,Drug_and_biocide_and_metal_resistance,Drug_and_biocide_and_metal_RND_efflux_pumps,ACRD,CIA
ERR14783538,NODE_12_length_275256_cov_16.250675,gene:plasmid:134726;gene:plasmid:134726,Superficieibacter sp. BNK-5,Drugs,betalactams,Mutant_porin_proteins,OMP36,Authorized for use in humans only
ERR14783538,NODE_17_length_260202_cov_14.943574,gene:plasmid:136479,Pseudomonas rustica,Biocides,Phenolic_compound_resistance,Phenolic_RND_efflux_pump,TRIC,0
ERR14783538,NODE_60_length_136224_cov_17.704431,gene:plasmid:145291,Pseudomonas sp. FP2294,Drugs,Fluoroquinolones,Fluoroquinolone-resistant_DNA_topoisomerases,GYRB,HPCIA
ERR14783538,NODE_27_length_221691_cov_1.943538,gene:plasmid:154014,Lelliottia amnigena,Multi-compound,Drug_and_biocide_resistance,Drug_and_biocide_RND_efflux_pumps,OQXA,Authorized for use in humans only ?
ERR14783538,NODE_27_length_221691_cov_1.943538,gene:plasmid:154014,Lelliottia amnigena,Multi-compound,Drug_and_biocide_resistance,Drug_and_biocide_RND_efflux_pumps,OQXA,Authorized for use in humans only ?
ERR14783538,NODE_27_length_221691_cov_1.943538,gene:plasmid:154014,Lelliottia amnigena,Multi-compound,Drug_and_biocide_resistance,Drug_and_biocide_RND_efflux_pumps,OQXB,Authorized for use in humans only ?
ERR14783538,NODE_28_length_219475_cov_14.036121,gene:plasmid:154077,Superficieibacter sp. BNK-5,Biocides,Acid_resistance,Acid_resistance_protein,ASR,0
ERR14783538,NODE_215_length_48291_cov_2.549871,gene:plasmid:155999,Lelliottia amnigena,Multi-compound,Drug_and_biocide_resistance,Drug_and_biocide_RND_efflux_pumps,ACRB,Authorized for use in humans only ?
ERR14783538,NODE_215_length_48291_cov_2.549871,gene:plasmid:155999,Lelliottia amnigena,Multi-compound,Drug_and_biocide_resistance,Drug_and_biocide_RND_efflux_pumps,ACRB,Authorized for use in humans only ?
ERR14783538,NODE_1_length_563756_cov_23.414597,gene:plasmid:156013;gene:plasmid:88436;gene:plasmid:21818,Superficieibacter sp. BNK-5,Drugs,Aminocoumarins,Aminocoumarin-resistant_DNA_topoisomerases,GYRBA,Not medically important
ERR14783538,NODE_1_length_563756_cov_23.414597,gene:plasmid:156013;gene:plasmid:88436;gene:plasmid:21818,Superficieibacter sp. BNK-5,Drugs,Elfamycins,EF-Tu_inhibition,TUFAB,NA
ERR14783538,NODE_1_length_563756_cov_23.414597,gene:plasmid:156013;gene:plasmid:88436;gene:plasmid:21818,Superficieibacter sp. BNK-5,Drugs,Aminoglycosides,Aminoglycoside-resistant_16S_ribosomal_subunit_protein,RPSL,CIA
ERR14783538,NODE_1_length_563756_cov_23.414597,gene:plasmid:156013;gene:plasmid:88436;gene:plasmid:21818,Superficieibacter sp. BNK-5,Multi-compound,Drug_and_biocide_resistance,Drug_and_biocide_RND_efflux_regulator,CRP,Authorized for use in humans only 
ERR14783538,NODE_48_length_154443_cov_24.217618,gene:plasmid:16162,Escherichia coli,Multi-compound,Drug_and_biocide_resistance,Drug_and_biocide_RND_efflux_regulator,CPXAR,CIA 
ERR14783538,NODE_48_length_154443_cov_24.217618,gene:plasmid:16162,Superficieibacter sp. BNK-5,Multi-compound,Drug_and_biocide_resistance,Drug_and_biocide_RND_efflux_regulator,CPXAR,CIA 
ERR14783538,NODE_48_length_154443_cov_24.217618,gene:plasmid:16162,Superficieibacter sp. BNK-5,Biocides,Biguanide_resistance,Biguanide_cation_efflux,CEPAB,0
ERR14783538,NODE_48_length_154443_cov_24.217618,gene:plasmid:16162,Superficieibacter sp. BNK-5,Biocides,Multi-biocide_resistance,Multi-biocide_resistance_regulator,OXYRKP,0
ERR14783538,NODE_48_length_154443_cov_24.217618,gene:plasmid:16162,Superficieibacter sp. BNK-5,Biocides,Peroxide_resistance,peroxide_resistance_protein,SODA,0
ERR14783538,NODE_9_length_310071_cov_23.159519,gene:plasmid:21134;gene:plasmid:26360,Pseudomonas azotoformans,Drugs,Lipopeptides,Colistin-resistant_mutant,PHOP,HPCIA
ERR14783538,NODE_441_length_21734_cov_2.153885,gene:plasmid:21535,Pseudomonas rhodesiae,Multi-compound,Drug_and_biocide_resistance,Drug_and_biocide_RND_efflux_pumps,EMHC,0
ERR14783538,NODE_11_length_304081_cov_14.175563,gene:plasmid:22061;gene:plasmid:124575;gene:plasmid:130030,Pseudomonas rustica,Drugs,Aminocoumarins,Aminocoumarin-resistant_DNA_topoisomerases,PARE,Not medically important
ERR14783538,NODE_11_length_304081_cov_14.175563,gene:plasmid:22061;gene:plasmid:124575;gene:plasmid:130030,Pseudomonas rustica,Drugs,Fluoroquinolones,Fluoroquinolone-resistant_DNA_topoisomerases,PARC,HPCIA
ERR14783538,NODE_11_length_304081_cov_14.175563,gene:plasmid:22061;gene:plasmid:124575;gene:plasmid:130030,Pseudomonas rustica,Multi-compound,Biocide_and_metal_resistance,Biocide_and_metal_resistance_protein,RUVB,0
ERR14783538,NODE_35_length_185784_cov_28.350609,gene:plasmid:22062;gene:plasmid:139048,Pseudomonas azotoformans,Biocides,Phenolic_compound_resistance,Phenolic_RND_efflux_pump,TRIC,0
ERR14783538,NODE_39_length_172945_cov_12.105637,gene:plasmid:23148;gene:plasmid:87776,Pseudomonas sp. AC193,Drugs,Lipopeptides,Colistin-resistant_mutant,PHOP,HPCIA
ERR14783538,NODE_10_length_309233_cov_17.619506,gene:plasmid:93398,Superficieibacter sp. BNK-5,Multi-compound,Drug_and_biocide_resistance,Drug_and_biocide_RND_efflux_pumps,ACRB,Authorized for use in humans only ?
ERR14783538,NODE_10_length_309233_cov_17.619506,gene:plasmid:93398,Superficieibacter sp. BNK-5,Multi-compound,Drug_and_biocide_resistance,Drug_and_biocide_RND_efflux_pumps,ACRB,Authorized for use in humans only ?
ERR14783538,NODE_10_length_309233_cov_17.619506,gene:plasmid:93398,Superficieibacter sp. BNK-5,Biocides,Multi-biocide_resistance,Multi-biocide_ABC_efflux_pump,SMDA,0
ERR14783538,NODE_29_length_215416_cov_2.835287,gene:plasmid:93482;gene:plasmid:93475,Lelliottia amnigena,Drugs,Aminocoumarins,Aminocoumarin-resistant_DNA_topoisomerases,PARE,Not medically important
ERR14783538,NODE_29_length_215416_cov_2.835287,gene:plasmid:93482;gene:plasmid:93475,Lelliottia amnigena,Drugs,Fluoroquinolones,Fluoroquinolone-resistant_DNA_topoisomerases,PARC,HPCIA
ERR14783538,NODE_38_length_175616_cov_15.696027,gene:proph:163818,Superficieibacter sp. BNK-5,Drugs,Multi-drug_resistance,Multi-drug_ABC_efflux_pumps,MSBA,HIA
ERR14783538,NODE_38_length_175616_cov_15.696027,gene:proph:163818,Yersinia frederiksenii,Drugs,betalactams,Mutant_porin_proteins,OMPA,Authorized for use in humans only ?
ERR14783538,NODE_38_length_175616_cov_15.696027,gene:proph:163818,Superficieibacter sp. BNK-5,Drugs,betalactams,Mutant_porin_proteins,OMPFB,Authorized for use in humans only 
ERR14783538,NODE_145_length_72576_cov_15.415396,gene:proph:169464;gene:proph:169512;gene:proph:172517,Superficieibacter sp. BNK-5,Biocides,Phenolic_compound_resistance,Triclosan-resistant_mutation,FABG,0
ERR14783538,NODE_175_length_60561_cov_10.619403,gene:proph:173726,Pseudomonas sp. FP818,Multi-compound,Drug_and_biocide_resistance,Drug_and_biocide_RND_efflux_pumps,MEXE,HPCIA
ERR14783538,NODE_175_length_60561_cov_10.619403,gene:proph:173726,Pseudomonas sp. FP818,Multi-compound,Drug_and_biocide_resistance,Drug_and_biocide_RND_efflux_pumps,MEXF,HPCIA
ERR14783538,NODE_153_length_70338_cov_18.357465,gene:proph:173726;gene:plasmid:21288,Pseudomonas azotoformans,Multi-compound,Drug_and_biocide_resistance,Drug_and_biocide_RND_efflux_pumps,MEXF,HPCIA
ERR14783538,NODE_76_length_115573_cov_22.939054,gene:proph:175195;gene:proph:175194;gene:proph:175193;gene:proph:161694;gene:proph:161693;gene:proph:175190;gene:proph:175188;gene:proph:175184;gene:proph:161685,Superficieibacter sp. BNK-5,Biocides,Multi-biocide_resistance,Multi-biocide_resistance_protein,YJCG,0
ERR14783538,NODE_191_length_56998_cov_3.027114,gene:proph:176833;gene:proph:176835,Lelliottia amnigena,Drugs,Lipopeptides,Colistin_phosphoethanolamine_transferase,EPTB,NA
ERR14783538,NODE_267_length_38651_cov_23.450031,gene:proph:176833;gene:proph:176835;gene:plasmid:123887,Superficieibacter sp. HKU1,Drugs,Elfamycins,EF-Tu_inhibition,TUFAB,NA
ERR14783538,NODE_267_length_38651_cov_23.450031,gene:proph:176833;gene:proph:176835;gene:plasmid:123887,Superficieibacter sp. HKU1,Drugs,Rifampin,Rifampin-resistant_beta-subunit_of_RNA_polymerase_RpoB,RPOB,CIA
ERR14783538,NODE_64_length_134739_cov_2.617293,gene:proph:179220;gene:plasmid:93399;gene:plasmid:93398,Lelliottia amnigena,Biocides,Multi-biocide_resistance,Multi-biocide_ABC_efflux_pump,SMDB,0
ERR14783538,NODE_90_length_98838_cov_2.188561,gene:proph:183623;gene:proph:179343;gene:proph:163853;gene:proph:169507;gene:vir:105780,Lelliottia amnigena,Drugs,Multi-drug_resistance,Multi-drug_RND_efflux_pumps,HNS,Authorized for use in humans only ?
ERR14783538,NODE_5_length_360103_cov_13.037341,gene:proph:184195;gene:proph:184194;gene:plasmid:115548;gene:proph:184192;gene:proph:184193;gene:proph:184196;gene:proph:184213;gene:proph:184215;gene:proph:184216;gene:proph:184217;gene:proph:184218;gene:proph:184219;gene:proph:184220;gene:proph:184221;gene:proph:184222;gene:proph:184223;gene:proph:184234;gene:proph:184235,Pseudomonas rustica,Multi-compound,Drug_and_biocide_resistance,Drug_and_biocide_RND_efflux_pumps,MEXK,CIA
ERR14783538,NODE_161_length_68791_cov_3.025967,gene:proph:184195;gene:proph:184194;gene:proph:184196;gene:proph:184202;gene:proph:184206,Serratia marcescens,Multi-compound,Drug_and_biocide_resistance,Drug_and_biocide_RND_efflux_pumps,MEXD1,0
ERR14783538,NODE_55_length_145818_cov_12.374162,gene:proph:184236;gene:proph:175957;gene:proph:175955;gene:plasmid:140796;gene:proph:175950;gene:proph:175956,Pseudomonas rustica,Biocides,Multi-biocide_resistance,Multi-biocide_RND_efflux_pump,EMHA,0
ERR14783538,NODE_55_length_145818_cov_12.374162,gene:proph:184236;gene:proph:175957;gene:proph:175955;gene:plasmid:140796;gene:proph:175950;gene:proph:175956,Pseudomonas rustica,Biocides,Multi-biocide_resistance,Multi-biocide_RND_efflux_pump,EMHB,0
ERR14783538,NODE_55_length_145818_cov_12.374162,gene:proph:184236;gene:proph:175957;gene:proph:175955;gene:plasmid:140796;gene:proph:175950;gene:proph:175956,Pseudomonas rustica,Multi-compound,Drug_and_biocide_resistance,Drug_and_biocide_RND_efflux_pumps,EMHC,0
ERR14783539,NODE_4_length_884176_cov_61.425012,gene:plasmid:119533;gene:plasmid:115087;gene:plasmid:115087;gene:proph:173726;gene:plasmid:21288;gene:plasmid:20668;gene:plasmid:20669;gene:plasmid:22648,Pseudomonas sp. J380,Multi-compound,Drug_and_biocide_resistance,Drug_and_biocide_RND_efflux_pumps,MEXE,HPCIA
ERR14783539,NODE_4_length_884176_cov_61.425012,gene:plasmid:119533;gene:plasmid:115087;gene:plasmid:115087;gene:proph:173726;gene:plasmid:21288;gene:plasmid:20668;gene:plasmid:20669;gene:plasmid:22648,Pseudomonas sp. J380,Multi-compound,Drug_and_biocide_resistance,Drug_and_biocide_RND_efflux_pumps,MEXF,HPCIA
ERR14783539,NODE_4_length_884176_cov_61.425012,gene:plasmid:119533;gene:plasmid:115087;gene:plasmid:115087;gene:proph:173726;gene:plasmid:21288;gene:plasmid:20668;gene:plasmid:20669;gene:plasmid:22648,Pseudomonas sp. J380,Multi-compound,Drug_and_biocide_resistance,Drug_and_biocide_RND_efflux_pumps,MEXQ,CIA
ERR14783539,NODE_83_length_31006_cov_24.135011,gene:plasmid:123887,Pseudomonas helleri,Drugs,Rifampin,Rifampin-resistant_beta-subunit_of_RNA_polymerase_RpoB,RPOB,CIA
ERR14783539,NODE_17_length_215799_cov_77.021996,gene:plasmid:123887;gene:plasmid:22410,Pseudomonas sp. J380,Drugs,Elfamycins,EF-Tu_inhibition,TUFAB,NA
ERR14783539,NODE_17_length_215799_cov_77.021996,gene:plasmid:123887;gene:plasmid:22410,Pseudomonas sp. J380,Drugs,Rifampin,Rifampin-resistant_beta-subunit_of_RNA_polymerase_RpoB,RPOB,CIA
ERR14783539,NODE_8_length_529554_cov_22.935676,gene:plasmid:124575;gene:plasmid:140887,Serratia liquefaciens,Drugs,betalactams,Penicillin_binding_protein,AMPH,HIA
ERR14783539,NODE_8_length_529554_cov_22.935676,gene:plasmid:124575;gene:plasmid:140887,Serratia liquefaciens,Biocides,Multi-biocide_resistance,Multi-biocide_resistance_protein,YJCG,0
ERR14783539,NODE_55_length_46014_cov_2.606185,gene:plasmid:131182,Leuconostoc mesenteroides,Drugs,Aminoglycosides,Aminoglycoside-resistant_16S_ribosomal_subunit_protein,A16S,CIA
ERR14783539,NODE_55_length_46014_cov_2.606185,gene:plasmid:131182,Leuconostoc mesenteroides,Drugs,Oxazolidinone,Oxazolidinone-resistant_23S_rRNA_mutation,O23S,Authorized for use in humans only
ERR14783539,NODE_376_length_5951_cov_2.414148,gene:plasmid:139560;gene:plasmid:117293,Acetobacter ghanensis,Drugs,MLS,Macrolide-resistant_23S_rRNA_mutation,MLS23S,CIA ?
ERR14783539,NODE_376_length_5951_cov_2.414148,gene:plasmid:139560;gene:plasmid:117293,Acetobacter ghanensis,Drugs,Aminoglycosides,Aminoglycoside-resistant_16S_ribosomal_subunit_protein,A16S,CIA
ERR14783539,NODE_395_length_5546_cov_402.170327,gene:plasmid:139562,Pseudomonas sp. MYb193,Drugs,MLS,Macrolide-resistant_23S_rRNA_mutation,MLS23S,CIA ?
ERR14783539,NODE_3_length_1123674_cov_71.514076,gene:plasmid:146598;gene:plasmid:20860;gene:proph:175950;gene:proph:184195;gene:proph:184194;gene:proph:184196;gene:proph:184202;gene:proph:184206;gene:proph:163072;gene:proph:184236;gene:proph:175955;gene:plasmid:115548;gene:proph:184192;gene:proph:184193;gene:plasmid:20884;gene:proph:179959;gene:plasmid:154897,Pseudomonas sp. AC109,Multi-compound,Drug_and_biocide_resistance,Drug_and_biocide_RND_efflux_pumps,TTGB,NA
ERR14783539,NODE_3_length_1123674_cov_71.514076,gene:plasmid:146598;gene:plasmid:20860;gene:proph:175950;gene:proph:184195;gene:proph:184194;gene:proph:184196;gene:proph:184202;gene:proph:184206;gene:proph:163072;gene:proph:184236;gene:proph:175955;gene:plasmid:115548;gene:proph:184192;gene:proph:184193;gene:plasmid:20884;gene:proph:179959;gene:plasmid:154897,Pseudomonas sp. AC109,Drugs,Fluoroquinolones,Fluoroquinolone-resistant_DNA_topoisomerases,GYRA,HPCIA
ERR14783539,NODE_3_length_1123674_cov_71.514076,gene:plasmid:146598;gene:plasmid:20860;gene:proph:175950;gene:proph:184195;gene:proph:184194;gene:proph:184196;gene:proph:184202;gene:proph:184206;gene:proph:163072;gene:proph:184236;gene:proph:175955;gene:plasmid:115548;gene:proph:184192;gene:proph:184193;gene:plasmid:20884;gene:proph:179959;gene:plasmid:154897,Pseudomonas sp. AC109,Multi-compound,Drug_and_biocide_resistance,Drug_and_biocide_RND_efflux_pumps,MEXK,CIA
ERR14783539,NODE_3_length_1123674_cov_71.514076,gene:plasmid:146598;gene:plasmid:20860;gene:proph:175950;gene:proph:184195;gene:proph:184194;gene:proph:184196;gene:proph:184202;gene:proph:184206;gene:proph:163072;gene:proph:184236;gene:proph:175955;gene:plasmid:115548;gene:proph:184192;gene:proph:184193;gene:plasmid:20884;gene:proph:179959;gene:plasmid:154897,Pseudomonas sp. AC109,Biocides,Multi-biocide_resistance,Multi-biocide_RND_efflux_pump,EMHA,0
ERR14783539,NODE_3_length_1123674_cov_71.514076,gene:plasmid:146598;gene:plasmid:20860;gene:proph:175950;gene:proph:184195;gene:proph:184194;gene:proph:184196;gene:proph:184202;gene:proph:184206;gene:proph:163072;gene:proph:184236;gene:proph:175955;gene:plasmid:115548;gene:proph:184192;gene:proph:184193;gene:plasmid:20884;gene:proph:179959;gene:plasmid:154897,Pseudomonas sp. AC109,Multi-compound,Drug_and_biocide_resistance,Drug_and_biocide_RND_efflux_pumps,EMHC,0
ERR14783539,NODE_113_length_22111_cov_2.875910,gene:plasmid:15664;gene:plasmid:135617;gene:plasmid:135990;gene:plasmid:135989;gene:plasmid:135988;gene:plasmid:135991;gene:plasmid:135987;gene:plasmid:135986;gene:plasmid:135985;gene:plasmid:135984;gene:plasmid:135983;gene:plasmid:135660,Enterococcus faecalis,Drugs,Aminoglycosides,Aminoglycoside_O-nucleotidyltransferases,ANT6,CIA
ERR14783539,NODE_113_length_22111_cov_2.875910,gene:plasmid:15664;gene:plasmid:135617;gene:plasmid:135990;gene:plasmid:135989;gene:plasmid:135988;gene:plasmid:135991;gene:plasmid:135987;gene:plasmid:135986;gene:plasmid:135985;gene:plasmid:135984;gene:plasmid:135983;gene:plasmid:135660,Enterococcus faecalis,Drugs,Aminoglycosides,Aminoglycoside_O-phosphotransferases,APH2-DPRIME,CIA
ERR14783539,NODE_113_length_22111_cov_2.875910,gene:plasmid:15664;gene:plasmid:135617;gene:plasmid:135990;gene:plasmid:135989;gene:plasmid:135988;gene:plasmid:135991;gene:plasmid:135987;gene:plasmid:135986;gene:plasmid:135985;gene:plasmid:135984;gene:plasmid:135983;gene:plasmid:135660,Enterococcus faecalis,Drugs,Nucleosides,Streptothricin_acetyltransferase,SAT,CIA
ERR14783539,NODE_20_length_177992_cov_67.969258,gene:plasmid:21134,Pseudomonas sp. J380,Drugs,Lipopeptides,Colistin-resistant_mutant,PHOP,HPCIA
ERR14783539,NODE_6_length_573127_cov_72.809558,gene:plasmid:21664;gene:plasmid:20556;gene:plasmid:20554,Pseudomonas sp. AC109,Biocides,Peroxide_resistance,peroxide_resistance_protein,SODB,0
ERR14783539,NODE_1_length_1475727_cov_14.261084,gene:plasmid:21942;gene:plasmid:22293;gene:proph:176833;gene:plasmid:125744;gene:plasmid:119871,Serratia liquefaciens,Drugs,Fluoroquinolones,Fluoroquinolone-resistant_DNA_topoisomerases,GYRA,HPCIA
ERR14783539,NODE_1_length_1475727_cov_14.261084,gene:plasmid:21942;gene:plasmid:22293;gene:proph:176833;gene:plasmid:125744;gene:plasmid:119871,Serratia liquefaciens,Drugs,Fosfomycin,Fosfomycin_target_mutation,PTSL,HPCIA
ERR14783539,NODE_1_length_1475727_cov_14.261084,gene:plasmid:21942;gene:plasmid:22293;gene:proph:176833;gene:plasmid:125744;gene:plasmid:119871,Serratia liquefaciens,Multi-compound,Drug_and_biocide_resistance,Drug_and_biocide_RND_efflux_pumps,MEXQ,CIA
ERR14783539,NODE_1_length_1475727_cov_14.261084,gene:plasmid:21942;gene:plasmid:22293;gene:proph:176833;gene:plasmid:125744;gene:plasmid:119871,Serratia liquefaciens,Drugs,betalactams,Class_C_betalactamases,BLAC,Authorized for use in humans only 
ERR14783539,NODE_1_length_1475727_cov_14.261084,gene:plasmid:21942;gene:plasmid:22293;gene:proph:176833;gene:plasmid:125744;gene:plasmid:119871,Serratia liquefaciens,Drugs,betalactams,Mutant_porin_proteins,OMP36,Authorized for use in humans only
ERR14783539,NODE_14_length_244504_cov_83.579424,gene:plasmid:22062,Pseudomonas sp. J380,Biocides,Phenolic_compound_resistance,Phenolic_RND_efflux_pump,TRIC,0
ERR14783539,NODE_12_length_328076_cov_23.099912,gene:plasmid:27303;gene:plasmid:133420;gene:proph:183015,Serratia liquefaciens,Drugs,Aminocoumarins,Aminocoumarin-resistant_DNA_topoisomerases,PARE,Not medically important
ERR14783539,NODE_12_length_328076_cov_23.099912,gene:plasmid:27303;gene:plasmid:133420;gene:proph:183015,Serratia liquefaciens,Drugs,Fluoroquinolones,Fluoroquinolone-resistant_DNA_topoisomerases,PARC,HPCIA
ERR14783539,NODE_12_length_328076_cov_23.099912,gene:plasmid:27303;gene:plasmid:133420;gene:proph:183015,Serratia liquefaciens,Biocides,Multi-biocide_resistance,Multi-biocide_RND_efflux_pump,HASF,0
ERR14783539,NODE_11_length_343395_cov_78.748742,gene:plasmid:89528;gene:plasmid:20845;gene:plasmid:125744,Pseudomonas sp. J380,Drugs,Aminocoumarins,Aminocoumarin-resistant_DNA_topoisomerases,PARE,Not medically important
ERR14783539,NODE_11_length_343395_cov_78.748742,gene:plasmid:89528;gene:plasmid:20845;gene:plasmid:125744,Pseudomonas sp. J380,Drugs,Multi-drug_resistance,Multi-drug_RND_efflux_pumps,OPMH,NA
ERR14783539,NODE_11_length_343395_cov_78.748742,gene:plasmid:89528;gene:plasmid:20845;gene:plasmid:125744,Pseudomonas sp. J380,Drugs,Fluoroquinolones,Fluoroquinolone-resistant_DNA_topoisomerases,PARC,HPCIA
ERR14783539,NODE_11_length_343395_cov_78.748742,gene:plasmid:89528;gene:plasmid:20845;gene:plasmid:125744,Pseudomonas sp. J380,Multi-compound,Biocide_and_metal_resistance,Biocide_and_metal_resistance_protein,RUVB,0
ERR14783539,NODE_383_length_5757_cov_2.885435,gene:plasmid:97770;gene:plasmid:97767;gene:plasmid:97768,Enterococcus faecalis,Drugs,Phenicol,Chloramphenicol_acetyltransferases,CATA,HIA
ERR14783539,NODE_13_length_313776_cov_25.872185,gene:proph:159396,Serratia liquefaciens,Drugs,Fluoroquinolones,Fluoroquinolone-resistant_DNA_topoisomerases,GYRB,HPCIA
ERR14783539,NODE_10_length_357199_cov_18.484659,gene:proph:163906;gene:proph:183597;gene:proph:179208,Serratia liquefaciens,Multi-compound,Drug_and_biocide_and_metal_resistance,Drug_and_biocide_and_metal_RND_efflux_pumps,MDTB,Not medically important
ERR14783539,NODE_10_length_357199_cov_18.484659,gene:proph:163906;gene:proph:183597;gene:proph:179208,Serratia liquefaciens,Multi-compound,Drug_and_biocide_resistance,Drug_and_biocide_RND_efflux_pumps,SDEY,0
ERR14783539,NODE_2_length_1456721_cov_17.164479,gene:proph:165705;gene:proph:169512;gene:proph:173723;gene:proph:165701;gene:proph:163818;gene:plasmid:111200;gene:proph:173726;gene:plasmid:124311;gene:plasmid:145318;gene:plasmid:124699;gene:proph:172517,Serratia liquefaciens,Drugs,betalactams,Mutant_porin_proteins,OMP36,Authorized for use in humans only
ERR14783539,NODE_2_length_1456721_cov_17.164479,gene:proph:165705;gene:proph:169512;gene:proph:173723;gene:proph:165701;gene:proph:163818;gene:plasmid:111200;gene:proph:173726;gene:plasmid:124311;gene:plasmid:145318;gene:plasmid:124699;gene:proph:172517,Serratia liquefaciens,Multi-compound,Drug_and_biocide_resistance,Drug_and_biocide_RND_efflux_pumps,SDEB,0
ERR14783539,NODE_2_length_1456721_cov_17.164479,gene:proph:165705;gene:proph:169512;gene:proph:173723;gene:proph:165701;gene:proph:163818;gene:plasmid:111200;gene:proph:173726;gene:plasmid:124311;gene:plasmid:145318;gene:plasmid:124699;gene:proph:172517,Serratia liquefaciens,Multi-compound,Drug_and_biocide_resistance,Drug_and_biocide_RND_efflux_pumps,SDEX,0
ERR14783539,NODE_2_length_1456721_cov_17.164479,gene:proph:165705;gene:proph:169512;gene:proph:173723;gene:proph:165701;gene:proph:163818;gene:plasmid:111200;gene:proph:173726;gene:plasmid:124311;gene:plasmid:145318;gene:plasmid:124699;gene:proph:172517,Serratia liquefaciens,Multi-compound,Drug_and_biocide_resistance,Drug_and_biocide_RND_efflux_pumps,SDEY,0
ERR14783539,NODE_2_length_1456721_cov_17.164479,gene:proph:165705;gene:proph:169512;gene:proph:173723;gene:proph:165701;gene:proph:163818;gene:plasmid:111200;gene:proph:173726;gene:plasmid:124311;gene:plasmid:145318;gene:plasmid:124699;gene:proph:172517,Serratia liquefaciens,Biocides,Multi-biocide_resistance,Multi-biocide_ABC_efflux_pump,SMDA,0
ERR14783539,NODE_2_length_1456721_cov_17.164479,gene:proph:165705;gene:proph:169512;gene:proph:173723;gene:proph:165701;gene:proph:163818;gene:plasmid:111200;gene:proph:173726;gene:plasmid:124311;gene:plasmid:145318;gene:plasmid:124699;gene:proph:172517,Serratia liquefaciens,Biocides,Multi-biocide_resistance,Multi-biocide_ABC_efflux_pump,SMDB,0
ERR14783539,NODE_7_length_531660_cov_63.639812,gene:proph:173723;gene:proph:179974,Pseudomonas sp. J380,Multi-compound,Drug_and_biocide_resistance,Drug_and_biocide_RND_efflux_pumps,EMHC,0
ERR14783541,NODE_61_length_30897_cov_6.286448,gene:plasmid:123887,Pseudomonas putida,Drugs,Elfamycins,EF-Tu_inhibition,TUFAB,NA
ERR14783541,NODE_148_length_7494_cov_2.434234,gene:plasmid:139560;gene:plasmid:131185,Acetobacter ghanensis,Drugs,MLS,Macrolide-resistant_23S_rRNA_mutation,MLS23S,CIA ?
ERR14783541,NODE_148_length_7494_cov_2.434234,gene:plasmid:139560;gene:plasmid:131185,Acetobacter ghanensis,Drugs,Aminoglycosides,Aminoglycoside-resistant_16S_ribosomal_subunit_protein,A16S,CIA
ERR14783541,NODE_11_length_227952_cov_4.082594,gene:plasmid:149414,Escherichia coli,Drugs,Multi-drug_resistance,Multi-drug_RND_efflux_pumps,HNS,Authorized for use in humans only ?
ERR14783541,NODE_11_length_227952_cov_4.082594,gene:plasmid:149414,Escherichia coli,Biocides,Phenolic_compound_resistance,Phenolic_resistance_protein,FABI,0
ERR14783541,NODE_11_length_227952_cov_4.082594,gene:plasmid:149414,Escherichia coli,Biocides,Acid_resistance,Acid_resistance_protein,GADC,0
ERR14783541,NODE_11_length_227952_cov_4.082594,gene:plasmid:149414,Escherichia coli,Multi-compound,Biocide_and_metal_resistance,Biocide_and_metal_resistance_protein,TEHA,0
ERR14783541,NODE_11_length_227952_cov_4.082594,gene:plasmid:149414,Escherichia coli,Multi-compound,Biocide_and_metal_resistance,Biocide_and_metal_resistance_protein,TEHB,0
ERR14783541,NODE_147_length_7550_cov_5.626836,gene:plasmid:15664;gene:plasmid:135617,Streptococcus suis,Drugs,Aminoglycosides,Aminoglycoside_O-nucleotidyltransferases,ANT6,CIA
ERR14783541,NODE_147_length_7550_cov_5.626836,gene:plasmid:15664;gene:plasmid:135617,Streptococcus suis,Drugs,Aminoglycosides,Aminoglycoside_O-phosphotransferases,APH2-DPRIME,CIA
ERR14783541,NODE_147_length_7550_cov_5.626836,gene:plasmid:15664;gene:plasmid:135617,Streptococcus suis,Drugs,Nucleosides,Streptothricin_acetyltransferase,SAT,CIA
ERR14783541,NODE_22_length_131787_cov_6.687118,gene:plasmid:16162,Escherichia coli,Multi-compound,Drug_and_biocide_resistance,Drug_and_biocide_RND_efflux_regulator,CPXAR,CIA 
ERR14783541,NODE_22_length_131787_cov_6.687118,gene:plasmid:16162,Superficieibacter sp. BNK-5,Multi-compound,Drug_and_biocide_resistance,Drug_and_biocide_RND_efflux_regulator,CPXAR,CIA 
ERR14783541,NODE_22_length_131787_cov_6.687118,gene:plasmid:16162,Escherichia coli,Multi-compound,Biocide_and_metal_resistance,Biocide_and_metal_resistance_protein,GLPF,0
ERR14783541,NODE_22_length_131787_cov_6.687118,gene:plasmid:16162,Escherichia coli,Biocides,Peroxide_resistance,peroxide_resistance_protein,SODA,0
ERR14783541,NODE_12_length_221096_cov_6.483471,gene:plasmid:21818,Thermus thermophilus,Drugs,Pleuromutilin,Pleuromutilin-resistant_23S_rRNA_mutation,UL3,IA
ERR14783541,NODE_12_length_221096_cov_6.483471,gene:plasmid:21818,Stenotrophomonas maltophilia,Drugs,Rifampin,Rifampin-resistant_beta-subunit_of_RNA_polymerase_RpoB,RPOB,CIA
ERR14783541,NODE_12_length_221096_cov_6.483471,gene:plasmid:21818,Escherichia coli,Drugs,Aminoglycosides,Aminoglycoside-resistant_16S_ribosomal_subunit_protein,RPSL,CIA
ERR14783541,NODE_12_length_221096_cov_6.483471,gene:plasmid:21818,Escherichia coli,Multi-compound,Drug_and_biocide_resistance,Drug_and_biocide_RND_efflux_regulator,GADW,Authorized for use in humans only ?
ERR14783541,NODE_12_length_221096_cov_6.483471,gene:plasmid:21818,Escherichia coli,Multi-compound,Drug_and_biocide_resistance,Drug_and_biocide_RND_efflux_regulator,GADX,Authorized for use in humans only ?
ERR14783541,NODE_12_length_221096_cov_6.483471,gene:plasmid:21818,Escherichia coli,Multi-compound,Drug_and_biocide_resistance,Drug_and_biocide_RND_efflux_pumps,MDTE,Authorized for use in humans only ?
ERR14783541,NODE_12_length_221096_cov_6.483471,gene:plasmid:21818,Escherichia coli,Multi-compound,Drug_and_biocide_resistance,Drug_and_biocide_RND_efflux_pumps,MDTF,Authorized for use in humans only ?
ERR14783541,NODE_12_length_221096_cov_6.483471,gene:plasmid:21818,Escherichia coli,Multi-compound,Drug_and_biocide_resistance,Drug_and_biocide_RND_efflux_regulator,CRP,Authorized for use in humans only 
ERR14783541,NODE_12_length_221096_cov_6.483471,gene:plasmid:21818,Escherichia coli,Biocides,Acid_resistance,Acid_resistance_protein,HDEA,0
ERR14783541,NODE_27_length_105923_cov_4.405289,gene:proph:163818,Escherichia coli,Drugs,Multi-drug_resistance,Multi-drug_ABC_efflux_pumps,MSBA,HIA
ERR14783541,NODE_27_length_105923_cov_4.405289,gene:proph:163818,Escherichia coli,Drugs,betalactams,Mutant_porin_proteins,OMPFB,Authorized for use in humans only 
ERR14783541,NODE_16_length_159346_cov_3.792098,gene:proph:163927;gene:proph:172451;gene:proph:163921;gene:proph:181125;gene:proph:179435;gene:proph:179434;gene:proph:179433;gene:proph:163942,Escherichia coli,Multi-compound,Drug_and_biocide_resistance,Drug_and_biocide_MATE_efflux_pumps,MDTK,HPCIA
ERR14783541,NODE_16_length_159346_cov_3.792098,gene:proph:163927;gene:proph:172451;gene:proph:163921;gene:proph:181125;gene:proph:179435;gene:proph:179434;gene:proph:179433;gene:proph:163942,Escherichia coli,Biocides,Acid_resistance,Acid_resistance_protein,ASR,0
ERR14783541,NODE_16_length_159346_cov_3.792098,gene:proph:163927;gene:proph:172451;gene:proph:163921;gene:proph:181125;gene:proph:179435;gene:proph:179434;gene:proph:179433;gene:proph:163942,Escherichia coli,Multi-compound,Drug_and_biocide_resistance,Drug_and_biocide_SMR_efflux_pumps,MDTI,0
ERR14783541,NODE_16_length_159346_cov_3.792098,gene:proph:163927;gene:proph:172451;gene:proph:163921;gene:proph:181125;gene:proph:179435;gene:proph:179434;gene:proph:179433;gene:proph:163942,Escherichia coli,Multi-compound,Drug_and_biocide_resistance,Drug_and_biocide_SMR_efflux_pumps,MDTJ,0
ERR14783541,NODE_16_length_159346_cov_3.792098,gene:proph:163927;gene:proph:172451;gene:proph:163921;gene:proph:181125;gene:proph:179435;gene:proph:179434;gene:proph:179433;gene:proph:163942,Escherichia coli,Biocides,Peroxide_resistance,peroxide_resistance_protein,SODB,0
ERR14783541,NODE_39_length_67469_cov_5.298981,gene:proph:163976,Escherichia coli,Multi-compound,Drug_and_biocide_resistance,Drug_and_biocide_MFS_efflux_pumps,EMRA,HPCIA
ERR14783541,NODE_39_length_67469_cov_5.298981,gene:proph:163976,Escherichia coli,Multi-compound,Drug_and_biocide_resistance,Drug_and_biocide_MFS_efflux_pumps,EMRB,HPCIA
ERR14783541,NODE_39_length_67469_cov_5.298981,gene:proph:163976,Escherichia coli,Multi-compound,Drug_and_biocide_resistance,Drug_and_biocide_MFS_efflux_regulator,EMRR,HPCIA
ERR14783541,NODE_2_length_637081_cov_4.396669,gene:proph:176040;gene:vir:1321;gene:proph:183581,Escherichia coli,Multi-compound,Drug_and_biocide_resistance,Drug_and_biocide_MFS_efflux_pumps,BCR,Not medically important
ERR14783541,NODE_2_length_637081_cov_4.396669,gene:proph:176040;gene:vir:1321;gene:proph:183581,Escherichia coli,Multi-compound,Drug_and_biocide_and_metal_resistance,Drug_and_biocide_and_metal_RND_efflux_pumps,MDTA,Not medically important
ERR14783541,NODE_2_length_637081_cov_4.396669,gene:proph:176040;gene:vir:1321;gene:proph:183581,Escherichia coli,Multi-compound,Drug_and_biocide_and_metal_resistance,Drug_and_biocide_and_metal_RND_efflux_pumps,MDTB,Not medically important
ERR14783541,NODE_2_length_637081_cov_4.396669,gene:proph:176040;gene:vir:1321;gene:proph:183581,Escherichia coli,Multi-compound,Drug_and_biocide_and_metal_resistance,Drug_and_biocide_and_metal_RND_efflux_pumps,MDTC,Not medically important
ERR14783541,NODE_2_length_637081_cov_4.396669,gene:proph:176040;gene:vir:1321;gene:proph:183581,Escherichia coli,Drugs,Multi-drug_resistance,Multi-drug_RND_efflux_regulator,ASMA,NA
ERR14783541,NODE_2_length_637081_cov_4.396669,gene:proph:176040;gene:vir:1321;gene:proph:183581,Escherichia coli,Drugs,Cationic_antimicrobial_peptides,Lipid_A_modification,PMRF,NA
ERR14783541,NODE_2_length_637081_cov_4.396669,gene:proph:176040;gene:vir:1321;gene:proph:183581,Escherichia coli,Multi-compound,Drug_and_biocide_resistance,Drug_and_biocide_ABC_efflux_pumps,YOGI,NA
ERR14783541,NODE_2_length_637081_cov_4.396669,gene:proph:176040;gene:vir:1321;gene:proph:183581,Escherichia coli,Drugs,Fosfomycin,Fosfomycin_target_mutation,GLPT,HPCIA
ERR14783541,NODE_2_length_637081_cov_4.396669,gene:proph:176040;gene:vir:1321;gene:proph:183581,Escherichia coli,Drugs,Fluoroquinolones,Fluoroquinolone-resistant_DNA_topoisomerases,GYRA,HPCIA
ERR14783541,NODE_2_length_637081_cov_4.396669,gene:proph:176040;gene:vir:1321;gene:proph:183581,Escherichia coli,Drugs,Cationic_antimicrobial_peptides,Lipid_A_modification,UGD,HPCIA
ERR14783541,NODE_2_length_637081_cov_4.396669,gene:proph:176040;gene:vir:1321;gene:proph:183581,Escherichia coli,Multi-compound,Drug_and_biocide_and_metal_resistance,Drug_and_biocide_and_metal_RND_efflux_regulator,BAER,CIA
ERR14783541,NODE_2_length_637081_cov_4.396669,gene:proph:176040;gene:vir:1321;gene:proph:183581,Escherichia coli,Multi-compound,Drug_and_biocide_and_metal_resistance,Drug_and_biocide_and_metal_RND_efflux_regulator,BAES,CIA
ERR14783541,NODE_2_length_637081_cov_4.396669,gene:proph:176040;gene:vir:1321;gene:proph:183581,Escherichia coli,Multi-compound,Drug_and_biocide_resistance,Drug_and_biocide_SMR_efflux_pumps,KPNO,0
ERR14783541,NODE_2_length_637081_cov_4.396669,gene:proph:176040;gene:vir:1321;gene:proph:183581,Escherichia coli,Biocides,Paraquat_resistance,Paraquat_resistance_protein,NMPC,0
ERR14783541,NODE_2_length_637081_cov_4.396669,gene:proph:176040;gene:vir:1321;gene:proph:183581,Escherichia coli,Multi-compound,Biocide_and_metal_resistance,Biocide_and_metal_resistance_protein,YODB,0
ERR14783541,NODE_30_length_90547_cov_5.169752,gene:proph:176741;gene:proph:179486;gene:vir:4537;gene:proph:176738;gene:proph:181243;gene:proph:176742;gene:proph:179481;gene:proph:159046;gene:proph:179478;gene:proph:181109;gene:vir:79569;gene:proph:181158;gene:vir:4549;gene:proph:179474;gene:proph:176715;gene:vir:4555;gene:vir:4556;gene:vir:4557;gene:proph:181097;gene:vir:4507;gene:proph:181084;gene:proph:181083,Escherichia coli,Drugs,Fosfomycin,Fosfomycin_target_mutation,PTSL,HPCIA
ERR14783541,NODE_30_length_90547_cov_5.169752,gene:proph:176741;gene:proph:179486;gene:vir:4537;gene:proph:176738;gene:proph:181243;gene:proph:176742;gene:proph:179481;gene:proph:159046;gene:proph:179478;gene:proph:181109;gene:vir:79569;gene:proph:181158;gene:vir:4549;gene:proph:179474;gene:proph:176715;gene:vir:4555;gene:vir:4556;gene:vir:4557;gene:proph:181097;gene:vir:4507;gene:proph:181084;gene:proph:181083,Escherichia coli,Multi-compound,Drug_and_biocide_resistance,Drug_and_biocide_MFS_efflux_pumps,EMRK,HIA
ERR14783541,NODE_30_length_90547_cov_5.169752,gene:proph:176741;gene:proph:179486;gene:vir:4537;gene:proph:176738;gene:proph:181243;gene:proph:176742;gene:proph:179481;gene:proph:159046;gene:proph:179478;gene:proph:181109;gene:vir:79569;gene:proph:181158;gene:vir:4549;gene:proph:179474;gene:proph:176715;gene:vir:4555;gene:vir:4556;gene:vir:4557;gene:proph:181097;gene:vir:4507;gene:proph:181084;gene:proph:181083,Escherichia coli,Multi-compound,Drug_and_biocide_resistance,Drug_and_biocide_MFS_efflux_pumps,EMRY,HIA
ERR14783541,NODE_30_length_90547_cov_5.169752,gene:proph:176741;gene:proph:179486;gene:vir:4537;gene:proph:176738;gene:proph:181243;gene:proph:176742;gene:proph:179481;gene:proph:159046;gene:proph:179478;gene:proph:181109;gene:vir:79569;gene:proph:181158;gene:vir:4549;gene:proph:179474;gene:proph:176715;gene:vir:4555;gene:vir:4556;gene:vir:4557;gene:proph:181097;gene:vir:4507;gene:proph:181084;gene:proph:181083,Escherichia coli,Biocides,Acid_resistance,Acid_resistance_regulator,EVGA,Authorized for use in humans only ?
ERR14783541,NODE_30_length_90547_cov_5.169752,gene:proph:176741;gene:proph:179486;gene:vir:4537;gene:proph:176738;gene:proph:181243;gene:proph:176742;gene:proph:179481;gene:proph:159046;gene:proph:179478;gene:proph:181109;gene:vir:79569;gene:proph:181158;gene:vir:4549;gene:proph:179474;gene:proph:176715;gene:vir:4555;gene:vir:4556;gene:vir:4557;gene:proph:181097;gene:vir:4507;gene:proph:181084;gene:proph:181083,Escherichia coli,Multi-compound,Drug_and_biocide_resistance,Drug_and_biocide_MFS_efflux_regulator,EVGS,Authorized for use in humans only ?
ERR14783541,NODE_34_length_81759_cov_4.017101,gene:proph:179433;gene:proph:182931;gene:proph:163928;gene:plasmid:88455;gene:plasmid:84622;gene:plasmid:84614;gene:proph:163940,Escherichia coli,Multi-compound,Drug_and_biocide_resistance,Drug_and_biocide_RND_efflux_regulator,MARA,Authorized for use in humans only ?
ERR14783541,NODE_34_length_81759_cov_4.017101,gene:proph:179433;gene:proph:182931;gene:proph:163928;gene:plasmid:88455;gene:plasmid:84622;gene:plasmid:84614;gene:proph:163940,Escherichia coli,Multi-compound,Drug_and_biocide_resistance,Drug_and_biocide_RND_efflux_regulator,MARR,Authorized for use in humans only ?
ERR14783541,NODE_34_length_81759_cov_4.017101,gene:proph:179433;gene:proph:182931;gene:proph:163928;gene:plasmid:88455;gene:plasmid:84622;gene:plasmid:84614;gene:proph:163940,Escherichia coli,Biocides,Peroxide_resistance,peroxide_resistance_protein,YDEI,0
ERR14783541,NODE_34_length_81759_cov_4.017101,gene:proph:179433;gene:proph:182931;gene:proph:163928;gene:plasmid:88455;gene:plasmid:84622;gene:plasmid:84614;gene:proph:163940,Escherichia coli,Biocides,Multi-biocide_resistance,Multi-biocide_resistance_regulator,YDEO,0
ERR14783541,NODE_34_length_81759_cov_4.017101,gene:proph:179433;gene:proph:182931;gene:proph:163928;gene:plasmid:88455;gene:plasmid:84622;gene:plasmid:84614;gene:proph:163940,Escherichia coli,Biocides,Acid_resistance,Acid_resistance_protein,YDEP,0
ERR14783541,NODE_3_length_556277_cov_5.194313,gene:proph:179436;gene:proph:179435;gene:proph:179433;gene:plasmid:123173;gene:plasmid:123175;gene:plasmid:88437;gene:plasmid:88436;gene:plasmid:88435,Escherichia coli,Drugs,betalactams,Penicillin_binding_protein,PBP2,HPCIA
ERR14783541,NODE_3_length_556277_cov_5.194313,gene:proph:179436;gene:proph:179435;gene:proph:179433;gene:plasmid:123173;gene:plasmid:123175;gene:plasmid:88437;gene:plasmid:88436;gene:plasmid:88435,Escherichia coli,Drugs,betalactams,Penicillin_binding_protein,AMPH,HIA
ERR14783541,NODE_3_length_556277_cov_5.194313,gene:proph:179436;gene:proph:179435;gene:proph:179433;gene:plasmid:123173;gene:plasmid:123175;gene:plasmid:88437;gene:plasmid:88436;gene:plasmid:88435,Escherichia coli,Drugs,Aminoglycosides,Aminoglycoside_efflux_pumps,KDPE,CIA
ERR14783541,NODE_3_length_556277_cov_5.194313,gene:proph:179436;gene:proph:179435;gene:proph:179433;gene:plasmid:123173;gene:plasmid:123175;gene:plasmid:88437;gene:plasmid:88436;gene:plasmid:88435,Escherichia coli,Multi-compound,Drug_and_biocide_resistance,Drug_and_biocide_RND_efflux_pumps,ACRA,Authorized for use in humans only ?
ERR14783541,NODE_3_length_556277_cov_5.194313,gene:proph:179436;gene:proph:179435;gene:proph:179433;gene:plasmid:123173;gene:plasmid:123175;gene:plasmid:88437;gene:plasmid:88436;gene:plasmid:88435,Escherichia coli,Multi-compound,Drug_and_biocide_resistance,Drug_and_biocide_RND_efflux_pumps,ACRB,Authorized for use in humans only ?
ERR14783541,NODE_3_length_556277_cov_5.194313,gene:proph:179436;gene:proph:179435;gene:proph:179433;gene:plasmid:123173;gene:plasmid:123175;gene:plasmid:88437;gene:plasmid:88436;gene:plasmid:88435,Escherichia coli,Multi-compound,Drug_and_biocide_resistance,Drug_and_biocide_RND_efflux_regulator,ACRR,Authorized for use in humans only ?
ERR14783541,NODE_3_length_556277_cov_5.194313,gene:proph:179436;gene:proph:179435;gene:proph:179433;gene:plasmid:123173;gene:plasmid:123175;gene:plasmid:88437;gene:plasmid:88436;gene:plasmid:88435,Escherichia coli,Multi-compound,Biocide_and_metal_resistance,Biocide_and_metal_ABC_efflux_pumps,FETA,0
ERR14783541,NODE_3_length_556277_cov_5.194313,gene:proph:179436;gene:proph:179435;gene:proph:179433;gene:plasmid:123173;gene:plasmid:123175;gene:plasmid:88437;gene:plasmid:88436;gene:plasmid:88435,Escherichia coli,Multi-compound,Biocide_and_metal_resistance,Biocide_and_metal_ABC_efflux_pumps,FETB,0
ERR14783541,NODE_10_length_240508_cov_4.155719,gene:proph:179440;gene:proph:181296;gene:proph:172518;gene:proph:172519;gene:proph:172520;gene:proph:172521;gene:proph:172522;gene:proph:172523;gene:proph:172524;gene:proph:172517,Escherichia coli,Multi-compound,Drug_and_biocide_resistance,Drug_and_biocide_MFS_efflux_pumps,MDTG,HPCIA
ERR14783541,NODE_10_length_240508_cov_4.155719,gene:proph:179440;gene:proph:181296;gene:proph:172518;gene:proph:172519;gene:proph:172520;gene:proph:172521;gene:proph:172522;gene:proph:172523;gene:proph:172524;gene:proph:172517,Escherichia coli,Multi-compound,Drug_and_biocide_resistance,Drug_and_biocide_MFS_efflux_pumps,MDTH,HPCIA
ERR14783541,NODE_10_length_240508_cov_4.155719,gene:proph:179440;gene:proph:181296;gene:proph:172518;gene:proph:172519;gene:proph:172520;gene:proph:172521;gene:proph:172522;gene:proph:172523;gene:proph:172524;gene:proph:172517,Escherichia coli,Biocides,Multi-biocide_resistance,Multi-biocide_resistance_regulator,ARIR,0
ERR14783541,NODE_10_length_240508_cov_4.155719,gene:proph:179440;gene:proph:181296;gene:proph:172518;gene:proph:172519;gene:proph:172520;gene:proph:172521;gene:proph:172522;gene:proph:172523;gene:proph:172524;gene:proph:172517,Escherichia coli,Biocides,Phenolic_compound_resistance,Triclosan-resistant_mutation,FABG,0
ERR14783541,NODE_10_length_240508_cov_4.155719,gene:proph:179440;gene:proph:181296;gene:proph:172518;gene:proph:172519;gene:proph:172520;gene:proph:172521;gene:proph:172522;gene:proph:172523;gene:proph:172524;gene:proph:172517,Escherichia coli,Multi-compound,Biocide_and_metal_resistance,Biocide_and_metal_resistance_protein,YCHH,0
ERR14783541,NODE_108_length_11784_cov_4.183838,gene:proph:181174;gene:proph:163861;gene:proph:176056;gene:proph:163835;gene:proph:176766;gene:proph:159036;gene:proph:182926;gene:proph:182925;gene:proph:182924;gene:proph:181127;gene:proph:181172;gene:proph:181173,Escherichia coli,Multi-compound,Drug_and_biocide_resistance,Drug_and_biocide_SMR_efflux_pumps,MVRC,0
ERR14783541,NODE_4_length_386247_cov_6.093704,gene:proph:183779;ICEberg|101|Tn5385|GenBank|AF016233|1..1605,Enterococcus faecalis,Drugs,MLS,MLS_resistance_ABC_efflux_pumps,LSA,HIA
ERR14783541,NODE_14_length_191122_cov_5.012424,gene:vir:7156;gene:proph:182647;gene:proph:163981;gene:proph:183597;gene:proph:182641;gene:proph:183583,Escherichia coli,Multi-compound,Drug_and_biocide_and_metal_resistance,Drug_and_biocide_and_metal_RND_efflux_pumps,ACRD,CIA
ERR14783541,NODE_14_length_191122_cov_5.012424,gene:vir:7156;gene:proph:182647;gene:proph:163981;gene:proph:183597;gene:proph:182641;gene:proph:183583,Escherichia coli,Drugs,MLS,Macrolide_phosphotransferases,MPHB,CIA
ERR14783541,NODE_36_length_80530_cov_6.471997,ICEberg|304|ICESga43143-1|GenBank|AP012053|1643376..1661407,Enterococcus faecalis,Multi-compound,Drug_and_biocide_resistance,Drug_and_biocide_ABC_efflux_pumps,EFRA,HPCIA
ERR14783541,NODE_36_length_80530_cov_6.471997,ICEberg|304|ICESga43143-1|GenBank|AP012053|1643376..1661407,Enterococcus faecalis,Multi-compound,Drug_and_biocide_resistance,Drug_and_biocide_ABC_efflux_pumps,EFRB,HPCIA
ERR14783541,NODE_36_length_80530_cov_6.471997,ICEberg|304|ICESga43143-1|GenBank|AP012053|1643376..1661407,Enterococcus faecalis,Drugs,Lipopeptides,Daptomycin-resistant_mutant,LIAFSR,Authorized for use in humans only
ERR14783541,NODE_36_length_80530_cov_6.471997,ICEberg|304|ICESga43143-1|GenBank|AP012053|1643376..1661407,Enterococcus faecalis,Drugs,Lipopeptides,Daptomycin-resistant_mutant,LIAFSR,Authorized for use in humans only
ERR14783541,NODE_36_length_80530_cov_6.471997,ICEberg|304|ICESga43143-1|GenBank|AP012053|1643376..1661407,Enterococcus faecalis,Drugs,Lipopeptides,Daptomycin-resistant_mutant,LIAFSR,Authorized for use in humans only
ERR14783541,NODE_36_length_80530_cov_6.471997,ICEberg|304|ICESga43143-1|GenBank|AP012053|1643376..1661407,Enterococcus faecalis,Drugs,Lipopeptides,Daptomycin-resistant_mutant,LIAFSR,Authorized for use in humans only
ERR14783541,NODE_171_length_5774_cov_6.303878,rep7b_3_SAP089A003(SAP089A)_GQ900440;gene:plasmid:97767;gene:plasmid:97768,Staphylococcus aureus,Drugs,Phenicol,Chloramphenicol_acetyltransferases,CATA,HIA
ERR14783549,NODE_864_length_21439_cov_32.792980,gene:plasmid:123887,Acinetobacter sp. TTH0-4,Drugs,Rifampin,Rifampin-resistant_beta-subunit_of_RNA_polymerase_RpoB,RPOB,CIA
ERR14783549,NODE_1204_length_15334_cov_24.868284,gene:plasmid:123887,Pseudomonas helleri,Drugs,Rifampin,Rifampin-resistant_beta-subunit_of_RNA_polymerase_RpoB,RPOB,CIA
ERR14783549,NODE_1115_length_16605_cov_3.942894,gene:plasmid:123887,Pseudomonas helleri,Drugs,Rifampin,Rifampin-resistant_beta-subunit_of_RNA_polymerase_RpoB,RPOB,CIA
ERR14783549,NODE_864_length_21439_cov_32.792980,gene:plasmid:123887,Pseudomonas helleri,Drugs,Rifampin,Rifampin-resistant_beta-subunit_of_RNA_polymerase_RpoB,RPOB,CIA
ERR14783549,NODE_1115_length_16605_cov_3.942894,gene:plasmid:123887,Pseudomonas putida,Drugs,Rifampin,Rifampin-resistant_beta-subunit_of_RNA_polymerase_RpoB,RPOB,CIA
ERR14783549,NODE_2983_length_5342_cov_91.609204,gene:plasmid:131373,Leuconostoc mesenteroides,Drugs,Aminoglycosides,Aminoglycoside-resistant_16S_ribosomal_subunit_protein,A16S,CIA
ERR14783549,NODE_2983_length_5342_cov_91.609204,gene:plasmid:131373,Leuconostoc mesenteroides,Drugs,Oxazolidinone,Oxazolidinone-resistant_23S_rRNA_mutation,O23S,Authorized for use in humans only
ERR14783549,NODE_241_length_56395_cov_34.605051,gene:plasmid:138489,Pseudomonas brenneri,Drugs,Rifampin,Rifampin-resistant_beta-subunit_of_RNA_polymerase_RpoB,RPOB,CIA
ERR14783549,NODE_4_length_177224_cov_33.103819,gene:plasmid:145289,Pseudomonas lundensis,Drugs,Fluoroquinolones,Fluoroquinolone-resistant_DNA_topoisomerases,GYRB,HPCIA
ERR14783549,NODE_4_length_177224_cov_33.103819,gene:plasmid:145289,Pseudomonas lundensis,Biocides,Phenolic_compound_resistance,Phenolic_RND_efflux_pump,TRIC,0
ERR14783549,NODE_33_length_115414_cov_3.336569,gene:plasmid:155093;gene:plasmid:82630,Pseudomonas putida,Biocides,Multi-biocide_resistance,Multi-biocide_resistance_protein,MDEA,Authorized for use in humans only ?
ERR14783549,NODE_274_length_52624_cov_2.476294,gene:plasmid:156516,Pseudomonas putida,Drugs,Multi-drug_resistance,Multi-drug_RND_efflux_pumps,MUXB,CIA
ERR14783549,NODE_390_length_40567_cov_22.988971,gene:plasmid:20668;gene:plasmid:20669,Pseudomonas lundensis,Drugs,Fluoroquinolones,Fluoroquinolone-resistant_DNA_topoisomerases,GYRA,HPCIA
ERR14783549,NODE_261_length_54257_cov_3.315592,gene:plasmid:21089,Pseudomonas putida,Biocides,Multi-biocide_resistance,Multi-biocide_RND_efflux_pump,MEXW,HPCIA
ERR14783549,NODE_261_length_54257_cov_3.315592,gene:plasmid:21089,Pseudomonas putida,Biocides,Peroxide_resistance,peroxide_resistance_protein,SODB,0
ERR14783549,NODE_358_length_43653_cov_4.015232,gene:plasmid:28516,Pseudomonas fragi,Drugs,Multi-drug_resistance,Multi-drug_RND_efflux_pumps,OPMH,NA
ERR14783549,NODE_358_length_43653_cov_4.015232,gene:plasmid:28516,Pseudomonas putida,Drugs,Fluoroquinolones,Fluoroquinolone-resistant_DNA_topoisomerases,PARC,HPCIA
ERR14783549,NODE_93_length_83824_cov_3.863424,gene:plasmid:86304,Pseudomonas putida,Multi-compound,Biocide_and_metal_resistance,Biocide_and_metal_resistance_protein,RUVB,0
ERR14783549,NODE_249_length_55119_cov_32.889275,gene:plasmid:89528,Pseudomonas helleri,Drugs,Multi-drug_resistance,Multi-drug_RND_efflux_pumps,OPMH,NA
ERR14783549,NODE_249_length_55119_cov_32.889275,gene:plasmid:89528,Pseudomonas helleri,Drugs,Fluoroquinolones,Fluoroquinolone-resistant_DNA_topoisomerases,PARC,HPCIA
ERR14783549,NODE_8_length_160912_cov_3.077800,gene:proph:173746;gene:proph:163163,Pseudomonas putida,Drugs,Fluoroquinolones,Fluoroquinolone-resistant_DNA_topoisomerases,GYRA,HPCIA
ERR14783549,NODE_427_length_37478_cov_3.005221,gene:proph:175950;gene:plasmid:28512,Pseudomonas putida,Drugs,Lipopeptides,Colistin-resistant_mutant,PHOP,HPCIA
ERR14783549,NODE_427_length_37478_cov_3.005221,gene:proph:175950;gene:plasmid:28512,Pseudomonas putida,Drugs,Lipopeptides,Colistin-resistant_mutant,PHOQ,HPCIA
ERR14783549,NODE_2_length_244642_cov_26.689896,gene:proph:175953;gene:proph:184195;gene:proph:184194;gene:proph:184236;gene:proph:175955;gene:proph:184449;gene:proph:184436,Pseudomonas helleri,Biocides,Multi-biocide_resistance,Multi-biocide_RND_efflux_pump,EMHB,0
ERR14783549,NODE_2_length_244642_cov_26.689896,gene:proph:175953;gene:proph:184195;gene:proph:184194;gene:proph:184236;gene:proph:175955;gene:proph:184449;gene:proph:184436,Pseudomonas helleri,Multi-compound,Drug_and_biocide_resistance,Drug_and_biocide_RND_efflux_pumps,EMHC,0
ERR14783549,NODE_990_length_18637_cov_6.369584,gene:proph:176835;gene:plasmid:123887,Hafnia alvei,Drugs,Elfamycins,EF-Tu_inhibition,TUFAB,NA
ERR14783549,NODE_990_length_18637_cov_6.369584,gene:proph:176835;gene:plasmid:123887,Hafnia alvei,Drugs,Rifampin,Rifampin-resistant_beta-subunit_of_RNA_polymerase_RpoB,RPOB,CIA
ERR14783549,NODE_41_length_108879_cov_26.187518,gene:proph:184193,Pseudomonas lundensis,Multi-compound,Drug_and_biocide_resistance,Drug_and_biocide_RND_efflux_pumps,MEXK,CIA
ERR14783549,NODE_60_length_95519_cov_24.503292,gene:proph:184236;gene:proph:175955;gene:plasmid:21021;gene:plasmid:154774;gene:proph:175950;gene:proph:175953;gene:proph:175954,Pseudomonas lundensis,Drugs,Lipopeptides,Colistin-resistant_mutant,PHOP,HPCIA
ERR14783549,NODE_60_length_95519_cov_24.503292,gene:proph:184236;gene:proph:175955;gene:plasmid:21021;gene:plasmid:154774;gene:proph:175950;gene:proph:175953;gene:proph:175954,Pseudomonas lundensis,Biocides,Peroxide_resistance,peroxide_resistance_protein,SODB,0
ERR14783550,NODE_74_length_60734_cov_5.504199,gene:plasmid:123887,Lelliottia amnigena,Drugs,Rifampin,Rifampin-resistant_beta-subunit_of_RNA_polymerase_RpoB,RPOB,CIA
ERR14783550,NODE_74_length_60734_cov_5.504199,gene:plasmid:123887,Pseudomonas helleri,Drugs,Rifampin,Rifampin-resistant_beta-subunit_of_RNA_polymerase_RpoB,RPOB,CIA
ERR14783550,NODE_2749_length_5342_cov_154.802493,gene:plasmid:139560,Janthinobacterium tructae,Drugs,Aminoglycosides,Aminoglycoside-resistant_16S_ribosomal_subunit_protein,A16S,CIA
ERR14783550,NODE_2749_length_5342_cov_154.802493,gene:plasmid:139560,Leuconostoc mesenteroides,Drugs,Oxazolidinone,Oxazolidinone-resistant_23S_rRNA_mutation,O23S,Authorized for use in humans only
ERR14783550,NODE_1098_length_11675_cov_3.867596,gene:plasmid:139560;gene:plasmid:131185,Acetobacter orientalis,Drugs,MLS,Macrolide-resistant_23S_rRNA_mutation,MLS23S,CIA ?
ERR14783550,NODE_1098_length_11675_cov_3.867596,gene:plasmid:139560;gene:plasmid:131185,Acetobacter pasteurianus,Drugs,Aminoglycosides,Aminoglycoside-resistant_16S_ribosomal_subunit_protein,A16S,CIA
ERR14783550,NODE_24_length_90119_cov_3.955185,gene:proph:169464,Pseudomonas fragi,Drugs,Fluoroquinolones,Fluoroquinolone-resistant_DNA_topoisomerases,GYRA,HPCIA
ERR14783550,NODE_3_length_144597_cov_4.170243,gene:proph:184236;gene:proph:175955;gene:proph:175950;gene:proph:175953;gene:proph:175954;gene:proph:184195;gene:proph:184194,Pseudomonas bubulae,Biocides,Multi-biocide_resistance,Multi-biocide_RND_efflux_pump,EMHB,0
ERR14783550,NODE_3_length_144597_cov_4.170243,gene:proph:184236;gene:proph:175955;gene:proph:175950;gene:proph:175953;gene:proph:175954;gene:proph:184195;gene:proph:184194,Pseudomonas bubulae,Multi-compound,Drug_and_biocide_resistance,Drug_and_biocide_RND_efflux_pumps,EMHC,0
ERR14783550,NODE_3_length_144597_cov_4.170243,gene:proph:184236;gene:proph:175955;gene:proph:175950;gene:proph:175953;gene:proph:175954;gene:proph:184195;gene:proph:184194,Pseudomonas bubulae,Biocides,Peroxide_resistance,peroxide_resistance_protein,SODB,0
ERR14783551,NODE_6_length_167030_cov_3.623560,gene:plasmid:112536,Pseudomonas juntendi,Multi-compound,Drug_and_biocide_resistance,Drug_and_biocide_RND_efflux_pumps,MEXE,HPCIA
ERR14783551,NODE_6_length_167030_cov_3.623560,gene:plasmid:112536,Pseudomonas juntendi,Multi-compound,Drug_and_biocide_resistance,Drug_and_biocide_RND_efflux_pumps,MEXF,HPCIA
ERR14783551,NODE_177_length_17152_cov_5.752012,gene:plasmid:123887,Pseudomonas helleri,Drugs,Rifampin,Rifampin-resistant_beta-subunit_of_RNA_polymerase_RpoB,RPOB,CIA
ERR14783551,NODE_177_length_17152_cov_5.752012,gene:plasmid:123887,Pseudomonas putida,Drugs,Rifampin,Rifampin-resistant_beta-subunit_of_RNA_polymerase_RpoB,RPOB,CIA
ERR14783551,NODE_10_length_118956_cov_3.864621,gene:plasmid:134485,Pseudomonas lundensis,Drugs,Cationic_antimicrobial_peptides,Polymyxin_B_resistance_regulator,ARNA,HPCIA
ERR14783551,NODE_738_length_4835_cov_8.945200,gene:plasmid:139560,Leuconostoc mesenteroides,Drugs,Aminoglycosides,Aminoglycoside-resistant_16S_ribosomal_subunit_protein,A16S,CIA
ERR14783551,NODE_738_length_4835_cov_8.945200,gene:plasmid:139560,Leuconostoc mesenteroides,Drugs,Oxazolidinone,Oxazolidinone-resistant_23S_rRNA_mutation,O23S,Authorized for use in humans only
ERR14783551,NODE_4_length_210640_cov_5.543677,gene:plasmid:155093;gene:plasmid:125744,Pseudomonas lundensis,Drugs,Aminocoumarins,Aminocoumarin-resistant_DNA_topoisomerases,PARE,Not medically important
ERR14783551,NODE_4_length_210640_cov_5.543677,gene:plasmid:155093;gene:plasmid:125744,Pseudomonas lundensis,Drugs,Fluoroquinolones,Fluoroquinolone-resistant_DNA_topoisomerases,PARC,HPCIA
ERR14783551,NODE_4_length_210640_cov_5.543677,gene:plasmid:155093;gene:plasmid:125744,Pseudomonas lundensis,Multi-compound,Biocide_and_metal_resistance,Biocide_and_metal_resistance_protein,RUVB,0
ERR14783551,NODE_37_length_62268_cov_4.579875,gene:plasmid:21021,Pseudomonas sp. SD17-1,Multi-compound,Drug_and_biocide_resistance,Drug_and_biocide_RND_efflux_pumps,TTGA,NA
ERR14783551,NODE_37_length_62268_cov_4.579875,gene:plasmid:21021,Pseudomonas lundensis,Drugs,Lipopeptides,Colistin-resistant_mutant,PHOP,HPCIA
ERR14783551,NODE_8_length_139071_cov_3.906149,gene:plasmid:27818,Enterobacter hormaechei,Drugs,betalactams,Penicillin_binding_protein,PBP2,HPCIA
ERR14783551,NODE_8_length_139071_cov_3.906149,gene:plasmid:27818,Pseudomonas lundensis,Drugs,Multi-drug_resistance,Multi-drug_RND_efflux_pumps,MUXB,CIA
ERR14783551,NODE_18_length_87882_cov_4.673705,gene:proph:175950;gene:proph:175953;gene:proph:175954;gene:proph:184195;gene:proph:184194;gene:plasmid:112456;gene:proph:184236;gene:proph:175955,Pseudomonas lundensis,Biocides,Multi-biocide_resistance,Multi-biocide_RND_efflux_pump,EMHB,0
ERR14783551,NODE_18_length_87882_cov_4.673705,gene:proph:175950;gene:proph:175953;gene:proph:175954;gene:proph:184195;gene:proph:184194;gene:plasmid:112456;gene:proph:184236;gene:proph:175955,Pseudomonas lundensis,Multi-compound,Drug_and_biocide_resistance,Drug_and_biocide_RND_efflux_pumps,EMHC,0
ERR14783553,NODE_636_length_5342_cov_39.272675,gene:plasmid:131373,Leuconostoc mesenteroides,Drugs,Aminoglycosides,Aminoglycoside-resistant_16S_ribosomal_subunit_protein,A16S,CIA
ERR14783553,NODE_636_length_5342_cov_39.272675,gene:plasmid:131373,Leuconostoc mesenteroides,Drugs,Oxazolidinone,Oxazolidinone-resistant_23S_rRNA_mutation,O23S,Authorized for use in humans only
ERR14783553,NODE_616_length_5592_cov_32.511985,gene:plasmid:139560;gene:plasmid:131376,Acetobacter orientalis,Drugs,MLS,Macrolide-resistant_23S_rRNA_mutation,MLS23S,CIA ?
ERR14783553,NODE_616_length_5592_cov_32.511985,gene:plasmid:139560;gene:plasmid:131376,other,Drugs,Aminoglycosides,Aminoglycoside-resistant_16S_ribosomal_subunit_protein,A16S,CIA
ERR14783783,NODE_6_length_306022_cov_12.560251,gene:plasmid:119871;gene:plasmid:154014;gene:plasmid:149415;gene:plasmid:93494;gene:plasmid:93486,Klebsiella grimontii,Multi-compound,Drug_and_biocide_resistance,Drug_and_biocide_RND_efflux_pumps,OQXA,Authorized for use in humans only ?
ERR14783783,NODE_6_length_306022_cov_12.560251,gene:plasmid:119871;gene:plasmid:154014;gene:plasmid:149415;gene:plasmid:93494;gene:plasmid:93486,Klebsiella grimontii,Multi-compound,Drug_and_biocide_resistance,Drug_and_biocide_RND_efflux_pumps,OQXB,Authorized for use in humans only ?
ERR14783783,NODE_6_length_306022_cov_12.560251,gene:plasmid:119871;gene:plasmid:154014;gene:plasmid:149415;gene:plasmid:93494;gene:plasmid:93486,Klebsiella grimontii,Multi-compound,Drug_and_biocide_resistance,Drug_and_biocide_MFS_efflux_pumps,KMRA,0
ERR14783783,NODE_153_length_15663_cov_2.411367,gene:plasmid:123887,Pseudomonas helleri,Drugs,Rifampin,Rifampin-resistant_beta-subunit_of_RNA_polymerase_RpoB,RPOB,CIA
ERR14783783,NODE_36_length_75503_cov_2.613975,gene:plasmid:129691;gene:plasmid:86304,Pseudomonas putida,Multi-compound,Biocide_and_metal_resistance,Biocide_and_metal_resistance_protein,RUVB,0
ERR14783783,NODE_2_length_448793_cov_15.016462,gene:plasmid:134726;gene:plasmid:134726,Klebsiella grimontii,Multi-compound,Drug_and_biocide_and_metal_resistance,Drug_and_biocide_and_metal_RND_efflux_pumps,MDTB,Not medically important
ERR14783783,NODE_2_length_448793_cov_15.016462,gene:plasmid:134726;gene:plasmid:134726,Klebsiella grimontii,Drugs,Fluoroquinolones,Fluoroquinolone-resistant_DNA_topoisomerases,GYRA,HPCIA
ERR14783783,NODE_2_length_448793_cov_15.016462,gene:plasmid:134726;gene:plasmid:134726,Klebsiella grimontii,Drugs,Fosfomycin,Fosfomycin_target_mutation,PTSL,HPCIA
ERR14783783,NODE_2_length_448793_cov_15.016462,gene:plasmid:134726;gene:plasmid:134726,Pantoea agglomerans,Drugs,Fosfomycin,Fosfomycin_target_mutation,PTSL,HPCIA
ERR14783783,NODE_2_length_448793_cov_15.016462,gene:plasmid:134726;gene:plasmid:134726,Klebsiella grimontii,Multi-compound,Drug_and_biocide_and_metal_resistance,Drug_and_biocide_and_metal_RND_efflux_pumps,ACRD,CIA
ERR14783783,NODE_2_length_448793_cov_15.016462,gene:plasmid:134726;gene:plasmid:134726,Klebsiella grimontii,Drugs,betalactams,Mutant_porin_proteins,OMPK36,Authorized for use in humans only ?
ERR14783783,NODE_463_length_5405_cov_13.180371,gene:plasmid:139560,Acetobacter orientalis,Drugs,Aminoglycosides,Aminoglycoside-resistant_16S_ribosomal_subunit_protein,A16S,CIA
ERR14783783,NODE_463_length_5405_cov_13.180371,gene:plasmid:139560,Leuconostoc mesenteroides,Drugs,Oxazolidinone,Oxazolidinone-resistant_23S_rRNA_mutation,O23S,Authorized for use in humans only
ERR14783783,NODE_8_length_270784_cov_18.704486,gene:plasmid:151260,Klebsiella grimontii,Drugs,Lipopeptides,Colistin_phosphoethanolamine_transferase,EPTB,NA
ERR14783783,NODE_8_length_270784_cov_18.704486,gene:plasmid:151260,Klebsiella grimontii,Drugs,Elfamycins,EF-Tu_inhibition,TUFAB,NA
ERR14783783,NODE_8_length_270784_cov_18.704486,gene:plasmid:151260,Klebsiella grimontii,Drugs,Lipopeptides,Colistin_phosphoethanolamine_transferase,ARNT,HPCIA
ERR14783783,NODE_8_length_270784_cov_18.704486,gene:plasmid:151260,Klebsiella grimontii,Drugs,Aminoglycosides,Aminoglycoside-resistant_16S_ribosomal_subunit_protein,RPSL,CIA
ERR14783783,NODE_8_length_270784_cov_18.704486,gene:plasmid:151260,Klebsiella grimontii,Multi-compound,Drug_and_biocide_resistance,Drug_and_biocide_RND_efflux_regulator,CRP,Authorized for use in humans only 
ERR14783783,NODE_5_length_306706_cov_13.613506,gene:plasmid:156052;gene:proph:169464;gene:proph:169512;gene:plasmid:125744;gene:proph:172517,Klebsiella grimontii,Biocides,Phenolic_compound_resistance,Triclosan-resistant_mutation,FABG,0
ERR14783783,NODE_5_length_306706_cov_13.613506,gene:plasmid:156052;gene:proph:169464;gene:proph:169512;gene:plasmid:125744;gene:proph:172517,Klebsiella grimontii,Multi-compound,Drug_and_biocide_resistance,Drug_and_biocide_ABC_efflux_regulator,PHOB,0
ERR14783783,NODE_5_length_306706_cov_13.613506,gene:plasmid:156052;gene:proph:169464;gene:proph:169512;gene:plasmid:125744;gene:proph:172517,Klebsiella grimontii,Multi-compound,Drug_and_biocide_resistance,Drug_and_biocide_SMR_efflux_regulator,PHOR,0
ERR14783783,NODE_47_length_49414_cov_2.137967,gene:plasmid:21089,Pseudomonas putida,Biocides,Peroxide_resistance,peroxide_resistance_protein,SODB,0
ERR14783783,NODE_4_length_324819_cov_15.045058,gene:plasmid:24610,Klebsiella grimontii,Drugs,betalactams,Class_A_betalactamases,OXY,Authorized for use in humans only ?
ERR14783783,NODE_134_length_18700_cov_1.777365,gene:plasmid:28512;gene:proph:175950,Pseudomonas putida,Drugs,Lipopeptides,Colistin-resistant_mutant,PHOP,HPCIA
ERR14783783,NODE_134_length_18700_cov_1.777365,gene:plasmid:28512;gene:proph:175950,Pseudomonas putida,Drugs,Lipopeptides,Colistin-resistant_mutant,PHOQ,HPCIA
ERR14783783,NODE_129_length_19817_cov_2.464093,gene:plasmid:28516,Pseudomonas fragi,Drugs,Aminocoumarins,Aminocoumarin-resistant_DNA_topoisomerases,PARE,Not medically important
ERR14783783,NODE_129_length_19817_cov_2.464093,gene:plasmid:28516,Pseudomonas putida,Drugs,Multi-drug_resistance,Multi-drug_RND_efflux_pumps,OPMH,NA
ERR14783783,NODE_129_length_19817_cov_2.464093,gene:plasmid:28516,Pseudomonas putida,Drugs,Fluoroquinolones,Fluoroquinolone-resistant_DNA_topoisomerases,PARC,HPCIA
ERR14783783,NODE_68_length_32565_cov_2.092237,gene:plasmid:82630,Pseudomonas putida,Biocides,Multi-biocide_resistance,Multi-biocide_RND_efflux_pump,MEXW,HPCIA
ERR14783783,NODE_50_length_42283_cov_20.187470,gene:plasmid:88437;gene:plasmid:88436;gene:plasmid:88435;gene:plasmid:155952;gene:plasmid:156088;gene:plasmid:117725;gene:plasmid:88445;gene:plasmid:88447;gene:plasmid:88448;gene:plasmid:88449;gene:plasmid:155994;gene:plasmid:88409,Citrobacter freundii,Drugs,betalactams,Class_A_betalactamases,CTX,Authorized for use in humans only 
ERR14783783,NODE_9_length_263326_cov_14.320438,gene:proph:163818;gene:proph:179258;gene:plasmid:124311;gene:proph:179262;gene:proph:179263,Klebsiella grimontii,Drugs,Multi-drug_resistance,MDR_mutant_porin_proteins,OMPK,NA
ERR14783783,NODE_9_length_263326_cov_14.320438,gene:proph:163818;gene:proph:179258;gene:plasmid:124311;gene:proph:179262;gene:proph:179263,Klebsiella grimontii,Multi-compound,Drug_and_biocide_resistance,Drug_and_biocide_MFS_efflux_pumps,KDEA,0
ERR14783783,NODE_1_length_801456_cov_14.431333,gene:proph:164876;gene:proph:164876;gene:plasmid:89001;gene:plasmid:21988;gene:plasmid:21989;gene:vir:7358;gene:vir:7358;gene:plasmid:22293,Klebsiella grimontii,Multi-compound,Drug_and_biocide_resistance,Drug_and_biocide_MATE_efflux_pumps,MDTK,HPCIA
ERR14783783,NODE_1_length_801456_cov_14.431333,gene:proph:164876;gene:proph:164876;gene:plasmid:89001;gene:plasmid:21988;gene:plasmid:21989;gene:vir:7358;gene:vir:7358;gene:plasmid:22293,Klebsiella grimontii,Biocides,Peroxide_resistance,peroxide_resistance_protein,SODB,0
ERR14783783,NODE_11_length_224168_cov_15.982584,gene:proph:170892,Klebsiella grimontii,Drugs,betalactams,Penicillin_binding_protein,AMPH,HIA
ERR14783783,NODE_11_length_224168_cov_15.982584,gene:proph:170892,Klebsiella grimontii,Multi-compound,Drug_and_biocide_resistance,Drug_and_biocide_RND_efflux_pumps,ACRA,Authorized for use in humans only ?
ERR14783783,NODE_11_length_224168_cov_15.982584,gene:proph:170892,Klebsiella grimontii,Multi-compound,Drug_and_biocide_resistance,Drug_and_biocide_RND_efflux_pumps,SDEY,0
ERR14783783,NODE_11_length_224168_cov_15.982584,gene:proph:170892,Klebsiella grimontii,Biocides,Multi-biocide_resistance,Multi-biocide_ABC_efflux_pump,SMDA,0
ERR14783783,NODE_53_length_39538_cov_18.983862,gene:proph:176833;gene:proph:176835;gene:plasmid:123887,Klebsiella grimontii,Drugs,Elfamycins,EF-Tu_inhibition,TUFAB,NA
ERR14783783,NODE_53_length_39538_cov_18.983862,gene:proph:176833;gene:proph:176835;gene:plasmid:123887,Klebsiella grimontii,Drugs,Rifampin,Rifampin-resistant_beta-subunit_of_RNA_polymerase_RpoB,RPOB,CIA
ERR14783784,NODE_409_length_5453_cov_19.422831,gene:plasmid:117290,Leuconostoc falkenbergense,Drugs,Aminoglycosides,Aminoglycoside-resistant_16S_ribosomal_subunit_protein,A16S,CIA
ERR14783784,NODE_409_length_5453_cov_19.422831,gene:plasmid:117290,Leuconostoc mesenteroides,Drugs,Oxazolidinone,Oxazolidinone-resistant_23S_rRNA_mutation,O23S,Authorized for use in humans only
ERR14783784,NODE_7_length_306022_cov_11.361980,gene:plasmid:119871;gene:plasmid:154014;gene:plasmid:149415;gene:plasmid:93494;gene:plasmid:93486,Klebsiella grimontii,Multi-compound,Drug_and_biocide_resistance,Drug_and_biocide_RND_efflux_pumps,OQXA,Authorized for use in humans only ?
ERR14783784,NODE_7_length_306022_cov_11.361980,gene:plasmid:119871;gene:plasmid:154014;gene:plasmid:149415;gene:plasmid:93494;gene:plasmid:93486,Klebsiella grimontii,Multi-compound,Drug_and_biocide_resistance,Drug_and_biocide_RND_efflux_pumps,OQXB,Authorized for use in humans only ?
ERR14783784,NODE_7_length_306022_cov_11.361980,gene:plasmid:119871;gene:plasmid:154014;gene:plasmid:149415;gene:plasmid:93494;gene:plasmid:93486,Klebsiella grimontii,Multi-compound,Drug_and_biocide_resistance,Drug_and_biocide_MFS_efflux_pumps,KMRA,0
ERR14783784,NODE_79_length_34472_cov_16.803669,gene:plasmid:123887,Pseudomonas saxonica,Drugs,Elfamycins,EF-Tu_inhibition,TUFAB,NA
ERR14783784,NODE_36_length_74198_cov_2.089603,gene:plasmid:123887;gene:plasmid:138489,Pseudomonas sp. DTU12.1,Drugs,Elfamycins,EF-Tu_inhibition,TUFAB,NA
ERR14783784,NODE_36_length_74198_cov_2.089603,gene:plasmid:123887;gene:plasmid:138489,Pseudomonas sp. DTU12.1,Drugs,Rifampin,Rifampin-resistant_beta-subunit_of_RNA_polymerase_RpoB,RPOB,CIA
ERR14783784,NODE_3_length_448793_cov_13.913778,gene:plasmid:134726;gene:plasmid:134726,Klebsiella grimontii,Multi-compound,Drug_and_biocide_and_metal_resistance,Drug_and_biocide_and_metal_RND_efflux_pumps,MDTB,Not medically important
ERR14783784,NODE_3_length_448793_cov_13.913778,gene:plasmid:134726;gene:plasmid:134726,Klebsiella grimontii,Drugs,Fluoroquinolones,Fluoroquinolone-resistant_DNA_topoisomerases,GYRA,HPCIA
ERR14783784,NODE_3_length_448793_cov_13.913778,gene:plasmid:134726;gene:plasmid:134726,Citrobacter freundii,Drugs,Fosfomycin,Fosfomycin_target_mutation,PTSL,HPCIA
ERR14783784,NODE_3_length_448793_cov_13.913778,gene:plasmid:134726;gene:plasmid:134726,Klebsiella grimontii,Drugs,Fosfomycin,Fosfomycin_target_mutation,PTSL,HPCIA
ERR14783784,NODE_3_length_448793_cov_13.913778,gene:plasmid:134726;gene:plasmid:134726,Klebsiella grimontii,Multi-compound,Drug_and_biocide_and_metal_resistance,Drug_and_biocide_and_metal_RND_efflux_pumps,ACRD,CIA
ERR14783784,NODE_3_length_448793_cov_13.913778,gene:plasmid:134726;gene:plasmid:134726,Superficieibacter sp. BNK-5,Multi-compound,Drug_and_biocide_and_metal_resistance,Drug_and_biocide_and_metal_RND_efflux_pumps,ACRD,CIA
ERR14783784,NODE_454_length_4510_cov_11.997262,gene:plasmid:139562,Pseudomonas sp. LG1D9,Drugs,MLS,Macrolide-resistant_23S_rRNA_mutation,MLS23S,CIA ?
ERR14783784,NODE_41_length_66276_cov_21.234425,gene:plasmid:156052;gene:plasmid:91985;gene:plasmid:156082;gene:plasmid:156066;gene:plasmid:88437;gene:plasmid:88436;gene:plasmid:88435;gene:plasmid:155952;gene:plasmid:156088;gene:plasmid:88409;gene:plasmid:91925;gene:plasmid:88447;gene:plasmid:88448;gene:plasmid:88449;gene:plasmid:155994,Escherichia coli,Drugs,betalactams,Class_A_betalactamases,CTX,Authorized for use in humans only 
ERR14783784,NODE_6_length_306706_cov_12.666853,gene:plasmid:156052;gene:proph:169464;gene:proph:169512;gene:plasmid:125744;gene:proph:172517,Klebsiella grimontii,Biocides,Phenolic_compound_resistance,Triclosan-resistant_mutation,FABG,0
ERR14783784,NODE_6_length_306706_cov_12.666853,gene:plasmid:156052;gene:proph:169464;gene:proph:169512;gene:plasmid:125744;gene:proph:172517,Klebsiella grimontii,Multi-compound,Drug_and_biocide_resistance,Drug_and_biocide_ABC_efflux_regulator,PHOB,0
ERR14783784,NODE_6_length_306706_cov_12.666853,gene:plasmid:156052;gene:proph:169464;gene:proph:169512;gene:plasmid:125744;gene:proph:172517,Klebsiella grimontii,Multi-compound,Drug_and_biocide_resistance,Drug_and_biocide_SMR_efflux_regulator,PHOR,0
ERR14783784,NODE_4_length_324819_cov_13.942666,gene:plasmid:24610,Klebsiella grimontii,Drugs,betalactams,Class_A_betalactamases,OXY,Authorized for use in humans only ?
ERR14783784,NODE_108_length_26254_cov_1.672791,gene:plasmid:81882,Pseudomonas sp. DTU12.1,Multi-compound,Drug_and_biocide_resistance,Drug_and_biocide_RND_efflux_regulator,CPXAR,CIA 
ERR14783784,NODE_9_length_263326_cov_13.344435,gene:proph:163818;gene:proph:179258;gene:plasmid:124311;gene:proph:179262;gene:proph:179263,Klebsiella grimontii,Drugs,Multi-drug_resistance,MDR_mutant_porin_proteins,OMPK,NA
ERR14783784,NODE_9_length_263326_cov_13.344435,gene:proph:163818;gene:proph:179258;gene:plasmid:124311;gene:proph:179262;gene:proph:179263,Klebsiella grimontii,Multi-compound,Drug_and_biocide_resistance,Drug_and_biocide_MFS_efflux_pumps,KDEA,0
ERR14783784,NODE_1_length_551646_cov_12.586284,gene:proph:164876;gene:plasmid:89001;gene:plasmid:21988;gene:plasmid:21989;gene:vir:7358,Klebsiella grimontii,Multi-compound,Drug_and_biocide_resistance,Drug_and_biocide_MATE_efflux_pumps,MDTK,HPCIA
ERR14783784,NODE_1_length_551646_cov_12.586284,gene:proph:164876;gene:plasmid:89001;gene:plasmid:21988;gene:plasmid:21989;gene:vir:7358,Klebsiella grimontii,Biocides,Peroxide_resistance,peroxide_resistance_protein,SODB,0
ERR14783784,NODE_13_length_224168_cov_14.731509,gene:proph:170892,Klebsiella grimontii,Drugs,betalactams,Penicillin_binding_protein,AMPH,HIA
ERR14783784,NODE_13_length_224168_cov_14.731509,gene:proph:170892,Klebsiella grimontii,Multi-compound,Drug_and_biocide_resistance,Drug_and_biocide_RND_efflux_pumps,ACRA,Authorized for use in humans only ?
ERR14783784,NODE_13_length_224168_cov_14.731509,gene:proph:170892,Klebsiella grimontii,Multi-compound,Drug_and_biocide_resistance,Drug_and_biocide_RND_efflux_pumps,SDEY,0
ERR14783784,NODE_13_length_224168_cov_14.731509,gene:proph:170892,Klebsiella grimontii,Biocides,Multi-biocide_resistance,Multi-biocide_ABC_efflux_pump,SMDA,0
ERR14783785,NODE_6_length_306022_cov_17.514222,gene:plasmid:119871;gene:plasmid:154014;gene:plasmid:149415;gene:plasmid:93494;gene:plasmid:93486,Klebsiella grimontii,Multi-compound,Drug_and_biocide_resistance,Drug_and_biocide_RND_efflux_pumps,OQXA,Authorized for use in humans only ?
ERR14783785,NODE_6_length_306022_cov_17.514222,gene:plasmid:119871;gene:plasmid:154014;gene:plasmid:149415;gene:plasmid:93494;gene:plasmid:93486,Klebsiella grimontii,Multi-compound,Drug_and_biocide_resistance,Drug_and_biocide_RND_efflux_pumps,OQXB,Authorized for use in humans only ?
ERR14783785,NODE_6_length_306022_cov_17.514222,gene:plasmid:119871;gene:plasmid:154014;gene:plasmid:149415;gene:plasmid:93494;gene:plasmid:93486,Klebsiella grimontii,Multi-compound,Drug_and_biocide_resistance,Drug_and_biocide_MFS_efflux_pumps,KMRA,0
ERR14783785,NODE_129_length_9751_cov_1.578969,gene:plasmid:123887,Pseudomonas saxonica,Drugs,Rifampin,Rifampin-resistant_beta-subunit_of_RNA_polymerase_RpoB,RPOB,CIA
ERR14783785,NODE_3_length_448793_cov_19.944228,gene:plasmid:134726;gene:plasmid:134726,Klebsiella grimontii,Multi-compound,Drug_and_biocide_and_metal_resistance,Drug_and_biocide_and_metal_RND_efflux_pumps,MDTC,Not medically important
ERR14783785,NODE_3_length_448793_cov_19.944228,gene:plasmid:134726;gene:plasmid:134726,Klebsiella grimontii,Drugs,Fluoroquinolones,Fluoroquinolone-resistant_DNA_topoisomerases,GYRA,HPCIA
ERR14783785,NODE_3_length_448793_cov_19.944228,gene:plasmid:134726;gene:plasmid:134726,Klebsiella grimontii,Drugs,Fosfomycin,Fosfomycin_target_mutation,PTSL,HPCIA
ERR14783785,NODE_3_length_448793_cov_19.944228,gene:plasmid:134726;gene:plasmid:134726,Superficieibacter sp. BNK-5,Drugs,Fosfomycin,Fosfomycin_target_mutation,PTSL,HPCIA
ERR14783785,NODE_3_length_448793_cov_19.944228,gene:plasmid:134726;gene:plasmid:134726,Klebsiella grimontii,Multi-compound,Drug_and_biocide_and_metal_resistance,Drug_and_biocide_and_metal_RND_efflux_pumps,ACRD,CIA
ERR14783785,NODE_3_length_448793_cov_19.944228,gene:plasmid:134726;gene:plasmid:134726,Klebsiella grimontii,Drugs,betalactams,Mutant_porin_proteins,OMPK36,Authorized for use in humans only ?
ERR14783785,NODE_390_length_5287_cov_32.965891,gene:plasmid:139560,Leuconostoc mesenteroides,Drugs,Aminoglycosides,Aminoglycoside-resistant_16S_ribosomal_subunit_protein,A16S,CIA
ERR14783785,NODE_390_length_5287_cov_32.965891,gene:plasmid:139560,Leuconostoc mesenteroides,Drugs,Oxazolidinone,Oxazolidinone-resistant_23S_rRNA_mutation,O23S,Authorized for use in humans only
ERR14783785,NODE_8_length_270784_cov_22.753925,gene:plasmid:151260,Klebsiella grimontii,Drugs,Lipopeptides,Colistin_phosphoethanolamine_transferase,EPTB,NA
ERR14783785,NODE_8_length_270784_cov_22.753925,gene:plasmid:151260,Klebsiella grimontii,Drugs,Elfamycins,EF-Tu_inhibition,TUFAB,NA
ERR14783785,NODE_8_length_270784_cov_22.753925,gene:plasmid:151260,Klebsiella grimontii,Drugs,Lipopeptides,Colistin_phosphoethanolamine_transferase,ARNT,HPCIA
ERR14783785,NODE_8_length_270784_cov_22.753925,gene:plasmid:151260,Klebsiella grimontii,Drugs,Aminoglycosides,Aminoglycoside-resistant_16S_ribosomal_subunit_protein,RPSL,CIA
ERR14783785,NODE_8_length_270784_cov_22.753925,gene:plasmid:151260,Klebsiella grimontii,Multi-compound,Drug_and_biocide_resistance,Drug_and_biocide_RND_efflux_regulator,CRP,Authorized for use in humans only 
ERR14783785,NODE_33_length_66276_cov_31.237071,gene:plasmid:156052;gene:plasmid:91985;gene:plasmid:156082;gene:plasmid:156066;gene:plasmid:88437;gene:plasmid:88436;gene:plasmid:88435;gene:plasmid:155952;gene:plasmid:156088;gene:plasmid:88409;gene:plasmid:91925;gene:plasmid:88447;gene:plasmid:88448;gene:plasmid:88449;gene:plasmid:155994,Klebsiella oxytoca,Drugs,betalactams,Class_A_betalactamases,CTX,Authorized for use in humans only 
ERR14783785,NODE_5_length_306706_cov_18.458286,gene:plasmid:156052;gene:proph:169464;gene:proph:169512;gene:plasmid:125744;gene:proph:172517,Klebsiella grimontii,Biocides,Phenolic_compound_resistance,Triclosan-resistant_mutation,FABG,0
ERR14783785,NODE_5_length_306706_cov_18.458286,gene:plasmid:156052;gene:proph:169464;gene:proph:169512;gene:plasmid:125744;gene:proph:172517,Klebsiella grimontii,Multi-compound,Drug_and_biocide_resistance,Drug_and_biocide_ABC_efflux_regulator,PHOB,0
ERR14783785,NODE_5_length_306706_cov_18.458286,gene:plasmid:156052;gene:proph:169464;gene:proph:169512;gene:plasmid:125744;gene:proph:172517,Klebsiella grimontii,Multi-compound,Drug_and_biocide_resistance,Drug_and_biocide_SMR_efflux_regulator,PHOR,0
ERR14783785,NODE_4_length_324819_cov_19.989067,gene:plasmid:24610,Klebsiella grimontii,Drugs,betalactams,Class_A_betalactamases,OXY,Authorized for use in humans only ?
ERR14783785,NODE_9_length_263326_cov_19.329975,gene:proph:163818;gene:proph:179258;gene:plasmid:124311;gene:proph:179262;gene:proph:179263,Klebsiella grimontii,Drugs,Multi-drug_resistance,MDR_mutant_porin_proteins,OMPK,NA
ERR14783785,NODE_9_length_263326_cov_19.329975,gene:proph:163818;gene:proph:179258;gene:plasmid:124311;gene:proph:179262;gene:proph:179263,Klebsiella grimontii,Multi-compound,Drug_and_biocide_resistance,Drug_and_biocide_MFS_efflux_pumps,KDEA,0
ERR14783785,NODE_1_length_755740_cov_18.521485,gene:proph:164876;gene:plasmid:89001;gene:plasmid:21988;gene:plasmid:21989;gene:vir:7358;gene:plasmid:22293,Klebsiella grimontii,Multi-compound,Drug_and_biocide_resistance,Drug_and_biocide_MATE_efflux_pumps,MDTK,HPCIA
ERR14783785,NODE_1_length_755740_cov_18.521485,gene:proph:164876;gene:plasmid:89001;gene:plasmid:21988;gene:plasmid:21989;gene:vir:7358;gene:plasmid:22293,Klebsiella grimontii,Biocides,Peroxide_resistance,peroxide_resistance_protein,SODB,0
ERR14783785,NODE_13_length_224168_cov_20.703010,gene:proph:170892,Klebsiella grimontii,Drugs,betalactams,Penicillin_binding_protein,AMPH,HIA
ERR14783785,NODE_13_length_224168_cov_20.703010,gene:proph:170892,Citrobacter freundii,Multi-compound,Drug_and_biocide_resistance,Drug_and_biocide_RND_efflux_pumps,ACRB,Authorized for use in humans only ?
ERR14783785,NODE_13_length_224168_cov_20.703010,gene:proph:170892,Klebsiella grimontii,Multi-compound,Drug_and_biocide_resistance,Drug_and_biocide_RND_efflux_pumps,SDEY,0
ERR14783785,NODE_13_length_224168_cov_20.703010,gene:proph:170892,Klebsiella grimontii,Biocides,Multi-biocide_resistance,Multi-biocide_ABC_efflux_pump,SMDA,0
ERR14783785,NODE_39_length_39538_cov_23.006902,gene:proph:176833;gene:proph:176835;gene:plasmid:123887,Klebsiella grimontii,Drugs,Elfamycins,EF-Tu_inhibition,TUFAB,NA
ERR14783785,NODE_39_length_39538_cov_23.006902,gene:proph:176833;gene:proph:176835;gene:plasmid:123887,Klebsiella grimontii,Drugs,Rifampin,Rifampin-resistant_beta-subunit_of_RNA_polymerase_RpoB,RPOB,CIA
ERR14783786,NODE_1224_length_5335_cov_8.832373,gene:plasmid:131182,Leuconostoc falkenbergense,Drugs,Aminoglycosides,Aminoglycoside-resistant_16S_ribosomal_subunit_protein,A16S,CIA
ERR14783786,NODE_1224_length_5335_cov_8.832373,gene:plasmid:131182,Leuconostoc mesenteroides,Drugs,Oxazolidinone,Oxazolidinone-resistant_23S_rRNA_mutation,O23S,Authorized for use in humans only
ERR14783786,NODE_1526_length_4034_cov_1.727156,gene:plasmid:139560,other,Drugs,Aminoglycosides,Aminoglycoside-resistant_16S_ribosomal_subunit_protein,A16S,CIA
ERR14783786,NODE_5_length_262480_cov_9.465644,gene:plasmid:145289;gene:plasmid:145257;gene:plasmid:145291;gene:plasmid:22225;gene:plasmid:85668;gene:plasmid:124491,Pseudomonas qingdaonensis,Drugs,Aminocoumarins,Aminocoumarin-resistant_DNA_topoisomerases,GYRBA,Not medically important
ERR14783786,NODE_43_length_76302_cov_5.056095,gene:plasmid:149763;gene:plasmid:21828,Pseudomonas palmensis,Multi-compound,Drug_and_biocide_resistance,Drug_and_biocide_RND_efflux_regulator,MEXT,HPCIA
ERR14783786,NODE_27_length_96182_cov_4.865608,gene:plasmid:154939,Pseudomonas sp. AE27,Multi-compound,Drug_and_biocide_resistance,Drug_and_biocide_RND_efflux_pumps,MEXI,HPCIA
ERR14783786,NODE_74_length_53780_cov_6.893855,gene:plasmid:21021,Pseudomonas lundensis,Biocides,Peroxide_resistance,peroxide_resistance_protein,SODB,0
ERR14783786,NODE_74_length_53780_cov_6.893855,gene:plasmid:21021,Pseudomonas lundensis,Biocides,Peroxide_resistance,peroxide_resistance_protein,SODB,0
ERR14783786,NODE_52_length_66180_cov_8.882231,gene:plasmid:22062,Pseudomonas qingdaonensis,Biocides,Phenolic_compound_resistance,Phenolic_RND_efflux_pump,TRIC,0
ERR14783786,NODE_45_length_71568_cov_6.928039,gene:plasmid:28490;gene:plasmid:21089,Pseudomonas qingdaonensis,Multi-compound,Drug_and_biocide_resistance,Drug_and_biocide_RND_efflux_pumps,TTGC,NA
ERR14783786,NODE_45_length_71568_cov_6.928039,gene:plasmid:28490;gene:plasmid:21089,Pseudomonas qingdaonensis,Biocides,Multi-biocide_resistance,Multi-biocide_RND_efflux_pump,MEXW,HPCIA
ERR14783786,NODE_45_length_71568_cov_6.928039,gene:plasmid:28490;gene:plasmid:21089,Pseudomonas qingdaonensis,Biocides,Peroxide_resistance,peroxide_resistance_protein,SODB,0
ERR14783786,NODE_685_length_9805_cov_1.425294,gene:proph:169464;gene:proph:169512,Klebsiella grimontii,Multi-compound,Drug_and_biocide_resistance,Drug_and_biocide_ABC_efflux_regulator,PHOB,0
ERR14783786,NODE_685_length_9805_cov_1.425294,gene:proph:169464;gene:proph:169512,Klebsiella grimontii,Multi-compound,Drug_and_biocide_resistance,Drug_and_biocide_SMR_efflux_regulator,PHOR,0
ERR14783786,NODE_412_length_14546_cov_1.767806,gene:proph:170892,Klebsiella sp. HC6,Biocides,Multi-biocide_resistance,Multi-biocide_ABC_efflux_pump,SMDA,0
ERR14783786,NODE_55_length_64086_cov_4.734596,gene:proph:173726,Pseudomonas sp. AE27,Drugs,Multi-drug_resistance,Multi-drug_RND_efflux_pumps,MUXB,CIA
ERR14783787,NODE_89_length_72982_cov_18.429634,gene:plasmid:123887;gene:plasmid:116472,Pseudomonas sp. B21-036,Drugs,Elfamycins,EF-Tu_inhibition,TUFAB,NA
ERR14783787,NODE_89_length_72982_cov_18.429634,gene:plasmid:123887;gene:plasmid:116472,Pseudomonas sp. B21-036,Drugs,Elfamycins,EF-Tu_inhibition,TUFAB,NA
ERR14783787,NODE_89_length_72982_cov_18.429634,gene:plasmid:123887;gene:plasmid:116472,Pseudomonas sp. B21-036,Drugs,Rifampin,Rifampin-resistant_beta-subunit_of_RNA_polymerase_RpoB,RPOB,CIA
ERR14783787,NODE_500_length_16267_cov_25.288166,gene:plasmid:123888;gene:plasmid:123887,Klebsiella sp. HC6,Drugs,Rifampin,Rifampin-resistant_beta-subunit_of_RNA_polymerase_RpoB,RPOB,CIA
ERR14783787,NODE_106_length_64030_cov_1.927171,gene:plasmid:125744,Citrobacter freundii,Drugs,betalactams,Mutant_porin_proteins,OMPA,Authorized for use in humans only ?
ERR14783787,NODE_1015_length_4705_cov_7.676059,gene:plasmid:131373,Leuconostoc mesenteroides,Drugs,Aminoglycosides,Aminoglycoside-resistant_16S_ribosomal_subunit_protein,A16S,CIA
ERR14783787,NODE_41_length_139369_cov_15.754614,gene:plasmid:138733;gene:plasmid:154897,Pseudomonas palmensis,Biocides,Peroxide_resistance,peroxide_resistance_protein,SODA,0
ERR14783787,NODE_973_length_5287_cov_217.535659,gene:plasmid:139560,Acetobacter orientalis,Drugs,Aminoglycosides,Aminoglycoside-resistant_16S_ribosomal_subunit_protein,A16S,CIA
ERR14783787,NODE_973_length_5287_cov_217.535659,gene:plasmid:139560,Leuconostoc mesenteroides,Drugs,Oxazolidinone,Oxazolidinone-resistant_23S_rRNA_mutation,O23S,Authorized for use in humans only
ERR14783787,NODE_121_length_58970_cov_14.326360,gene:plasmid:154739;gene:plasmid:138861,Pseudomonas palmensis,Multi-compound,Drug_and_biocide_resistance,Drug_and_biocide_RND_efflux_regulator,CPXAR,CIA 
ERR14783787,NODE_1_length_1094497_cov_19.306289,gene:plasmid:157743;gene:proph:169464;gene:proph:169512;gene:proph:170892;gene:plasmid:125744;gene:plasmid:124575;gene:plasmid:123175;gene:plasmid:90202;gene:proph:172517,Klebsiella sp. HC6,Drugs,Multi-drug_resistance,MDR_mutant_porin_proteins,OMPK,NA
ERR14783787,NODE_1_length_1094497_cov_19.306289,gene:plasmid:157743;gene:proph:169464;gene:proph:169512;gene:proph:170892;gene:plasmid:125744;gene:plasmid:124575;gene:plasmid:123175;gene:plasmid:90202;gene:proph:172517,Klebsiella sp. HC6,Drugs,betalactams,Penicillin_binding_protein,PBP2,HPCIA
ERR14783787,NODE_1_length_1094497_cov_19.306289,gene:plasmid:157743;gene:proph:169464;gene:proph:169512;gene:proph:170892;gene:plasmid:125744;gene:plasmid:124575;gene:plasmid:123175;gene:plasmid:90202;gene:proph:172517,Klebsiella sp. HC6,Drugs,betalactams,Penicillin_binding_protein,AMPH,HIA
ERR14783787,NODE_1_length_1094497_cov_19.306289,gene:plasmid:157743;gene:proph:169464;gene:proph:169512;gene:proph:170892;gene:plasmid:125744;gene:plasmid:124575;gene:plasmid:123175;gene:plasmid:90202;gene:proph:172517,Klebsiella sp. HC6,Drugs,Multi-drug_resistance,Multi-drug_ABC_efflux_pumps,MSBA,HIA
ERR14783787,NODE_1_length_1094497_cov_19.306289,gene:plasmid:157743;gene:proph:169464;gene:proph:169512;gene:proph:170892;gene:plasmid:125744;gene:plasmid:124575;gene:plasmid:123175;gene:plasmid:90202;gene:proph:172517,Klebsiella sp. HC6,Multi-compound,Drug_and_biocide_resistance,Drug_and_biocide_RND_efflux_pumps,ACRB,Authorized for use in humans only ?
ERR14783787,NODE_1_length_1094497_cov_19.306289,gene:plasmid:157743;gene:proph:169464;gene:proph:169512;gene:proph:170892;gene:plasmid:125744;gene:plasmid:124575;gene:plasmid:123175;gene:plasmid:90202;gene:proph:172517,Klebsiella sp. HC6,Multi-compound,Drug_and_biocide_resistance,Drug_and_biocide_RND_efflux_pumps,ACRB,Authorized for use in humans only ?
ERR14783787,NODE_1_length_1094497_cov_19.306289,gene:plasmid:157743;gene:proph:169464;gene:proph:169512;gene:proph:170892;gene:plasmid:125744;gene:plasmid:124575;gene:plasmid:123175;gene:plasmid:90202;gene:proph:172517,Klebsiella sp. HC6,Multi-compound,Drug_and_biocide_resistance,Drug_and_biocide_RND_efflux_regulator,ACRR,Authorized for use in humans only ?
ERR14783787,NODE_1_length_1094497_cov_19.306289,gene:plasmid:157743;gene:proph:169464;gene:proph:169512;gene:proph:170892;gene:plasmid:125744;gene:plasmid:124575;gene:plasmid:123175;gene:plasmid:90202;gene:proph:172517,Klebsiella sp. HC6,Drugs,betalactams,Mutant_porin_proteins,OMPA,Authorized for use in humans only ?
ERR14783787,NODE_1_length_1094497_cov_19.306289,gene:plasmid:157743;gene:proph:169464;gene:proph:169512;gene:proph:170892;gene:plasmid:125744;gene:plasmid:124575;gene:plasmid:123175;gene:plasmid:90202;gene:proph:172517,Klebsiella sp. HC6,Drugs,Multi-drug_resistance,Multi-drug_RND_efflux_regulator,RAMR,Authorized for use in humans only ?
ERR14783787,NODE_1_length_1094497_cov_19.306289,gene:plasmid:157743;gene:proph:169464;gene:proph:169512;gene:proph:170892;gene:plasmid:125744;gene:plasmid:124575;gene:plasmid:123175;gene:plasmid:90202;gene:proph:172517,Klebsiella sp. HC6,Biocides,Phenolic_compound_resistance,Triclosan-resistant_mutation,FABG,0
ERR14783787,NODE_1_length_1094497_cov_19.306289,gene:plasmid:157743;gene:proph:169464;gene:proph:169512;gene:proph:170892;gene:plasmid:125744;gene:plasmid:124575;gene:plasmid:123175;gene:plasmid:90202;gene:proph:172517,Klebsiella sp. HC6,Multi-compound,Drug_and_biocide_resistance,Drug_and_biocide_ABC_efflux_regulator,PHOB,0
ERR14783787,NODE_1_length_1094497_cov_19.306289,gene:plasmid:157743;gene:proph:169464;gene:proph:169512;gene:proph:170892;gene:plasmid:125744;gene:plasmid:124575;gene:plasmid:123175;gene:plasmid:90202;gene:proph:172517,Klebsiella sp. HC6,Multi-compound,Drug_and_biocide_resistance,Drug_and_biocide_SMR_efflux_regulator,PHOR,0
ERR14783787,NODE_1_length_1094497_cov_19.306289,gene:plasmid:157743;gene:proph:169464;gene:proph:169512;gene:proph:170892;gene:plasmid:125744;gene:plasmid:124575;gene:plasmid:123175;gene:plasmid:90202;gene:proph:172517,Klebsiella sp. HC6,Biocides,Multi-biocide_resistance,Multi-biocide_ABC_efflux_pump,SMDA,0
ERR14783787,NODE_1_length_1094497_cov_19.306289,gene:plasmid:157743;gene:proph:169464;gene:proph:169512;gene:proph:170892;gene:plasmid:125744;gene:plasmid:124575;gene:plasmid:123175;gene:plasmid:90202;gene:proph:172517,Klebsiella sp. HC6,Biocides,Multi-biocide_resistance,Multi-biocide_ABC_efflux_pump,SMDB,0
ERR14783787,NODE_149_length_51574_cov_11.136645,gene:plasmid:20799,Pseudomonas palmensis,Drugs,Multi-drug_resistance,Multi-drug_RND_efflux_pumps,MUXB,CIA
ERR14783787,NODE_30_length_174133_cov_17.301903,gene:plasmid:20845,Pseudomonas sp. B21-036,Drugs,Aminocoumarins,Aminocoumarin-resistant_DNA_topoisomerases,PARE,Not medically important
ERR14783787,NODE_30_length_174133_cov_17.301903,gene:plasmid:20845,Pseudomonas sp. B21-036,Drugs,Fluoroquinolones,Fluoroquinolone-resistant_DNA_topoisomerases,PARC,HPCIA
ERR14783787,NODE_126_length_58082_cov_15.560314,gene:plasmid:21021;gene:plasmid:28490;gene:plasmid:21089,Pseudomonas sp. B21-036,Multi-compound,Drug_and_biocide_resistance,Drug_and_biocide_RND_efflux_pumps,TTGA,NA
ERR14783787,NODE_126_length_58082_cov_15.560314,gene:plasmid:21021;gene:plasmid:28490;gene:plasmid:21089,Pseudomonas sp. B21-036,Multi-compound,Drug_and_biocide_resistance,Drug_and_biocide_RND_efflux_pumps,TTGB,NA
ERR14783787,NODE_126_length_58082_cov_15.560314,gene:plasmid:21021;gene:plasmid:28490;gene:plasmid:21089,Pseudomonas sp. B21-036,Multi-compound,Drug_and_biocide_resistance,Drug_and_biocide_RND_efflux_pumps,TTGC,NA
ERR14783787,NODE_516_length_15606_cov_1.740229,gene:plasmid:21818,Escherichia coli,Biocides,Acid_resistance,Acid_resistance_regulator,GADE,0
ERR14783787,NODE_44_length_132514_cov_20.992764,gene:plasmid:21842,Klebsiella aerogenes,Biocides,Multi-biocide_resistance,Multi-biocide_resistance_regulator,RPOS,0
ERR14783787,NODE_4_length_559757_cov_17.494380,gene:plasmid:21988;gene:plasmid:149415;gene:plasmid:154014;gene:plasmid:91947,Klebsiella sp. HC6,Drugs,betalactams,Class_C_betalactamases,MIR,Authorized for use in humans only ?
ERR14783787,NODE_4_length_559757_cov_17.494380,gene:plasmid:21988;gene:plasmid:149415;gene:plasmid:154014;gene:plasmid:91947,Klebsiella sp. HC6,Biocides,Multi-biocide_resistance,Multi-biocide_RND_efflux_pump,KEXD,0
ERR14783787,NODE_4_length_559757_cov_17.494380,gene:plasmid:21988;gene:plasmid:149415;gene:plasmid:154014;gene:plasmid:91947,Klebsiella sp. HC6,Multi-compound,Drug_and_biocide_resistance,Drug_and_biocide_MFS_efflux_pumps,KMRA,0
ERR14783787,NODE_24_length_232749_cov_12.074529,gene:plasmid:82005;gene:proph:178437;gene:proph:178296;gene:proph:163106;gene:proph:178286;gene:proph:178285;gene:plasmid:85748;gene:proph:180010;gene:plasmid:145296;gene:proph:180361;gene:plasmid:139709;gene:plasmid:22138;gene:plasmid:149763;gene:plasmid:21828,Pseudomonas sp. AE27,Multi-compound,Drug_and_biocide_resistance,Drug_and_biocide_RND_efflux_pumps,MEXE,HPCIA
ERR14783787,NODE_24_length_232749_cov_12.074529,gene:plasmid:82005;gene:proph:178437;gene:proph:178296;gene:proph:163106;gene:proph:178286;gene:proph:178285;gene:plasmid:85748;gene:proph:180010;gene:plasmid:145296;gene:proph:180361;gene:plasmid:139709;gene:plasmid:22138;gene:plasmid:149763;gene:plasmid:21828,Pseudomonas sp. AE27,Multi-compound,Drug_and_biocide_resistance,Drug_and_biocide_RND_efflux_pumps,MEXF,HPCIA
ERR14783787,NODE_15_length_293801_cov_19.400083,gene:plasmid:85668;gene:plasmid:156472;gene:plasmid:22225;gene:plasmid:22605,Pseudomonas qingdaonensis,Drugs,Aminocoumarins,Aminocoumarin-resistant_DNA_topoisomerases,GYRBA,Not medically important
ERR14783787,NODE_240_length_34315_cov_1.927782,gene:plasmid:86179,Citrobacter freundii,Drugs,Fluoroquinolones,Fluoroquinolone-resistant_DNA_topoisomerases,GYRA,HPCIA
ERR14783787,NODE_240_length_34315_cov_1.927782,gene:plasmid:86179,Citrobacter freundii,Biocides,Paraquat_resistance,Paraquat_resistance_protein,NMPC,0
ERR14783787,NODE_36_length_162935_cov_18.276485,gene:plasmid:90428,Pseudomonas palmensis,Multi-compound,Biocide_and_metal_resistance,Biocide_and_metal_resistance_protein,RUVB,0
ERR14783787,NODE_42_length_135743_cov_16.617169,gene:plasmid:91662,Pseudomonas sp. SD17-1,Biocides,Multi-biocide_resistance,Multi-biocide_RND_efflux_pump,MEXW,HPCIA
ERR14783787,NODE_42_length_135743_cov_16.617169,gene:plasmid:91662,Stenotrophomonas maltophilia,Drugs,Multi-drug_resistance,Multi-drug_RND_efflux_pumps,MUXB,CIA
ERR14783787,NODE_188_length_42430_cov_2.001016,gene:plasmid:91662,Pseudomonas sp. SD17-1,Biocides,Multi-biocide_resistance,Multi-biocide_resistance_protein,MDEA,Authorized for use in humans only ?
ERR14783787,NODE_42_length_135743_cov_16.617169,gene:plasmid:91662,Pseudomonas sp. SD17-1,Biocides,Peroxide_resistance,peroxide_resistance_protein,SODB,0
ERR14783787,NODE_17_length_259073_cov_17.437462,gene:plasmid:93482;gene:plasmid:93474;gene:plasmid:93475;gene:plasmid:149415;gene:plasmid:119655;gene:plasmid:119658;gene:plasmid:21291,Klebsiella sp. HC6,Drugs,Multi-drug_resistance,Multi-drug_RND_efflux_pumps,HNS,Authorized for use in humans only ?
ERR14783787,NODE_9_length_319798_cov_15.231698,gene:proph:175950;gene:proph:184194;gene:plasmid:115548;gene:proph:184193;gene:proph:184196;gene:proph:163044;gene:proph:163045;gene:proph:163043;gene:proph:163042;gene:proph:163054;gene:proph:163053;gene:proph:163093;gene:proph:163091;gene:proph:163073;gene:proph:184236;gene:proph:175955;gene:plasmid:137205;gene:plasmid:137265;gene:plasmid:21336,Pseudomonas qingdaonensis,Multi-compound,Drug_and_biocide_resistance,Drug_and_biocide_RND_efflux_pumps,MEXK,CIA
ERR14783787,NODE_43_length_132980_cov_2.282673,gene:proph:182964,Citrobacter freundii,Multi-compound,Drug_and_biocide_resistance,Drug_and_biocide_RND_efflux_regulator,CPXAR,CIA 
ERR14783787,NODE_43_length_132980_cov_2.282673,gene:proph:182964,Citrobacter freundii,Multi-compound,Drug_and_biocide_resistance,Drug_and_biocide_RND_efflux_regulator,CPXAR,CIA 
ERR14783787,NODE_43_length_132980_cov_2.282673,gene:proph:182964,Citrobacter freundii,Multi-compound,Biocide_and_metal_resistance,Biocide_and_metal_resistance_protein,GLPF,0
ERR14783787,NODE_43_length_132980_cov_2.282673,gene:proph:182964,Citrobacter freundii,Biocides,Peroxide_resistance,peroxide_resistance_protein,SODA,0
ERR14783787,NODE_64_length_90400_cov_2.202619,gene:vir:507;gene:proph:170540;gene:proph:179208;gene:proph:170536;gene:proph:170537;gene:proph:170528;gene:proph:179204,Citrobacter freundii,Drugs,betalactams,Class_C_betalactamases,CMY,Authorized for use in humans only 
ERR14783788,NODE_625_length_5287_cov_219.108527,gene:plasmid:117290,Leuconostoc mesenteroides,Drugs,Aminoglycosides,Aminoglycoside-resistant_16S_ribosomal_subunit_protein,A16S,CIA
ERR14783788,NODE_625_length_5287_cov_219.108527,gene:plasmid:117290,Leuconostoc mesenteroides,Drugs,Oxazolidinone,Oxazolidinone-resistant_23S_rRNA_mutation,O23S,Authorized for use in humans only
ERR14783788,NODE_9_length_416955_cov_21.570804,gene:plasmid:123168;gene:plasmid:123169;gene:plasmid:123170;gene:plasmid:123171;gene:plasmid:123173;gene:plasmid:123174;gene:plasmid:123175,Citrobacter freundii,Drugs,Aminocoumarins,Aminocoumarin-resistant_DNA_topoisomerases,PARE,Not medically important
ERR14783788,NODE_9_length_416955_cov_21.570804,gene:plasmid:123168;gene:plasmid:123169;gene:plasmid:123170;gene:plasmid:123171;gene:plasmid:123173;gene:plasmid:123174;gene:plasmid:123175,Citrobacter freundii,Drugs,Bacitracin,Undecaprenyl_pyrophosphate_phosphatase,BACA,IA
ERR14783788,NODE_9_length_416955_cov_21.570804,gene:plasmid:123168;gene:plasmid:123169;gene:plasmid:123170;gene:plasmid:123171;gene:plasmid:123173;gene:plasmid:123174;gene:plasmid:123175,Citrobacter freundii,Drugs,Fosfomycin,Fosfomycin_target_mutation,MURA,HPCIA
ERR14783788,NODE_9_length_416955_cov_21.570804,gene:plasmid:123168;gene:plasmid:123169;gene:plasmid:123170;gene:plasmid:123171;gene:plasmid:123173;gene:plasmid:123174;gene:plasmid:123175,Citrobacter freundii,Drugs,Fluoroquinolones,Fluoroquinolone-resistant_DNA_topoisomerases,PARC,HPCIA
ERR14783788,NODE_9_length_416955_cov_21.570804,gene:plasmid:123168;gene:plasmid:123169;gene:plasmid:123170;gene:plasmid:123171;gene:plasmid:123173;gene:plasmid:123174;gene:plasmid:123175,Citrobacter freundii,Multi-compound,Drug_and_biocide_resistance,Drug_and_biocide_RND_efflux_pumps,ACRF,Authorized for use in humans only ?
ERR14783788,NODE_9_length_416955_cov_21.570804,gene:plasmid:123168;gene:plasmid:123169;gene:plasmid:123170;gene:plasmid:123171;gene:plasmid:123173;gene:plasmid:123174;gene:plasmid:123175,Citrobacter freundii,Biocides,Multi-biocide_resistance,Multi-biocide_RND_efflux_pump,TOLC,0
ERR14783788,NODE_156_length_32372_cov_23.000341,gene:plasmid:123887,Pseudomonas fragi,Drugs,Elfamycins,EF-Tu_inhibition,TUFAB,NA
ERR14783788,NODE_4_length_653632_cov_17.864850,gene:plasmid:125744,Citrobacter freundii,Drugs,betalactams,Penicillin_binding_protein,PBP2,HPCIA
ERR14783788,NODE_4_length_653632_cov_17.864850,gene:plasmid:125744,Citrobacter freundii,Multi-compound,Drug_and_biocide_resistance,Drug_and_biocide_MFS_efflux_pumps,MDFA,HIA
ERR14783788,NODE_4_length_653632_cov_17.864850,gene:plasmid:125744,Citrobacter freundii,Drugs,Aminoglycosides,Aminoglycoside_efflux_pumps,KDPE,CIA
ERR14783788,NODE_4_length_653632_cov_17.864850,gene:plasmid:125744,Citrobacter freundii,Multi-compound,Drug_and_biocide_resistance,Drug_and_biocide_RND_efflux_pumps,ACRA,Authorized for use in humans only ?
ERR14783788,NODE_4_length_653632_cov_17.864850,gene:plasmid:125744,Citrobacter freundii,Multi-compound,Drug_and_biocide_resistance,Drug_and_biocide_RND_efflux_pumps,ACRB,Authorized for use in humans only ?
ERR14783788,NODE_4_length_653632_cov_17.864850,gene:plasmid:125744,Citrobacter freundii,Drugs,betalactams,Mutant_porin_proteins,OMPA,Authorized for use in humans only ?
ERR14783788,NODE_4_length_653632_cov_17.864850,gene:plasmid:125744,Citrobacter freundii,Drugs,betalactams,Mutant_porin_proteins,OMPFB,Authorized for use in humans only 
ERR14783788,NODE_4_length_653632_cov_17.864850,gene:plasmid:125744,Klebsiella grimontii,Biocides,Phenolic_compound_resistance,Triclosan-resistant_mutation,FABG,0
ERR14783788,NODE_4_length_653632_cov_17.864850,gene:plasmid:125744,Citrobacter freundii,Biocides,Multi-biocide_resistance,Multi-biocide_ABC_efflux_pump,SMDA,0
ERR14783788,NODE_4_length_653632_cov_17.864850,gene:plasmid:125744,Citrobacter freundii,Biocides,Multi-biocide_resistance,Multi-biocide_ABC_efflux_pump,SMDB,0
ERR14783788,NODE_5_length_540806_cov_19.560534,gene:plasmid:135980;gene:plasmid:135686;gene:plasmid:135685;gene:plasmid:135684;gene:plasmid:135959,Lactococcus lactis,Drugs,Multi-drug_resistance,Multi-drug_ABC_efflux_pumps,LMRD,HIA
ERR14783788,NODE_611_length_5592_cov_72.721317,gene:plasmid:139560;gene:plasmid:131376,Acetobacter ghanensis,Drugs,MLS,Macrolide-resistant_23S_rRNA_mutation,MLS23S,CIA ?
ERR14783788,NODE_611_length_5592_cov_72.721317,gene:plasmid:139560;gene:plasmid:131376,other,Drugs,MLS,Macrolide-resistant_23S_rRNA_mutation,MLS23S,CIA ?
ERR14783788,NODE_7_length_480326_cov_16.963371,gene:plasmid:86179,Citrobacter freundii,Multi-compound,Drug_and_biocide_resistance,Drug_and_biocide_MFS_efflux_pumps,BCR,Not medically important
ERR14783788,NODE_7_length_480326_cov_16.963371,gene:plasmid:86179,Citrobacter freundii,Multi-compound,Drug_and_biocide_and_metal_resistance,Drug_and_biocide_and_metal_RND_efflux_pumps,MDTB,Not medically important
ERR14783788,NODE_7_length_480326_cov_16.963371,gene:plasmid:86179,Citrobacter freundii,Multi-compound,Drug_and_biocide_and_metal_resistance,Drug_and_biocide_and_metal_RND_efflux_pumps,MDTC,Not medically important
ERR14783788,NODE_7_length_480326_cov_16.963371,gene:plasmid:86179,Citrobacter freundii,Drugs,Fluoroquinolones,Fluoroquinolone-resistant_DNA_topoisomerases,GYRA,HPCIA
ERR14783788,NODE_7_length_480326_cov_16.963371,gene:plasmid:86179,Citrobacter freundii,Multi-compound,Drug_and_biocide_and_metal_resistance,Drug_and_biocide_and_metal_RND_efflux_regulator,BAES,CIA
ERR14783788,NODE_7_length_480326_cov_16.963371,gene:plasmid:86179,Citrobacter freundii,Drugs,betalactams,Mutant_porin_proteins,OMP36,Authorized for use in humans only
ERR14783788,NODE_7_length_480326_cov_16.963371,gene:plasmid:86179,Citrobacter freundii,Drugs,betalactams,Mutant_porin_proteins,OMP36,Authorized for use in humans only
ERR14783788,NODE_8_length_478091_cov_15.374541,gene:plasmid:91918;gene:plasmid:91985;gene:proph:161537;gene:proph:169464;gene:proph:169511;gene:proph:169512,Klebsiella pneumoniae,Multi-compound,Drug_and_biocide_resistance,Drug_and_biocide_RND_efflux_regulator,MARA,Authorized for use in humans only ?
ERR14783788,NODE_8_length_478091_cov_15.374541,gene:plasmid:91918;gene:plasmid:91985;gene:proph:161537;gene:proph:169464;gene:proph:169511;gene:proph:169512,Klebsiella pneumoniae,Biocides,Acid_resistance,Acid_resistance_protein,ASR,0
ERR14783788,NODE_8_length_478091_cov_15.374541,gene:plasmid:91918;gene:plasmid:91985;gene:proph:161537;gene:proph:169464;gene:proph:169511;gene:proph:169512,Klebsiella pneumoniae,Biocides,Paraquat_resistance,Paraquat_resistance_protein,NMPC,0
ERR14783788,NODE_8_length_478091_cov_15.374541,gene:plasmid:91918;gene:plasmid:91985;gene:proph:161537;gene:proph:169464;gene:proph:169511;gene:proph:169512,Klebsiella pneumoniae,Biocides,Multi-biocide_resistance,Multi-biocide_MFS_efflux_pump,SMVA,0
ERR14783788,NODE_111_length_47813_cov_1.543996,gene:proph:169464;gene:proph:169512,Klebsiella sp. HC6,Multi-compound,Drug_and_biocide_resistance,Drug_and_biocide_ABC_efflux_regulator,PHOB,0
ERR14783788,NODE_111_length_47813_cov_1.543996,gene:proph:169464;gene:proph:169512,Klebsiella sp. HC6,Multi-compound,Drug_and_biocide_resistance,Drug_and_biocide_SMR_efflux_regulator,PHOR,0
ERR14783788,NODE_38_length_155134_cov_22.966821,gene:proph:182964,Citrobacter freundii,Multi-compound,Drug_and_biocide_resistance,Drug_and_biocide_RND_efflux_regulator,CPXAR,CIA 
ERR14783788,NODE_38_length_155134_cov_22.966821,gene:proph:182964,Citrobacter freundii,Multi-compound,Drug_and_biocide_resistance,Drug_and_biocide_RND_efflux_regulator,CPXAR,CIA 
ERR14783788,NODE_38_length_155134_cov_22.966821,gene:proph:182964,Citrobacter freundii,Multi-compound,Biocide_and_metal_resistance,Biocide_and_metal_resistance_protein,GLPF,0
ERR14783788,NODE_38_length_155134_cov_22.966821,gene:proph:182964,Citrobacter freundii,Biocides,Peroxide_resistance,peroxide_resistance_protein,SODA,0
ERR14783788,NODE_6_length_488645_cov_21.803952,gene:vir:507;gene:proph:170540;gene:proph:179208;gene:proph:170536;gene:proph:170537;gene:proph:170528;gene:proph:179204,Citrobacter freundii,Multi-compound,Drug_and_biocide_resistance,Drug_and_biocide_MFS_efflux_pumps,MDTM,HPCIA
ERR14783788,NODE_6_length_488645_cov_21.803952,gene:vir:507;gene:proph:170540;gene:proph:179208;gene:proph:170536;gene:proph:170537;gene:proph:170528;gene:proph:179204,Citrobacter freundii,Multi-compound,Drug_and_biocide_resistance,Drug_and_biocide_MFS_efflux_pumps,MDTM,HPCIA
ERR14783788,NODE_6_length_488645_cov_21.803952,gene:vir:507;gene:proph:170540;gene:proph:179208;gene:proph:170536;gene:proph:170537;gene:proph:170528;gene:proph:179204,Citrobacter freundii,Multi-compound,Drug_and_biocide_and_metal_resistance,Drug_and_biocide_and_metal_RND_efflux_pumps,ROBA,Authorized for use in humans only ?
ERR14783788,NODE_6_length_488645_cov_21.803952,gene:vir:507;gene:proph:170540;gene:proph:179208;gene:proph:170536;gene:proph:170537;gene:proph:170528;gene:proph:179204,Citrobacter freundii,Drugs,betalactams,Class_C_betalactamases,CMY,Authorized for use in humans only 
ERR14783788,NODE_6_length_488645_cov_21.803952,gene:vir:507;gene:proph:170540;gene:proph:179208;gene:proph:170536;gene:proph:170537;gene:proph:170528;gene:proph:179204,Citrobacter freundii,Biocides,Acetate_resistance,Acetate_resistance_protein,LPDT,0
ERR14783788,NODE_10_length_331472_cov_17.561116,gene:vir:6834;gene:proph:183597;gene:plasmid:134726;gene:plasmid:134726,Citrobacter freundii,Drugs,Fosfomycin,Fosfomycin_target_mutation,PTSL,HPCIA
ERR14783788,NODE_10_length_331472_cov_17.561116,gene:vir:6834;gene:proph:183597;gene:plasmid:134726;gene:plasmid:134726,Citrobacter freundii,Multi-compound,Drug_and_biocide_and_metal_resistance,Drug_and_biocide_and_metal_RND_efflux_pumps,ACRD,CIA
ERR14783792,NODE_1_length_349395_cov_37.090005,ICEberg|404|Tn5301|GenBank|S54034|1..515,Lactococcus cremoris,Drugs,Multi-drug_resistance,Multi-drug_ABC_efflux_pumps,LMRD,HIA
ERR14783793,NODE_211_length_5592_cov_44.525709,gene:plasmid:139560;gene:plasmid:131376,Acetobacter ghanensis,Drugs,MLS,Macrolide-resistant_23S_rRNA_mutation,MLS23S,CIA ?
ERR14783793,NODE_211_length_5592_cov_44.525709,gene:plasmid:139560;gene:plasmid:131376,Acetobacter ghanensis,Drugs,Aminoglycosides,Aminoglycoside-resistant_16S_ribosomal_subunit_protein,A16S,CIA
ERR14783794,NODE_1334_length_4262_cov_2.104716,gene:plasmid:10528,Acinetobacter lwoffii,Drugs,Aminoglycosides,Aminoglycoside_O-nucleotidyltransferases,ANT3-DPRIME,CIA
ERR14783794,NODE_902_length_5592_cov_58.982434,gene:plasmid:139560;gene:plasmid:131185,Acetobacter ghanensis,Drugs,MLS,Macrolide-resistant_23S_rRNA_mutation,MLS23S,CIA ?
ERR14783794,NODE_902_length_5592_cov_58.982434,gene:plasmid:139560;gene:plasmid:131185,Acetobacter ghanensis,Drugs,Aminoglycosides,Aminoglycoside-resistant_16S_ribosomal_subunit_protein,A16S,CIA
ERR14783794,NODE_12_length_119847_cov_2.539885,ICEberg|404|Tn5301|GenBank|S54034|1..515;gene:vir:1129;gene:vir:1130;gene:vir:1131;gene:vir:1132;gene:vir:1133;gene:vir:1134;gene:vir:1135;gene:vir:1136;gene:vir:1138;gene:proph:162954;gene:vir:1139;gene:vir:1141;gene:vir:1142;gene:vir:1143;gene:vir:1144;gene:vir:1145;gene:vir:1128,Lactococcus cremoris,Drugs,Multi-drug_resistance,Multi-drug_ABC_efflux_pumps,LMRD,HIA
ERR14783795,NODE_280_length_5592_cov_31.136871,gene:plasmid:139560;gene:plasmid:131185,Acetobacter ghanensis,Drugs,MLS,Macrolide-resistant_23S_rRNA_mutation,MLS23S,CIA ?
ERR14783795,NODE_280_length_5592_cov_31.136871,gene:plasmid:139560;gene:plasmid:131185,Acetobacter ghanensis,Drugs,Aminoglycosides,Aminoglycoside-resistant_16S_ribosomal_subunit_protein,A16S,CIA
ERR14783796,NODE_33_length_111705_cov_5.998378,gene:plasmid:115898;gene:plasmid:115897,Pseudomonas helleri,Drugs,Cationic_antimicrobial_peptides,Polymyxin_B_resistance_regulator,ARNA,HPCIA
ERR14783796,NODE_114_length_37120_cov_1.962588,gene:plasmid:117746;gene:plasmid:117744,Lelliottia amnigena,Drugs,betalactams,Class_C_betalactamases,LAQ,Authorized for use in humans only ?
ERR14783796,NODE_360_length_12696_cov_1.734267,gene:plasmid:123887,Pseudomonas sp. S2_B10,Drugs,Elfamycins,EF-Tu_inhibition,TUFAB,NA
ERR14783796,NODE_218_length_20057_cov_9.767285,gene:plasmid:123887,Pseudomonas helleri,Drugs,Rifampin,Rifampin-resistant_beta-subunit_of_RNA_polymerase_RpoB,RPOB,CIA
ERR14783796,NODE_218_length_20057_cov_9.767285,gene:plasmid:123887,Pseudomonas lundensis,Drugs,Rifampin,Rifampin-resistant_beta-subunit_of_RNA_polymerase_RpoB,RPOB,CIA
ERR14783796,NODE_428_length_10297_cov_1.391740,gene:plasmid:149414,Lelliottia amnigena,Biocides,Paraquat_resistance,Paraquat_resistance_protein,NMPC,0
ERR14783796,NODE_20_length_161551_cov_9.321557,gene:plasmid:89528,Pseudomonas helleri,Drugs,Multi-drug_resistance,Multi-drug_RND_efflux_pumps,OPMH,NA
ERR14783796,NODE_20_length_161551_cov_9.321557,gene:plasmid:89528,Pseudomonas sp. WC2401,Drugs,Multi-drug_resistance,Multi-drug_RND_efflux_pumps,OPMH,NA
ERR14783796,NODE_20_length_161551_cov_9.321557,gene:plasmid:89528,Pseudomonas helleri,Drugs,Fluoroquinolones,Fluoroquinolone-resistant_DNA_topoisomerases,PARC,HPCIA
ERR14783796,NODE_20_length_161551_cov_9.321557,gene:plasmid:89528,Pseudomonas helleri,Multi-compound,Biocide_and_metal_resistance,Biocide_and_metal_resistance_protein,RUVB,0
ERR14783796,NODE_138_length_32675_cov_1.610944,gene:plasmid:93399,Lelliottia amnigena,Multi-compound,Drug_and_biocide_resistance,Drug_and_biocide_RND_efflux_pumps,ACRB,Authorized for use in humans only ?
ERR14783796,NODE_138_length_32675_cov_1.610944,gene:plasmid:93399,Lelliottia amnigena,Multi-compound,Drug_and_biocide_resistance,Drug_and_biocide_RND_efflux_pumps,ACRB,Authorized for use in humans only ?
ERR14783796,NODE_7_length_273080_cov_4.731137,gene:proph:163818,Escherichia coli,Drugs,betalactams,Mutant_porin_proteins,OMPA,Authorized for use in humans only ?
ERR14783796,NODE_6_length_290039_cov_6.810777,gene:proph:169074;gene:proph:169075,AF180954 Hafnia alvei,Drugs,betalactams,Class_C_betalactamases,ACC,HIA ?
ERR14783796,NODE_2_length_507694_cov_4.184055,gene:proph:176833;gene:vir:108429;gene:proph:168063,Hafnia paralvei,Drugs,betalactams,Mutant_porin_proteins,OMP36,Authorized for use in humans only
ERR14783796,NODE_128_length_34475_cov_6.664435,gene:proph:176835;gene:plasmid:123887,Hafnia paralvei,Drugs,Elfamycins,EF-Tu_inhibition,TUFAB,NA
ERR14783796,NODE_128_length_34475_cov_6.664435,gene:proph:176835;gene:plasmid:123887,Hafnia paralvei,Drugs,Rifampin,Rifampin-resistant_beta-subunit_of_RNA_polymerase_RpoB,RPOB,CIA
ERR14783796,NODE_70_length_60313_cov_8.151597,gene:proph:184236;gene:proph:175955;gene:proph:184195;gene:proph:184194,Pseudomonas helleri,Biocides,Multi-biocide_resistance,Multi-biocide_RND_efflux_pump,EMHB,0
ERR14783796,NODE_70_length_60313_cov_8.151597,gene:proph:184236;gene:proph:175955;gene:proph:184195;gene:proph:184194,Pseudomonas helleri,Multi-compound,Drug_and_biocide_resistance,Drug_and_biocide_RND_efflux_pumps,EMHC,0
ERR14783796,NODE_23_length_142756_cov_3.989231,ICEberg|404|Tn5301|GenBank|S54034|1..515;gene:vir:1129;gene:vir:1130;gene:vir:1131;gene:vir:1132;gene:vir:1133;gene:vir:1134;gene:vir:1135;gene:vir:1136;gene:vir:1138;gene:proph:162954;gene:vir:1139;gene:vir:1141;gene:vir:1142;gene:vir:1143;gene:vir:1144;gene:vir:1145;gene:vir:1128,Lactococcus cremoris,Drugs,Multi-drug_resistance,Multi-drug_ABC_efflux_pumps,LMRD,HIA
ERR14783802,NODE_233_length_5779_cov_5.094657,gene:plasmid:139560;gene:plasmid:131185,Acetobacter orientalis,Drugs,MLS,Macrolide-resistant_23S_rRNA_mutation,MLS23S,CIA ?
ERR14783802,NODE_233_length_5779_cov_5.094657,gene:plasmid:139560;gene:plasmid:131185,Acetobacter ghanensis,Drugs,Aminoglycosides,Aminoglycoside-resistant_16S_ribosomal_subunit_protein,A16S,CIA
ERR14783805,NODE_1_length_197641_cov_52.627915,gene:proph:181867,Acinetobacter sp. TTH0-4,Drugs,Rifampin,Rifampin-resistant_beta-subunit_of_RNA_polymerase_RpoB,RPOB,CIA
ERR14783809,NODE_20_length_53577_cov_206.970571,gene:plasmid:135624,Macrococcoides bohemicum,Drugs,Fusidic_acid,Ribosomal_zinc-binding_protein,FUSC,HIA
ERR14783810,NODE_200_length_19258_cov_316.177042,gene:plasmid:135624,Macrococcus sp. IME1552,Drugs,Fusidic_acid,Ribosomal_zinc-binding_protein,FUSC,HIA
ERR14783810,NODE_6_length_220695_cov_21.408849,gene:vir:3412;gene:vir:94765;gene:proph:183066;gene:plasmid:135980;gene:plasmid:135959;gene:vir:3396;gene:proph:162945;gene:proph:183053;gene:vir:3399;gene:vir:3400;gene:vir:3401;gene:proph:183058;gene:vir:3404;gene:proph:183061;gene:vir:3407;gene:vir:3408;gene:proph:183064;gene:proph:183065;gene:proph:183067;gene:proph:183068;gene:proph:183069;gene:vir:3415;gene:proph:183066,Lactococcus lactis,Drugs,Multi-drug_resistance,Multi-drug_ABC_efflux_pumps,LMRD,HIA
ERR14783811,NODE_122_length_53577_cov_215.229598,gene:plasmid:135624,Macrococcus sp. IME1552,Drugs,Fusidic_acid,Ribosomal_zinc-binding_protein,FUSC,HIA
ERR14783811,NODE_1090_length_7837_cov_1.701167,gene:plasmid:85087,Gracilibacillus salitolerans,Drugs,MLS,23S_rRNA_methyltransferases,ERMA,CIA
ERR14783812,NODE_206_length_19258_cov_75.163713,gene:plasmid:135624,Macrococcoides bohemicum,Drugs,Fusidic_acid,Ribosomal_zinc-binding_protein,FUSC,HIA
ERR14783812,NODE_39_length_62188_cov_1130.053415,gene:vir:3412;gene:vir:94765;gene:proph:183066,Lactococcus lactis,Drugs,Multi-drug_resistance,Multi-drug_ABC_efflux_pumps,LMRD,HIA
SRR13801804,NODE_765_length_3998_cov_5.983515,gene:plasmid:139560;gene:plasmid:117293,Acetobacter ghanensis,Drugs,Aminoglycosides,Aminoglycoside-resistant_16S_ribosomal_subunit_protein,A16S,CIA
SRR7287342,NODE_6_length_270580_cov_17.913509,gene:plasmid:117701;gene:plasmid:117686;gene:plasmid:117671;gene:proph:176833;gene:proph:176835,Enterobacter hormaechei,Drugs,Fluoroquinolones,Fluoroquinolone-resistant_DNA_topoisomerases,GYRB,HPCIA
SRR7287342,NODE_6_length_270580_cov_17.913509,gene:plasmid:117701;gene:plasmid:117686;gene:plasmid:117671;gene:proph:176833;gene:proph:176835,Enterobacter hormaechei,Drugs,Fosfomycin,Fosfomycin_target_mutation,UHPT,HPCIA
SRR7287342,NODE_6_length_270580_cov_17.913509,gene:plasmid:117701;gene:plasmid:117686;gene:plasmid:117671;gene:proph:176833;gene:proph:176835,Enterobacter hormaechei,Biocides,Acid_resistance,Acid_resistance_protein,EEFA,0
SRR7287342,NODE_6_length_270580_cov_17.913509,gene:plasmid:117701;gene:plasmid:117686;gene:plasmid:117671;gene:proph:176833;gene:proph:176835,Enterobacter hormaechei,Multi-compound,Biocide_and_metal_resistance,Biocide_and_metal_resistance_protein,YIEF,0
SRR7287342,NODE_7_length_219426_cov_7.755837,gene:plasmid:120395;gene:plasmid:93482;gene:plasmid:21988;gene:plasmid:21989;gene:plasmid:93486,Enterobacter hormaechei,Drugs,betalactams,Mutant_porin_proteins,OMP36,Authorized for use in humans only
SRR7287342,NODE_7_length_219426_cov_7.755837,gene:plasmid:120395;gene:plasmid:93482;gene:plasmid:21988;gene:plasmid:21989;gene:plasmid:93486,Enterobacter hormaechei,Biocides,Phenolic_compound_resistance,Phenolic_resistance_protein,FABI,0
SRR7287342,NODE_124_length_29184_cov_17.254750,gene:plasmid:123888;gene:plasmid:123887,Enterobacter hormaechei,Drugs,Rifampin,Rifampin-resistant_beta-subunit_of_RNA_polymerase_RpoB,RPOB,CIA
SRR7287342,NODE_2_length_573336_cov_9.786336,gene:plasmid:134726;gene:plasmid:134726;gene:plasmid:93469;gene:plasmid:93507;gene:plasmid:93509,Enterobacter hormaechei,Multi-compound,Drug_and_biocide_and_metal_resistance,Drug_and_biocide_and_metal_RND_efflux_pumps,MDTB,Not medically important
SRR7287342,NODE_2_length_573336_cov_9.786336,gene:plasmid:134726;gene:plasmid:134726;gene:plasmid:93469;gene:plasmid:93507;gene:plasmid:93509,Enterobacter hormaechei,Multi-compound,Drug_and_biocide_and_metal_resistance,Drug_and_biocide_and_metal_RND_efflux_pumps,MDTC,Not medically important
SRR7287342,NODE_2_length_573336_cov_9.786336,gene:plasmid:134726;gene:plasmid:134726;gene:plasmid:93469;gene:plasmid:93507;gene:plasmid:93509,Enterobacter hormaechei,Drugs,Multi-drug_resistance,Multi-drug_RND_efflux_regulator,ASMA,NA
SRR7287342,NODE_2_length_573336_cov_9.786336,gene:plasmid:134726;gene:plasmid:134726;gene:plasmid:93469;gene:plasmid:93507;gene:plasmid:93509,Enterobacter hormaechei,Multi-compound,Drug_and_biocide_resistance,Drug_and_biocide_ABC_efflux_pumps,YOGI,NA
SRR7287342,NODE_2_length_573336_cov_9.786336,gene:plasmid:134726;gene:plasmid:134726;gene:plasmid:93469;gene:plasmid:93507;gene:plasmid:93509,Enterobacter hormaechei,Drugs,Fluoroquinolones,Fluoroquinolone-resistant_DNA_topoisomerases,GYRA,HPCIA
SRR7287342,NODE_2_length_573336_cov_9.786336,gene:plasmid:134726;gene:plasmid:134726;gene:plasmid:93469;gene:plasmid:93507;gene:plasmid:93509,Enterobacter hormaechei,Multi-compound,Drug_and_biocide_and_metal_resistance,Drug_and_biocide_and_metal_RND_efflux_regulator,BAES,CIA
SRR7287342,NODE_2_length_573336_cov_9.786336,gene:plasmid:134726;gene:plasmid:134726;gene:plasmid:93469;gene:plasmid:93507;gene:plasmid:93509,Enterobacter hormaechei,Drugs,betalactams,Mutant_porin_proteins,OMP36,Authorized for use in humans only
SRR7287342,NODE_2_length_573336_cov_9.786336,gene:plasmid:134726;gene:plasmid:134726;gene:plasmid:93469;gene:plasmid:93507;gene:plasmid:93509,Enterobacter hormaechei,Biocides,Multi-biocide_resistance,Multi-biocide_MATE_efflux_pump,EMMDR,0
SRR7287342,NODE_403_length_5606_cov_7643.990414,gene:plasmid:139560;gene:plasmid:131185,Acetobacter ghanensis,Drugs,MLS,Macrolide-resistant_23S_rRNA_mutation,MLS23S,CIA ?
SRR7287342,NODE_403_length_5606_cov_7643.990414,gene:plasmid:139560;gene:plasmid:131185,other,Drugs,MLS,Macrolide-resistant_23S_rRNA_mutation,MLS23S,CIA ?
SRR7287342,NODE_43_length_96350_cov_8.252667,gene:plasmid:149415,Enterobacter hormaechei,Drugs,Multi-drug_resistance,Multi-drug_RND_efflux_pumps,HNS,Authorized for use in humans only ?
SRR7287342,NODE_13_length_185117_cov_11.416191,gene:plasmid:27818,Pseudomonas lundensis,Drugs,Multi-drug_resistance,Multi-drug_RND_efflux_pumps,MUXC,CIA
SRR7287342,NODE_258_length_10772_cov_26.625619,gene:plasmid:91747;gene:plasmid:91748;gene:plasmid:19782;gene:plasmid:154063;gene:plasmid:91749,Klebsiella pneumoniae,Drugs,betalactams,Class_A_betalactamases,CTX,Authorized for use in humans only 
SRR7287342,NODE_84_length_47347_cov_14.918257,gene:proph:170535;gene:proph:170540;gene:proph:179208;gene:proph:170536;gene:proph:170537;gene:proph:170528;gene:proph:179204,Enterobacter hormaechei,Drugs,Fosfomycin,Fosfomycin_thiol_transferases,FOSA,HPCIA
SRR7287342,NODE_1_length_635644_cov_9.722350,gene:proph:173726;gene:proph:169464;gene:proph:169512;gene:plasmid:130030;gene:proph:169495;gene:proph:176833;gene:proph:176835;gene:proph:163818;gene:plasmid:93448;gene:proph:169507;gene:vir:105780;gene:vir:105774,Enterobacter hormaechei,Multi-compound,Drug_and_biocide_resistance,Drug_and_biocide_MATE_efflux_pumps,MDTK,HPCIA
SRR7287342,NODE_1_length_635644_cov_9.722350,gene:proph:173726;gene:proph:169464;gene:proph:169512;gene:plasmid:130030;gene:proph:169495;gene:proph:176833;gene:proph:176835;gene:proph:163818;gene:plasmid:93448;gene:proph:169507;gene:vir:105780;gene:vir:105774,Enterobacter hormaechei,Drugs,betalactams,Mutant_porin_proteins,OMPA,Authorized for use in humans only ?
SRR7287342,NODE_1_length_635644_cov_9.722350,gene:proph:173726;gene:proph:169464;gene:proph:169512;gene:plasmid:130030;gene:proph:169495;gene:proph:176833;gene:proph:176835;gene:proph:163818;gene:plasmid:93448;gene:proph:169507;gene:vir:105780;gene:vir:105774,Enterobacter hormaechei,Drugs,betalactams,Mutant_porin_proteins,OMPK36,Authorized for use in humans only ?
SRR7287342,NODE_1_length_635644_cov_9.722350,gene:proph:173726;gene:proph:169464;gene:proph:169512;gene:plasmid:130030;gene:proph:169495;gene:proph:176833;gene:proph:176835;gene:proph:163818;gene:plasmid:93448;gene:proph:169507;gene:vir:105780;gene:vir:105774,Enterobacter hormaechei,Biocides,Phenolic_compound_resistance,Triclosan-resistant_mutation,FABG,0
SRR7287342,NODE_1_length_635644_cov_9.722350,gene:proph:173726;gene:proph:169464;gene:proph:169512;gene:plasmid:130030;gene:proph:169495;gene:proph:176833;gene:proph:176835;gene:proph:163818;gene:plasmid:93448;gene:proph:169507;gene:vir:105780;gene:vir:105774,Enterobacter hormaechei,Multi-compound,Drug_and_biocide_resistance,Drug_and_biocide_MFS_efflux_pumps,KDEA,0
SRR7287342,NODE_31_length_123900_cov_11.436357,gene:proph:183597,Enterobacter hormaechei,Multi-compound,Drug_and_biocide_resistance,Drug_and_biocide_RND_efflux_pumps,OQXB,Authorized for use in humans only ?
SRR7287342,NODE_31_length_123900_cov_11.436357,gene:proph:183597,Pantoea agglomerans,Multi-compound,Drug_and_biocide_resistance,Drug_and_biocide_MFS_efflux_pumps,KPN,0
SRR8282406,NODE_896_length_4975_cov_41.962638,gene:plasmid:117070,Enterobacter hormaechei,Drugs,MLS,Macrolide-resistant_23S_rRNA_mutation,MLS23S,CIA ?
SRR8282406,NODE_896_length_4975_cov_41.962638,gene:plasmid:117070,Enterobacter hormaechei,Drugs,Aminoglycosides,Aminoglycoside-resistant_16S_ribosomal_subunit_protein,A16S,CIA
SRR8282406,NODE_3_length_270564_cov_5.500948,gene:plasmid:117701;gene:plasmid:117686;gene:plasmid:117671;gene:proph:176833;gene:proph:176835,Enterobacter hormaechei,Drugs,Fluoroquinolones,Fluoroquinolone-resistant_DNA_topoisomerases,GYRB,HPCIA
SRR8282406,NODE_3_length_270564_cov_5.500948,gene:plasmid:117701;gene:plasmid:117686;gene:plasmid:117671;gene:proph:176833;gene:proph:176835,Enterobacter hormaechei,Drugs,Fosfomycin,Fosfomycin_target_mutation,UHPT,HPCIA
SRR8282406,NODE_3_length_270564_cov_5.500948,gene:plasmid:117701;gene:plasmid:117686;gene:plasmid:117671;gene:proph:176833;gene:proph:176835,Enterobacter hormaechei,Biocides,Acid_resistance,Acid_resistance_protein,EEFA,0
SRR8282406,NODE_3_length_270564_cov_5.500948,gene:plasmid:117701;gene:plasmid:117686;gene:plasmid:117671;gene:proph:176833;gene:proph:176835,Enterobacter hormaechei,Multi-compound,Biocide_and_metal_resistance,Biocide_and_metal_resistance_protein,YIEF,0
SRR8282406,NODE_161_length_45039_cov_3.190605,gene:plasmid:120395,Enterobacter hormaechei,Biocides,Phenolic_compound_resistance,Phenolic_resistance_protein,FABI,0
SRR8282406,NODE_264_length_29184_cov_5.434466,gene:plasmid:123888;gene:plasmid:123887,Enterobacter hormaechei,Drugs,Rifampin,Rifampin-resistant_beta-subunit_of_RNA_polymerase_RpoB,RPOB,CIA
SRR8282406,NODE_849_length_5606_cov_9129.129499,gene:plasmid:139560;gene:plasmid:117293,Acetobacter ghanensis,Drugs,MLS,Macrolide-resistant_23S_rRNA_mutation,MLS23S,CIA ?
SRR8282406,NODE_849_length_5606_cov_9129.129499,gene:plasmid:139560;gene:plasmid:117293,Croceicoccus sp. Ery5,Drugs,MLS,Macrolide-resistant_23S_rRNA_mutation,MLS23S,CIA ?
SRR8282406,NODE_188_length_39476_cov_3.173964,gene:plasmid:149415,Enterobacter hormaechei,Drugs,Multi-drug_resistance,Multi-drug_RND_efflux_pumps,HNS,Authorized for use in humans only ?
SRR8282406,NODE_115_length_58911_cov_3.153075,gene:plasmid:21988;gene:plasmid:21989,Enterobacter hormaechei,Drugs,betalactams,Mutant_porin_proteins,OMP36,Authorized for use in humans only
SRR8282406,NODE_153_length_47347_cov_4.901396,gene:proph:170535;gene:proph:170540;gene:proph:179208;gene:proph:170536;gene:proph:170537;gene:proph:170528;gene:proph:179204,Enterobacter hormaechei,Drugs,Fosfomycin,Fosfomycin_thiol_transferases,FOSA,HPCIA
