#0	results/kraken/ERR11865385/ERR11865385.bracken (123959 reads)
#1	results/kraken/ERR11865288/ERR11865288.bracken (211878 reads)
#2	results/kraken/ERR14783464/ERR14783464.bracken (383067 reads)
#3	results/kraken/ERR11865316/ERR11865316.bracken (119382 reads)
#4	results/kraken/ERR11865425/ERR11865425.bracken (361879 reads)
#5	results/kraken/ERR14783783/ERR14783783.bracken (646125 reads)
#6	results/kraken/ERR11865359/ERR11865359.bracken (295719 reads)
#7	results/kraken/ERR14783456/ERR14783456.bracken (473423 reads)
#8	results/kraken/ERR14783551/ERR14783551.bracken (314383 reads)
#9	results/kraken/ERR11865324/ERR11865324.bracken (122851 reads)
#10	results/kraken/ERR14783806/ERR14783806.bracken (376938 reads)
#11	results/kraken/ERR11865417/ERR11865417.bracken (370591 reads)
#12	results/kraken/ERR11865305/ERR11865305.bracken (227892 reads)
#13	results/kraken/ERR14783400/ERR14783400.bracken (1474702 reads)
#14	results/kraken/ERR11865546/ERR11865546.bracken (158599 reads)
#15	results/kraken/ERR11865441/ERR11865441.bracken (264449 reads)
#16	results/kraken/ERR11865340/ERR11865340.bracken (67789 reads)
#17	results/kraken/ERR11865479/ERR11865479.bracken (302377 reads)
#18	results/kraken/ERR11865497/ERR11865497.bracken (287064 reads)
#19	results/kraken/ERR11865503/ERR11865503.bracken (324952 reads)
#20	results/kraken/ERR11865473/ERR11865473.bracken (321831 reads)
#21	results/kraken/ERR14783392/ERR14783392.bracken (5403 reads)
#22	results/kraken/ERR11865509/ERR11865509.bracken (235039 reads)
#23	results/kraken/ERR11865409/ERR11865409.bracken (334748 reads)
#24	results/kraken/ERR11865403/ERR11865403.bracken (313392 reads)
#25	results/kraken/ERR14783532/ERR14783532.bracken (182424 reads)
#26	results/kraken/ERR11865330/ERR11865330.bracken (308741 reads)
#27	results/kraken/ERR14783538/ERR14783538.bracken (1212738 reads)
#28	results/kraken/ERR14783442/ERR14783442.bracken (10024 reads)
#29	results/kraken/ERR11865431/ERR11865431.bracken (448104 reads)
#30	results/kraken/ERR11865278/ERR11865278.bracken (338315 reads)
#31	results/kraken/ERR14783500/ERR14783500.bracken (368940 reads)
#32	results/kraken/ERR14783494/ERR14783494.bracken (1292599 reads)
#33	results/kraken/ERR11865302/ERR11865302.bracken (283323 reads)
#34	results/kraken/ERR11865296/ERR11865296.bracken (175570 reads)
#35	results/kraken/ERR11865375/ERR11865375.bracken (331956 reads)
#36	results/kraken/ERR11865391/ERR11865391.bracken (193854 reads)
#37	results/kraken/ERR11865308/ERR11865308.bracken (239372 reads)
#38	results/kraken/ERR11865467/ERR11865467.bracken (387784 reads)
#39	results/kraken/ERR11865489/ERR11865489.bracken (216996 reads)
#40	results/kraken/ERR14783386/ERR14783386.bracken (2322680 reads)
#41	results/kraken/ERR11865560/ERR11865560.bracken (303655 reads)
#42	results/kraken/ERR11865483/ERR11865483.bracken (414460 reads)
#43	results/kraken/ERR14783426/ERR14783426.bracken (148918 reads)
#44	results/kraken/ERR11865354/ERR11865354.bracken (304619 reads)
#45	results/kraken/ERR14783521/ERR14783521.bracken (3446027 reads)
#46	results/kraken/ERR11865455/ERR11865455.bracken (368765 reads)
#47	results/kraken/ERR11865558/ERR11865558.bracken (159097 reads)
#48	results/kraken/ERR14783784/ERR14783784.bracken (692457 reads)
#49	results/kraken/ERR11865552/ERR11865552.bracken (309867 reads)
#50	results/kraken/ERR14783519/ERR14783519.bracken (204324 reads)
#51	results/kraken/ERR14783487/ERR14783487.bracken (102946 reads)
#52	results/kraken/ERR11865556/ERR11865556.bracken (324296 reads)
#53	results/kraken/ERR11865451/ERR11865451.bracken (421081 reads)
#54	results/kraken/ERR14783483/ERR14783483.bracken (526398 reads)
#55	results/kraken/ERR11865362/ERR11865362.bracken (265108 reads)
#56	results/kraken/ERR14783410/ERR14783410.bracken (117421 reads)
#57	results/kraken/ERR11865487/ERR11865487.bracken (340363 reads)
#58	results/kraken/ERR11865469/ERR11865469.bracken (82042 reads)
#59	results/kraken/ERR11865463/ERR11865463.bracken (332724 reads)
#60	results/kraken/ERR11865350/ERR11865350.bracken (376888 reads)
#61	results/kraken/ERR14783805/ERR14783805.bracken (326872 reads)
#62	results/kraken/ERR14783455/ERR14783455.bracken (3913658 reads)
#63	results/kraken/ERR11865435/ERR11865435.bracken (359469 reads)
#64	results/kraken/ERR11865538/ERR11865538.bracken (74604 reads)
#65	results/kraken/ERR14783793/ERR14783793.bracken (99267 reads)
#66	results/kraken/ERR11865298/ERR11865298.bracken (276153 reads)
#67	results/kraken/ERR11865276/ERR11865276.bracken (262307 reads)
#68	results/kraken/ERR11865395/ERR11865395.bracken (278414 reads)
#69	results/kraken/ERR11865292/ERR11865292.bracken (102503 reads)
#70	results/kraken/ERR11865306/ERR11865306.bracken (234343 reads)
#71	results/kraken/ERR14783409/ERR14783409.bracken (1503195 reads)
#72	results/kraken/ERR11865371/ERR11865371.bracken (284242 reads)
#73	results/kraken/ERR11865407/ERR11865407.bracken (486901 reads)
#74	results/kraken/ERR14783391/ERR14783391.bracken (526363 reads)
#75	results/kraken/ERR14783446/ERR14783446.bracken (103616 reads)
#76	results/kraken/ERR11865334/ERR11865334.bracken (289049 reads)
#77	results/kraken/ERR14783541/ERR14783541.bracken (265377 reads)
#78	results/kraken/ERR14783441/ERR14783441.bracken (26472 reads)
#79	results/kraken/ERR11865344/ERR11865344.bracken (152264 reads)
#80	results/kraken/ERR11865499/ERR11865499.bracken (387335 reads)
#81	results/kraken/ERR11865477/ERR11865477.bracken (366049 reads)
#82	results/kraken/ERR11865493/ERR11865493.bracken (200671 reads)
#83	results/kraken/ERR14783509/ERR14783509.bracken (263429 reads)
#84	results/kraken/ERR14783473/ERR14783473.bracken (657573 reads)
#85	results/kraken/ERR14783503/ERR14783503.bracken (2394487 reads)
#86	results/kraken/ERR11865548/ERR11865548.bracken (315347 reads)
#87	results/kraken/ERR11865445/ERR11865445.bracken (286188 reads)
#88	results/kraken/ERR14783794/ERR14783794.bracken (211069 reads)
#89	results/kraken/ERR11865542/ERR11865542.bracken (37361 reads)
#90	results/kraken/ERR14783802/ERR14783802.bracken (1303957 reads)
#91	results/kraken/ERR11865320/ERR11865320.bracken (113089 reads)
#92	results/kraken/ERR14783522/ERR14783522.bracken (218255 reads)
#93	results/kraken/ERR14783425/ERR14783425.bracken (1591497 reads)
#94	results/kraken/ERR11865419/ERR11865419.bracken (392282 reads)
#95	results/kraken/ERR11865413/ERR11865413.bracken (223219 reads)
#96	results/kraken/ERR11865312/ERR11865312.bracken (241921 reads)
#97	results/kraken/ERR11865286/ERR11865286.bracken (306556 reads)
#98	results/kraken/ERR14783510/ERR14783510.bracken (2158085 reads)
#99	results/kraken/ERR14783484/ERR14783484.bracken (881763 reads)
#100	results/kraken/ERR14783460/ERR14783460.bracken (232441 reads)
#101	results/kraken/ERR11865318/ERR11865318.bracken (256172 reads)
#102	results/kraken/ERR11865381/ERR11865381.bracken (214317 reads)
#103	results/kraken/ERR14783787/ERR14783787.bracken (2055956 reads)
#104	results/kraken/ERR11865421/ERR11865421.bracken (296515 reads)
#105	results/kraken/ERR11865411/ERR11865411.bracken (433395 reads)
#106	results/kraken/ERR11865322/ERR11865322.bracken (245648 reads)
#107	results/kraken/ERR14783427/ERR14783427.bracken (439463 reads)
#108	results/kraken/ERR11865328/ERR11865328.bracken (62726 reads)
#109	results/kraken/ERR11865429/ERR11865429.bracken (349426 reads)
#110	results/kraken/ERR14783785/ERR14783785.bracken (665318 reads)
#111	results/kraken/ERR11865423/ERR11865423.bracken (441532 reads)
#112	results/kraken/ERR11865367/ERR11865367.bracken (144687 reads)
#113	results/kraken/ERR11865310/ERR11865310.bracken (291185 reads)
#114	results/kraken/ERR11865284/ERR11865284.bracken (193184 reads)
#115	results/kraken/ERR14783512/ERR14783512.bracken (2110145 reads)
#116	results/kraken/ERR14783486/ERR14783486.bracken (121952 reads)
#117	results/kraken/ERR11865389/ERR11865389.bracken (187578 reads)
#118	results/kraken/ERR11865383/ERR11865383.bracken (235939 reads)
#119	results/kraken/ERR11865475/ERR11865475.bracken (350232 reads)
#120	results/kraken/ERR11865491/ERR11865491.bracken (397356 reads)
#121	results/kraken/ERR14783539/ERR14783539.bracken (2765769 reads)
#122	results/kraken/ERR14783434/ERR14783434.bracken (313133 reads)
#123	results/kraken/ERR11865346/ERR11865346.bracken (401739 reads)
#124	results/kraken/ERR11865447/ERR11865447.bracken (267243 reads)
#125	results/kraken/ERR14783796/ERR14783796.bracken (302940 reads)
#126	results/kraken/ERR11865540/ERR11865540.bracken (252080 reads)
#127	results/kraken/ERR14783495/ERR14783495.bracken (28270 reads)
#128	results/kraken/ERR14783401/ERR14783401.bracken (127006 reads)
#129	results/kraken/ERR11865379/ERR11865379.bracken (305465 reads)
#130	results/kraken/ERR11865397/ERR11865397.bracken (203020 reads)
#131	results/kraken/ERR11865290/ERR11865290.bracken (285957 reads)
#132	results/kraken/ERR11865304/ERR11865304.bracken (165613 reads)
#133	results/kraken/ERR11865373/ERR11865373.bracken (330471 reads)
#134	results/kraken/ERR14783492/ERR14783492.bracken (34536 reads)
#135	results/kraken/ERR11865437/ERR11865437.bracken (96328 reads)
#136	results/kraken/ERR14783433/ERR14783433.bracken (253801 reads)
#137	results/kraken/ERR14783549/ERR14783549.bracken (2830714 reads)
#138	results/kraken/ERR14783439/ERR14783439.bracken (982684 reads)
#139	results/kraken/ERR11865336/ERR11865336.bracken (79853 reads)
#140	results/kraken/ERR11865405/ERR11865405.bracken (261226 reads)
#141	results/kraken/ERR11865508/ERR11865508.bracken (372166 reads)
#142	results/kraken/ERR14783399/ERR14783399.bracken (1944419 reads)
#143	results/kraken/ERR11865360/ERR11865360.bracken (295270 reads)
#144	results/kraken/ERR14783418/ERR14783418.bracken (1114126 reads)
#145	results/kraken/ERR14783465/ERR14783465.bracken (26882 reads)
#146	results/kraken/ERR11865554/ERR11865554.bracken (67422 reads)
#147	results/kraken/ERR11865459/ERR11865459.bracken (399494 reads)
#148	results/kraken/ERR14783788/ERR14783788.bracken (1768282 reads)
#149	results/kraken/ERR11865453/ERR11865453.bracken (334199 reads)
#150	results/kraken/ERR14783550/ERR14783550.bracken (4246462 reads)
#151	results/kraken/ERR11865352/ERR11865352.bracken (291773 reads)
#152	results/kraken/ERR11865358/ERR11865358.bracken (296984 reads)
#153	results/kraken/ERR11865485/ERR11865485.bracken (333045 reads)
#154	results/kraken/ERR11865511/ERR11865511.bracken (309822 reads)
#155	results/kraken/ERR11865461/ERR11865461.bracken (368533 reads)
#156	results/kraken/ERR14783809/ERR14783809.bracken (1426854 reads)
#157	results/kraken/ERR14783453/ERR14783453.bracken (15849 reads)
#158	results/kraken/ERR14783424/ERR14783424.bracken (3875352 reads)
#159	results/kraken/ERR11865356/ERR11865356.bracken (316470 reads)
#160	results/kraken/ERR14783523/ERR14783523.bracken (267956 reads)
#161	results/kraken/ERR11865465/ERR11865465.bracken (187189 reads)
#162	results/kraken/ERR14783384/ERR14783384.bracken (1744562 reads)
#163	results/kraken/ERR11865481/ERR11865481.bracken (389230 reads)
#164	results/kraken/ERR11865364/ERR11865364.bracken (118443 reads)
#165	results/kraken/ERR14783511/ERR14783511.bracken (1853741 reads)
#166	results/kraken/ERR14783485/ERR14783485.bracken (876809 reads)
#167	results/kraken/ERR11865457/ERR11865457.bracken (286639 reads)
#168	results/kraken/ERR14783786/ERR14783786.bracken (401637 reads)
#169	results/kraken/ERR14783810/ERR14783810.bracken (2719738 reads)
#170	results/kraken/ERR11865332/ERR11865332.bracken (71496 reads)
#171	results/kraken/ERR14783440/ERR14783440.bracken (2828808 reads)
#172	results/kraken/ERR11865338/ERR11865338.bracken (238825 reads)
#173	results/kraken/ERR11865401/ERR11865401.bracken (241500 reads)
#174	results/kraken/ERR11865399/ERR11865399.bracken (446052 reads)
#175	results/kraken/ERR14783502/ERR14783502.bracken (319664 reads)
#176	results/kraken/ERR11865300/ERR11865300.bracken (176679 reads)
#177	results/kraken/ERR11865294/ERR11865294.bracken (249260 reads)
#178	results/kraken/ERR11865377/ERR11865377.bracken (213071 reads)
#179	results/kraken/ERR11865393/ERR11865393.bracken (228833 reads)
#180	results/kraken/ERR11865439/ERR11865439.bracken (382914 reads)
#181	results/kraken/ERR14783795/ERR14783795.bracken (175762 reads)
#182	results/kraken/ERR11865433/ERR11865433.bracken (252885 reads)
#183	results/kraken/ERR11865449/ERR11865449.bracken (347175 reads)
#184	results/kraken/ERR11865544/ERR11865544.bracken (363721 reads)
#185	results/kraken/ERR14783792/ERR14783792.bracken (366877 reads)
#186	results/kraken/ERR11865443/ERR11865443.bracken (390000 reads)
#187	results/kraken/ERR14783408/ERR14783408.bracken (804273 reads)
#188	results/kraken/ERR11865307/ERR11865307.bracken (273980 reads)
#189	results/kraken/ERR14783475/ERR14783475.bracken (288496 reads)
#190	results/kraken/ERR14783402/ERR14783402.bracken (2224544 reads)
#191	results/kraken/ERR11865495/ERR11865495.bracken (461705 reads)
#192	results/kraken/ERR11865501/ERR11865501.bracken (83256 reads)
#193	results/kraken/ERR11865471/ERR11865471.bracken (448446 reads)
#194	results/kraken/ERR14783390/ERR14783390.bracken (318799 reads)
#195	results/kraken/ERR11865335/ERR11865335.bracken (248135 reads)
#196	results/kraken/ERR11865342/ERR11865342.bracken (317933 reads)
#197	results/kraken/ERR11865348/ERR11865348.bracken (182396 reads)
#198	results/kraken/ERR14783447/ERR14783447.bracken (1937 reads)
#199	results/kraken/ERR11865427/ERR11865427.bracken (275524 reads)
#200	results/kraken/ERR11865387/ERR11865387.bracken (286421 reads)
#201	results/kraken/ERR14783466/ERR14783466.bracken (2185386 reads)
#202	results/kraken/ERR14783411/ERR14783411.bracken (3655812 reads)
#203	results/kraken/ERR11865369/ERR11865369.bracken (453268 reads)
#204	results/kraken/ERR11865314/ERR11865314.bracken (362661 reads)
#205	results/kraken/ERR11865415/ERR11865415.bracken (399568 reads)
#206	results/kraken/SRR13801805/SRR13801805.bracken (7149788 reads)
#207	results/kraken/ERR14783454/ERR14783454.bracken (456539 reads)
#208	results/kraken/ERR14783553/ERR14783553.bracken (3332020 reads)
#209	results/kraken/ERR14783524/ERR14783524.bracken (2250942 reads)
#210	results/kraken/ERR11865326/ERR11865326.bracken (309244 reads)
#211	results/kraken/ERR14783429/ERR14783429.bracken (421637 reads)
x	0	1	2	3	4	5	6	7	8	9	10	11	12	13	14	15	16	17	18	19	20	21	22	23	24	25	26	27	28	29	30	31	32	33	34	35	36	37	38	39	40	41	42	43	44	45	46	47	48	49	50	51	52	53	54	55	56	57	58	59	60	61	62	63	64	65	66	67	68	69	70	71	72	73	74	75	76	77	78	79	80	81	82	83	84	85	86	87	88	89	90	91	92	93	94	95	96	97	98	99	100	101	102	103	104	105	106	107	108	109	110	111	112	113	114	115	116	117	118	119	120	121	122	123	124	125	126	127	128	129	130	131	132	133	134	135	136	137	138	139	140	141	142	143	144	145	146	147	148	149	150	151	152	153	154	155	156	157	158	159	160	161	162	163	164	165	166	167	168	169	170	171	172	173	174	175	176	177	178	179	180	181	182	183	184	185	186	187	188	189	190	191	192	193	194	195	196	197	198	199	200	201	202	203	204	205	206	207	208	209	210	211
0	0.000	0.639	0.878	0.463	0.733	0.978	0.458	0.796	0.640	0.546	0.992	0.845	0.368	0.919	0.541	0.601	0.795	0.699	0.431	0.700	0.706	0.968	0.913	0.730	0.699	0.968	0.640	0.995	0.960	0.728	0.644	0.991	0.970	0.691	0.218	0.719	0.729	0.668	0.707	0.585	0.997	0.713	0.604	0.982	0.666	0.932	0.616	0.562	0.977	0.653	0.979	0.610	0.708	0.681	0.993	0.667	0.515	0.653	0.726	0.613	0.541	0.992	0.969	0.728	0.781	0.941	0.426	0.622	0.550	0.415	0.411	0.986	0.647	0.773	0.993	0.985	0.711	0.988	0.969	0.895	0.524	0.737	0.592	0.731	0.993	0.951	0.678	0.771	0.814	0.852	0.907	0.977	0.916	0.881	0.744	0.673	0.669	0.661	0.982	0.986	0.983	0.661	0.908	0.990	0.696	0.731	0.730	0.767	0.833	0.681	0.979	0.771	0.167	0.714	0.573	0.998	0.755	0.981	0.658	0.722	0.701	0.993	0.636	0.543	0.711	0.794	0.653	0.972	0.528	0.697	0.447	0.669	0.213	0.722	0.973	0.842	0.757	0.924	0.985	0.873	0.690	0.703	0.885	0.691	0.996	0.691	0.582	0.753	0.924	0.656	0.944	0.661	0.459	0.674	0.696	0.630	0.988	0.790	0.966	0.483	0.947	0.535	0.998	0.718	0.658	0.885	0.863	0.794	0.969	0.956	0.858	0.921	0.617	0.648	0.690	0.728	0.615	0.393	0.898	0.513	0.644	0.986	0.918	0.652	0.728	0.549	0.653	0.971	0.491	0.702	0.990	0.743	0.585	0.781	0.990	0.681	0.553	0.278	0.992	0.675	0.531	0.938	0.961	0.707	0.736	0.777	0.999	0.787	0.929	0.897	0.725	0.754
1	x.xxx	0.000	0.969	0.557	0.951	0.994	0.588	0.977	0.436	0.597	0.995	0.966	0.710	0.857	0.949	0.261	0.865	0.905	0.704	0.937	0.937	0.987	0.962	0.975	0.910	0.966	0.201	0.992	0.974	0.870	0.289	0.995	0.969	0.176	0.457	0.928	0.950	0.065	0.922	0.893	0.996	0.975	0.335	0.980	0.770	0.884	0.274	0.965	0.993	0.918	0.979	0.752	0.965	0.434	0.996	0.936	0.674	0.409	0.811	0.380	0.445	0.995	0.996	0.943	0.936	0.960	0.287	0.199	0.827	0.859	0.741	0.993	0.356	0.395	0.991	0.977	0.198	0.986	0.972	0.957	0.736	0.891	0.935	0.974	0.991	0.993	0.942	0.965	0.849	0.952	0.941	0.976	0.956	0.823	0.928	0.579	0.109	0.183	0.992	0.990	0.981	0.172	0.963	0.996	0.898	0.905	0.873	0.818	0.892	0.904	0.995	0.921	0.618	0.181	0.268	0.997	0.939	0.979	0.965	0.936	0.887	0.996	0.376	0.321	0.964	0.830	0.964	0.972	0.407	0.956	0.836	0.157	0.612	0.931	0.986	0.892	0.823	0.867	0.985	0.912	0.175	0.908	0.851	0.956	0.995	0.930	0.945	0.930	0.990	0.229	0.905	0.764	0.346	0.396	0.720	0.395	0.993	0.949	0.969	0.389	0.976	0.941	0.996	0.310	0.817	0.800	0.982	0.955	0.992	0.995	0.907	0.893	0.127	0.945	0.843	0.973	0.130	0.471	0.963	0.847	0.299	0.987	0.964	0.378	0.964	0.458	0.853	0.984	0.760	0.968	0.995	0.895	0.943	0.403	0.987	0.121	0.212	0.560	0.996	0.934	0.814	0.991	0.891	0.500	0.278	0.403	0.999	0.979	0.887	0.865	0.224	0.966
2	x.xxx	x.xxx	0.000	0.902	0.717	0.981	0.895	0.875	0.821	0.954	0.981	0.719	0.883	0.902	0.870	0.920	0.946	0.915	0.913	0.899	0.702	0.976	0.971	0.917	0.897	0.595	0.906	0.931	0.964	0.930	0.882	0.983	0.902	0.932	0.873	0.807	0.635	0.941	0.907	0.901	0.889	0.914	0.916	0.706	0.911	0.960	0.759	0.888	0.983	0.898	0.811	0.882	0.910	0.747	0.984	0.757	0.917	0.926	0.957	0.897	0.908	0.989	0.981	0.716	0.893	0.940	0.862	0.927	0.891	0.838	0.884	0.917	0.936	0.872	0.915	0.904	0.955	0.755	0.929	0.970	0.924	0.922	0.638	0.882	0.843	0.916	0.898	0.689	0.952	0.926	0.949	0.884	0.964	0.878	0.727	0.953	0.961	0.946	0.976	0.975	0.748	0.917	0.698	0.984	0.915	0.913	0.657	0.907	0.946	0.921	0.987	0.930	0.881	0.851	0.865	0.936	0.807	0.728	0.663	0.714	0.920	0.947	0.909	0.919	0.857	0.940	0.908	0.941	0.948	0.692	0.893	0.898	0.870	0.892	0.964	0.946	0.944	0.892	0.946	0.948	0.929	0.874	0.956	0.694	0.644	0.899	0.845	0.826	0.961	0.803	0.946	0.910	0.892	0.935	0.969	0.898	0.986	0.924	0.945	0.898	0.890	0.890	0.740	0.937	0.908	0.963	0.934	0.691	0.975	0.977	0.949	0.943	0.922	0.898	0.925	0.878	0.955	0.869	0.691	0.894	0.901	0.969	0.718	0.813	0.912	0.918	0.919	0.863	0.891	0.797	0.970	0.754	0.847	0.955	0.926	0.958	0.896	0.886	0.995	0.679	0.908	0.917	0.956	0.926	0.956	0.964	0.987	0.922	0.968	0.899	0.962	0.733
3	x.xxx	x.xxx	x.xxx	0.000	0.875	0.998	0.543	0.935	0.571	0.376	0.941	0.872	0.525	0.873	0.642	0.595	0.494	0.891	0.635	0.741	0.840	0.918	0.774	0.940	0.820	0.919	0.589	0.986	0.896	0.869	0.635	0.967	0.913	0.553	0.440	0.872	0.814	0.568	0.785	0.827	0.965	0.937	0.699	0.748	0.890	0.933	0.583	0.901	0.996	0.841	0.745	0.562	0.929	0.649	0.965	0.864	0.507	0.602	0.389	0.594	0.698	0.976	0.980	0.838	0.491	0.629	0.418	0.574	0.680	0.688	0.491	0.948	0.660	0.626	0.873	0.867	0.545	0.947	0.857	0.943	0.698	0.904	0.815	0.912	0.894	0.958	0.850	0.877	0.597	0.795	0.943	0.644	0.886	0.875	0.851	0.391	0.582	0.605	0.957	0.970	0.832	0.472	0.767	0.996	0.891	0.874	0.601	0.866	0.502	0.858	0.999	0.916	0.463	0.592	0.405	0.962	0.803	0.886	0.850	0.866	0.855	0.971	0.611	0.704	0.902	0.732	0.929	0.837	0.394	0.862	0.724	0.572	0.268	0.878	0.724	0.546	0.711	0.920	0.955	0.532	0.445	0.876	0.896	0.884	0.930	0.803	0.596	0.886	0.984	0.528	0.946	0.884	0.578	0.661	0.540	0.616	0.983	0.806	0.975	0.627	0.786	0.891	0.955	0.691	0.670	0.884	0.955	0.871	0.998	0.983	0.526	0.926	0.510	0.860	0.861	0.919	0.464	0.531	0.809	0.743	0.557	0.752	0.802	0.626	0.926	0.719	0.837	0.905	0.575	0.906	0.964	0.881	0.688	0.617	0.875	0.563	0.613	0.544	0.983	0.838	0.776	0.954	0.938	0.733	0.664	0.592	0.989	0.938	0.932	0.905	0.636	0.850
4	x.xxx	x.xxx	x.xxx	x.xxx	0.000	0.999	0.445	0.422	0.912	0.943	0.977	0.519	0.439	0.844	0.644	0.903	0.941	0.332	0.318	0.331	0.109	0.972	0.966	0.374	0.319	0.933	0.892	0.944	0.968	0.452	0.866	0.987	0.825	0.911	0.696	0.238	0.362	0.924	0.387	0.291	0.971	0.346	0.842	0.658	0.411	0.859	0.706	0.417	0.999	0.319	0.800	0.872	0.359	0.653	0.982	0.228	0.912	0.913	0.942	0.878	0.473	0.989	0.892	0.148	0.881	0.956	0.762	0.910	0.281	0.731	0.453	0.852	0.934	0.856	0.911	0.950	0.943	0.729	0.947	0.977	0.408	0.390	0.300	0.823	0.725	0.743	0.329	0.508	0.941	0.922	0.721	0.878	0.959	0.808	0.196	0.945	0.947	0.928	0.979	0.987	0.535	0.896	0.472	0.997	0.326	0.422	0.507	0.422	0.938	0.377	1.000	0.448	0.702	0.828	0.838	0.889	0.830	0.500	0.272	0.047	0.410	0.912	0.904	0.712	0.760	0.944	0.292	0.942	0.941	0.343	0.515	0.877	0.706	0.325	0.957	0.945	0.955	0.879	0.946	0.944	0.907	0.346	0.896	0.168	0.813	0.899	0.791	0.309	0.795	0.781	0.898	0.455	0.629	0.924	0.951	0.871	0.986	0.920	0.865	0.723	0.883	0.358	0.963	0.928	0.918	0.792	0.643	0.451	1.000	0.877	0.949	0.823	0.906	0.255	0.446	0.323	0.931	0.594	0.460	0.308	0.868	0.966	0.509	0.798	0.389	0.827	0.404	0.846	0.382	0.213	0.976	0.272	0.783	0.945	0.921	0.944	0.836	0.719	0.996	0.145	0.310	0.722	0.945	0.906	0.943	0.954	0.987	0.460	0.863	0.846	0.950	0.174
5	x.xxx	x.xxx	x.xxx	x.xxx	x.xxx	0.000	0.998	0.999	0.972	0.993	0.997	0.999	0.999	0.843	0.998	0.995	0.998	0.999	0.991	0.999	0.998	0.999	0.927	0.998	0.999	0.988	0.997	0.978	0.998	0.999	0.993	0.994	0.999	0.996	0.991	0.999	0.999	0.994	0.985	0.999	0.997	0.999	0.998	0.998	0.981	0.984	0.996	0.998	0.156	0.998	0.995	0.914	0.994	0.966	0.996	0.999	0.916	0.961	0.999	0.982	0.986	0.998	1.000	0.999	0.999	0.997	0.971	0.994	0.999	0.998	0.999	0.968	0.994	0.995	0.996	0.988	0.996	0.990	0.993	0.921	0.969	0.999	0.997	0.976	0.992	0.994	0.996	0.999	0.998	0.997	0.998	0.999	0.964	0.996	0.999	0.993	0.999	0.976	0.988	0.985	0.997	0.998	0.999	0.909	0.999	0.941	0.998	0.995	0.998	1.000	0.101	1.000	0.987	0.995	0.983	0.996	0.969	0.999	0.999	0.997	0.999	0.990	0.920	0.939	0.999	0.988	0.990	0.999	0.993	0.999	0.925	0.989	0.999	1.000	0.997	0.998	0.862	0.937	0.997	0.999	0.997	0.965	0.975	0.999	0.997	0.981	0.997	1.000	0.934	0.997	0.985	0.985	0.994	0.991	0.933	0.990	0.998	0.999	0.996	0.999	0.931	0.984	0.996	0.998	0.990	0.988	0.950	0.999	0.723	0.998	0.995	0.996	0.997	0.999	0.969	0.999	0.998	0.999	0.999	0.999	0.997	0.999	0.999	0.993	0.995	0.999	0.967	0.951	0.999	0.999	0.920	0.955	0.999	0.997	0.995	0.996	0.996	0.997	0.999	0.999	0.959	0.975	0.985	0.998	0.999	0.996	1.000	0.999	0.984	0.973	0.994	0.987
6	x.xxx	x.xxx	x.xxx	x.xxx	x.xxx	x.xxx	0.000	0.554	0.579	0.658	0.957	0.852	0.157	0.860	0.498	0.561	0.816	0.404	0.213	0.334	0.406	0.967	0.883	0.457	0.344	0.979	0.559	0.995	0.967	0.484	0.604	0.978	0.940	0.595	0.328	0.433	0.791	0.607	0.428	0.279	0.977	0.431	0.566	0.913	0.403	0.842	0.525	0.332	0.997	0.367	0.889	0.786	0.441	0.622	0.972	0.365	0.745	0.558	0.746	0.562	0.200	0.983	0.907	0.434	0.746	0.844	0.406	0.582	0.218	0.653	0.175	0.969	0.613	0.670	0.933	0.926	0.589	0.983	0.974	0.966	0.320	0.461	0.694	0.801	0.942	0.854	0.378	0.821	0.774	0.906	0.757	0.862	0.943	0.822	0.489	0.585	0.596	0.620	0.964	0.974	0.892	0.545	0.878	0.997	0.399	0.479	0.711	0.486	0.825	0.413	0.998	0.515	0.391	0.622	0.506	0.976	0.854	0.935	0.670	0.436	0.445	0.986	0.601	0.419	0.799	0.815	0.378	0.958	0.482	0.706	0.353	0.606	0.327	0.435	0.838	0.823	0.814	0.887	0.961	0.796	0.571	0.462	0.808	0.447	0.961	0.881	0.674	0.486	0.833	0.526	0.870	0.390	0.236	0.622	0.689	0.560	0.985	0.903	0.906	0.365	0.901	0.278	0.973	0.650	0.788	0.725	0.696	0.840	0.998	0.881	0.840	0.815	0.535	0.296	0.476	0.447	0.533	0.267	0.881	0.228	0.545	0.883	0.874	0.601	0.469	0.537	0.426	0.945	0.184	0.413	0.978	0.515	0.656	0.651	0.910	0.583	0.511	0.343	0.996	0.482	0.311	0.841	0.931	0.650	0.655	0.629	0.993	0.534	0.837	0.838	0.638	0.472
7	x.xxx	x.xxx	x.xxx	x.xxx	x.xxx	x.xxx	x.xxx	0.000	0.942	0.989	0.993	0.857	0.560	0.967	0.725	0.934	0.979	0.271	0.433	0.409	0.520	0.994	0.987	0.177	0.357	0.944	0.935	0.970	0.984	0.113	0.898	0.992	0.967	0.953	0.767	0.301	0.805	0.953	0.253	0.422	0.981	0.225	0.878	0.915	0.510	0.779	0.846	0.522	0.999	0.269	0.923	0.914	0.214	0.891	0.994	0.431	0.941	0.947	0.984	0.922	0.555	0.993	0.792	0.545	0.929	0.984	0.826	0.940	0.414	0.799	0.570	0.973	0.951	0.919	0.949	0.960	0.981	0.932	0.964	0.984	0.309	0.192	0.738	0.856	0.954	0.670	0.287	0.816	0.975	0.952	0.490	0.919	0.979	0.927	0.577	0.986	0.973	0.963	0.984	0.989	0.925	0.942	0.885	0.997	0.285	0.224	0.837	0.286	0.982	0.205	1.000	0.081	0.772	0.924	0.904	0.980	0.871	0.920	0.708	0.435	0.156	0.984	0.937	0.762	0.804	0.978	0.321	0.968	0.969	0.738	0.614	0.922	0.792	0.223	0.988	0.981	0.978	0.955	0.957	0.983	0.952	0.204	0.904	0.527	0.967	0.922	0.854	0.410	0.783	0.879	0.908	0.549	0.711	0.951	0.987	0.914	0.990	0.941	0.782	0.784	0.929	0.478	0.976	0.951	0.944	0.612	0.331	0.837	1.000	0.885	0.988	0.843	0.952	0.378	0.169	0.195	0.976	0.675	0.880	0.438	0.912	0.987	0.893	0.878	0.169	0.851	0.228	0.955	0.504	0.284	0.981	0.235	0.852	0.976	0.946	0.983	0.885	0.769	0.997	0.578	0.403	0.644	0.982	0.930	0.969	0.986	0.993	0.032	0.843	0.920	0.984	0.526
8	x.xxx	x.xxx	x.xxx	x.xxx	x.xxx	x.xxx	x.xxx	x.xxx	0.000	0.622	0.960	0.898	0.700	0.832	0.814	0.450	0.807	0.931	0.747	0.863	0.906	0.968	0.868	0.935	0.894	0.815	0.456	0.978	0.960	0.909	0.500	0.978	0.947	0.462	0.567	0.928	0.883	0.461	0.860	0.896	0.953	0.935	0.558	0.893	0.906	0.896	0.484	0.911	0.972	0.878	0.903	0.735	0.921	0.512	0.971	0.916	0.697	0.438	0.761	0.441	0.530	0.982	0.981	0.893	0.785	0.870	0.356	0.440	0.803	0.818	0.698	0.961	0.471	0.560	0.941	0.904	0.436	0.975	0.945	0.923	0.758	0.937	0.878	0.903	0.949	0.968	0.876	0.907	0.800	0.908	0.952	0.884	0.893	0.811	0.907	0.545	0.465	0.465	0.963	0.962	0.916	0.410	0.861	0.984	0.932	0.893	0.797	0.909	0.817	0.903	0.977	0.943	0.659	0.488	0.445	0.977	0.825	0.955	0.891	0.915	0.901	0.975	0.427	0.532	0.923	0.761	0.915	0.943	0.484	0.899	0.803	0.462	0.587	0.932	0.893	0.815	0.773	0.807	0.968	0.832	0.424	0.899	0.833	0.914	0.913	0.849	0.784	0.933	0.968	0.443	0.897	0.906	0.457	0.491	0.692	0.478	0.984	0.908	0.968	0.479	0.880	0.884	0.940	0.548	0.792	0.829	0.927	0.906	0.957	0.978	0.786	0.882	0.402	0.911	0.876	0.932	0.421	0.623	0.888	0.830	0.484	0.906	0.886	0.493	0.923	0.537	0.860	0.933	0.733	0.923	0.964	0.901	0.823	0.555	0.932	0.447	0.473	0.590	0.989	0.900	0.823	0.957	0.908	0.591	0.545	0.526	0.994	0.936	0.895	0.837	0.499	0.872
9	x.xxx	x.xxx	x.xxx	x.xxx	x.xxx	x.xxx	x.xxx	x.xxx	x.xxx	0.000	0.968	0.954	0.621	0.920	0.907	0.655	0.587	0.938	0.684	0.909	0.936	0.923	0.934	0.982	0.906	0.930	0.622	0.993	0.921	0.907	0.706	0.983	0.962	0.635	0.542	0.943	0.950	0.624	0.915	0.884	0.967	0.984	0.742	0.937	0.930	0.956	0.699	0.970	0.992	0.893	0.949	0.654	0.972	0.729	0.974	0.944	0.558	0.706	0.663	0.686	0.744	0.990	0.995	0.927	0.872	0.886	0.626	0.649	0.774	0.591	0.659	0.988	0.705	0.757	0.974	0.957	0.532	0.975	0.876	0.928	0.740	0.945	0.930	0.958	0.979	0.992	0.917	0.969	0.783	0.919	0.968	0.918	0.920	0.924	0.924	0.296	0.623	0.665	0.989	0.976	0.950	0.606	0.945	0.996	0.939	0.930	0.726	0.929	0.680	0.899	0.997	0.952	0.511	0.644	0.532	0.990	0.918	0.962	0.949	0.936	0.895	0.992	0.692	0.688	0.981	0.577	0.980	0.932	0.491	0.942	0.821	0.640	0.493	0.947	0.893	0.642	0.756	0.918	0.982	0.765	0.615	0.940	0.938	0.960	0.975	0.949	0.886	0.948	0.994	0.676	0.956	0.928	0.656	0.716	0.676	0.694	0.991	0.947	0.972	0.701	0.953	0.951	0.958	0.729	0.516	0.922	0.983	0.947	0.989	0.991	0.547	0.955	0.519	0.946	0.900	0.988	0.508	0.554	0.945	0.823	0.632	0.946	0.948	0.697	0.969	0.762	0.885	0.978	0.715	0.982	0.990	0.941	0.885	0.725	0.961	0.579	0.624	0.612	0.984	0.923	0.825	0.990	0.960	0.759	0.714	0.604	0.998	0.985	0.957	0.939	0.501	0.961
10	x.xxx	x.xxx	x.xxx	x.xxx	x.xxx	x.xxx	x.xxx	x.xxx	x.xxx	x.xxx	0.000	0.964	0.959	0.984	0.945	0.995	0.947	1.000	0.999	0.959	0.974	0.973	0.952	0.995	0.959	0.993	0.966	0.995	0.975	0.999	0.996	0.979	0.982	0.964	0.992	0.996	0.968	0.992	0.968	0.998	0.989	0.995	0.990	0.945	0.998	0.992	0.960	0.972	0.997	0.977	0.948	0.960	0.990	0.970	0.271	0.992	0.981	0.960	0.935	0.961	0.987	0.074	0.993	0.962	0.936	0.937	0.957	0.997	0.956	0.981	0.953	0.984	1.000	0.971	0.965	0.973	0.964	0.984	0.977	0.987	1.000	0.999	0.968	0.979	0.971	0.989	0.961	0.977	0.926	0.891	0.985	0.940	0.960	0.984	0.975	0.951	0.990	0.981	0.988	0.942	0.951	0.957	0.957	0.998	0.999	0.971	0.952	0.973	0.927	1.000	0.999	1.000	0.999	0.971	0.961	0.987	0.960	0.965	0.966	0.984	0.994	0.990	0.966	0.993	0.996	0.966	0.994	0.964	0.949	0.972	0.981	0.978	0.947	0.998	0.911	0.934	0.957	0.991	0.971	0.933	0.963	0.996	0.987	0.986	0.973	0.985	0.935	0.996	0.999	0.958	0.994	0.995	0.966	0.986	0.957	0.969	0.992	0.987	0.994	0.973	0.953	0.991	0.984	0.994	0.980	0.986	0.976	0.981	0.997	0.992	0.943	0.991	0.961	0.981	0.995	0.994	0.968	0.984	0.953	0.980	0.957	0.945	0.953	0.984	0.987	0.993	0.992	0.975	0.956	0.990	0.987	0.987	0.937	0.964	0.953	0.964	0.974	0.988	0.996	0.976	0.994	0.988	0.993	1.000	0.986	0.962	0.996	0.984	0.990	0.987	0.980	0.963
11	x.xxx	x.xxx	x.xxx	x.xxx	x.xxx	x.xxx	x.xxx	x.xxx	x.xxx	x.xxx	x.xxx	0.000	0.837	0.781	0.817	0.917	0.930	0.892	0.889	0.858	0.479	0.973	0.947	0.896	0.854	0.933	0.895	0.945	0.965	0.910	0.878	0.979	0.758	0.913	0.844	0.730	0.343	0.937	0.873	0.874	0.967	0.892	0.896	0.640	0.892	0.953	0.717	0.859	0.998	0.870	0.784	0.867	0.888	0.659	0.975	0.677	0.912	0.904	0.926	0.875	0.891	0.984	0.975	0.404	0.861	0.931	0.816	0.924	0.846	0.809	0.836	0.790	0.937	0.855	0.900	0.940	0.945	0.729	0.946	0.976	0.904	0.901	0.410	0.874	0.599	0.833	0.856	0.370	0.927	0.923	0.939	0.859	0.948	0.765	0.333	0.943	0.961	0.940	0.974	0.983	0.510	0.893	0.314	0.997	0.891	0.884	0.509	0.878	0.923	0.899	0.999	0.911	0.859	0.836	0.843	0.885	0.825	0.353	0.387	0.536	0.899	0.874	0.897	0.904	0.779	0.943	0.884	0.937	0.924	0.267	0.859	0.887	0.815	0.852	0.933	0.924	0.940	0.855	0.941	0.924	0.910	0.852	0.944	0.485	0.736	0.900	0.780	0.523	0.965	0.780	0.965	0.888	0.862	0.930	0.947	0.874	0.985	0.922	0.950	0.871	0.867	0.861	0.958	0.938	0.918	0.954	0.932	0.255	0.999	0.970	0.933	0.934	0.909	0.866	0.906	0.856	0.942	0.845	0.282	0.861	0.869	0.944	0.330	0.810	0.890	0.898	0.896	0.838	0.846	0.772	0.971	0.724	0.782	0.943	0.907	0.947	0.871	0.862	0.996	0.471	0.884	0.824	0.944	0.917	0.953	0.951	0.985	0.900	0.960	0.882	0.962	0.417
12	x.xxx	x.xxx	x.xxx	x.xxx	x.xxx	x.xxx	x.xxx	x.xxx	x.xxx	x.xxx	x.xxx	x.xxx	0.000	0.922	0.470	0.667	0.796	0.379	0.186	0.359	0.393	0.958	0.920	0.452	0.349	0.962	0.656	0.995	0.958	0.473	0.697	0.980	0.954	0.700	0.357	0.413	0.772	0.724	0.420	0.236	0.984	0.423	0.648	0.920	0.381	0.876	0.627	0.215	0.997	0.350	0.931	0.741	0.433	0.710	0.971	0.346	0.674	0.705	0.736	0.670	0.315	0.983	0.920	0.412	0.773	0.881	0.503	0.688	0.210	0.582	0.052	0.979	0.736	0.761	0.961	0.970	0.691	0.980	0.968	0.960	0.319	0.446	0.651	0.773	0.966	0.873	0.355	0.800	0.782	0.882	0.772	0.911	0.921	0.874	0.440	0.663	0.711	0.725	0.971	0.983	0.932	0.660	0.873	0.996	0.374	0.476	0.713	0.475	0.807	0.398	0.999	0.507	0.346	0.729	0.635	0.987	0.831	0.958	0.621	0.425	0.429	0.990	0.713	0.486	0.771	0.793	0.360	0.946	0.631	0.668	0.264	0.712	0.317	0.415	0.888	0.816	0.776	0.918	0.969	0.834	0.691	0.446	0.855	0.391	0.978	0.848	0.647	0.474	0.844	0.660	0.898	0.364	0.339	0.736	0.743	0.655	0.985	0.876	0.910	0.481	0.934	0.242	0.981	0.745	0.750	0.781	0.718	0.819	0.999	0.890	0.823	0.858	0.645	0.308	0.464	0.441	0.656	0.289	0.877	0.195	0.648	0.926	0.884	0.690	0.465	0.632	0.407	0.959	0.133	0.401	0.987	0.506	0.644	0.761	0.946	0.681	0.600	0.402	0.995	0.412	0.273	0.861	0.956	0.738	0.752	0.749	0.996	0.541	0.872	0.877	0.732	0.486
13	x.xxx	x.xxx	x.xxx	x.xxx	x.xxx	x.xxx	x.xxx	x.xxx	x.xxx	x.xxx	x.xxx	x.xxx	x.xxx	0.000	0.910	0.863	0.939	0.992	0.930	0.907	0.841	0.993	0.794	0.991	0.943	0.973	0.855	0.948	0.989	0.977	0.850	0.988	0.504	0.843	0.886	0.947	0.811	0.849	0.937	0.984	0.899	0.991	0.870	0.849	0.983	0.848	0.785	0.990	0.840	0.973	0.793	0.878	0.986	0.738	0.988	0.930	0.877	0.813	0.900	0.839	0.863	0.994	0.975	0.788	0.921	0.883	0.802	0.858	0.936	0.968	0.913	0.617	0.865	0.806	0.888	0.958	0.844	0.900	0.985	0.949	0.918	0.992	0.834	0.973	0.479	0.724	0.972	0.854	0.778	0.984	0.979	0.860	0.961	0.633	0.830	0.829	0.861	0.847	0.877	0.982	0.777	0.833	0.757	0.953	0.992	0.945	0.781	0.977	0.941	0.980	0.833	0.992	0.919	0.813	0.806	0.895	0.957	0.775	0.813	0.854	0.977	0.781	0.806	0.839	0.963	0.942	0.986	0.982	0.857	0.762	0.923	0.832	0.881	0.983	0.963	0.904	0.876	0.520	0.877	0.908	0.810	0.953	0.804	0.866	0.326	0.981	0.957	0.945	0.935	0.790	0.709	0.984	0.846	0.861	0.687	0.850	0.981	0.989	0.968	0.852	0.703	0.982	0.759	0.872	0.958	0.873	0.953	0.747	0.937	0.984	0.943	0.889	0.850	0.977	0.959	0.976	0.849	0.888	0.772	0.961	0.818	0.792	0.717	0.823	0.987	0.870	0.955	0.731	0.922	0.947	0.853	0.885	0.947	0.801	0.931	0.853	0.860	0.893	0.999	0.841	0.945	0.774	0.844	0.879	0.866	0.695	0.831	0.987	0.798	0.802	0.862	0.752
14	x.xxx	x.xxx	x.xxx	x.xxx	x.xxx	x.xxx	x.xxx	x.xxx	x.xxx	x.xxx	x.xxx	x.xxx	x.xxx	x.xxx	0.000	0.870	0.665	0.627	0.608	0.416	0.601	0.938	0.663	0.649	0.521	0.964	0.838	0.994	0.926	0.713	0.872	0.970	0.902	0.897	0.549	0.643	0.712	0.949	0.520	0.536	0.945	0.627	0.796	0.814	0.626	0.915	0.760	0.455	0.996	0.590	0.721	0.876	0.626	0.857	0.967	0.587	0.920	0.790	0.516	0.823	0.660	0.977	0.942	0.614	0.412	0.516	0.586	0.895	0.495	0.556	0.413	0.923	0.902	0.837	0.819	0.839	0.865	0.971	0.937	0.948	0.681	0.672	0.593	0.733	0.838	0.883	0.559	0.763	0.604	0.830	0.860	0.552	0.914	0.869	0.651	0.687	0.935	0.915	0.927	0.969	0.817	0.850	0.804	0.996	0.624	0.668	0.538	0.676	0.641	0.659	0.998	0.712	0.519	0.928	0.853	0.949	0.777	0.908	0.552	0.642	0.680	0.971	0.863	0.687	0.733	0.913	0.579	0.919	0.845	0.627	0.479	0.911	0.379	0.651	0.715	0.554	0.889	0.921	0.942	0.452	0.782	0.667	0.856	0.607	0.896	0.785	0.411	0.688	0.910	0.758	0.930	0.614	0.539	0.897	0.733	0.808	0.983	0.826	0.948	0.573	0.685	0.492	0.930	0.913	0.843	0.864	0.818	0.799	0.997	0.934	0.664	0.902	0.855	0.508	0.706	0.642	0.909	0.551	0.834	0.522	0.667	0.611	0.828	0.865	0.652	0.751	0.672	0.854	0.474	0.611	0.944	0.701	0.427	0.780	0.860	0.906	0.771	0.541	0.989	0.574	0.601	0.871	0.958	0.885	0.928	0.757	0.982	0.706	0.912	0.872	0.935	0.626
15	x.xxx	x.xxx	x.xxx	x.xxx	x.xxx	x.xxx	x.xxx	x.xxx	x.xxx	x.xxx	x.xxx	x.xxx	x.xxx	x.xxx	x.xxx	0.000	0.886	0.850	0.669	0.880	0.886	0.998	0.972	0.915	0.855	0.983	0.120	0.996	0.991	0.841	0.128	0.995	0.972	0.126	0.455	0.883	0.884	0.226	0.874	0.831	0.997	0.915	0.226	0.991	0.842	0.858	0.253	0.885	0.994	0.861	0.988	0.800	0.909	0.232	0.996	0.883	0.734	0.191	0.841	0.153	0.392	0.995	0.988	0.896	0.876	0.967	0.298	0.076	0.777	0.790	0.695	0.996	0.118	0.324	0.996	0.988	0.216	0.997	0.991	0.964	0.703	0.863	0.872	0.908	0.996	0.981	0.884	0.908	0.869	0.925	0.943	0.989	0.970	0.737	0.884	0.625	0.162	0.146	0.984	0.986	0.990	0.184	0.938	0.996	0.847	0.869	0.822	0.878	0.909	0.852	0.996	0.876	0.579	0.230	0.403	0.998	0.865	0.990	0.903	0.888	0.844	0.998	0.162	0.383	0.907	0.842	0.900	0.990	0.482	0.902	0.774	0.177	0.574	0.883	0.990	0.907	0.850	0.829	0.987	0.929	0.255	0.867	0.778	0.901	0.998	0.866	0.844	0.890	0.972	0.256	0.883	0.837	0.324	0.179	0.749	0.178	0.990	0.905	0.977	0.180	0.987	0.873	0.998	0.212	0.793	0.770	0.953	0.904	0.994	0.983	0.922	0.840	0.228	0.876	0.829	0.918	0.321	0.523	0.931	0.789	0.191	0.993	0.943	0.157	0.908	0.230	0.811	0.989	0.716	0.912	0.997	0.871	0.846	0.306	0.995	0.201	0.166	0.526	0.997	0.880	0.770	0.978	0.872	0.295	0.206	0.446	1.000	0.932	0.853	0.801	0.237	0.922
16	x.xxx	x.xxx	x.xxx	x.xxx	x.xxx	x.xxx	x.xxx	x.xxx	x.xxx	x.xxx	x.xxx	x.xxx	x.xxx	x.xxx	x.xxx	x.xxx	0.000	0.963	0.900	0.796	0.946	0.864	0.763	0.973	0.913	0.958	0.801	0.995	0.867	0.931	0.908	0.981	0.927	0.839	0.839	0.967	0.922	0.871	0.827	0.906	0.960	0.974	0.911	0.769	0.951	0.971	0.855	0.945	0.996	0.882	0.761	0.726	0.961	0.896	0.962	0.953	0.784	0.837	0.349	0.853	0.899	0.979	0.989	0.919	0.475	0.558	0.722	0.889	0.839	0.600	0.732	0.958	0.892	0.821	0.891	0.952	0.705	0.971	0.833	0.897	0.922	0.968	0.913	0.953	0.911	0.971	0.895	0.952	0.642	0.819	0.977	0.623	0.891	0.942	0.939	0.560	0.866	0.874	0.968	0.983	0.878	0.801	0.835	0.997	0.964	0.945	0.585	0.931	0.138	0.916	0.999	0.971	0.791	0.855	0.745	0.969	0.898	0.947	0.920	0.950	0.915	0.976	0.860	0.851	0.969	0.778	0.970	0.879	0.726	0.926	0.858	0.861	0.645	0.971	0.702	0.214	0.809	0.955	0.978	0.334	0.697	0.963	0.953	0.946	0.941	0.884	0.647	0.969	0.993	0.813	0.971	0.947	0.861	0.894	0.743	0.845	0.988	0.876	0.981	0.874	0.805	0.934	0.949	0.905	0.632	0.949	0.982	0.934	0.997	0.991	0.156	0.966	0.740	0.948	0.925	0.977	0.788	0.782	0.909	0.864	0.704	0.729	0.889	0.889	0.955	0.918	0.917	0.920	0.768	0.967	0.971	0.957	0.762	0.792	0.916	0.801	0.816	0.836	0.978	0.930	0.891	0.968	0.973	0.919	0.900	0.722	0.991	0.974	0.971	0.956	0.790	0.909
17	x.xxx	x.xxx	x.xxx	x.xxx	x.xxx	x.xxx	x.xxx	x.xxx	x.xxx	x.xxx	x.xxx	x.xxx	x.xxx	x.xxx	x.xxx	x.xxx	x.xxx	0.000	0.217	0.226	0.445	1.000	0.991	0.111	0.132	0.992	0.860	1.000	0.997	0.195	0.859	1.000	0.989	0.909	0.634	0.153	0.835	0.911	0.139	0.190	0.998	0.066	0.802	0.999	0.308	0.839	0.826	0.351	0.998	0.055	0.999	0.974	0.095	0.882	0.999	0.324	0.976	0.925	0.969	0.893	0.432	1.000	0.866	0.481	0.898	0.985	0.762	0.870	0.213	0.726	0.398	0.999	0.922	0.918	1.000	0.996	0.918	0.999	0.999	0.982	0.129	0.096	0.734	0.823	1.000	0.790	0.083	0.847	0.964	0.944	0.624	0.997	0.991	0.946	0.509	0.944	0.902	0.903	0.986	0.990	0.996	0.895	0.948	0.998	0.017	0.182	0.844	0.188	0.964	0.099	1.000	0.188	0.656	0.924	0.895	1.000	0.889	0.996	0.712	0.339	0.145	1.000	0.930	0.651	0.804	0.960	0.116	0.999	0.965	0.739	0.449	0.903	0.682	0.070	0.999	0.970	0.983	0.956	0.990	0.974	0.915	0.113	0.912	0.467	1.000	0.900	0.798	0.298	0.763	0.865	0.907	0.357	0.600	0.922	0.968	0.858	0.992	0.920	0.855	0.711	0.999	0.287	1.000	0.889	0.917	0.720	0.520	0.862	1.000	0.880	0.976	0.849	0.874	0.166	0.193	0.092	0.905	0.539	0.941	0.238	0.840	1.000	0.952	0.882	0.143	0.815	0.127	0.995	0.308	0.164	0.999	0.209	0.788	0.926	0.999	0.916	0.798	0.687	1.000	0.514	0.175	0.772	0.985	0.882	0.911	0.936	1.000	0.255	0.839	0.930	0.923	0.486
18	x.xxx	x.xxx	x.xxx	x.xxx	x.xxx	x.xxx	x.xxx	x.xxx	x.xxx	x.xxx	x.xxx	x.xxx	x.xxx	x.xxx	x.xxx	x.xxx	x.xxx	x.xxx	0.000	0.261	0.429	0.999	0.967	0.303	0.233	0.984	0.697	0.997	0.995	0.336	0.694	0.999	0.974	0.736	0.395	0.266	0.829	0.723	0.303	0.142	0.998	0.269	0.662	0.998	0.291	0.847	0.675	0.328	0.990	0.226	0.994	0.807	0.283	0.732	0.999	0.305	0.740	0.748	0.857	0.710	0.260	0.999	0.897	0.468	0.891	0.975	0.562	0.684	0.110	0.666	0.228	0.995	0.736	0.789	0.999	0.995	0.749	0.999	0.998	0.962	0.150	0.293	0.720	0.817	0.998	0.839	0.254	0.843	0.879	0.939	0.710	0.996	0.967	0.890	0.497	0.739	0.721	0.727	0.985	0.988	0.995	0.717	0.945	0.995	0.211	0.348	0.799	0.367	0.922	0.254	0.991	0.366	0.408	0.752	0.678	0.999	0.866	0.996	0.703	0.319	0.291	0.997	0.745	0.495	0.798	0.852	0.185	0.999	0.707	0.732	0.346	0.723	0.444	0.265	0.999	0.920	0.853	0.923	0.989	0.940	0.737	0.287	0.863	0.453	1.000	0.870	0.785	0.334	0.784	0.707	0.884	0.341	0.415	0.743	0.780	0.686	0.991	0.916	0.888	0.535	0.984	0.243	0.999	0.748	0.805	0.736	0.622	0.858	0.988	0.879	0.932	0.824	0.689	0.159	0.318	0.291	0.697	0.350	0.939	0.137	0.694	0.999	0.950	0.706	0.325	0.654	0.259	0.987	0.168	0.252	0.996	0.371	0.778	0.795	0.999	0.732	0.632	0.459	0.999	0.500	0.106	0.822	0.959	0.742	0.764	0.794	1.000	0.420	0.842	0.886	0.758	0.464
19	x.xxx	x.xxx	x.xxx	x.xxx	x.xxx	x.xxx	x.xxx	x.xxx	x.xxx	x.xxx	x.xxx	x.xxx	x.xxx	x.xxx	x.xxx	x.xxx	x.xxx	x.xxx	x.xxx	0.000	0.431	0.969	0.801	0.287	0.104	0.982	0.856	0.995	0.968	0.366	0.884	0.974	0.895	0.901	0.669	0.257	0.801	0.937	0.210	0.224	0.942	0.252	0.820	0.875	0.363	0.839	0.792	0.372	0.998	0.218	0.732	0.924	0.269	0.866	0.973	0.338	0.952	0.825	0.753	0.847	0.436	0.984	0.864	0.453	0.635	0.754	0.676	0.902	0.166	0.716	0.328	0.942	0.922	0.851	0.831	0.902	0.880	0.983	0.976	0.968	0.315	0.297	0.711	0.813	0.846	0.776	0.212	0.824	0.732	0.912	0.681	0.770	0.946	0.892	0.506	0.797	0.926	0.914	0.926	0.975	0.802	0.864	0.861	0.997	0.220	0.329	0.681	0.337	0.781	0.277	1.000	0.365	0.668	0.922	0.872	0.956	0.864	0.938	0.682	0.344	0.318	0.974	0.890	0.684	0.803	0.922	0.186	0.960	0.903	0.715	0.444	0.912	0.558	0.262	0.849	0.773	0.922	0.915	0.921	0.720	0.817	0.298	0.860	0.472	0.895	0.890	0.675	0.324	0.773	0.796	0.879	0.410	0.556	0.906	0.818	0.832	0.986	0.911	0.876	0.669	0.769	0.310	0.927	0.910	0.900	0.712	0.596	0.843	1.000	0.874	0.797	0.817	0.870	0.148	0.363	0.273	0.909	0.571	0.884	0.243	0.751	0.743	0.875	0.876	0.304	0.811	0.310	0.860	0.268	0.231	0.940	0.367	0.605	0.835	0.868	0.910	0.806	0.689	0.996	0.507	0.221	0.753	0.951	0.889	0.922	0.824	0.979	0.387	0.833	0.884	0.931	0.436
20	x.xxx	x.xxx	x.xxx	x.xxx	x.xxx	x.xxx	x.xxx	x.xxx	x.xxx	x.xxx	x.xxx	x.xxx	x.xxx	x.xxx	x.xxx	x.xxx	x.xxx	x.xxx	x.xxx	x.xxx	0.000	0.975	0.951	0.490	0.419	0.926	0.882	0.942	0.960	0.549	0.847	0.976	0.821	0.900	0.658	0.317	0.309	0.907	0.492	0.355	0.969	0.465	0.824	0.623	0.445	0.881	0.671	0.367	0.997	0.441	0.770	0.865	0.474	0.618	0.984	0.211	0.899	0.895	0.924	0.861	0.499	0.983	0.914	0.105	0.857	0.936	0.733	0.894	0.385	0.703	0.397	0.849	0.927	0.843	0.901	0.921	0.935	0.708	0.937	0.972	0.509	0.496	0.239	0.810	0.699	0.778	0.443	0.443	0.924	0.913	0.770	0.854	0.960	0.804	0.135	0.921	0.935	0.918	0.975	0.978	0.505	0.879	0.449	0.996	0.440	0.513	0.453	0.524	0.936	0.484	0.998	0.546	0.677	0.811	0.822	0.887	0.803	0.460	0.235	0.092	0.511	0.911	0.897	0.688	0.715	0.945	0.416	0.933	0.936	0.295	0.449	0.865	0.661	0.421	0.938	0.936	0.952	0.876	0.937	0.926	0.897	0.445	0.890	0.088	0.809	0.883	0.752	0.384	0.838	0.750	0.906	0.431	0.589	0.911	0.936	0.861	0.986	0.910	0.887	0.693	0.863	0.329	0.960	0.917	0.911	0.830	0.707	0.409	0.998	0.886	0.949	0.851	0.890	0.365	0.542	0.438	0.923	0.553	0.397	0.356	0.847	0.950	0.478	0.776	0.498	0.817	0.503	0.835	0.388	0.327	0.973	0.355	0.748	0.928	0.908	0.937	0.822	0.695	0.996	0.083	0.422	0.758	0.941	0.895	0.931	0.936	0.986	0.558	0.885	0.840	0.945	0.188
21	x.xxx	x.xxx	x.xxx	x.xxx	x.xxx	x.xxx	x.xxx	x.xxx	x.xxx	x.xxx	x.xxx	x.xxx	x.xxx	x.xxx	x.xxx	x.xxx	x.xxx	x.xxx	x.xxx	x.xxx	x.xxx	0.000	0.957	0.994	0.968	0.983	0.968	0.997	0.467	0.999	0.992	0.984	0.992	0.965	0.977	0.992	0.959	0.986	0.974	0.994	0.995	0.993	0.989	0.933	0.999	0.997	0.972	0.977	1.000	0.969	0.951	0.905	0.983	0.976	0.981	0.985	0.936	0.971	0.882	0.970	0.994	0.989	0.997	0.972	0.873	0.901	0.964	0.993	0.964	0.966	0.958	0.993	0.999	0.979	0.980	0.979	0.966	0.967	0.789	0.974	0.999	0.999	0.952	0.973	0.984	0.996	0.969	0.975	0.952	0.785	0.992	0.913	0.954	0.994	0.974	0.955	0.989	0.967	0.995	0.999	0.957	0.961	0.953	1.000	1.000	0.977	0.959	0.977	0.850	1.000	1.000	1.000	0.998	0.966	0.949	0.995	0.947	0.950	0.958	0.977	0.989	0.996	0.968	0.998	0.993	0.968	0.991	0.724	0.923	0.967	0.995	0.965	0.942	0.998	0.743	0.900	0.960	0.996	0.990	0.880	0.962	0.994	0.995	0.977	0.991	0.898	0.863	0.994	1.000	0.970	0.998	0.997	0.968	0.992	0.967	0.973	0.993	0.798	0.997	0.974	0.962	0.975	0.994	0.993	0.938	0.994	0.998	0.967	1.000	0.996	0.869	0.996	0.959	0.992	0.998	0.994	0.944	0.988	0.953	0.987	0.974	0.943	0.960	0.979	0.985	0.990	0.998	0.987	0.964	0.986	0.995	0.987	0.887	0.977	0.967	0.961	0.969	0.991	0.841	0.964	0.989	0.995	0.997	1.000	0.985	0.975	0.999	0.989	0.997	0.995	0.969	0.976
22	x.xxx	x.xxx	x.xxx	x.xxx	x.xxx	x.xxx	x.xxx	x.xxx	x.xxx	x.xxx	x.xxx	x.xxx	x.xxx	x.xxx	x.xxx	x.xxx	x.xxx	x.xxx	x.xxx	x.xxx	x.xxx	x.xxx	0.000	0.988	0.899	0.970	0.941	0.991	0.944	0.989	0.967	0.975	0.813	0.930	0.950	0.987	0.938	0.962	0.819	0.981	0.940	0.991	0.973	0.842	0.964	0.905	0.909	0.983	0.881	0.955	0.771	0.694	0.973	0.879	0.970	0.978	0.755	0.813	0.631	0.896	0.967	0.980	0.983	0.943	0.682	0.581	0.796	0.966	0.894	0.947	0.864	0.768	0.980	0.879	0.839	0.885	0.901	0.973	0.956	0.538	0.930	0.992	0.943	0.976	0.687	0.945	0.932	0.964	0.364	0.949	0.975	0.470	0.867	0.917	0.956	0.692	0.972	0.917	0.882	0.982	0.848	0.908	0.893	0.924	0.993	0.815	0.703	0.957	0.740	0.988	0.841	0.992	0.980	0.936	0.871	0.950	0.925	0.922	0.947	0.968	0.981	0.965	0.822	0.791	0.987	0.944	0.974	0.933	0.894	0.955	0.766	0.934	0.812	0.991	0.796	0.605	0.875	0.856	0.958	0.579	0.823	0.925	0.835	0.973	0.794	0.930	0.813	0.987	0.912	0.862	0.898	0.966	0.916	0.954	0.300	0.915	0.993	0.978	0.990	0.929	0.321	0.948	0.860	0.980	0.958	0.951	0.860	0.966	0.939	0.993	0.748	0.957	0.934	0.937	0.926	0.988	0.933	0.961	0.923	0.958	0.818	0.326	0.904	0.952	0.975	0.979	0.921	0.570	0.881	0.980	0.844	0.902	0.818	0.770	0.883	0.933	0.953	0.970	0.994	0.962	0.900	0.847	0.900	0.989	0.970	0.561	0.962	0.978	0.894	0.847	0.956	0.904
23	x.xxx	x.xxx	x.xxx	x.xxx	x.xxx	x.xxx	x.xxx	x.xxx	x.xxx	x.xxx	x.xxx	x.xxx	x.xxx	x.xxx	x.xxx	x.xxx	x.xxx	x.xxx	x.xxx	x.xxx	x.xxx	x.xxx	x.xxx	0.000	0.222	0.991	0.919	0.997	0.989	0.153	0.916	0.995	0.993	0.967	0.718	0.226	0.844	0.974	0.109	0.275	0.998	0.056	0.855	0.991	0.400	0.823	0.881	0.387	0.997	0.111	0.991	0.970	0.046	0.931	0.996	0.377	0.979	0.935	0.981	0.915	0.468	0.995	0.843	0.522	0.907	0.984	0.819	0.934	0.284	0.757	0.467	0.997	0.934	0.960	0.996	0.989	0.976	0.995	0.989	0.978	0.173	0.053	0.755	0.827	0.995	0.756	0.135	0.852	0.976	0.938	0.593	0.990	0.987	0.945	0.561	0.983	0.967	0.959	0.985	0.987	0.991	0.957	0.945	0.997	0.126	0.131	0.879	0.167	0.976	0.042	0.999	0.146	0.703	0.981	0.963	0.998	0.887	0.990	0.722	0.389	0.092	0.998	0.938	0.714	0.815	0.974	0.159	0.990	0.962	0.756	0.512	0.963	0.736	0.088	0.990	0.976	0.981	0.967	0.988	0.981	0.973	0.094	0.912	0.498	0.997	0.897	0.804	0.361	0.768	0.921	0.915	0.446	0.648	0.938	0.985	0.900	0.990	0.920	0.842	0.738	0.992	0.335	0.998	0.941	0.925	0.695	0.451	0.876	0.998	0.880	0.985	0.850	0.939	0.228	0.146	0.067	0.976	0.622	0.938	0.300	0.893	0.993	0.948	0.920	0.044	0.822	0.081	0.991	0.392	0.202	0.998	0.162	0.804	0.972	0.994	0.977	0.858	0.707	0.997	0.559	0.266	0.735	0.993	0.915	0.964	0.984	1.000	0.159	0.849	0.933	0.978	0.502
24	x.xxx	x.xxx	x.xxx	x.xxx	x.xxx	x.xxx	x.xxx	x.xxx	x.xxx	x.xxx	x.xxx	x.xxx	x.xxx	x.xxx	x.xxx	x.xxx	x.xxx	x.xxx	x.xxx	x.xxx	x.xxx	x.xxx	x.xxx	x.xxx	0.000	0.988	0.836	0.995	0.963	0.295	0.859	0.974	0.934	0.877	0.634	0.182	0.793	0.912	0.215	0.206	0.967	0.182	0.799	0.928	0.327	0.840	0.776	0.356	0.998	0.154	0.833	0.929	0.202	0.847	0.973	0.319	0.957	0.839	0.890	0.847	0.429	0.983	0.862	0.446	0.736	0.877	0.717	0.877	0.146	0.715	0.355	0.972	0.926	0.892	0.900	0.896	0.888	0.982	0.974	0.971	0.238	0.213	0.704	0.808	0.909	0.783	0.149	0.820	0.829	0.909	0.648	0.890	0.951	0.920	0.484	0.887	0.901	0.891	0.950	0.975	0.839	0.853	0.896	0.997	0.124	0.252	0.775	0.266	0.902	0.215	1.000	0.292	0.667	0.897	0.864	0.978	0.861	0.936	0.672	0.326	0.244	0.990	0.892	0.661	0.798	0.926	0.127	0.955	0.912	0.705	0.436	0.887	0.606	0.187	0.870	0.905	0.937	0.931	0.927	0.857	0.884	0.216	0.883	0.460	0.938	0.886	0.715	0.301	0.761	0.802	0.890	0.373	0.548	0.908	0.905	0.829	0.985	0.908	0.866	0.668	0.857	0.294	0.958	0.890	0.905	0.712	0.564	0.838	1.000	0.874	0.916	0.834	0.844	0.130	0.291	0.206	0.880	0.539	0.880	0.233	0.805	0.841	0.887	0.865	0.242	0.812	0.231	0.918	0.273	0.167	0.965	0.294	0.622	0.887	0.883	0.886	0.782	0.687	0.996	0.496	0.186	0.764	0.964	0.885	0.900	0.878	0.988	0.334	0.834	0.905	0.909	0.449
25	x.xxx	x.xxx	x.xxx	x.xxx	x.xxx	x.xxx	x.xxx	x.xxx	x.xxx	x.xxx	x.xxx	x.xxx	x.xxx	x.xxx	x.xxx	x.xxx	x.xxx	x.xxx	x.xxx	x.xxx	x.xxx	x.xxx	x.xxx	x.xxx	x.xxx	0.000	0.976	0.945	0.963	0.989	0.923	0.957	0.970	0.944	0.946	0.930	0.901	0.928	0.986	0.981	0.892	0.993	0.982	0.886	0.989	0.980	0.922	0.987	0.989	0.979	0.904	0.848	0.988	0.919	0.992	0.917	0.856	0.979	0.958	0.966	0.981	0.993	0.996	0.929	0.964	0.959	0.932	0.959	0.977	0.927	0.963	0.974	0.983	0.936	0.947	0.743	0.952	0.919	0.895	0.975	0.987	0.993	0.902	0.967	0.956	0.985	0.967	0.922	0.949	0.980	0.985	0.877	0.927	0.972	0.931	0.936	0.976	0.969	0.989	0.983	0.908	0.935	0.908	0.991	0.994	0.991	0.897	0.978	0.958	0.988	0.994	0.993	0.974	0.910	0.886	0.966	0.848	0.901	0.912	0.930	0.984	0.984	0.956	0.982	0.922	0.940	0.989	0.932	0.964	0.924	0.978	0.907	0.971	0.961	0.976	0.960	0.948	0.920	0.957	0.956	0.929	0.929	0.980	0.923	0.813	0.966	0.975	0.936	0.996	0.917	0.958	0.987	0.979	0.979	0.976	0.973	0.996	0.980	0.964	0.980	0.910	0.986	0.849	0.980	0.904	0.985	0.951	0.923	0.976	0.995	0.928	0.984	0.973	0.990	0.987	0.939	0.959	0.944	0.908	0.976	0.979	0.982	0.915	0.913	0.989	0.981	0.986	0.955	0.965	0.922	0.957	0.936	0.980	0.981	0.925	0.962	0.976	0.973	0.986	0.920	0.979	0.983	0.987	0.988	0.980	0.958	0.995	0.992	0.984	0.958	0.953	0.936
26	x.xxx	x.xxx	x.xxx	x.xxx	x.xxx	x.xxx	x.xxx	x.xxx	x.xxx	x.xxx	x.xxx	x.xxx	x.xxx	x.xxx	x.xxx	x.xxx	x.xxx	x.xxx	x.xxx	x.xxx	x.xxx	x.xxx	x.xxx	x.xxx	x.xxx	x.xxx	0.000	0.995	0.968	0.838	0.172	0.987	0.960	0.084	0.502	0.888	0.878	0.170	0.856	0.843	0.985	0.919	0.196	0.946	0.734	0.842	0.171	0.888	0.996	0.852	0.951	0.791	0.911	0.293	0.974	0.887	0.750	0.250	0.803	0.216	0.426	0.988	0.983	0.873	0.837	0.920	0.320	0.113	0.762	0.770	0.682	0.986	0.219	0.276	0.972	0.980	0.133	0.983	0.954	0.948	0.725	0.853	0.866	0.902	0.974	0.974	0.865	0.903	0.840	0.905	0.915	0.936	0.938	0.743	0.873	0.590	0.125	0.093	0.976	0.982	0.953	0.154	0.903	0.996	0.854	0.854	0.768	0.763	0.819	0.862	0.998	0.883	0.599	0.172	0.378	0.990	0.862	0.972	0.881	0.884	0.848	0.991	0.233	0.302	0.912	0.802	0.909	0.964	0.493	0.886	0.797	0.119	0.571	0.891	0.931	0.824	0.822	0.812	0.978	0.853	0.219	0.878	0.783	0.898	0.980	0.882	0.807	0.894	0.974	0.166	0.865	0.730	0.352	0.264	0.738	0.233	0.985	0.907	0.952	0.223	0.956	0.881	0.982	0.182	0.765	0.737	0.953	0.891	0.996	0.978	0.839	0.843	0.157	0.883	0.815	0.922	0.282	0.474	0.903	0.800	0.112	0.949	0.910	0.236	0.910	0.306	0.822	0.973	0.702	0.913	0.990	0.862	0.810	0.281	0.962	0.126	0.061	0.560	0.996	0.871	0.787	0.971	0.856	0.355	0.175	0.412	0.997	0.929	0.844	0.805	0.166	0.901
27	x.xxx	x.xxx	x.xxx	x.xxx	x.xxx	x.xxx	x.xxx	x.xxx	x.xxx	x.xxx	x.xxx	x.xxx	x.xxx	x.xxx	x.xxx	x.xxx	x.xxx	x.xxx	x.xxx	x.xxx	x.xxx	x.xxx	x.xxx	x.xxx	x.xxx	x.xxx	x.xxx	0.000	0.994	1.000	0.978	0.983	0.964	0.983	0.989	0.948	0.938	0.980	0.993	0.999	0.973	0.998	0.995	0.935	0.997	0.980	0.943	0.997	0.977	0.995	0.936	0.964	0.995	0.944	0.995	0.943	0.974	0.993	0.994	0.988	0.993	0.995	0.996	0.944	0.994	0.992	0.979	0.990	0.995	0.986	0.995	0.965	0.997	0.953	0.959	0.956	0.993	0.936	0.982	0.993	0.997	1.000	0.937	0.981	0.942	0.970	0.994	0.942	0.991	0.995	0.994	0.964	0.988	0.964	0.945	0.989	0.996	0.992	0.987	0.981	0.939	0.983	0.939	0.979	1.000	0.993	0.939	0.992	0.994	1.000	0.985	1.000	0.998	0.941	0.957	0.831	0.957	0.937	0.940	0.943	0.998	0.944	0.982	0.996	0.976	0.958	0.995	0.985	0.991	0.942	0.993	0.970	0.995	0.988	0.993	0.994	0.976	0.959	0.973	0.993	0.980	0.974	0.986	0.943	0.956	0.990	0.993	0.952	0.992	0.943	0.984	0.996	0.995	0.993	0.992	0.990	0.986	0.997	0.967	0.995	0.953	0.995	0.957	0.996	0.983	0.992	0.967	0.945	0.980	0.989	0.991	0.977	0.994	0.996	0.995	0.980	0.992	0.985	0.939	0.995	0.994	0.993	0.940	0.946	0.995	0.997	0.995	0.952	0.995	0.947	0.935	0.945	0.994	0.994	0.969	0.994	0.995	0.996	0.998	0.941	0.995	0.972	0.981	0.999	0.995	0.992	0.989	0.995	0.987	0.931	0.993	0.940
28	x.xxx	x.xxx	x.xxx	x.xxx	x.xxx	x.xxx	x.xxx	x.xxx	x.xxx	x.xxx	x.xxx	x.xxx	x.xxx	x.xxx	x.xxx	x.xxx	x.xxx	x.xxx	x.xxx	x.xxx	x.xxx	x.xxx	x.xxx	x.xxx	x.xxx	x.xxx	x.xxx	x.xxx	0.000	0.995	0.979	0.979	0.988	0.955	0.959	0.978	0.930	0.971	0.974	0.990	0.994	0.985	0.980	0.906	0.994	0.995	0.963	0.967	0.998	0.966	0.943	0.883	0.974	0.967	0.981	0.963	0.903	0.963	0.884	0.956	0.983	0.986	0.997	0.964	0.873	0.868	0.952	0.982	0.959	0.929	0.956	0.990	0.995	0.974	0.978	0.915	0.964	0.954	0.642	0.960	0.997	0.997	0.942	0.958	0.979	0.994	0.965	0.957	0.925	0.760	0.989	0.901	0.941	0.990	0.963	0.952	0.980	0.959	0.992	0.996	0.946	0.947	0.939	0.998	0.997	0.977	0.947	0.974	0.858	0.997	0.999	0.998	0.990	0.955	0.939	0.994	0.908	0.936	0.941	0.961	0.984	0.995	0.954	0.994	0.976	0.963	0.983	0.645	0.915	0.954	0.985	0.956	0.942	0.987	0.767	0.899	0.949	0.995	0.983	0.871	0.954	0.980	0.992	0.960	0.986	0.825	0.846	0.983	0.996	0.964	0.996	0.990	0.967	0.985	0.960	0.966	0.993	0.770	0.996	0.969	0.955	0.970	0.992	0.985	0.928	0.992	0.993	0.957	0.998	0.996	0.873	0.994	0.959	0.985	0.993	0.980	0.936	0.972	0.937	0.979	0.973	0.923	0.950	0.967	0.976	0.985	0.993	0.983	0.961	0.968	0.993	0.976	0.892	0.977	0.964	0.960	0.968	0.973	0.854	0.957	0.983	0.993	0.996	0.997	0.977	0.971	0.998	0.984	0.995	0.993	0.967	0.964
29	x.xxx	x.xxx	x.xxx	x.xxx	x.xxx	x.xxx	x.xxx	x.xxx	x.xxx	x.xxx	x.xxx	x.xxx	x.xxx	x.xxx	x.xxx	x.xxx	x.xxx	x.xxx	x.xxx	x.xxx	x.xxx	x.xxx	x.xxx	x.xxx	x.xxx	x.xxx	x.xxx	x.xxx	x.xxx	0.000	0.835	0.997	0.975	0.875	0.676	0.308	0.870	0.876	0.201	0.349	0.998	0.199	0.791	0.994	0.428	0.771	0.809	0.506	0.998	0.211	0.994	0.928	0.190	0.870	0.999	0.458	0.933	0.902	0.927	0.875	0.498	0.999	0.813	0.571	0.925	0.981	0.771	0.844	0.331	0.764	0.486	0.998	0.901	0.890	0.999	0.995	0.884	0.999	0.998	0.985	0.215	0.106	0.793	0.858	0.997	0.712	0.249	0.874	0.930	0.959	0.504	0.996	0.985	0.935	0.591	0.916	0.869	0.872	0.986	0.991	0.993	0.860	0.955	0.998	0.204	0.157	0.844	0.224	0.947	0.124	0.999	0.036	0.695	0.887	0.861	0.999	0.917	0.996	0.769	0.457	0.067	0.999	0.904	0.667	0.840	0.932	0.298	0.998	0.926	0.786	0.531	0.872	0.713	0.191	0.999	0.943	0.944	0.947	0.989	0.958	0.880	0.182	0.905	0.571	0.998	0.930	0.853	0.415	0.777	0.843	0.902	0.470	0.642	0.902	0.939	0.850	0.992	0.945	0.798	0.731	0.995	0.450	0.999	0.864	0.891	0.611	0.383	0.886	1.000	0.885	0.954	0.847	0.847	0.342	0.065	0.208	0.868	0.582	0.952	0.362	0.824	0.998	0.958	0.869	0.142	0.815	0.125	0.993	0.409	0.329	0.998	0.214	0.845	0.897	0.999	0.880	0.787	0.716	0.999	0.611	0.303	0.688	0.976	0.872	0.878	0.903	1.000	0.097	0.835	0.923	0.889	0.569
30	x.xxx	x.xxx	x.xxx	x.xxx	x.xxx	x.xxx	x.xxx	x.xxx	x.xxx	x.xxx	x.xxx	x.xxx	x.xxx	x.xxx	x.xxx	x.xxx	x.xxx	x.xxx	x.xxx	x.xxx	x.xxx	x.xxx	x.xxx	x.xxx	x.xxx	x.xxx	x.xxx	x.xxx	x.xxx	x.xxx	0.000	0.994	0.954	0.152	0.494	0.841	0.834	0.232	0.876	0.842	0.986	0.912	0.158	0.929	0.798	0.823	0.234	0.890	0.992	0.869	0.935	0.762	0.907	0.230	0.996	0.834	0.704	0.162	0.868	0.113	0.445	0.996	0.984	0.857	0.898	0.964	0.329	0.128	0.791	0.793	0.720	0.977	0.106	0.223	0.965	0.953	0.253	0.948	0.956	0.966	0.722	0.852	0.828	0.905	0.966	0.969	0.885	0.864	0.875	0.940	0.917	0.929	0.952	0.690	0.845	0.670	0.213	0.179	0.981	0.989	0.941	0.199	0.892	0.995	0.853	0.864	0.785	0.830	0.927	0.860	0.994	0.881	0.631	0.222	0.387	0.986	0.826	0.938	0.852	0.847	0.848	0.988	0.203	0.392	0.859	0.861	0.896	0.964	0.561	0.858	0.794	0.171	0.626	0.860	0.991	0.924	0.851	0.789	0.963	0.939	0.257	0.826	0.737	0.859	0.977	0.885	0.858	0.851	0.968	0.247	0.854	0.794	0.395	0.157	0.771	0.146	0.990	0.922	0.961	0.266	0.933	0.873	0.984	0.152	0.822	0.757	0.946	0.856	0.992	0.982	0.935	0.809	0.272	0.885	0.813	0.878	0.348	0.496	0.887	0.807	0.222	0.986	0.901	0.092	0.911	0.203	0.818	0.959	0.736	0.869	0.984	0.824	0.860	0.240	0.953	0.243	0.203	0.585	0.997	0.839	0.783	0.963	0.840	0.262	0.139	0.477	0.996	0.930	0.817	0.765	0.269	0.881
31	x.xxx	x.xxx	x.xxx	x.xxx	x.xxx	x.xxx	x.xxx	x.xxx	x.xxx	x.xxx	x.xxx	x.xxx	x.xxx	x.xxx	x.xxx	x.xxx	x.xxx	x.xxx	x.xxx	x.xxx	x.xxx	x.xxx	x.xxx	x.xxx	x.xxx	x.xxx	x.xxx	x.xxx	x.xxx	x.xxx	x.xxx	0.000	0.987	0.984	0.992	0.990	0.971	0.991	0.986	0.997	0.993	0.995	0.989	0.959	0.999	0.994	0.972	0.991	0.982	0.985	0.950	0.975	0.990	0.981	0.983	0.988	0.984	0.976	0.967	0.977	0.989	0.985	0.997	0.973	0.967	0.965	0.976	0.997	0.975	0.981	0.975	0.989	0.999	0.986	0.965	0.969	0.983	0.983	0.975	0.987	1.000	0.999	0.975	0.957	0.975	0.992	0.978	0.965	0.971	0.977	0.988	0.968	0.982	0.989	0.981	0.972	0.990	0.989	0.991	0.985	0.968	0.973	0.969	0.993	0.999	0.982	0.973	0.991	0.972	1.000	0.991	1.000	0.999	0.983	0.985	0.977	0.963	0.973	0.972	0.984	0.993	0.993	0.974	0.998	0.987	0.982	0.994	0.970	0.975	0.981	0.983	0.989	0.972	0.999	0.962	0.968	0.970	0.988	0.983	0.967	0.985	0.994	0.991	0.987	0.984	0.985	0.964	0.989	0.994	0.979	0.996	0.997	0.978	0.985	0.978	0.987	0.986	0.987	0.996	0.978	0.972	0.991	0.990	0.993	0.989	0.990	0.953	0.983	0.986	0.990	0.971	0.992	0.978	0.982	0.995	0.994	0.984	0.985	0.972	0.980	0.980	0.971	0.967	0.986	0.988	0.992	0.992	0.982	0.977	0.990	0.985	0.986	0.966	0.982	0.967	0.985	0.989	0.992	0.996	0.984	0.994	0.992	0.995	1.000	0.983	0.980	0.998	0.985	0.995	0.993	0.988	0.973
32	x.xxx	x.xxx	x.xxx	x.xxx	x.xxx	x.xxx	x.xxx	x.xxx	x.xxx	x.xxx	x.xxx	x.xxx	x.xxx	x.xxx	x.xxx	x.xxx	x.xxx	x.xxx	x.xxx	x.xxx	x.xxx	x.xxx	x.xxx	x.xxx	x.xxx	x.xxx	x.xxx	x.xxx	x.xxx	x.xxx	x.xxx	x.xxx	0.000	0.949	0.963	0.939	0.789	0.957	0.936	0.980	0.858	0.993	0.970	0.829	0.989	0.906	0.877	0.992	0.998	0.969	0.760	0.937	0.990	0.842	0.987	0.918	0.950	0.932	0.894	0.949	0.968	0.993	0.975	0.763	0.913	0.885	0.917	0.967	0.942	0.963	0.937	0.361	0.976	0.897	0.877	0.954	0.947	0.890	0.982	0.989	0.976	0.990	0.813	0.988	0.587	0.623	0.969	0.765	0.757	0.986	0.976	0.841	0.975	0.689	0.809	0.887	0.970	0.964	0.881	0.988	0.749	0.938	0.732	0.997	0.990	0.976	0.753	0.973	0.928	0.976	0.999	0.990	0.972	0.912	0.917	0.889	0.967	0.747	0.794	0.836	0.973	0.607	0.953	0.975	0.750	0.960	0.992	0.980	0.957	0.734	0.963	0.941	0.926	0.980	0.958	0.889	0.951	0.775	0.747	0.893	0.911	0.966	0.862	0.850	0.610	0.990	0.955	0.938	0.982	0.886	0.908	0.988	0.951	0.968	0.792	0.954	0.994	0.992	0.966	0.955	0.747	0.988	0.815	0.972	0.971	0.930	0.984	0.706	0.999	0.993	0.931	0.933	0.959	0.972	0.974	0.977	0.958	0.959	0.749	0.966	0.914	0.768	0.687	0.924	0.988	0.977	0.972	0.741	0.940	0.944	0.825	0.899	0.941	0.891	0.924	0.959	0.965	0.973	0.999	0.821	0.972	0.771	0.886	0.977	0.968	0.800	0.916	0.989	0.908	0.867	0.966	0.733
33	x.xxx	x.xxx	x.xxx	x.xxx	x.xxx	x.xxx	x.xxx	x.xxx	x.xxx	x.xxx	x.xxx	x.xxx	x.xxx	x.xxx	x.xxx	x.xxx	x.xxx	x.xxx	x.xxx	x.xxx	x.xxx	x.xxx	x.xxx	x.xxx	x.xxx	x.xxx	x.xxx	x.xxx	x.xxx	x.xxx	x.xxx	x.xxx	x.xxx	0.000	0.519	0.909	0.901	0.125	0.895	0.898	0.983	0.967	0.236	0.906	0.816	0.848	0.190	0.955	0.995	0.897	0.915	0.731	0.956	0.279	0.973	0.909	0.690	0.243	0.791	0.212	0.451	0.987	0.988	0.891	0.877	0.908	0.312	0.089	0.802	0.846	0.726	0.975	0.217	0.266	0.952	0.938	0.119	0.954	0.931	0.959	0.760	0.896	0.889	0.952	0.957	0.979	0.907	0.924	0.825	0.915	0.928	0.899	0.920	0.745	0.889	0.597	0.090	0.079	0.981	0.985	0.920	0.093	0.892	0.996	0.902	0.889	0.819	0.820	0.855	0.907	0.997	0.922	0.671	0.113	0.312	0.983	0.895	0.935	0.902	0.902	0.887	0.986	0.206	0.374	0.936	0.814	0.959	0.923	0.454	0.905	0.845	0.072	0.616	0.913	0.924	0.858	0.808	0.820	0.964	0.872	0.154	0.893	0.785	0.922	0.971	0.925	0.882	0.912	0.987	0.191	0.875	0.810	0.379	0.258	0.721	0.242	0.985	0.937	0.964	0.243	0.922	0.939	0.980	0.215	0.825	0.752	0.975	0.913	0.995	0.988	0.867	0.845	0.172	0.935	0.850	0.946	0.232	0.505	0.896	0.850	0.177	0.941	0.898	0.222	0.952	0.321	0.858	0.956	0.745	0.937	0.983	0.874	0.883	0.263	0.936	0.098	0.138	0.610	0.995	0.891	0.831	0.976	0.856	0.379	0.173	0.408	0.995	0.967	0.846	0.808	0.156	0.918
34	x.xxx	x.xxx	x.xxx	x.xxx	x.xxx	x.xxx	x.xxx	x.xxx	x.xxx	x.xxx	x.xxx	x.xxx	x.xxx	x.xxx	x.xxx	x.xxx	x.xxx	x.xxx	x.xxx	x.xxx	x.xxx	x.xxx	x.xxx	x.xxx	x.xxx	x.xxx	x.xxx	x.xxx	x.xxx	x.xxx	x.xxx	x.xxx	x.xxx	x.xxx	0.000	0.657	0.744	0.483	0.681	0.552	0.993	0.701	0.493	0.958	0.621	0.903	0.480	0.569	0.990	0.641	0.960	0.690	0.698	0.569	0.994	0.622	0.602	0.584	0.779	0.526	0.433	0.992	0.963	0.686	0.826	0.946	0.306	0.451	0.523	0.491	0.396	0.987	0.557	0.647	0.982	0.955	0.558	0.970	0.935	0.942	0.485	0.676	0.606	0.759	0.983	0.940	0.669	0.778	0.828	0.889	0.875	0.953	0.934	0.846	0.683	0.535	0.503	0.532	0.981	0.987	0.964	0.482	0.898	0.994	0.631	0.698	0.716	0.700	0.870	0.649	0.991	0.715	0.170	0.544	0.398	0.994	0.779	0.960	0.631	0.672	0.651	0.993	0.555	0.416	0.724	0.810	0.651	0.937	0.411	0.669	0.472	0.507	0.221	0.661	0.977	0.872	0.796	0.897	0.977	0.894	0.510	0.652	0.851	0.663	0.990	0.784	0.670	0.692	0.921	0.508	0.921	0.610	0.323	0.579	0.691	0.514	0.988	0.847	0.952	0.370	0.954	0.568	0.993	0.591	0.719	0.834	0.853	0.798	0.987	0.950	0.886	0.893	0.459	0.627	0.660	0.698	0.416	0.198	0.888	0.511	0.523	0.981	0.908	0.520	0.718	0.480	0.623	0.973	0.448	0.673	0.991	0.694	0.668	0.660	0.975	0.518	0.427	0.159	0.994	0.628	0.513	0.932	0.940	0.612	0.600	0.645	0.998	0.771	0.900	0.866	0.576	0.732
35	x.xxx	x.xxx	x.xxx	x.xxx	x.xxx	x.xxx	x.xxx	x.xxx	x.xxx	x.xxx	x.xxx	x.xxx	x.xxx	x.xxx	x.xxx	x.xxx	x.xxx	x.xxx	x.xxx	x.xxx	x.xxx	x.xxx	x.xxx	x.xxx	x.xxx	x.xxx	x.xxx	x.xxx	x.xxx	x.xxx	x.xxx	x.xxx	x.xxx	x.xxx	x.xxx	0.000	0.686	0.904	0.250	0.236	0.976	0.186	0.827	0.823	0.364	0.835	0.735	0.386	0.998	0.172	0.842	0.889	0.203	0.800	0.996	0.165	0.917	0.925	0.971	0.884	0.456	0.996	0.876	0.384	0.905	0.982	0.752	0.887	0.248	0.724	0.430	0.953	0.930	0.852	0.924	0.954	0.944	0.860	0.946	0.984	0.253	0.230	0.598	0.826	0.895	0.780	0.183	0.658	0.961	0.938	0.664	0.899	0.978	0.904	0.369	0.947	0.931	0.920	0.982	0.990	0.850	0.888	0.792	0.998	0.145	0.294	0.716	0.291	0.968	0.217	0.999	0.306	0.683	0.822	0.829	0.967	0.836	0.841	0.567	0.230	0.259	0.972	0.913	0.686	0.694	0.963	0.157	0.964	0.965	0.563	0.484	0.869	0.701	0.141	0.991	0.973	0.968	0.936	0.948	0.973	0.905	0.185	0.898	0.305	0.941	0.899	0.798	0.168	0.766	0.774	0.898	0.412	0.620	0.926	0.967	0.868	0.990	0.921	0.853	0.726	0.895	0.325	0.968	0.912	0.924	0.750	0.569	0.673	0.999	0.880	0.979	0.823	0.904	0.208	0.309	0.168	0.928	0.561	0.755	0.279	0.865	0.989	0.810	0.784	0.244	0.824	0.255	0.920	0.355	0.080	0.979	0.220	0.799	0.946	0.938	0.943	0.827	0.707	0.998	0.399	0.229	0.761	0.967	0.890	0.932	0.955	0.989	0.343	0.840	0.899	0.947	0.394
36	x.xxx	x.xxx	x.xxx	x.xxx	x.xxx	x.xxx	x.xxx	x.xxx	x.xxx	x.xxx	x.xxx	x.xxx	x.xxx	x.xxx	x.xxx	x.xxx	x.xxx	x.xxx	x.xxx	x.xxx	x.xxx	x.xxx	x.xxx	x.xxx	x.xxx	x.xxx	x.xxx	x.xxx	x.xxx	x.xxx	x.xxx	x.xxx	x.xxx	x.xxx	x.xxx	x.xxx	0.000	0.912	0.837	0.798	0.967	0.833	0.851	0.479	0.835	0.950	0.620	0.764	0.998	0.813	0.701	0.808	0.832	0.560	0.981	0.596	0.859	0.879	0.898	0.848	0.840	0.979	0.973	0.316	0.789	0.904	0.745	0.894	0.778	0.664	0.760	0.821	0.914	0.833	0.884	0.884	0.946	0.629	0.902	0.965	0.859	0.853	0.126	0.805	0.642	0.853	0.806	0.353	0.905	0.868	0.926	0.795	0.949	0.786	0.352	0.931	0.944	0.923	0.974	0.976	0.319	0.872	0.208	0.997	0.833	0.837	0.322	0.846	0.910	0.849	0.999	0.871	0.758	0.787	0.798	0.878	0.729	0.206	0.143	0.384	0.851	0.899	0.875	0.861	0.742	0.941	0.816	0.890	0.913	0.244	0.760	0.856	0.714	0.805	0.906	0.906	0.938	0.874	0.930	0.894	0.897	0.787	0.937	0.368	0.768	0.820	0.634	0.726	0.956	0.716	0.963	0.828	0.792	0.906	0.939	0.853	0.985	0.855	0.948	0.800	0.828	0.773	0.957	0.919	0.872	0.948	0.909	0.232	0.999	0.967	0.927	0.928	0.888	0.778	0.866	0.789	0.931	0.762	0.180	0.777	0.836	0.930	0.266	0.748	0.838	0.850	0.849	0.815	0.785	0.670	0.971	0.633	0.632	0.936	0.886	0.949	0.822	0.773	0.993	0.262	0.822	0.839	0.943	0.894	0.936	0.946	0.985	0.859	0.957	0.872	0.957	0.383
37	x.xxx	x.xxx	x.xxx	x.xxx	x.xxx	x.xxx	x.xxx	x.xxx	x.xxx	x.xxx	x.xxx	x.xxx	x.xxx	x.xxx	x.xxx	x.xxx	x.xxx	x.xxx	x.xxx	x.xxx	x.xxx	x.xxx	x.xxx	x.xxx	x.xxx	x.xxx	x.xxx	x.xxx	x.xxx	x.xxx	x.xxx	x.xxx	x.xxx	x.xxx	x.xxx	x.xxx	x.xxx	0.000	0.924	0.901	0.989	0.977	0.303	0.934	0.783	0.870	0.216	0.965	0.993	0.919	0.938	0.719	0.965	0.376	0.994	0.905	0.649	0.370	0.822	0.339	0.426	0.991	0.994	0.916	0.937	0.957	0.294	0.163	0.833	0.851	0.753	0.983	0.320	0.342	0.967	0.940	0.167	0.950	0.933	0.956	0.750	0.897	0.899	0.972	0.970	0.987	0.943	0.932	0.853	0.952	0.940	0.926	0.949	0.796	0.902	0.600	0.081	0.154	0.992	0.989	0.943	0.114	0.925	0.995	0.905	0.908	0.843	0.819	0.895	0.909	0.995	0.926	0.647	0.118	0.276	0.989	0.894	0.937	0.929	0.908	0.893	0.990	0.330	0.316	0.933	0.836	0.966	0.946	0.448	0.925	0.846	0.098	0.636	0.910	0.980	0.895	0.828	0.850	0.970	0.913	0.109	0.886	0.827	0.924	0.981	0.934	0.946	0.908	0.990	0.171	0.893	0.776	0.360	0.358	0.732	0.360	0.992	0.952	0.965	0.349	0.942	0.947	0.987	0.279	0.831	0.784	0.979	0.927	0.993	0.995	0.909	0.876	0.139	0.946	0.849	0.943	0.182	0.478	0.926	0.854	0.267	0.983	0.929	0.315	0.964	0.419	0.859	0.967	0.771	0.936	0.988	0.874	0.943	0.371	0.955	0.091	0.181	0.586	0.994	0.903	0.825	0.983	0.877	0.467	0.246	0.397	0.997	0.978	0.873	0.845	0.192	0.941
38	x.xxx	x.xxx	x.xxx	x.xxx	x.xxx	x.xxx	x.xxx	x.xxx	x.xxx	x.xxx	x.xxx	x.xxx	x.xxx	x.xxx	x.xxx	x.xxx	x.xxx	x.xxx	x.xxx	x.xxx	x.xxx	x.xxx	x.xxx	x.xxx	x.xxx	x.xxx	x.xxx	x.xxx	x.xxx	x.xxx	x.xxx	x.xxx	x.xxx	x.xxx	x.xxx	x.xxx	x.xxx	x.xxx	0.000	0.301	0.966	0.128	0.823	0.903	0.387	0.799	0.814	0.444	0.984	0.143	0.882	0.911	0.105	0.861	0.976	0.405	0.933	0.867	0.784	0.847	0.481	0.988	0.843	0.508	0.775	0.804	0.680	0.890	0.277	0.755	0.402	0.945	0.927	0.850	0.902	0.983	0.877	0.985	0.980	0.945	0.171	0.115	0.744	0.831	0.914	0.738	0.158	0.849	0.820	0.925	0.594	0.820	0.932	0.902	0.540	0.803	0.921	0.888	0.951	0.985	0.937	0.873	0.883	0.991	0.155	0.145	0.724	0.168	0.819	0.104	0.986	0.195	0.710	0.913	0.848	0.965	0.867	0.972	0.718	0.397	0.144	0.972	0.887	0.681	0.827	0.932	0.218	0.966	0.911	0.745	0.487	0.894	0.639	0.123	0.922	0.791	0.917	0.928	0.979	0.787	0.820	0.102	0.871	0.521	0.940	0.881	0.740	0.371	0.765	0.832	0.889	0.433	0.625	0.910	0.817	0.822	0.986	0.925	0.836	0.727	0.841	0.359	0.958	0.908	0.915	0.673	0.478	0.861	0.981	0.877	0.830	0.823	0.873	0.268	0.173	0.136	0.904	0.603	0.912	0.330	0.753	0.842	0.909	0.871	0.130	0.828	0.113	0.908	0.333	0.260	0.960	0.185	0.768	0.838	0.951	0.903	0.809	0.725	0.997	0.553	0.257	0.711	0.962	0.893	0.921	0.839	0.988	0.233	0.818	0.892	0.923	0.479
39	x.xxx	x.xxx	x.xxx	x.xxx	x.xxx	x.xxx	x.xxx	x.xxx	x.xxx	x.xxx	x.xxx	x.xxx	x.xxx	x.xxx	x.xxx	x.xxx	x.xxx	x.xxx	x.xxx	x.xxx	x.xxx	x.xxx	x.xxx	x.xxx	x.xxx	x.xxx	x.xxx	x.xxx	x.xxx	x.xxx	x.xxx	x.xxx	x.xxx	x.xxx	x.xxx	x.xxx	x.xxx	x.xxx	x.xxx	0.000	0.998	0.232	0.779	0.995	0.225	0.882	0.806	0.200	0.997	0.196	0.996	0.926	0.260	0.871	0.998	0.202	0.931	0.890	0.917	0.853	0.328	0.997	0.903	0.402	0.861	0.968	0.714	0.853	0.124	0.611	0.258	0.999	0.886	0.911	0.998	0.992	0.910	0.997	0.993	0.973	0.284	0.278	0.676	0.789	0.998	0.847	0.222	0.819	0.927	0.920	0.722	0.993	0.978	0.936	0.445	0.909	0.890	0.893	0.985	0.989	0.993	0.881	0.934	0.998	0.182	0.354	0.788	0.360	0.907	0.239	1.000	0.360	0.542	0.916	0.880	0.999	0.858	0.992	0.654	0.265	0.294	0.999	0.894	0.609	0.767	0.929	0.148	0.994	0.919	0.694	0.309	0.892	0.577	0.236	0.994	0.921	0.952	0.956	0.988	0.923	0.905	0.284	0.903	0.376	0.999	0.860	0.733	0.318	0.797	0.849	0.906	0.280	0.509	0.887	0.939	0.830	0.990	0.886	0.896	0.641	0.996	0.133	0.999	0.878	0.857	0.790	0.635	0.837	1.000	0.876	0.924	0.863	0.857	0.101	0.347	0.258	0.891	0.460	0.926	0.063	0.822	0.996	0.940	0.849	0.304	0.766	0.287	0.993	0.183	0.212	0.999	0.377	0.723	0.921	0.997	0.906	0.770	0.588	0.998	0.427	0.138	0.833	0.985	0.851	0.903	0.931	1.000	0.407	0.878	0.922	0.915	0.416
40	x.xxx	x.xxx	x.xxx	x.xxx	x.xxx	x.xxx	x.xxx	x.xxx	x.xxx	x.xxx	x.xxx	x.xxx	x.xxx	x.xxx	x.xxx	x.xxx	x.xxx	x.xxx	x.xxx	x.xxx	x.xxx	x.xxx	x.xxx	x.xxx	x.xxx	x.xxx	x.xxx	x.xxx	x.xxx	x.xxx	x.xxx	x.xxx	x.xxx	x.xxx	x.xxx	x.xxx	x.xxx	x.xxx	x.xxx	x.xxx	0.000	0.998	0.995	0.953	0.997	0.958	0.961	0.997	0.997	0.992	0.885	0.976	0.996	0.962	0.992	0.974	0.971	0.975	0.952	0.985	0.994	0.996	0.980	0.966	0.953	0.944	0.965	0.994	0.980	0.971	0.973	0.945	0.997	0.952	0.923	0.948	0.967	0.974	0.986	0.993	0.998	0.998	0.969	0.992	0.894	0.950	0.985	0.971	0.927	0.994	0.986	0.924	0.985	0.800	0.970	0.915	0.995	0.992	0.436	0.990	0.934	0.978	0.958	0.992	0.999	0.990	0.910	0.988	0.963	0.998	0.999	0.999	0.994	0.969	0.966	0.951	0.978	0.964	0.968	0.973	0.997	0.971	0.986	0.989	0.985	0.945	0.998	0.990	0.987	0.970	0.993	0.978	0.971	0.992	0.976	0.935	0.914	0.753	0.868	0.942	0.961	0.985	0.955	0.973	0.837	0.996	0.977	0.976	0.998	0.952	0.916	0.997	0.984	0.994	0.946	0.984	0.996	0.997	0.794	0.986	0.908	0.997	0.613	0.995	0.954	0.919	0.982	0.972	0.990	0.994	0.957	0.965	0.981	0.988	0.997	0.988	0.990	0.978	0.964	0.994	0.948	0.931	0.960	0.971	0.996	0.996	0.996	0.898	0.969	0.975	0.877	0.974	0.970	0.948	0.953	0.985	0.987	0.995	0.999	0.971	0.997	0.910	0.736	0.995	0.994	0.922	0.945	0.994	0.960	0.905	0.955	0.961
41	x.xxx	x.xxx	x.xxx	x.xxx	x.xxx	x.xxx	x.xxx	x.xxx	x.xxx	x.xxx	x.xxx	x.xxx	x.xxx	x.xxx	x.xxx	x.xxx	x.xxx	x.xxx	x.xxx	x.xxx	x.xxx	x.xxx	x.xxx	x.xxx	x.xxx	x.xxx	x.xxx	x.xxx	x.xxx	x.xxx	x.xxx	x.xxx	x.xxx	x.xxx	x.xxx	x.xxx	x.xxx	x.xxx	x.xxx	x.xxx	x.xxx	0.000	0.851	0.987	0.371	0.838	0.876	0.344	0.999	0.068	0.990	0.972	0.040	0.931	0.996	0.341	0.981	0.935	0.983	0.912	0.446	0.995	0.857	0.499	0.902	0.983	0.811	0.934	0.245	0.741	0.438	0.997	0.935	0.962	0.997	0.988	0.978	0.995	0.987	0.983	0.138	0.103	0.744	0.819	0.996	0.776	0.094	0.843	0.973	0.930	0.624	0.990	0.987	0.945	0.541	0.986	0.967	0.960	0.985	0.988	0.989	0.955	0.941	0.998	0.081	0.182	0.873	0.188	0.978	0.080	1.000	0.194	0.684	0.981	0.966	0.998	0.884	0.991	0.705	0.360	0.140	0.999	0.936	0.704	0.802	0.975	0.110	0.990	0.961	0.742	0.487	0.963	0.721	0.053	0.991	0.977	0.982	0.967	0.987	0.983	0.977	0.106	0.912	0.473	0.997	0.893	0.792	0.331	0.764	0.921	0.915	0.420	0.633	0.940	0.988	0.900	0.990	0.914	0.855	0.727	0.993	0.296	0.998	0.940	0.920	0.719	0.491	0.866	1.000	0.879	0.987	0.849	0.940	0.187	0.198	0.036	0.979	0.604	0.934	0.261	0.892	0.993	0.945	0.920	0.092	0.816	0.133	0.992	0.362	0.161	0.998	0.210	0.791	0.974	0.996	0.980	0.855	0.691	0.996	0.536	0.230	0.757	0.994	0.913	0.962	0.987	1.000	0.208	0.848	0.932	0.981	0.481
42	x.xxx	x.xxx	x.xxx	x.xxx	x.xxx	x.xxx	x.xxx	x.xxx	x.xxx	x.xxx	x.xxx	x.xxx	x.xxx	x.xxx	x.xxx	x.xxx	x.xxx	x.xxx	x.xxx	x.xxx	x.xxx	x.xxx	x.xxx	x.xxx	x.xxx	x.xxx	x.xxx	x.xxx	x.xxx	x.xxx	x.xxx	x.xxx	x.xxx	x.xxx	x.xxx	x.xxx	x.xxx	x.xxx	x.xxx	x.xxx	x.xxx	x.xxx	0.000	0.979	0.607	0.804	0.261	0.811	0.996	0.805	0.983	0.850	0.847	0.338	0.991	0.817	0.804	0.242	0.878	0.186	0.429	0.991	0.974	0.836	0.904	0.962	0.362	0.251	0.735	0.735	0.669	0.994	0.201	0.222	0.991	0.983	0.305	0.991	0.980	0.968	0.691	0.800	0.804	0.840	0.989	0.959	0.824	0.860	0.888	0.939	0.892	0.981	0.972	0.677	0.826	0.704	0.266	0.198	0.983	0.986	0.984	0.310	0.944	0.996	0.796	0.815	0.823	0.668	0.926	0.807	0.998	0.831	0.587	0.308	0.511	0.996	0.893	0.984	0.828	0.828	0.798	0.996	0.296	0.347	0.841	0.867	0.837	0.978	0.619	0.834	0.739	0.263	0.578	0.829	0.982	0.923	0.877	0.775	0.983	0.939	0.363	0.820	0.723	0.834	0.992	0.908	0.826	0.837	0.947	0.293	0.832	0.598	0.379	0.208	0.797	0.183	0.989	0.930	0.931	0.263	0.985	0.808	0.995	0.060	0.841	0.731	0.915	0.877	0.997	0.964	0.934	0.798	0.333	0.814	0.772	0.855	0.427	0.491	0.938	0.744	0.213	0.982	0.948	0.204	0.849	0.174	0.773	0.987	0.687	0.844	0.995	0.814	0.820	0.257	0.989	0.295	0.177	0.543	0.997	0.816	0.738	0.955	0.819	0.281	0.084	0.524	0.999	0.873	0.805	0.753	0.317	0.861
43	x.xxx	x.xxx	x.xxx	x.xxx	x.xxx	x.xxx	x.xxx	x.xxx	x.xxx	x.xxx	x.xxx	x.xxx	x.xxx	x.xxx	x.xxx	x.xxx	x.xxx	x.xxx	x.xxx	x.xxx	x.xxx	x.xxx	x.xxx	x.xxx	x.xxx	x.xxx	x.xxx	x.xxx	x.xxx	x.xxx	x.xxx	x.xxx	x.xxx	x.xxx	x.xxx	x.xxx	x.xxx	x.xxx	x.xxx	x.xxx	x.xxx	x.xxx	x.xxx	0.000	0.997	0.946	0.700	0.972	0.998	0.964	0.454	0.772	0.983	0.675	0.965	0.729	0.862	0.905	0.753	0.911	0.976	0.976	0.987	0.611	0.750	0.700	0.817	0.974	0.928	0.924	0.859	0.860	0.997	0.807	0.823	0.872	0.899	0.592	0.854	0.974	0.998	0.998	0.494	0.966	0.709	0.910	0.940	0.566	0.789	0.886	0.974	0.628	0.849	0.859	0.658	0.847	0.981	0.960	0.966	0.989	0.335	0.861	0.419	0.998	0.998	0.961	0.453	0.946	0.743	0.998	0.998	0.999	0.995	0.773	0.756	0.904	0.850	0.472	0.498	0.650	0.988	0.926	0.916	0.995	0.876	0.945	0.986	0.850	0.807	0.595	0.971	0.877	0.825	0.959	0.793	0.769	0.891	0.927	0.921	0.749	0.823	0.924	0.943	0.617	0.806	0.957	0.780	0.836	0.989	0.738	0.973	0.994	0.951	0.976	0.871	0.930	0.992	0.966	0.962	0.961	0.716	0.984	0.935	0.987	0.967	0.961	0.982	0.570	0.997	0.992	0.754	0.939	0.939	0.971	0.992	0.932	0.932	0.938	0.482	0.967	0.894	0.782	0.489	0.829	0.977	0.988	0.987	0.770	0.877	0.810	0.946	0.739	0.860	0.904	0.836	0.941	0.963	0.980	0.989	0.588	0.990	0.898	0.940	0.998	0.973	0.894	0.981	0.976	0.965	0.907	0.967	0.622
44	x.xxx	x.xxx	x.xxx	x.xxx	x.xxx	x.xxx	x.xxx	x.xxx	x.xxx	x.xxx	x.xxx	x.xxx	x.xxx	x.xxx	x.xxx	x.xxx	x.xxx	x.xxx	x.xxx	x.xxx	x.xxx	x.xxx	x.xxx	x.xxx	x.xxx	x.xxx	x.xxx	x.xxx	x.xxx	x.xxx	x.xxx	x.xxx	x.xxx	x.xxx	x.xxx	x.xxx	x.xxx	x.xxx	x.xxx	x.xxx	x.xxx	x.xxx	x.xxx	x.xxx	0.000	0.865	0.716	0.353	0.980	0.357	0.995	0.938	0.382	0.861	0.998	0.326	0.941	0.902	0.967	0.869	0.418	0.998	0.909	0.483	0.898	0.983	0.737	0.822	0.305	0.721	0.400	0.991	0.910	0.795	0.999	0.989	0.826	0.999	0.990	0.945	0.377	0.353	0.731	0.819	0.998	0.858	0.365	0.848	0.963	0.940	0.717	0.991	0.959	0.945	0.509	0.936	0.799	0.732	0.984	0.985	0.996	0.833	0.947	0.991	0.296	0.404	0.839	0.234	0.951	0.383	0.982	0.435	0.646	0.819	0.821	0.999	0.860	0.996	0.712	0.388	0.409	0.994	0.905	0.529	0.804	0.954	0.300	0.998	0.955	0.739	0.423	0.782	0.683	0.363	0.998	0.959	0.951	0.935	0.989	0.963	0.848	0.366	0.906	0.469	0.998	0.868	0.795	0.421	0.805	0.737	0.883	0.083	0.594	0.905	0.944	0.841	0.991	0.921	0.859	0.707	0.973	0.264	0.998	0.665	0.902	0.775	0.662	0.863	0.974	0.879	0.968	0.874	0.787	0.277	0.393	0.390	0.828	0.476	0.941	0.257	0.723	0.996	0.952	0.871	0.417	0.816	0.369	0.982	0.309	0.358	0.993	0.420	0.789	0.865	0.999	0.809	0.669	0.676	0.998	0.515	0.272	0.840	0.948	0.878	0.745	0.907	1.000	0.498	0.869	0.923	0.827	0.474
45	x.xxx	x.xxx	x.xxx	x.xxx	x.xxx	x.xxx	x.xxx	x.xxx	x.xxx	x.xxx	x.xxx	x.xxx	x.xxx	x.xxx	x.xxx	x.xxx	x.xxx	x.xxx	x.xxx	x.xxx	x.xxx	x.xxx	x.xxx	x.xxx	x.xxx	x.xxx	x.xxx	x.xxx	x.xxx	x.xxx	x.xxx	x.xxx	x.xxx	x.xxx	x.xxx	x.xxx	x.xxx	x.xxx	x.xxx	x.xxx	x.xxx	x.xxx	x.xxx	x.xxx	x.xxx	0.000	0.818	0.915	0.984	0.836	0.939	0.947	0.831	0.819	0.994	0.873	0.940	0.825	0.954	0.827	0.811	0.997	0.877	0.880	0.958	0.959	0.853	0.860	0.851	0.958	0.873	0.921	0.850	0.760	0.950	0.982	0.856	0.976	0.992	0.978	0.799	0.808	0.936	0.967	0.890	0.819	0.838	0.949	0.897	0.988	0.803	0.937	0.882	0.810	0.885	0.912	0.869	0.843	0.930	0.991	0.935	0.862	0.957	0.986	0.842	0.786	0.913	0.800	0.972	0.816	0.984	0.780	0.925	0.845	0.894	0.964	0.972	0.970	0.929	0.862	0.793	0.970	0.840	0.818	0.958	0.905	0.864	0.992	0.929	0.931	0.894	0.847	0.909	0.828	0.984	0.956	0.960	0.634	0.968	0.958	0.860	0.806	0.301	0.891	0.899	0.985	0.963	0.850	0.892	0.826	0.332	0.876	0.844	0.827	0.856	0.810	0.994	0.991	0.854	0.834	0.866	0.899	0.913	0.820	0.975	0.726	0.789	0.952	0.989	0.937	0.972	0.233	0.878	0.870	0.773	0.830	0.902	0.874	0.961	0.875	0.813	0.910	0.958	0.819	0.814	0.808	0.798	0.885	0.856	0.846	0.935	0.782	0.957	0.772	0.970	0.868	0.838	0.913	0.999	0.899	0.848	0.791	0.362	0.773	0.821	0.807	0.958	0.788	0.226	0.648	0.861	0.866
46	x.xxx	x.xxx	x.xxx	x.xxx	x.xxx	x.xxx	x.xxx	x.xxx	x.xxx	x.xxx	x.xxx	x.xxx	x.xxx	x.xxx	x.xxx	x.xxx	x.xxx	x.xxx	x.xxx	x.xxx	x.xxx	x.xxx	x.xxx	x.xxx	x.xxx	x.xxx	x.xxx	x.xxx	x.xxx	x.xxx	x.xxx	x.xxx	x.xxx	x.xxx	x.xxx	x.xxx	x.xxx	x.xxx	x.xxx	x.xxx	x.xxx	x.xxx	x.xxx	x.xxx	x.xxx	x.xxx	0.000	0.842	0.995	0.817	0.743	0.732	0.871	0.231	0.974	0.687	0.721	0.325	0.793	0.296	0.427	0.984	0.969	0.674	0.818	0.880	0.280	0.224	0.710	0.738	0.637	0.914	0.343	0.274	0.883	0.922	0.223	0.811	0.945	0.965	0.704	0.822	0.621	0.859	0.844	0.914	0.820	0.677	0.814	0.920	0.884	0.826	0.932	0.681	0.687	0.628	0.212	0.213	0.963	0.976	0.739	0.186	0.699	0.996	0.820	0.812	0.578	0.732	0.862	0.830	0.997	0.853	0.603	0.120	0.341	0.938	0.820	0.753	0.643	0.690	0.817	0.952	0.322	0.341	0.806	0.836	0.863	0.937	0.542	0.678	0.741	0.154	0.526	0.829	0.895	0.858	0.815	0.782	0.930	0.857	0.249	0.793	0.762	0.694	0.892	0.893	0.732	0.755	0.955	0.098	0.854	0.709	0.347	0.369	0.729	0.305	0.986	0.921	0.921	0.278	0.836	0.835	0.950	0.296	0.822	0.723	0.917	0.680	0.996	0.968	0.874	0.804	0.260	0.822	0.788	0.843	0.353	0.467	0.705	0.757	0.200	0.912	0.704	0.240	0.872	0.365	0.789	0.860	0.661	0.759	0.962	0.696	0.733	0.362	0.885	0.219	0.145	0.556	0.996	0.660	0.756	0.904	0.833	0.428	0.283	0.450	0.983	0.889	0.829	0.761	0.266	0.704
47	x.xxx	x.xxx	x.xxx	x.xxx	x.xxx	x.xxx	x.xxx	x.xxx	x.xxx	x.xxx	x.xxx	x.xxx	x.xxx	x.xxx	x.xxx	x.xxx	x.xxx	x.xxx	x.xxx	x.xxx	x.xxx	x.xxx	x.xxx	x.xxx	x.xxx	x.xxx	x.xxx	x.xxx	x.xxx	x.xxx	x.xxx	x.xxx	x.xxx	x.xxx	x.xxx	x.xxx	x.xxx	x.xxx	x.xxx	x.xxx	x.xxx	x.xxx	x.xxx	x.xxx	x.xxx	x.xxx	x.xxx	0.000	0.998	0.352	0.978	0.952	0.371	0.911	0.978	0.284	0.967	0.915	0.964	0.887	0.435	0.969	0.925	0.414	0.834	0.970	0.747	0.912	0.305	0.592	0.227	0.996	0.914	0.951	0.993	0.982	0.967	0.989	0.959	0.968	0.451	0.429	0.636	0.752	0.994	0.881	0.359	0.790	0.938	0.810	0.792	0.978	0.971	0.940	0.448	0.975	0.953	0.945	0.983	0.977	0.977	0.939	0.915	0.997	0.343	0.487	0.825	0.493	0.950	0.411	1.000	0.502	0.534	0.974	0.947	0.997	0.815	0.981	0.595	0.403	0.456	0.998	0.915	0.626	0.739	0.962	0.262	0.974	0.929	0.661	0.281	0.948	0.591	0.388	0.943	0.953	0.974	0.965	0.984	0.961	0.965	0.431	0.905	0.332	0.989	0.802	0.654	0.460	0.844	0.893	0.931	0.332	0.512	0.921	0.980	0.869	0.988	0.831	0.925	0.640	0.988	0.125	0.996	0.923	0.872	0.849	0.709	0.823	0.999	0.894	0.971	0.898	0.911	0.245	0.502	0.372	0.964	0.461	0.906	0.218	0.858	0.983	0.924	0.893	0.411	0.762	0.452	0.989	0.298	0.324	0.996	0.510	0.659	0.964	0.990	0.968	0.805	0.558	0.993	0.378	0.319	0.870	0.993	0.893	0.951	0.979	0.999	0.507	0.910	0.926	0.971	0.475
48	x.xxx	x.xxx	x.xxx	x.xxx	x.xxx	x.xxx	x.xxx	x.xxx	x.xxx	x.xxx	x.xxx	x.xxx	x.xxx	x.xxx	x.xxx	x.xxx	x.xxx	x.xxx	x.xxx	x.xxx	x.xxx	x.xxx	x.xxx	x.xxx	x.xxx	x.xxx	x.xxx	x.xxx	x.xxx	x.xxx	x.xxx	x.xxx	x.xxx	x.xxx	x.xxx	x.xxx	x.xxx	x.xxx	x.xxx	x.xxx	x.xxx	x.xxx	x.xxx	x.xxx	x.xxx	x.xxx	x.xxx	x.xxx	0.000	0.997	0.988	0.901	0.993	0.966	0.995	0.998	0.913	0.961	0.997	0.981	0.987	0.998	1.000	0.998	0.997	0.995	0.970	0.993	0.998	0.996	0.997	0.949	0.993	0.994	0.990	0.988	0.995	0.992	0.993	0.870	0.969	0.998	0.996	0.971	0.991	0.995	0.995	0.999	0.996	0.997	0.997	1.000	0.964	0.995	0.998	0.992	0.998	0.976	0.989	0.982	0.996	0.997	0.999	0.920	0.997	0.923	0.997	0.993	0.997	0.998	0.110	0.998	0.989	0.993	0.982	0.991	0.967	0.999	0.999	0.997	0.998	0.988	0.920	0.899	0.999	0.991	0.990	0.999	0.992	0.999	0.919	0.988	0.997	0.999	0.997	0.996	0.868	0.956	0.995	0.997	0.996	0.965	0.970	0.999	0.995	0.982	0.996	0.998	0.918	0.996	0.975	0.984	0.992	0.990	0.904	0.989	0.994	0.999	0.996	0.997	0.931	0.983	0.995	0.997	0.991	0.988	0.914	0.999	0.854	0.996	0.995	0.996	0.996	0.998	0.969	0.999	0.996	0.997	0.999	0.998	0.996	0.999	0.998	0.992	0.994	0.998	0.967	0.923	0.997	0.999	0.945	0.955	0.997	0.996	0.994	0.995	0.995	0.996	0.999	0.999	0.959	0.961	0.974	0.997	0.997	0.995	1.000	0.999	0.977	0.957	0.994	0.988
49	x.xxx	x.xxx	x.xxx	x.xxx	x.xxx	x.xxx	x.xxx	x.xxx	x.xxx	x.xxx	x.xxx	x.xxx	x.xxx	x.xxx	x.xxx	x.xxx	x.xxx	x.xxx	x.xxx	x.xxx	x.xxx	x.xxx	x.xxx	x.xxx	x.xxx	x.xxx	x.xxx	x.xxx	x.xxx	x.xxx	x.xxx	x.xxx	x.xxx	x.xxx	x.xxx	x.xxx	x.xxx	x.xxx	x.xxx	x.xxx	x.xxx	x.xxx	x.xxx	x.xxx	x.xxx	x.xxx	x.xxx	x.xxx	x.xxx	0.000	0.967	0.895	0.082	0.872	0.981	0.331	0.915	0.874	0.886	0.849	0.403	0.988	0.862	0.469	0.856	0.939	0.742	0.883	0.185	0.671	0.367	0.990	0.893	0.908	0.981	0.981	0.906	0.978	0.965	0.965	0.141	0.140	0.709	0.808	0.983	0.784	0.051	0.830	0.902	0.906	0.630	0.960	0.955	0.928	0.511	0.906	0.908	0.898	0.979	0.985	0.967	0.882	0.918	0.997	0.072	0.198	0.800	0.211	0.885	0.093	0.999	0.225	0.625	0.912	0.885	0.993	0.865	0.969	0.687	0.340	0.148	0.993	0.877	0.664	0.804	0.908	0.122	0.960	0.890	0.717	0.427	0.898	0.635	0.095	0.954	0.890	0.923	0.954	0.975	0.904	0.903	0.142	0.898	0.460	0.989	0.884	0.749	0.323	0.763	0.855	0.906	0.405	0.566	0.887	0.918	0.838	0.986	0.907	0.856	0.668	0.970	0.287	0.992	0.896	0.862	0.716	0.515	0.846	0.998	0.875	0.897	0.837	0.862	0.170	0.203	0.094	0.894	0.548	0.912	0.207	0.831	0.967	0.924	0.862	0.130	0.785	0.137	0.980	0.295	0.165	0.993	0.232	0.752	0.917	0.974	0.905	0.792	0.649	0.996	0.504	0.186	0.764	0.983	0.875	0.911	0.926	0.998	0.247	0.837	0.916	0.916	0.469
50	x.xxx	x.xxx	x.xxx	x.xxx	x.xxx	x.xxx	x.xxx	x.xxx	x.xxx	x.xxx	x.xxx	x.xxx	x.xxx	x.xxx	x.xxx	x.xxx	x.xxx	x.xxx	x.xxx	x.xxx	x.xxx	x.xxx	x.xxx	x.xxx	x.xxx	x.xxx	x.xxx	x.xxx	x.xxx	x.xxx	x.xxx	x.xxx	x.xxx	x.xxx	x.xxx	x.xxx	x.xxx	x.xxx	x.xxx	x.xxx	x.xxx	x.xxx	x.xxx	x.xxx	x.xxx	x.xxx	x.xxx	x.xxx	x.xxx	x.xxx	0.000	0.807	0.982	0.791	0.968	0.784	0.879	0.878	0.727	0.922	0.980	0.978	0.970	0.759	0.614	0.708	0.812	0.973	0.898	0.941	0.871	0.868	0.994	0.798	0.728	0.809	0.910	0.772	0.895	0.974	0.995	0.999	0.710	0.973	0.633	0.910	0.943	0.713	0.717	0.913	0.972	0.588	0.872	0.884	0.801	0.817	0.985	0.960	0.921	0.976	0.465	0.879	0.646	0.991	0.999	0.955	0.593	0.952	0.739	0.999	0.984	1.000	0.997	0.797	0.785	0.916	0.872	0.676	0.708	0.798	0.990	0.941	0.925	0.994	0.864	0.954	0.985	0.894	0.844	0.768	0.958	0.890	0.815	0.964	0.767	0.757	0.902	0.912	0.784	0.672	0.808	0.930	0.921	0.787	0.749	0.961	0.799	0.852	0.989	0.727	0.942	0.992	0.925	0.976	0.827	0.935	0.993	0.975	0.967	0.938	0.600	0.981	0.848	0.991	0.975	0.920	0.974	0.717	0.977	0.993	0.749	0.934	0.945	0.938	0.990	0.940	0.940	0.947	0.692	0.971	0.869	0.678	0.670	0.844	0.977	0.990	0.984	0.732	0.888	0.836	0.872	0.833	0.754	0.874	0.765	0.945	0.964	0.987	0.993	0.765	0.987	0.859	0.915	0.999	0.975	0.844	0.957	0.979	0.953	0.912	0.968	0.753
51	x.xxx	x.xxx	x.xxx	x.xxx	x.xxx	x.xxx	x.xxx	x.xxx	x.xxx	x.xxx	x.xxx	x.xxx	x.xxx	x.xxx	x.xxx	x.xxx	x.xxx	x.xxx	x.xxx	x.xxx	x.xxx	x.xxx	x.xxx	x.xxx	x.xxx	x.xxx	x.xxx	x.xxx	x.xxx	x.xxx	x.xxx	x.xxx	x.xxx	x.xxx	x.xxx	x.xxx	x.xxx	x.xxx	x.xxx	x.xxx	x.xxx	x.xxx	x.xxx	x.xxx	x.xxx	x.xxx	x.xxx	x.xxx	x.xxx	x.xxx	x.xxx	0.000	0.951	0.702	0.966	0.864	0.240	0.718	0.650	0.744	0.838	0.982	0.990	0.858	0.831	0.863	0.652	0.775	0.792	0.779	0.745	0.916	0.817	0.786	0.912	0.881	0.778	0.875	0.833	0.648	0.797	0.977	0.804	0.946	0.924	0.974	0.908	0.856	0.767	0.850	0.974	0.743	0.803	0.925	0.870	0.745	0.787	0.740	0.985	0.983	0.825	0.709	0.800	0.961	0.975	0.811	0.749	0.942	0.762	0.927	0.900	0.979	0.726	0.683	0.548	0.974	0.765	0.824	0.812	0.872	0.922	0.974	0.615	0.716	0.881	0.788	0.945	0.824	0.604	0.844	0.617	0.673	0.681	0.938	0.859	0.773	0.692	0.932	0.941	0.800	0.703	0.825	0.906	0.868	0.953	0.809	0.831	0.902	0.952	0.716	0.954	0.939	0.792	0.813	0.615	0.793	0.988	0.896	0.982	0.811	0.670	0.909	0.969	0.853	0.718	0.954	0.902	0.851	0.923	0.991	0.789	0.955	0.746	0.958	0.862	0.909	0.685	0.750	0.801	0.827	0.819	0.923	0.820	0.733	0.955	0.845	0.840	0.846	0.771	0.873	0.942	0.809	0.853	0.841	0.869	0.753	0.797	0.748	0.986	0.846	0.760	0.938	0.946	0.878	0.831	0.826	0.992	0.970	0.942	0.914	0.796	0.859
52	x.xxx	x.xxx	x.xxx	x.xxx	x.xxx	x.xxx	x.xxx	x.xxx	x.xxx	x.xxx	x.xxx	x.xxx	x.xxx	x.xxx	x.xxx	x.xxx	x.xxx	x.xxx	x.xxx	x.xxx	x.xxx	x.xxx	x.xxx	x.xxx	x.xxx	x.xxx	x.xxx	x.xxx	x.xxx	x.xxx	x.xxx	x.xxx	x.xxx	x.xxx	x.xxx	x.xxx	x.xxx	x.xxx	x.xxx	x.xxx	x.xxx	x.xxx	x.xxx	x.xxx	x.xxx	x.xxx	x.xxx	x.xxx	x.xxx	x.xxx	x.xxx	x.xxx	0.000	0.918	0.991	0.363	0.959	0.923	0.969	0.902	0.455	0.993	0.851	0.508	0.892	0.973	0.802	0.927	0.265	0.747	0.449	0.992	0.930	0.952	0.991	0.988	0.967	0.983	0.968	0.965	0.155	0.094	0.741	0.817	0.992	0.768	0.095	0.842	0.967	0.924	0.611	0.981	0.972	0.943	0.548	0.974	0.964	0.946	0.982	0.987	0.984	0.948	0.937	0.995	0.110	0.158	0.869	0.173	0.965	0.072	0.994	0.183	0.696	0.968	0.947	0.996	0.868	0.983	0.710	0.372	0.127	0.994	0.922	0.703	0.810	0.966	0.136	0.979	0.946	0.745	0.493	0.948	0.721	0.071	0.980	0.965	0.966	0.964	0.981	0.970	0.966	0.090	0.909	0.483	0.995	0.880	0.778	0.350	0.764	0.912	0.913	0.429	0.636	0.931	0.971	0.888	0.988	0.911	0.849	0.727	0.978	0.307	0.996	0.939	0.914	0.709	0.474	0.866	0.992	0.879	0.973	0.844	0.930	0.213	0.179	0.052	0.967	0.614	0.930	0.284	0.885	0.985	0.941	0.906	0.062	0.817	0.115	0.983	0.373	0.186	0.994	0.189	0.788	0.966	0.989	0.966	0.847	0.700	0.996	0.544	0.244	0.746	0.991	0.914	0.958	0.976	0.999	0.194	0.847	0.929	0.968	0.485
53	x.xxx	x.xxx	x.xxx	x.xxx	x.xxx	x.xxx	x.xxx	x.xxx	x.xxx	x.xxx	x.xxx	x.xxx	x.xxx	x.xxx	x.xxx	x.xxx	x.xxx	x.xxx	x.xxx	x.xxx	x.xxx	x.xxx	x.xxx	x.xxx	x.xxx	x.xxx	x.xxx	x.xxx	x.xxx	x.xxx	x.xxx	x.xxx	x.xxx	x.xxx	x.xxx	x.xxx	x.xxx	x.xxx	x.xxx	x.xxx	x.xxx	x.xxx	x.xxx	x.xxx	x.xxx	x.xxx	x.xxx	x.xxx	x.xxx	x.xxx	x.xxx	x.xxx	x.xxx	0.000	0.980	0.762	0.663	0.244	0.839	0.241	0.499	0.985	0.980	0.639	0.864	0.918	0.360	0.269	0.789	0.824	0.717	0.859	0.281	0.322	0.904	0.930	0.356	0.751	0.951	0.913	0.721	0.891	0.561	0.912	0.786	0.902	0.871	0.631	0.834	0.930	0.930	0.869	0.896	0.625	0.639	0.671	0.356	0.284	0.967	0.978	0.650	0.322	0.614	0.981	0.883	0.827	0.529	0.878	0.903	0.882	0.967	0.900	0.693	0.269	0.438	0.910	0.825	0.632	0.600	0.641	0.868	0.924	0.229	0.465	0.877	0.854	0.914	0.942	0.598	0.627	0.755	0.279	0.644	0.882	0.937	0.896	0.804	0.749	0.927	0.899	0.376	0.808	0.745	0.635	0.850	0.887	0.842	0.816	0.956	0.274	0.854	0.861	0.437	0.301	0.715	0.282	0.986	0.931	0.945	0.327	0.822	0.881	0.952	0.335	0.838	0.766	0.920	0.627	0.957	0.978	0.911	0.795	0.386	0.882	0.821	0.897	0.472	0.605	0.596	0.825	0.322	0.942	0.625	0.182	0.919	0.350	0.805	0.802	0.727	0.820	0.957	0.685	0.826	0.377	0.911	0.359	0.328	0.645	0.996	0.604	0.770	0.880	0.811	0.394	0.325	0.503	0.984	0.931	0.823	0.703	0.366	0.665
54	x.xxx	x.xxx	x.xxx	x.xxx	x.xxx	x.xxx	x.xxx	x.xxx	x.xxx	x.xxx	x.xxx	x.xxx	x.xxx	x.xxx	x.xxx	x.xxx	x.xxx	x.xxx	x.xxx	x.xxx	x.xxx	x.xxx	x.xxx	x.xxx	x.xxx	x.xxx	x.xxx	x.xxx	x.xxx	x.xxx	x.xxx	x.xxx	x.xxx	x.xxx	x.xxx	x.xxx	x.xxx	x.xxx	x.xxx	x.xxx	x.xxx	x.xxx	x.xxx	x.xxx	x.xxx	x.xxx	x.xxx	x.xxx	x.xxx	x.xxx	x.xxx	x.xxx	x.xxx	x.xxx	0.000	0.994	0.985	0.973	0.962	0.973	0.989	0.323	0.995	0.974	0.963	0.963	0.972	0.998	0.972	0.986	0.971	0.988	0.999	0.978	0.974	0.985	0.972	0.988	0.980	0.989	0.999	0.999	0.979	0.978	0.980	0.992	0.973	0.985	0.949	0.919	0.989	0.964	0.969	0.989	0.980	0.969	0.991	0.985	0.991	0.940	0.969	0.971	0.969	0.998	0.999	0.981	0.970	0.979	0.951	1.000	0.999	1.000	0.998	0.976	0.972	0.989	0.963	0.980	0.973	0.987	0.994	0.992	0.974	0.993	0.997	0.971	0.995	0.973	0.965	0.977	0.992	0.982	0.968	0.999	0.946	0.960	0.970	0.993	0.973	0.960	0.973	0.996	0.990	0.989	0.978	0.989	0.962	0.997	0.999	0.974	0.995	0.994	0.979	0.990	0.973	0.975	0.991	0.990	0.995	0.983	0.970	0.993	0.987	0.994	0.982	0.990	0.974	0.984	0.997	0.992	0.961	0.992	0.971	0.991	0.996	0.995	0.975	0.989	0.969	0.989	0.971	0.966	0.971	0.987	0.989	0.994	0.994	0.982	0.972	0.992	0.989	0.989	0.963	0.976	0.967	0.973	0.978	0.988	0.997	0.980	0.995	0.991	0.994	0.999	0.988	0.975	0.997	0.990	0.992	0.990	0.982	0.975
55	x.xxx	x.xxx	x.xxx	x.xxx	x.xxx	x.xxx	x.xxx	x.xxx	x.xxx	x.xxx	x.xxx	x.xxx	x.xxx	x.xxx	x.xxx	x.xxx	x.xxx	x.xxx	x.xxx	x.xxx	x.xxx	x.xxx	x.xxx	x.xxx	x.xxx	x.xxx	x.xxx	x.xxx	x.xxx	x.xxx	x.xxx	x.xxx	x.xxx	x.xxx	x.xxx	x.xxx	x.xxx	x.xxx	x.xxx	x.xxx	x.xxx	x.xxx	x.xxx	x.xxx	x.xxx	x.xxx	x.xxx	x.xxx	x.xxx	x.xxx	x.xxx	x.xxx	x.xxx	x.xxx	x.xxx	0.000	0.897	0.903	0.959	0.862	0.398	0.992	0.908	0.291	0.881	0.946	0.731	0.889	0.280	0.669	0.363	0.942	0.921	0.847	0.914	0.936	0.950	0.812	0.938	0.976	0.412	0.392	0.501	0.799	0.863	0.820	0.343	0.593	0.930	0.920	0.746	0.876	0.970	0.886	0.290	0.953	0.937	0.923	0.978	0.988	0.794	0.887	0.727	0.997	0.317	0.445	0.649	0.439	0.954	0.376	1.000	0.457	0.631	0.810	0.819	0.958	0.802	0.776	0.469	0.190	0.414	0.967	0.899	0.666	0.655	0.954	0.277	0.942	0.952	0.481	0.416	0.864	0.660	0.304	0.982	0.962	0.964	0.932	0.942	0.961	0.906	0.336	0.889	0.194	0.920	0.870	0.761	0.253	0.809	0.760	0.900	0.356	0.580	0.915	0.958	0.865	0.989	0.895	0.883	0.690	0.878	0.222	0.966	0.914	0.907	0.812	0.669	0.611	0.999	0.876	0.968	0.845	0.905	0.240	0.458	0.317	0.933	0.519	0.680	0.219	0.862	0.962	0.754	0.771	0.397	0.802	0.412	0.900	0.286	0.188	0.977	0.333	0.754	0.950	0.927	0.949	0.819	0.658	0.995	0.294	0.298	0.803	0.965	0.890	0.935	0.961	0.988	0.480	0.876	0.890	0.954	0.307
56	x.xxx	x.xxx	x.xxx	x.xxx	x.xxx	x.xxx	x.xxx	x.xxx	x.xxx	x.xxx	x.xxx	x.xxx	x.xxx	x.xxx	x.xxx	x.xxx	x.xxx	x.xxx	x.xxx	x.xxx	x.xxx	x.xxx	x.xxx	x.xxx	x.xxx	x.xxx	x.xxx	x.xxx	x.xxx	x.xxx	x.xxx	x.xxx	x.xxx	x.xxx	x.xxx	x.xxx	x.xxx	x.xxx	x.xxx	x.xxx	x.xxx	x.xxx	x.xxx	x.xxx	x.xxx	x.xxx	x.xxx	x.xxx	x.xxx	x.xxx	x.xxx	x.xxx	x.xxx	x.xxx	x.xxx	x.xxx	0.000	0.686	0.703	0.712	0.789	0.989	0.994	0.905	0.904	0.909	0.611	0.702	0.826	0.809	0.696	0.930	0.751	0.774	0.945	0.901	0.716	0.906	0.856	0.704	0.746	0.979	0.859	0.963	0.952	0.984	0.915	0.899	0.776	0.918	0.982	0.839	0.820	0.904	0.910	0.674	0.719	0.688	0.978	0.993	0.889	0.670	0.882	0.965	0.978	0.847	0.813	0.957	0.819	0.931	0.912	0.980	0.630	0.665	0.530	0.983	0.812	0.878	0.889	0.904	0.925	0.981	0.583	0.681	0.908	0.806	0.958	0.871	0.564	0.897	0.652	0.648	0.626	0.941	0.937	0.824	0.634	0.921	0.941	0.843	0.661	0.847	0.904	0.899	0.970	0.869	0.911	0.926	0.957	0.703	0.947	0.943	0.746	0.760	0.592	0.759	0.992	0.941	0.979	0.758	0.724	0.915	0.964	0.801	0.749	0.929	0.920	0.896	0.925	0.995	0.833	0.950	0.700	0.969	0.870	0.925	0.625	0.687	0.881	0.843	0.785	0.961	0.891	0.698	0.961	0.796	0.851	0.847	0.710	0.914	0.955	0.836	0.915	0.809	0.918	0.686	0.753	0.673	0.988	0.891	0.772	0.952	0.938	0.830	0.781	0.755	0.995	0.981	0.939	0.901	0.674	0.906
57	x.xxx	x.xxx	x.xxx	x.xxx	x.xxx	x.xxx	x.xxx	x.xxx	x.xxx	x.xxx	x.xxx	x.xxx	x.xxx	x.xxx	x.xxx	x.xxx	x.xxx	x.xxx	x.xxx	x.xxx	x.xxx	x.xxx	x.xxx	x.xxx	x.xxx	x.xxx	x.xxx	x.xxx	x.xxx	x.xxx	x.xxx	x.xxx	x.xxx	x.xxx	x.xxx	x.xxx	x.xxx	x.xxx	x.xxx	x.xxx	x.xxx	x.xxx	x.xxx	x.xxx	x.xxx	x.xxx	x.xxx	x.xxx	x.xxx	x.xxx	x.xxx	x.xxx	x.xxx	x.xxx	x.xxx	x.xxx	x.xxx	0.000	0.773	0.083	0.460	0.984	0.977	0.889	0.758	0.845	0.334	0.231	0.764	0.834	0.706	0.946	0.097	0.281	0.929	0.911	0.306	0.982	0.975	0.893	0.743	0.931	0.879	0.919	0.931	0.961	0.875	0.911	0.770	0.914	0.949	0.873	0.892	0.680	0.900	0.630	0.315	0.244	0.958	0.974	0.885	0.276	0.883	0.981	0.926	0.859	0.792	0.910	0.845	0.898	0.962	0.937	0.666	0.338	0.470	0.974	0.871	0.939	0.893	0.908	0.895	0.980	0.138	0.452	0.927	0.830	0.916	0.955	0.512	0.895	0.758	0.290	0.581	0.931	0.855	0.841	0.791	0.792	0.952	0.810	0.345	0.876	0.711	0.914	0.952	0.865	0.794	0.930	0.957	0.316	0.856	0.902	0.382	0.130	0.657	0.144	0.986	0.915	0.979	0.246	0.834	0.885	0.969	0.224	0.811	0.765	0.923	0.906	0.949	0.981	0.857	0.801	0.344	0.870	0.857	0.939	0.448	0.637	0.885	0.823	0.276	0.869	0.880	0.154	0.924	0.212	0.838	0.906	0.742	0.929	0.959	0.876	0.764	0.256	0.907	0.320	0.299	0.608	0.996	0.900	0.793	0.942	0.837	0.283	0.207	0.469	0.991	0.938	0.819	0.745	0.351	0.879
58	x.xxx	x.xxx	x.xxx	x.xxx	x.xxx	x.xxx	x.xxx	x.xxx	x.xxx	x.xxx	x.xxx	x.xxx	x.xxx	x.xxx	x.xxx	x.xxx	x.xxx	x.xxx	x.xxx	x.xxx	x.xxx	x.xxx	x.xxx	x.xxx	x.xxx	x.xxx	x.xxx	x.xxx	x.xxx	x.xxx	x.xxx	x.xxx	x.xxx	x.xxx	x.xxx	x.xxx	x.xxx	x.xxx	x.xxx	x.xxx	x.xxx	x.xxx	x.xxx	x.xxx	x.xxx	x.xxx	x.xxx	x.xxx	x.xxx	x.xxx	x.xxx	x.xxx	x.xxx	x.xxx	x.xxx	x.xxx	x.xxx	x.xxx	0.000	0.801	0.868	0.973	0.987	0.911	0.463	0.343	0.666	0.841	0.763	0.783	0.659	0.930	0.856	0.779	0.832	0.896	0.741	0.970	0.913	0.939	0.888	0.973	0.901	0.959	0.851	0.954	0.886	0.947	0.446	0.877	0.970	0.428	0.897	0.906	0.935	0.469	0.818	0.833	0.949	0.980	0.843	0.742	0.839	0.997	0.971	0.931	0.561	0.936	0.332	0.921	0.999	0.976	0.766	0.808	0.693	0.955	0.912	0.903	0.927	0.952	0.917	0.971	0.811	0.887	0.978	0.802	0.980	0.870	0.651	0.928	0.796	0.817	0.545	0.976	0.631	0.252	0.762	0.944	0.970	0.182	0.625	0.967	0.923	0.952	0.907	0.922	0.618	0.972	0.995	0.747	0.962	0.963	0.791	0.848	0.587	0.812	0.990	0.926	0.987	0.810	0.683	0.947	0.939	0.878	0.721	0.934	0.978	0.940	0.998	0.991	0.386	0.948	0.763	0.919	0.916	0.984	0.729	0.811	0.887	0.794	0.662	0.572	0.865	0.849	0.964	0.884	0.897	0.873	0.707	0.975	0.952	0.957	0.727	0.692	0.887	0.771	0.826	0.799	0.983	0.931	0.848	0.949	0.957	0.901	0.859	0.662	0.985	0.970	0.952	0.930	0.829	0.899
59	x.xxx	x.xxx	x.xxx	x.xxx	x.xxx	x.xxx	x.xxx	x.xxx	x.xxx	x.xxx	x.xxx	x.xxx	x.xxx	x.xxx	x.xxx	x.xxx	x.xxx	x.xxx	x.xxx	x.xxx	x.xxx	x.xxx	x.xxx	x.xxx	x.xxx	x.xxx	x.xxx	x.xxx	x.xxx	x.xxx	x.xxx	x.xxx	x.xxx	x.xxx	x.xxx	x.xxx	x.xxx	x.xxx	x.xxx	x.xxx	x.xxx	x.xxx	x.xxx	x.xxx	x.xxx	x.xxx	x.xxx	x.xxx	x.xxx	x.xxx	x.xxx	x.xxx	x.xxx	x.xxx	x.xxx	x.xxx	x.xxx	x.xxx	x.xxx	0.000	0.433	0.983	0.980	0.851	0.831	0.899	0.312	0.198	0.759	0.784	0.687	0.968	0.086	0.249	0.958	0.950	0.299	0.971	0.955	0.934	0.729	0.902	0.840	0.896	0.958	0.967	0.852	0.877	0.824	0.912	0.938	0.914	0.902	0.674	0.864	0.636	0.294	0.224	0.970	0.981	0.929	0.255	0.884	0.989	0.893	0.862	0.780	0.877	0.861	0.867	0.983	0.911	0.628	0.309	0.451	0.984	0.830	0.949	0.856	0.869	0.867	0.982	0.149	0.447	0.891	0.826	0.892	0.936	0.503	0.863	0.762	0.260	0.578	0.890	0.918	0.859	0.791	0.795	0.966	0.872	0.328	0.861	0.718	0.882	0.971	0.859	0.793	0.893	0.961	0.314	0.857	0.869	0.369	0.096	0.707	0.087	0.985	0.913	0.974	0.239	0.909	0.855	0.981	0.182	0.807	0.770	0.932	0.872	0.977	0.976	0.873	0.799	0.323	0.871	0.848	0.908	0.419	0.586	0.880	0.792	0.256	0.930	0.889	0.100	0.903	0.161	0.829	0.946	0.721	0.897	0.977	0.866	0.798	0.240	0.944	0.299	0.259	0.576	0.996	0.856	0.788	0.955	0.843	0.234	0.165	0.489	0.995	0.919	0.821	0.750	0.333	0.866
60	x.xxx	x.xxx	x.xxx	x.xxx	x.xxx	x.xxx	x.xxx	x.xxx	x.xxx	x.xxx	x.xxx	x.xxx	x.xxx	x.xxx	x.xxx	x.xxx	x.xxx	x.xxx	x.xxx	x.xxx	x.xxx	x.xxx	x.xxx	x.xxx	x.xxx	x.xxx	x.xxx	x.xxx	x.xxx	x.xxx	x.xxx	x.xxx	x.xxx	x.xxx	x.xxx	x.xxx	x.xxx	x.xxx	x.xxx	x.xxx	x.xxx	x.xxx	x.xxx	x.xxx	x.xxx	x.xxx	x.xxx	x.xxx	x.xxx	x.xxx	x.xxx	x.xxx	x.xxx	x.xxx	x.xxx	x.xxx	x.xxx	x.xxx	x.xxx	x.xxx	0.000	0.987	0.911	0.528	0.896	0.955	0.350	0.409	0.324	0.708	0.347	0.992	0.429	0.565	0.991	0.967	0.462	0.993	0.981	0.963	0.349	0.480	0.750	0.818	0.988	0.861	0.423	0.852	0.878	0.939	0.764	0.976	0.966	0.775	0.561	0.703	0.420	0.466	0.978	0.973	0.982	0.420	0.940	0.991	0.428	0.512	0.823	0.525	0.906	0.438	0.987	0.527	0.466	0.469	0.566	0.996	0.874	0.982	0.734	0.461	0.467	0.995	0.443	0.295	0.822	0.856	0.396	0.977	0.587	0.755	0.461	0.453	0.519	0.457	0.979	0.910	0.860	0.857	0.981	0.928	0.444	0.474	0.769	0.517	0.990	0.897	0.811	0.502	0.815	0.445	0.843	0.439	0.178	0.456	0.786	0.444	0.990	0.928	0.905	0.253	0.981	0.371	0.995	0.500	0.803	0.673	0.691	0.873	0.982	0.880	0.924	0.776	0.400	0.367	0.487	0.460	0.504	0.369	0.933	0.284	0.445	0.977	0.944	0.450	0.478	0.392	0.443	0.985	0.298	0.431	0.993	0.525	0.805	0.557	0.988	0.430	0.375	0.409	0.996	0.567	0.347	0.847	0.908	0.511	0.504	0.551	0.999	0.542	0.804	0.803	0.483	0.515
61	x.xxx	x.xxx	x.xxx	x.xxx	x.xxx	x.xxx	x.xxx	x.xxx	x.xxx	x.xxx	x.xxx	x.xxx	x.xxx	x.xxx	x.xxx	x.xxx	x.xxx	x.xxx	x.xxx	x.xxx	x.xxx	x.xxx	x.xxx	x.xxx	x.xxx	x.xxx	x.xxx	x.xxx	x.xxx	x.xxx	x.xxx	x.xxx	x.xxx	x.xxx	x.xxx	x.xxx	x.xxx	x.xxx	x.xxx	x.xxx	x.xxx	x.xxx	x.xxx	x.xxx	x.xxx	x.xxx	x.xxx	x.xxx	x.xxx	x.xxx	x.xxx	x.xxx	x.xxx	x.xxx	x.xxx	x.xxx	x.xxx	x.xxx	x.xxx	x.xxx	x.xxx	0.000	0.997	0.984	0.973	0.974	0.982	0.997	0.982	0.979	0.981	0.994	1.000	0.988	0.986	0.977	0.986	0.992	0.983	0.987	1.000	1.000	0.979	0.986	0.989	0.996	0.983	0.982	0.953	0.892	0.993	0.975	0.984	0.994	0.986	0.980	0.989	0.992	0.995	0.943	0.980	0.981	0.982	0.999	1.000	0.986	0.981	0.992	0.958	1.000	1.000	1.000	0.999	0.987	0.988	0.995	0.966	0.979	0.986	0.990	0.996	0.996	0.985	0.992	0.996	0.986	0.994	0.976	0.979	0.988	0.985	0.992	0.978	0.999	0.949	0.969	0.982	0.996	0.979	0.970	0.987	0.996	0.995	0.990	0.985	0.983	0.973	0.996	1.000	0.983	0.998	0.994	0.983	0.985	0.983	0.989	0.996	0.987	0.998	0.983	0.981	0.993	0.993	0.993	0.988	0.995	0.979	0.995	0.998	0.996	0.975	0.996	0.979	0.984	0.995	0.994	0.987	0.983	0.980	0.982	0.980	0.977	0.981	0.988	0.989	0.992	0.991	0.990	0.982	0.990	0.995	0.990	0.975	0.986	0.981	0.988	0.989	0.987	0.996	0.986	0.994	0.996	0.997	1.000	0.988	0.985	0.999	0.986	0.995	0.995	0.992	0.985
62	x.xxx	x.xxx	x.xxx	x.xxx	x.xxx	x.xxx	x.xxx	x.xxx	x.xxx	x.xxx	x.xxx	x.xxx	x.xxx	x.xxx	x.xxx	x.xxx	x.xxx	x.xxx	x.xxx	x.xxx	x.xxx	x.xxx	x.xxx	x.xxx	x.xxx	x.xxx	x.xxx	x.xxx	x.xxx	x.xxx	x.xxx	x.xxx	x.xxx	x.xxx	x.xxx	x.xxx	x.xxx	x.xxx	x.xxx	x.xxx	x.xxx	x.xxx	x.xxx	x.xxx	x.xxx	x.xxx	x.xxx	x.xxx	x.xxx	x.xxx	x.xxx	x.xxx	x.xxx	x.xxx	x.xxx	x.xxx	x.xxx	x.xxx	x.xxx	x.xxx	x.xxx	x.xxx	0.000	0.914	0.971	0.985	0.962	0.989	0.885	0.970	0.917	0.986	0.991	0.982	0.974	0.987	0.989	0.995	0.995	0.997	0.862	0.841	0.962	0.973	0.973	0.483	0.862	0.973	0.977	0.992	0.519	0.982	0.993	0.969	0.920	0.987	0.995	0.991	0.975	0.994	0.971	0.984	0.981	0.999	0.869	0.833	0.968	0.846	0.989	0.846	1.000	0.807	0.965	0.991	0.986	0.987	0.982	0.989	0.955	0.898	0.829	0.991	0.985	0.952	0.971	0.992	0.882	0.994	0.990	0.957	0.934	0.989	0.955	0.854	0.986	0.988	0.990	0.967	0.977	0.983	0.986	0.848	0.952	0.921	0.975	0.990	0.970	0.888	0.914	0.972	0.938	0.918	0.939	0.989	0.986	0.977	0.995	0.992	0.517	0.953	0.974	0.915	0.978	0.990	0.990	0.558	0.797	0.976	1.000	0.942	0.990	0.920	0.987	0.887	0.825	0.853	0.993	0.943	0.982	0.903	0.973	0.978	0.981	0.983	0.837	0.970	0.844	0.972	0.902	0.878	0.980	0.843	0.963	0.984	0.977	0.993	0.976	0.963	1.000	0.930	0.892	0.523	0.981	0.985	0.993	0.984	0.989	0.791	0.911	0.958	0.995	0.901
63	x.xxx	x.xxx	x.xxx	x.xxx	x.xxx	x.xxx	x.xxx	x.xxx	x.xxx	x.xxx	x.xxx	x.xxx	x.xxx	x.xxx	x.xxx	x.xxx	x.xxx	x.xxx	x.xxx	x.xxx	x.xxx	x.xxx	x.xxx	x.xxx	x.xxx	x.xxx	x.xxx	x.xxx	x.xxx	x.xxx	x.xxx	x.xxx	x.xxx	x.xxx	x.xxx	x.xxx	x.xxx	x.xxx	x.xxx	x.xxx	x.xxx	x.xxx	x.xxx	x.xxx	x.xxx	x.xxx	x.xxx	x.xxx	x.xxx	x.xxx	x.xxx	x.xxx	x.xxx	x.xxx	x.xxx	x.xxx	x.xxx	x.xxx	x.xxx	x.xxx	x.xxx	x.xxx	x.xxx	0.000	0.849	0.923	0.734	0.903	0.416	0.723	0.423	0.798	0.931	0.838	0.897	0.938	0.923	0.728	0.945	0.973	0.540	0.526	0.288	0.822	0.631	0.747	0.462	0.491	0.914	0.920	0.773	0.851	0.943	0.756	0.162	0.917	0.939	0.919	0.971	0.983	0.493	0.865	0.311	0.997	0.477	0.541	0.475	0.537	0.910	0.516	1.000	0.571	0.697	0.814	0.815	0.884	0.823	0.350	0.226	0.165	0.539	0.883	0.885	0.706	0.749	0.931	0.458	0.938	0.917	0.224	0.497	0.867	0.673	0.477	0.927	0.915	0.926	0.850	0.934	0.913	0.887	0.479	0.885	0.171	0.745	0.898	0.758	0.431	0.842	0.756	0.907	0.470	0.614	0.915	0.929	0.854	0.986	0.919	0.886	0.713	0.859	0.381	0.957	0.922	0.914	0.827	0.722	0.319	0.999	0.887	0.922	0.849	0.887	0.416	0.569	0.474	0.917	0.581	0.313	0.400	0.846	0.941	0.344	0.791	0.529	0.824	0.534	0.831	0.414	0.371	0.967	0.390	0.751	0.925	0.903	0.925	0.824	0.714	0.996	0.141	0.463	0.725	0.938	0.900	0.933	0.932	0.985	0.582	0.886	0.840	0.943	0.107
64	x.xxx	x.xxx	x.xxx	x.xxx	x.xxx	x.xxx	x.xxx	x.xxx	x.xxx	x.xxx	x.xxx	x.xxx	x.xxx	x.xxx	x.xxx	x.xxx	x.xxx	x.xxx	x.xxx	x.xxx	x.xxx	x.xxx	x.xxx	x.xxx	x.xxx	x.xxx	x.xxx	x.xxx	x.xxx	x.xxx	x.xxx	x.xxx	x.xxx	x.xxx	x.xxx	x.xxx	x.xxx	x.xxx	x.xxx	x.xxx	x.xxx	x.xxx	x.xxx	x.xxx	x.xxx	x.xxx	x.xxx	x.xxx	x.xxx	x.xxx	x.xxx	x.xxx	x.xxx	x.xxx	x.xxx	x.xxx	x.xxx	x.xxx	x.xxx	x.xxx	x.xxx	x.xxx	x.xxx	x.xxx	0.000	0.478	0.696	0.878	0.758	0.728	0.693	0.942	0.890	0.825	0.820	0.762	0.840	0.970	0.908	0.932	0.914	0.912	0.804	0.869	0.853	0.943	0.827	0.862	0.574	0.718	0.949	0.529	0.905	0.925	0.878	0.717	0.917	0.900	0.936	0.967	0.737	0.816	0.752	0.997	0.899	0.878	0.620	0.884	0.438	0.908	0.999	0.924	0.820	0.915	0.811	0.956	0.755	0.879	0.828	0.890	0.907	0.974	0.841	0.915	0.891	0.891	0.887	0.863	0.789	0.857	0.807	0.894	0.553	0.910	0.499	0.521	0.875	0.949	0.933	0.362	0.764	0.907	0.930	0.880	0.909	0.617	0.371	0.916	0.979	0.743	0.966	0.891	0.794	0.879	0.761	0.840	0.983	0.665	0.982	0.818	0.684	0.842	0.940	0.905	0.776	0.924	0.944	0.867	0.999	0.980	0.492	0.956	0.816	0.799	0.917	0.907	0.881	0.849	0.789	0.831	0.755	0.571	0.789	0.880	0.898	0.903	0.902	0.871	0.739	0.891	0.952	0.908	0.330	0.809	0.804	0.889	0.858	0.832	0.976	0.855	0.881	0.937	0.964	0.925	0.918	0.788	0.985	0.913	0.957	0.937	0.927	0.837
65	x.xxx	x.xxx	x.xxx	x.xxx	x.xxx	x.xxx	x.xxx	x.xxx	x.xxx	x.xxx	x.xxx	x.xxx	x.xxx	x.xxx	x.xxx	x.xxx	x.xxx	x.xxx	x.xxx	x.xxx	x.xxx	x.xxx	x.xxx	x.xxx	x.xxx	x.xxx	x.xxx	x.xxx	x.xxx	x.xxx	x.xxx	x.xxx	x.xxx	x.xxx	x.xxx	x.xxx	x.xxx	x.xxx	x.xxx	x.xxx	x.xxx	x.xxx	x.xxx	x.xxx	x.xxx	x.xxx	x.xxx	x.xxx	x.xxx	x.xxx	x.xxx	x.xxx	x.xxx	x.xxx	x.xxx	x.xxx	x.xxx	x.xxx	x.xxx	x.xxx	x.xxx	x.xxx	x.xxx	x.xxx	x.xxx	0.000	0.788	0.967	0.859	0.910	0.802	0.916	0.976	0.857	0.822	0.841	0.865	0.967	0.920	0.951	0.981	0.986	0.924	0.958	0.816	0.932	0.911	0.947	0.471	0.894	0.971	0.376	0.898	0.889	0.936	0.596	0.954	0.944	0.936	0.978	0.816	0.869	0.844	0.984	0.987	0.944	0.595	0.945	0.509	0.980	0.997	0.987	0.961	0.921	0.857	0.951	0.917	0.886	0.921	0.957	0.970	0.971	0.913	0.978	0.976	0.915	0.980	0.860	0.841	0.932	0.922	0.933	0.707	0.989	0.609	0.357	0.878	0.951	0.953	0.285	0.761	0.975	0.921	0.961	0.878	0.935	0.659	0.981	0.971	0.835	0.967	0.980	0.888	0.955	0.659	0.912	0.991	0.944	0.989	0.902	0.637	0.969	0.928	0.969	0.921	0.948	0.976	0.950	0.997	0.991	0.539	0.958	0.906	0.914	0.976	0.985	0.902	0.945	0.888	0.935	0.766	0.473	0.866	0.952	0.973	0.966	0.969	0.851	0.833	0.973	0.940	0.965	0.722	0.756	0.870	0.909	0.939	0.947	0.986	0.946	0.967	0.932	0.962	0.983	0.954	0.719	0.982	0.972	0.955	0.938	0.943	0.891
66	x.xxx	x.xxx	x.xxx	x.xxx	x.xxx	x.xxx	x.xxx	x.xxx	x.xxx	x.xxx	x.xxx	x.xxx	x.xxx	x.xxx	x.xxx	x.xxx	x.xxx	x.xxx	x.xxx	x.xxx	x.xxx	x.xxx	x.xxx	x.xxx	x.xxx	x.xxx	x.xxx	x.xxx	x.xxx	x.xxx	x.xxx	x.xxx	x.xxx	x.xxx	x.xxx	x.xxx	x.xxx	x.xxx	x.xxx	x.xxx	x.xxx	x.xxx	x.xxx	x.xxx	x.xxx	x.xxx	x.xxx	x.xxx	x.xxx	x.xxx	x.xxx	x.xxx	x.xxx	x.xxx	x.xxx	x.xxx	x.xxx	x.xxx	x.xxx	x.xxx	x.xxx	x.xxx	x.xxx	x.xxx	x.xxx	x.xxx	0.000	0.295	0.627	0.611	0.487	0.934	0.386	0.419	0.892	0.922	0.324	0.945	0.929	0.904	0.589	0.785	0.680	0.790	0.904	0.927	0.744	0.777	0.730	0.896	0.893	0.774	0.870	0.738	0.741	0.502	0.328	0.335	0.955	0.980	0.875	0.246	0.811	0.985	0.761	0.740	0.627	0.767	0.729	0.762	0.972	0.807	0.451	0.334	0.308	0.963	0.776	0.914	0.714	0.748	0.752	0.965	0.329	0.323	0.761	0.810	0.778	0.919	0.434	0.740	0.596	0.307	0.337	0.758	0.880	0.738	0.757	0.826	0.956	0.748	0.217	0.709	0.767	0.755	0.936	0.834	0.642	0.772	0.931	0.276	0.879	0.734	0.230	0.403	0.602	0.326	0.985	0.896	0.953	0.278	0.788	0.720	0.956	0.444	0.781	0.762	0.873	0.797	0.961	0.958	0.745	0.838	0.262	0.750	0.727	0.786	0.312	0.396	0.841	0.660	0.293	0.842	0.844	0.340	0.810	0.366	0.697	0.888	0.528	0.769	0.953	0.733	0.682	0.431	0.903	0.312	0.272	0.407	0.995	0.718	0.628	0.910	0.882	0.473	0.436	0.401	0.988	0.838	0.848	0.792	0.397	0.741
67	x.xxx	x.xxx	x.xxx	x.xxx	x.xxx	x.xxx	x.xxx	x.xxx	x.xxx	x.xxx	x.xxx	x.xxx	x.xxx	x.xxx	x.xxx	x.xxx	x.xxx	x.xxx	x.xxx	x.xxx	x.xxx	x.xxx	x.xxx	x.xxx	x.xxx	x.xxx	x.xxx	x.xxx	x.xxx	x.xxx	x.xxx	x.xxx	x.xxx	x.xxx	x.xxx	x.xxx	x.xxx	x.xxx	x.xxx	x.xxx	x.xxx	x.xxx	x.xxx	x.xxx	x.xxx	x.xxx	x.xxx	x.xxx	x.xxx	x.xxx	x.xxx	x.xxx	x.xxx	x.xxx	x.xxx	x.xxx	x.xxx	x.xxx	x.xxx	x.xxx	x.xxx	x.xxx	x.xxx	x.xxx	x.xxx	x.xxx	x.xxx	0.000	0.799	0.801	0.716	0.990	0.164	0.316	0.987	0.968	0.173	0.981	0.965	0.964	0.717	0.861	0.881	0.928	0.988	0.983	0.903	0.916	0.863	0.930	0.934	0.971	0.953	0.753	0.890	0.621	0.118	0.117	0.983	0.988	0.976	0.124	0.923	0.995	0.863	0.876	0.830	0.853	0.912	0.871	0.994	0.892	0.604	0.175	0.334	0.995	0.873	0.974	0.912	0.895	0.860	0.995	0.190	0.365	0.912	0.843	0.919	0.966	0.479	0.910	0.798	0.116	0.601	0.888	0.992	0.910	0.837	0.832	0.980	0.928	0.196	0.869	0.791	0.909	0.993	0.862	0.881	0.893	0.977	0.224	0.884	0.817	0.345	0.217	0.744	0.227	0.990	0.903	0.973	0.212	0.968	0.893	0.994	0.224	0.789	0.764	0.959	0.909	0.992	0.987	0.923	0.849	0.184	0.902	0.818	0.925	0.262	0.488	0.915	0.814	0.214	0.991	0.929	0.197	0.929	0.289	0.825	0.979	0.736	0.920	0.993	0.863	0.882	0.311	0.983	0.155	0.147	0.553	0.995	0.888	0.787	0.979	0.870	0.344	0.212	0.420	0.999	0.948	0.855	0.813	0.194	0.927
68	x.xxx	x.xxx	x.xxx	x.xxx	x.xxx	x.xxx	x.xxx	x.xxx	x.xxx	x.xxx	x.xxx	x.xxx	x.xxx	x.xxx	x.xxx	x.xxx	x.xxx	x.xxx	x.xxx	x.xxx	x.xxx	x.xxx	x.xxx	x.xxx	x.xxx	x.xxx	x.xxx	x.xxx	x.xxx	x.xxx	x.xxx	x.xxx	x.xxx	x.xxx	x.xxx	x.xxx	x.xxx	x.xxx	x.xxx	x.xxx	x.xxx	x.xxx	x.xxx	x.xxx	x.xxx	x.xxx	x.xxx	x.xxx	x.xxx	x.xxx	x.xxx	x.xxx	x.xxx	x.xxx	x.xxx	x.xxx	x.xxx	x.xxx	x.xxx	x.xxx	x.xxx	x.xxx	x.xxx	x.xxx	x.xxx	x.xxx	x.xxx	x.xxx	0.000	0.636	0.217	0.972	0.832	0.838	0.941	0.913	0.815	0.981	0.970	0.965	0.240	0.290	0.682	0.795	0.947	0.819	0.197	0.811	0.779	0.899	0.689	0.879	0.937	0.893	0.464	0.784	0.822	0.819	0.966	0.974	0.901	0.774	0.890	0.997	0.206	0.324	0.716	0.338	0.848	0.238	1.000	0.364	0.521	0.825	0.774	0.980	0.847	0.931	0.653	0.291	0.280	0.989	0.804	0.588	0.788	0.836	0.174	0.950	0.781	0.691	0.326	0.814	0.463	0.252	0.854	0.843	0.840	0.930	0.956	0.809	0.807	0.289	0.867	0.427	0.964	0.872	0.686	0.321	0.783	0.729	0.889	0.355	0.434	0.823	0.815	0.755	0.985	0.897	0.883	0.564	0.910	0.239	0.976	0.828	0.782	0.739	0.608	0.831	0.999	0.872	0.862	0.827	0.761	0.088	0.324	0.269	0.788	0.436	0.873	0.098	0.738	0.893	0.880	0.788	0.303	0.725	0.261	0.950	0.157	0.223	0.980	0.363	0.645	0.829	0.921	0.807	0.707	0.556	0.995	0.464	0.111	0.803	0.964	0.813	0.837	0.816	0.994	0.392	0.846	0.891	0.840	0.423
69	x.xxx	x.xxx	x.xxx	x.xxx	x.xxx	x.xxx	x.xxx	x.xxx	x.xxx	x.xxx	x.xxx	x.xxx	x.xxx	x.xxx	x.xxx	x.xxx	x.xxx	x.xxx	x.xxx	x.xxx	x.xxx	x.xxx	x.xxx	x.xxx	x.xxx	x.xxx	x.xxx	x.xxx	x.xxx	x.xxx	x.xxx	x.xxx	x.xxx	x.xxx	x.xxx	x.xxx	x.xxx	x.xxx	x.xxx	x.xxx	x.xxx	x.xxx	x.xxx	x.xxx	x.xxx	x.xxx	x.xxx	x.xxx	x.xxx	x.xxx	x.xxx	x.xxx	x.xxx	x.xxx	x.xxx	x.xxx	x.xxx	x.xxx	x.xxx	x.xxx	x.xxx	x.xxx	x.xxx	x.xxx	x.xxx	x.xxx	x.xxx	x.xxx	x.xxx	0.000	0.590	0.988	0.828	0.878	0.971	0.905	0.794	0.963	0.822	0.917	0.735	0.762	0.583	0.704	0.976	0.952	0.699	0.724	0.848	0.818	0.910	0.902	0.930	0.918	0.741	0.698	0.854	0.861	0.979	0.977	0.941	0.813	0.859	0.996	0.723	0.781	0.570	0.778	0.683	0.713	0.999	0.794	0.439	0.870	0.811	0.991	0.687	0.932	0.653	0.726	0.735	0.992	0.811	0.683	0.689	0.755	0.704	0.867	0.814	0.695	0.556	0.847	0.484	0.727	0.928	0.636	0.872	0.931	0.972	0.774	0.853	0.741	0.931	0.692	0.980	0.695	0.509	0.758	0.942	0.788	0.960	0.712	0.652	0.833	0.899	0.778	0.986	0.751	0.954	0.668	0.951	0.616	0.963	0.850	0.521	0.928	0.877	0.761	0.997	0.960	0.627	0.951	0.735	0.662	0.757	0.731	0.838	0.495	0.848	0.584	0.703	0.961	0.875	0.789	0.759	0.727	0.725	0.974	0.633	0.704	0.991	0.772	0.514	0.889	0.956	0.860	0.676	0.540	0.980	0.668	0.657	0.947	0.982	0.820	0.879	0.807	0.998	0.801	0.957	0.936	0.763	0.770
70	x.xxx	x.xxx	x.xxx	x.xxx	x.xxx	x.xxx	x.xxx	x.xxx	x.xxx	x.xxx	x.xxx	x.xxx	x.xxx	x.xxx	x.xxx	x.xxx	x.xxx	x.xxx	x.xxx	x.xxx	x.xxx	x.xxx	x.xxx	x.xxx	x.xxx	x.xxx	x.xxx	x.xxx	x.xxx	x.xxx	x.xxx	x.xxx	x.xxx	x.xxx	x.xxx	x.xxx	x.xxx	x.xxx	x.xxx	x.xxx	x.xxx	x.xxx	x.xxx	x.xxx	x.xxx	x.xxx	x.xxx	x.xxx	x.xxx	x.xxx	x.xxx	x.xxx	x.xxx	x.xxx	x.xxx	x.xxx	x.xxx	x.xxx	x.xxx	x.xxx	x.xxx	x.xxx	x.xxx	x.xxx	x.xxx	x.xxx	x.xxx	x.xxx	x.xxx	x.xxx	0.000	0.964	0.760	0.751	0.927	0.951	0.687	0.980	0.967	0.961	0.353	0.461	0.651	0.775	0.936	0.865	0.365	0.799	0.718	0.885	0.772	0.837	0.922	0.864	0.453	0.637	0.740	0.750	0.958	0.978	0.901	0.678	0.839	0.996	0.393	0.482	0.662	0.489	0.741	0.413	0.999	0.521	0.387	0.755	0.655	0.975	0.830	0.944	0.625	0.438	0.443	0.981	0.735	0.511	0.773	0.796	0.379	0.944	0.667	0.670	0.262	0.737	0.290	0.432	0.853	0.746	0.771	0.913	0.962	0.754	0.677	0.461	0.848	0.406	0.958	0.851	0.589	0.488	0.847	0.650	0.896	0.383	0.357	0.756	0.717	0.671	0.985	0.879	0.910	0.497	0.882	0.265	0.967	0.767	0.755	0.776	0.719	0.820	0.999	0.892	0.758	0.854	0.673	0.315	0.478	0.455	0.691	0.322	0.865	0.210	0.629	0.862	0.867	0.714	0.479	0.654	0.422	0.931	0.104	0.416	0.976	0.519	0.634	0.743	0.925	0.710	0.627	0.437	0.994	0.419	0.293	0.852	0.951	0.757	0.774	0.725	0.992	0.549	0.869	0.870	0.752	0.472
71	x.xxx	x.xxx	x.xxx	x.xxx	x.xxx	x.xxx	x.xxx	x.xxx	x.xxx	x.xxx	x.xxx	x.xxx	x.xxx	x.xxx	x.xxx	x.xxx	x.xxx	x.xxx	x.xxx	x.xxx	x.xxx	x.xxx	x.xxx	x.xxx	x.xxx	x.xxx	x.xxx	x.xxx	x.xxx	x.xxx	x.xxx	x.xxx	x.xxx	x.xxx	x.xxx	x.xxx	x.xxx	x.xxx	x.xxx	x.xxx	x.xxx	x.xxx	x.xxx	x.xxx	x.xxx	x.xxx	x.xxx	x.xxx	x.xxx	x.xxx	x.xxx	x.xxx	x.xxx	x.xxx	x.xxx	x.xxx	x.xxx	x.xxx	x.xxx	x.xxx	x.xxx	x.xxx	x.xxx	x.xxx	x.xxx	x.xxx	x.xxx	x.xxx	x.xxx	x.xxx	x.xxx	0.000	0.997	0.926	0.911	0.958	0.971	0.902	0.984	0.825	0.982	0.999	0.843	0.989	0.713	0.657	0.979	0.838	0.859	0.990	0.984	0.862	0.961	0.728	0.841	0.919	0.995	0.978	0.915	0.990	0.806	0.968	0.768	0.667	0.999	0.942	0.804	0.981	0.954	0.999	0.933	0.999	0.999	0.942	0.943	0.897	0.969	0.780	0.823	0.863	0.996	0.627	0.943	0.933	0.945	0.985	0.993	0.984	0.979	0.773	0.950	0.964	0.958	0.989	0.963	0.922	0.955	0.791	0.915	0.920	0.943	0.960	0.891	0.874	0.717	0.988	0.964	0.953	0.654	0.919	0.888	0.992	0.979	0.989	0.823	0.976	0.995	0.996	0.971	0.982	0.796	0.989	0.907	0.997	0.995	0.966	0.933	0.747	0.976	0.994	0.954	0.930	0.985	0.984	0.981	0.982	0.986	0.986	0.782	0.992	0.943	0.861	0.728	0.949	0.992	0.996	0.978	0.590	0.966	0.954	0.878	0.894	0.967	0.922	0.947	0.982	0.989	0.996	0.999	0.850	0.975	0.777	0.691	0.999	0.991	0.875	0.963	0.993	0.921	0.571	0.987	0.763
72	x.xxx	x.xxx	x.xxx	x.xxx	x.xxx	x.xxx	x.xxx	x.xxx	x.xxx	x.xxx	x.xxx	x.xxx	x.xxx	x.xxx	x.xxx	x.xxx	x.xxx	x.xxx	x.xxx	x.xxx	x.xxx	x.xxx	x.xxx	x.xxx	x.xxx	x.xxx	x.xxx	x.xxx	x.xxx	x.xxx	x.xxx	x.xxx	x.xxx	x.xxx	x.xxx	x.xxx	x.xxx	x.xxx	x.xxx	x.xxx	x.xxx	x.xxx	x.xxx	x.xxx	x.xxx	x.xxx	x.xxx	x.xxx	x.xxx	x.xxx	x.xxx	x.xxx	x.xxx	x.xxx	x.xxx	x.xxx	x.xxx	x.xxx	x.xxx	x.xxx	x.xxx	x.xxx	x.xxx	x.xxx	x.xxx	x.xxx	x.xxx	x.xxx	x.xxx	x.xxx	x.xxx	x.xxx	0.000	0.285	0.999	0.993	0.298	0.999	0.989	0.967	0.767	0.930	0.907	0.930	0.999	0.986	0.910	0.932	0.883	0.939	0.970	0.991	0.977	0.706	0.933	0.674	0.256	0.230	0.985	0.986	0.996	0.276	0.946	0.996	0.923	0.935	0.869	0.939	0.915	0.893	0.994	0.936	0.619	0.317	0.501	0.999	0.895	0.996	0.929	0.930	0.898	0.998	0.157	0.459	0.928	0.853	0.923	0.999	0.514	0.927	0.834	0.264	0.648	0.931	0.999	0.913	0.856	0.819	0.990	0.933	0.344	0.926	0.751	0.926	0.998	0.884	0.886	0.935	0.977	0.351	0.876	0.913	0.387	0.086	0.775	0.132	0.991	0.915	0.987	0.232	0.993	0.900	0.998	0.171	0.793	0.791	0.963	0.925	0.992	0.987	0.927	0.820	0.318	0.917	0.894	0.939	0.425	0.617	0.939	0.833	0.276	0.999	0.950	0.111	0.930	0.155	0.882	0.992	0.793	0.936	0.998	0.933	0.886	0.266	0.999	0.291	0.261	0.565	0.998	0.923	0.843	0.983	0.861	0.235	0.167	0.508	1.000	0.949	0.845	0.779	0.314	0.941
73	x.xxx	x.xxx	x.xxx	x.xxx	x.xxx	x.xxx	x.xxx	x.xxx	x.xxx	x.xxx	x.xxx	x.xxx	x.xxx	x.xxx	x.xxx	x.xxx	x.xxx	x.xxx	x.xxx	x.xxx	x.xxx	x.xxx	x.xxx	x.xxx	x.xxx	x.xxx	x.xxx	x.xxx	x.xxx	x.xxx	x.xxx	x.xxx	x.xxx	x.xxx	x.xxx	x.xxx	x.xxx	x.xxx	x.xxx	x.xxx	x.xxx	x.xxx	x.xxx	x.xxx	x.xxx	x.xxx	x.xxx	x.xxx	x.xxx	x.xxx	x.xxx	x.xxx	x.xxx	x.xxx	x.xxx	x.xxx	x.xxx	x.xxx	x.xxx	x.xxx	x.xxx	x.xxx	x.xxx	x.xxx	x.xxx	x.xxx	x.xxx	x.xxx	x.xxx	x.xxx	x.xxx	x.xxx	x.xxx	0.000	0.866	0.956	0.325	0.895	0.958	0.970	0.801	0.907	0.824	0.950	0.874	0.941	0.915	0.858	0.805	0.939	0.930	0.809	0.943	0.623	0.839	0.643	0.340	0.253	0.960	0.985	0.847	0.320	0.801	0.995	0.913	0.898	0.714	0.799	0.825	0.916	0.996	0.927	0.758	0.267	0.448	0.945	0.890	0.872	0.840	0.848	0.901	0.955	0.342	0.485	0.915	0.861	0.954	0.953	0.628	0.847	0.870	0.269	0.676	0.917	0.934	0.822	0.851	0.722	0.948	0.831	0.309	0.883	0.670	0.858	0.911	0.930	0.870	0.860	0.983	0.253	0.798	0.790	0.523	0.215	0.728	0.196	0.987	0.940	0.939	0.418	0.821	0.938	0.940	0.199	0.865	0.746	0.968	0.852	0.995	0.985	0.833	0.745	0.386	0.934	0.869	0.930	0.468	0.624	0.830	0.874	0.256	0.884	0.826	0.211	0.950	0.255	0.874	0.882	0.766	0.869	0.954	0.832	0.895	0.134	0.909	0.345	0.314	0.711	0.997	0.834	0.859	0.934	0.767	0.236	0.174	0.488	0.981	0.960	0.765	0.690	0.369	0.844
74	x.xxx	x.xxx	x.xxx	x.xxx	x.xxx	x.xxx	x.xxx	x.xxx	x.xxx	x.xxx	x.xxx	x.xxx	x.xxx	x.xxx	x.xxx	x.xxx	x.xxx	x.xxx	x.xxx	x.xxx	x.xxx	x.xxx	x.xxx	x.xxx	x.xxx	x.xxx	x.xxx	x.xxx	x.xxx	x.xxx	x.xxx	x.xxx	x.xxx	x.xxx	x.xxx	x.xxx	x.xxx	x.xxx	x.xxx	x.xxx	x.xxx	x.xxx	x.xxx	x.xxx	x.xxx	x.xxx	x.xxx	x.xxx	x.xxx	x.xxx	x.xxx	x.xxx	x.xxx	x.xxx	x.xxx	x.xxx	x.xxx	x.xxx	x.xxx	x.xxx	x.xxx	x.xxx	x.xxx	x.xxx	x.xxx	x.xxx	x.xxx	x.xxx	x.xxx	x.xxx	x.xxx	x.xxx	x.xxx	x.xxx	0.000	0.908	0.946	0.908	0.958	0.990	1.000	0.999	0.888	0.923	0.811	0.925	0.968	0.904	0.809	0.978	0.979	0.758	0.962	0.916	0.911	0.864	0.991	0.980	0.938	0.984	0.778	0.934	0.854	0.999	0.999	0.973	0.778	0.968	0.880	1.000	0.999	1.000	0.999	0.900	0.885	0.924	0.938	0.870	0.891	0.915	0.995	0.955	0.963	0.998	0.956	0.971	0.996	0.957	0.958	0.902	0.980	0.936	0.902	0.978	0.900	0.844	0.954	0.933	0.914	0.806	0.877	0.959	0.934	0.912	0.862	0.986	0.911	0.929	0.999	0.849	0.954	0.998	0.955	0.988	0.867	0.961	0.974	0.988	0.978	0.962	0.738	0.993	0.902	0.994	0.987	0.943	0.966	0.907	0.999	0.905	0.881	0.946	0.970	0.964	0.996	0.963	0.969	0.969	0.874	0.984	0.891	0.792	0.864	0.915	0.991	0.994	0.993	0.832	0.935	0.915	0.905	0.926	0.885	0.892	0.532	0.971	0.980	0.994	0.996	0.902	0.995	0.918	0.946	0.999	0.988	0.874	0.971	0.986	0.952	0.928	0.982	0.882
75	x.xxx	x.xxx	x.xxx	x.xxx	x.xxx	x.xxx	x.xxx	x.xxx	x.xxx	x.xxx	x.xxx	x.xxx	x.xxx	x.xxx	x.xxx	x.xxx	x.xxx	x.xxx	x.xxx	x.xxx	x.xxx	x.xxx	x.xxx	x.xxx	x.xxx	x.xxx	x.xxx	x.xxx	x.xxx	x.xxx	x.xxx	x.xxx	x.xxx	x.xxx	x.xxx	x.xxx	x.xxx	x.xxx	x.xxx	x.xxx	x.xxx	x.xxx	x.xxx	x.xxx	x.xxx	x.xxx	x.xxx	x.xxx	x.xxx	x.xxx	x.xxx	x.xxx	x.xxx	x.xxx	x.xxx	x.xxx	x.xxx	x.xxx	x.xxx	x.xxx	x.xxx	x.xxx	x.xxx	x.xxx	x.xxx	x.xxx	x.xxx	x.xxx	x.xxx	x.xxx	x.xxx	x.xxx	x.xxx	x.xxx	x.xxx	0.000	0.972	0.946	0.823	0.973	0.996	0.996	0.908	0.939	0.920	0.974	0.968	0.928	0.841	0.947	0.974	0.787	0.946	0.969	0.941	0.928	0.977	0.976	0.969	0.965	0.823	0.919	0.916	0.985	0.996	0.971	0.876	0.977	0.924	0.997	0.993	0.997	0.984	0.936	0.926	0.958	0.795	0.862	0.924	0.945	0.992	0.984	0.946	0.989	0.945	0.948	0.987	0.847	0.953	0.936	0.949	0.945	0.902	0.958	0.775	0.920	0.948	0.963	0.924	0.807	0.936	0.955	0.970	0.942	0.930	0.935	0.884	0.960	0.995	0.891	0.976	0.980	0.925	0.971	0.933	0.974	0.995	0.966	0.978	0.928	0.843	0.989	0.929	0.984	0.879	0.973	0.947	0.946	0.961	0.994	0.925	0.977	0.963	0.917	0.990	0.950	0.962	0.928	0.893	0.962	0.963	0.833	0.898	0.946	0.986	0.988	0.984	0.916	0.961	0.941	0.958	0.956	0.779	0.960	0.864	0.977	0.984	0.959	0.970	0.936	0.990	0.972	0.981	0.994	0.979	0.930	0.992	0.978	0.981	0.956	0.981	0.932
76	x.xxx	x.xxx	x.xxx	x.xxx	x.xxx	x.xxx	x.xxx	x.xxx	x.xxx	x.xxx	x.xxx	x.xxx	x.xxx	x.xxx	x.xxx	x.xxx	x.xxx	x.xxx	x.xxx	x.xxx	x.xxx	x.xxx	x.xxx	x.xxx	x.xxx	x.xxx	x.xxx	x.xxx	x.xxx	x.xxx	x.xxx	x.xxx	x.xxx	x.xxx	x.xxx	x.xxx	x.xxx	x.xxx	x.xxx	x.xxx	x.xxx	x.xxx	x.xxx	x.xxx	x.xxx	x.xxx	x.xxx	x.xxx	x.xxx	x.xxx	x.xxx	x.xxx	x.xxx	x.xxx	x.xxx	x.xxx	x.xxx	x.xxx	x.xxx	x.xxx	x.xxx	x.xxx	x.xxx	x.xxx	x.xxx	x.xxx	x.xxx	x.xxx	x.xxx	x.xxx	x.xxx	x.xxx	x.xxx	x.xxx	x.xxx	x.xxx	0.000	0.983	0.946	0.945	0.771	0.905	0.931	0.960	0.954	0.980	0.905	0.960	0.776	0.935	0.935	0.885	0.925	0.763	0.921	0.471	0.107	0.172	0.973	0.977	0.925	0.124	0.898	0.995	0.912	0.898	0.761	0.835	0.752	0.916	0.997	0.930	0.666	0.154	0.341	0.980	0.933	0.966	0.945	0.938	0.897	0.984	0.301	0.347	0.976	0.752	0.974	0.956	0.470	0.943	0.859	0.138	0.590	0.947	0.897	0.723	0.788	0.817	0.971	0.798	0.157	0.929	0.804	0.958	0.961	0.949	0.846	0.944	0.991	0.202	0.875	0.823	0.391	0.332	0.696	0.305	0.988	0.956	0.957	0.312	0.914	0.953	0.959	0.282	0.764	0.750	0.981	0.952	0.994	0.989	0.706	0.857	0.141	0.944	0.860	0.980	0.251	0.487	0.938	0.860	0.170	0.907	0.924	0.316	0.964	0.393	0.868	0.946	0.707	0.974	0.981	0.906	0.888	0.290	0.941	0.085	0.152	0.622	0.993	0.929	0.843	0.977	0.865	0.433	0.247	0.316	0.994	0.974	0.855	0.819	0.089	0.927
77	x.xxx	x.xxx	x.xxx	x.xxx	x.xxx	x.xxx	x.xxx	x.xxx	x.xxx	x.xxx	x.xxx	x.xxx	x.xxx	x.xxx	x.xxx	x.xxx	x.xxx	x.xxx	x.xxx	x.xxx	x.xxx	x.xxx	x.xxx	x.xxx	x.xxx	x.xxx	x.xxx	x.xxx	x.xxx	x.xxx	x.xxx	x.xxx	x.xxx	x.xxx	x.xxx	x.xxx	x.xxx	x.xxx	x.xxx	x.xxx	x.xxx	x.xxx	x.xxx	x.xxx	x.xxx	x.xxx	x.xxx	x.xxx	x.xxx	x.xxx	x.xxx	x.xxx	x.xxx	x.xxx	x.xxx	x.xxx	x.xxx	x.xxx	x.xxx	x.xxx	x.xxx	x.xxx	x.xxx	x.xxx	x.xxx	x.xxx	x.xxx	x.xxx	x.xxx	x.xxx	x.xxx	x.xxx	x.xxx	x.xxx	x.xxx	x.xxx	x.xxx	0.000	0.920	0.987	0.999	0.999	0.635	0.983	0.657	0.931	0.978	0.684	0.973	0.966	0.990	0.867	0.966	0.907	0.739	0.979	0.993	0.975	0.992	0.998	0.656	0.949	0.643	0.925	0.999	0.985	0.666	0.976	0.970	1.000	0.992	1.000	0.999	0.841	0.868	0.928	0.913	0.624	0.657	0.723	0.992	0.925	0.967	0.997	0.931	0.983	0.994	0.932	0.972	0.701	0.995	0.914	0.977	0.967	0.965	0.973	0.971	0.943	0.951	0.968	0.941	0.941	0.981	0.698	0.876	0.982	0.962	0.882	0.986	0.853	0.984	0.996	0.983	0.993	0.979	0.979	0.994	0.982	0.969	0.984	0.873	0.988	0.965	0.993	0.980	0.994	0.992	0.693	0.955	0.996	0.971	0.959	0.981	0.994	0.997	0.948	0.968	0.965	0.643	0.992	0.985	0.971	0.671	0.868	0.985	0.992	0.997	0.842	0.981	0.855	0.977	0.789	0.972	0.985	0.919	0.981	0.983	0.993	0.995	0.686	0.992	0.929	0.956	0.999	0.990	0.983	0.987	0.991	0.983	0.930	0.983	0.750
78	x.xxx	x.xxx	x.xxx	x.xxx	x.xxx	x.xxx	x.xxx	x.xxx	x.xxx	x.xxx	x.xxx	x.xxx	x.xxx	x.xxx	x.xxx	x.xxx	x.xxx	x.xxx	x.xxx	x.xxx	x.xxx	x.xxx	x.xxx	x.xxx	x.xxx	x.xxx	x.xxx	x.xxx	x.xxx	x.xxx	x.xxx	x.xxx	x.xxx	x.xxx	x.xxx	x.xxx	x.xxx	x.xxx	x.xxx	x.xxx	x.xxx	x.xxx	x.xxx	x.xxx	x.xxx	x.xxx	x.xxx	x.xxx	x.xxx	x.xxx	x.xxx	x.xxx	x.xxx	x.xxx	x.xxx	x.xxx	x.xxx	x.xxx	x.xxx	x.xxx	x.xxx	x.xxx	x.xxx	x.xxx	x.xxx	x.xxx	x.xxx	x.xxx	x.xxx	x.xxx	x.xxx	x.xxx	x.xxx	x.xxx	x.xxx	x.xxx	x.xxx	x.xxx	0.000	0.928	0.998	0.999	0.908	0.946	0.968	0.991	0.965	0.932	0.946	0.810	0.987	0.832	0.923	0.986	0.948	0.920	0.976	0.962	0.992	0.987	0.903	0.920	0.911	0.997	0.998	0.981	0.894	0.968	0.823	0.999	0.997	1.000	0.952	0.932	0.903	0.988	0.805	0.901	0.918	0.942	0.988	0.989	0.947	0.979	0.948	0.943	0.985	0.650	0.921	0.935	0.986	0.934	0.956	0.960	0.833	0.868	0.936	0.988	0.965	0.841	0.927	0.959	0.989	0.933	0.966	0.863	0.872	0.963	0.998	0.941	0.992	0.989	0.971	0.980	0.969	0.964	0.992	0.879	0.992	0.974	0.925	0.976	0.981	0.979	0.886	0.992	0.982	0.937	0.991	0.995	0.809	0.990	0.941	0.986	0.994	0.951	0.939	0.909	0.910	0.980	0.961	0.945	0.924	0.939	0.966	0.986	0.993	0.974	0.971	0.939	0.986	0.957	0.925	0.966	0.933	0.947	0.955	0.965	0.916	0.930	0.986	0.989	0.994	0.983	0.980	0.956	0.997	0.985	0.992	0.986	0.948	0.946
79	x.xxx	x.xxx	x.xxx	x.xxx	x.xxx	x.xxx	x.xxx	x.xxx	x.xxx	x.xxx	x.xxx	x.xxx	x.xxx	x.xxx	x.xxx	x.xxx	x.xxx	x.xxx	x.xxx	x.xxx	x.xxx	x.xxx	x.xxx	x.xxx	x.xxx	x.xxx	x.xxx	x.xxx	x.xxx	x.xxx	x.xxx	x.xxx	x.xxx	x.xxx	x.xxx	x.xxx	x.xxx	x.xxx	x.xxx	x.xxx	x.xxx	x.xxx	x.xxx	x.xxx	x.xxx	x.xxx	x.xxx	x.xxx	x.xxx	x.xxx	x.xxx	x.xxx	x.xxx	x.xxx	x.xxx	x.xxx	x.xxx	x.xxx	x.xxx	x.xxx	x.xxx	x.xxx	x.xxx	x.xxx	x.xxx	x.xxx	x.xxx	x.xxx	x.xxx	x.xxx	x.xxx	x.xxx	x.xxx	x.xxx	x.xxx	x.xxx	x.xxx	x.xxx	x.xxx	0.000	0.926	0.984	0.960	0.970	0.990	0.995	0.962	0.974	0.958	0.938	0.988	0.962	0.887	0.990	0.973	0.939	0.961	0.923	0.993	0.988	0.976	0.961	0.970	0.870	0.984	0.835	0.942	0.981	0.896	0.983	0.826	0.986	0.948	0.957	0.917	0.996	0.917	0.975	0.971	0.973	0.978	0.991	0.830	0.744	0.984	0.952	0.960	0.963	0.932	0.974	0.770	0.948	0.952	0.988	0.963	0.908	0.902	0.939	0.989	0.913	0.959	0.914	0.957	0.975	0.991	0.885	0.937	0.984	0.850	0.965	0.931	0.949	0.964	0.951	0.768	0.950	0.993	0.946	0.994	0.966	0.828	0.931	0.993	0.969	0.930	0.992	0.863	0.980	0.929	0.996	0.918	0.992	0.939	0.973	0.925	0.984	0.951	0.948	0.969	0.963	0.954	0.978	0.970	0.955	0.969	0.973	0.918	0.695	0.963	0.976	0.933	0.895	0.945	0.961	0.985	0.940	0.948	0.954	0.992	0.972	0.887	0.885	0.922	0.975	0.970	0.955	0.999	0.981	0.970	0.876	0.947	0.962
80	x.xxx	x.xxx	x.xxx	x.xxx	x.xxx	x.xxx	x.xxx	x.xxx	x.xxx	x.xxx	x.xxx	x.xxx	x.xxx	x.xxx	x.xxx	x.xxx	x.xxx	x.xxx	x.xxx	x.xxx	x.xxx	x.xxx	x.xxx	x.xxx	x.xxx	x.xxx	x.xxx	x.xxx	x.xxx	x.xxx	x.xxx	x.xxx	x.xxx	x.xxx	x.xxx	x.xxx	x.xxx	x.xxx	x.xxx	x.xxx	x.xxx	x.xxx	x.xxx	x.xxx	x.xxx	x.xxx	x.xxx	x.xxx	x.xxx	x.xxx	x.xxx	x.xxx	x.xxx	x.xxx	x.xxx	x.xxx	x.xxx	x.xxx	x.xxx	x.xxx	x.xxx	x.xxx	x.xxx	x.xxx	x.xxx	x.xxx	x.xxx	x.xxx	x.xxx	x.xxx	x.xxx	x.xxx	x.xxx	x.xxx	x.xxx	x.xxx	x.xxx	x.xxx	x.xxx	x.xxx	0.000	0.164	0.768	0.846	0.999	0.786	0.181	0.866	0.900	0.953	0.627	0.997	0.937	0.893	0.562	0.772	0.749	0.731	0.986	0.989	0.996	0.745	0.955	0.985	0.145	0.191	0.831	0.240	0.940	0.133	0.970	0.239	0.508	0.773	0.706	0.999	0.889	0.996	0.751	0.412	0.170	0.994	0.739	0.517	0.829	0.874	0.221	0.999	0.752	0.771	0.413	0.746	0.534	0.140	0.999	0.936	0.857	0.915	0.990	0.953	0.762	0.132	0.856	0.533	1.000	0.894	0.832	0.373	0.758	0.733	0.879	0.425	0.492	0.771	0.765	0.717	0.992	0.937	0.851	0.593	0.952	0.367	1.000	0.767	0.843	0.671	0.505	0.880	0.960	0.883	0.948	0.817	0.722	0.278	0.168	0.160	0.732	0.436	0.949	0.277	0.720	0.999	0.958	0.739	0.197	0.692	0.107	0.968	0.290	0.269	0.987	0.220	0.826	0.808	0.999	0.758	0.670	0.543	0.999	0.576	0.167	0.756	0.951	0.765	0.782	0.807	1.000	0.295	0.806	0.879	0.778	0.528
81	x.xxx	x.xxx	x.xxx	x.xxx	x.xxx	x.xxx	x.xxx	x.xxx	x.xxx	x.xxx	x.xxx	x.xxx	x.xxx	x.xxx	x.xxx	x.xxx	x.xxx	x.xxx	x.xxx	x.xxx	x.xxx	x.xxx	x.xxx	x.xxx	x.xxx	x.xxx	x.xxx	x.xxx	x.xxx	x.xxx	x.xxx	x.xxx	x.xxx	x.xxx	x.xxx	x.xxx	x.xxx	x.xxx	x.xxx	x.xxx	x.xxx	x.xxx	x.xxx	x.xxx	x.xxx	x.xxx	x.xxx	x.xxx	x.xxx	x.xxx	x.xxx	x.xxx	x.xxx	x.xxx	x.xxx	x.xxx	x.xxx	x.xxx	x.xxx	x.xxx	x.xxx	x.xxx	x.xxx	x.xxx	x.xxx	x.xxx	x.xxx	x.xxx	x.xxx	x.xxx	x.xxx	x.xxx	x.xxx	x.xxx	x.xxx	x.xxx	x.xxx	x.xxx	x.xxx	x.xxx	x.xxx	0.000	0.763	0.841	0.999	0.754	0.168	0.862	0.968	0.952	0.562	0.997	0.991	0.947	0.550	0.949	0.889	0.891	0.987	0.990	0.996	0.883	0.953	0.998	0.106	0.096	0.860	0.141	0.968	0.055	1.000	0.110	0.699	0.910	0.882	0.999	0.903	0.996	0.742	0.397	0.068	0.999	0.936	0.662	0.823	0.964	0.207	0.999	0.969	0.763	0.510	0.891	0.719	0.097	0.999	0.974	0.984	0.952	0.990	0.977	0.901	0.094	0.915	0.518	1.000	0.916	0.827	0.356	0.770	0.857	0.906	0.398	0.638	0.929	0.971	0.870	0.992	0.933	0.828	0.738	0.999	0.369	1.000	0.880	0.927	0.670	0.453	0.875	1.000	0.882	0.979	0.852	0.864	0.253	0.099	0.114	0.890	0.564	0.947	0.319	0.835	0.999	0.956	0.892	0.063	0.831	0.066	0.995	0.376	0.245	0.999	0.139	0.817	0.915	0.999	0.901	0.796	0.723	0.999	0.562	0.256	0.733	0.982	0.891	0.900	0.923	1.000	0.175	0.838	0.931	0.909	0.528
82	x.xxx	x.xxx	x.xxx	x.xxx	x.xxx	x.xxx	x.xxx	x.xxx	x.xxx	x.xxx	x.xxx	x.xxx	x.xxx	x.xxx	x.xxx	x.xxx	x.xxx	x.xxx	x.xxx	x.xxx	x.xxx	x.xxx	x.xxx	x.xxx	x.xxx	x.xxx	x.xxx	x.xxx	x.xxx	x.xxx	x.xxx	x.xxx	x.xxx	x.xxx	x.xxx	x.xxx	x.xxx	x.xxx	x.xxx	x.xxx	x.xxx	x.xxx	x.xxx	x.xxx	x.xxx	x.xxx	x.xxx	x.xxx	x.xxx	x.xxx	x.xxx	x.xxx	x.xxx	x.xxx	x.xxx	x.xxx	x.xxx	x.xxx	x.xxx	x.xxx	x.xxx	x.xxx	x.xxx	x.xxx	x.xxx	x.xxx	x.xxx	x.xxx	x.xxx	x.xxx	x.xxx	x.xxx	x.xxx	x.xxx	x.xxx	x.xxx	x.xxx	x.xxx	x.xxx	x.xxx	x.xxx	x.xxx	0.000	0.761	0.690	0.849	0.704	0.348	0.912	0.866	0.895	0.809	0.943	0.795	0.330	0.924	0.935	0.910	0.976	0.979	0.385	0.862	0.302	0.996	0.731	0.757	0.331	0.764	0.898	0.757	0.997	0.792	0.612	0.778	0.781	0.885	0.729	0.314	0.117	0.302	0.768	0.910	0.870	0.773	0.687	0.930	0.711	0.897	0.907	0.224	0.640	0.844	0.585	0.713	0.919	0.907	0.934	0.877	0.936	0.903	0.883	0.698	0.917	0.283	0.798	0.819	0.652	0.647	0.932	0.713	0.952	0.721	0.695	0.897	0.934	0.840	0.984	0.860	0.936	0.709	0.834	0.644	0.959	0.914	0.875	0.925	0.867	0.308	0.996	0.951	0.917	0.914	0.873	0.674	0.784	0.701	0.914	0.650	0.286	0.662	0.831	0.945	0.357	0.740	0.752	0.777	0.759	0.818	0.679	0.579	0.973	0.558	0.651	0.932	0.893	0.931	0.791	0.654	0.993	0.171	0.713	0.835	0.942	0.888	0.931	0.940	0.986	0.788	0.943	0.851	0.942	0.368
83	x.xxx	x.xxx	x.xxx	x.xxx	x.xxx	x.xxx	x.xxx	x.xxx	x.xxx	x.xxx	x.xxx	x.xxx	x.xxx	x.xxx	x.xxx	x.xxx	x.xxx	x.xxx	x.xxx	x.xxx	x.xxx	x.xxx	x.xxx	x.xxx	x.xxx	x.xxx	x.xxx	x.xxx	x.xxx	x.xxx	x.xxx	x.xxx	x.xxx	x.xxx	x.xxx	x.xxx	x.xxx	x.xxx	x.xxx	x.xxx	x.xxx	x.xxx	x.xxx	x.xxx	x.xxx	x.xxx	x.xxx	x.xxx	x.xxx	x.xxx	x.xxx	x.xxx	x.xxx	x.xxx	x.xxx	x.xxx	x.xxx	x.xxx	x.xxx	x.xxx	x.xxx	x.xxx	x.xxx	x.xxx	x.xxx	x.xxx	x.xxx	x.xxx	x.xxx	x.xxx	x.xxx	x.xxx	x.xxx	x.xxx	x.xxx	x.xxx	x.xxx	x.xxx	x.xxx	x.xxx	x.xxx	x.xxx	x.xxx	0.000	0.987	0.956	0.805	0.820	0.947	0.901	0.923	0.968	0.965	0.937	0.829	0.957	0.958	0.951	0.965	0.970	0.974	0.938	0.919	0.981	0.821	0.842	0.849	0.845	0.954	0.837	0.984	0.859	0.730	0.969	0.951	0.972	0.762	0.971	0.777	0.818	0.841	0.989	0.908	0.846	0.806	0.948	0.799	0.958	0.940	0.804	0.776	0.951	0.742	0.830	0.957	0.954	0.956	0.956	0.974	0.960	0.962	0.836	0.949	0.804	0.984	0.859	0.747	0.844	0.940	0.904	0.972	0.816	0.795	0.932	0.975	0.882	0.956	0.891	0.969	0.810	0.971	0.768	0.983	0.935	0.894	0.937	0.808	0.852	0.949	0.878	0.955	0.960	0.921	0.792	0.854	0.821	0.963	0.790	0.912	0.784	0.874	0.967	0.928	0.901	0.827	0.832	0.840	0.979	0.792	0.806	0.882	0.847	0.749	0.960	0.931	0.963	0.836	0.765	0.992	0.793	0.812	0.953	0.990	0.910	0.951	0.970	0.998	0.849	0.968	0.948	0.966	0.835
84	x.xxx	x.xxx	x.xxx	x.xxx	x.xxx	x.xxx	x.xxx	x.xxx	x.xxx	x.xxx	x.xxx	x.xxx	x.xxx	x.xxx	x.xxx	x.xxx	x.xxx	x.xxx	x.xxx	x.xxx	x.xxx	x.xxx	x.xxx	x.xxx	x.xxx	x.xxx	x.xxx	x.xxx	x.xxx	x.xxx	x.xxx	x.xxx	x.xxx	x.xxx	x.xxx	x.xxx	x.xxx	x.xxx	x.xxx	x.xxx	x.xxx	x.xxx	x.xxx	x.xxx	x.xxx	x.xxx	x.xxx	x.xxx	x.xxx	x.xxx	x.xxx	x.xxx	x.xxx	x.xxx	x.xxx	x.xxx	x.xxx	x.xxx	x.xxx	x.xxx	x.xxx	x.xxx	x.xxx	x.xxx	x.xxx	x.xxx	x.xxx	x.xxx	x.xxx	x.xxx	x.xxx	x.xxx	x.xxx	x.xxx	x.xxx	x.xxx	x.xxx	x.xxx	x.xxx	x.xxx	x.xxx	x.xxx	x.xxx	x.xxx	0.000	0.814	0.971	0.717	0.643	0.980	0.978	0.711	0.965	0.763	0.693	0.848	0.993	0.981	0.858	0.986	0.575	0.939	0.540	0.994	1.000	0.975	0.621	0.972	0.902	1.000	0.993	1.000	1.000	0.894	0.901	0.865	0.947	0.560	0.648	0.736	0.994	0.851	0.960	0.998	0.925	0.976	0.995	0.961	0.962	0.571	0.982	0.943	0.917	0.968	0.919	0.835	0.952	0.697	0.864	0.830	0.893	0.961	0.866	0.742	0.376	0.988	0.925	0.898	0.990	0.853	0.842	0.997	0.961	0.988	0.620	0.965	0.994	0.992	0.966	0.967	0.510	0.993	0.705	0.994	0.990	0.934	0.981	0.558	0.989	0.993	0.903	0.931	0.973	0.969	0.995	0.968	0.973	0.974	0.550	0.986	0.899	0.595	0.533	0.916	0.991	0.994	0.993	0.632	0.943	0.913	0.861	0.857	0.905	0.864	0.874	0.974	0.982	0.993	0.998	0.711	0.995	0.765	0.885	1.000	0.987	0.675	0.897	0.988	0.833	0.852	0.985	0.602
85	x.xxx	x.xxx	x.xxx	x.xxx	x.xxx	x.xxx	x.xxx	x.xxx	x.xxx	x.xxx	x.xxx	x.xxx	x.xxx	x.xxx	x.xxx	x.xxx	x.xxx	x.xxx	x.xxx	x.xxx	x.xxx	x.xxx	x.xxx	x.xxx	x.xxx	x.xxx	x.xxx	x.xxx	x.xxx	x.xxx	x.xxx	x.xxx	x.xxx	x.xxx	x.xxx	x.xxx	x.xxx	x.xxx	x.xxx	x.xxx	x.xxx	x.xxx	x.xxx	x.xxx	x.xxx	x.xxx	x.xxx	x.xxx	x.xxx	x.xxx	x.xxx	x.xxx	x.xxx	x.xxx	x.xxx	x.xxx	x.xxx	x.xxx	x.xxx	x.xxx	x.xxx	x.xxx	x.xxx	x.xxx	x.xxx	x.xxx	x.xxx	x.xxx	x.xxx	x.xxx	x.xxx	x.xxx	x.xxx	x.xxx	x.xxx	x.xxx	x.xxx	x.xxx	x.xxx	x.xxx	x.xxx	x.xxx	x.xxx	x.xxx	x.xxx	0.000	0.784	0.880	0.931	0.987	0.320	0.930	0.988	0.735	0.778	0.952	0.992	0.986	0.950	0.989	0.858	0.971	0.837	0.968	0.795	0.744	0.847	0.762	0.969	0.761	0.996	0.703	0.944	0.960	0.963	0.913	0.965	0.855	0.826	0.757	0.736	0.750	0.972	0.925	0.943	0.985	0.814	0.989	0.984	0.791	0.895	0.973	0.923	0.770	0.977	0.951	0.981	0.848	0.955	0.948	0.959	0.756	0.910	0.800	0.819	0.983	0.948	0.803	0.827	0.929	0.906	0.871	0.905	0.983	0.950	0.964	0.993	0.987	0.473	0.927	0.913	0.865	0.941	0.984	0.984	0.394	0.702	0.814	0.992	0.925	0.970	0.866	0.980	0.822	0.731	0.765	0.989	0.909	0.845	0.846	0.937	0.932	0.812	0.951	0.746	0.954	0.759	0.891	0.843	0.785	0.948	0.712	0.940	0.950	0.955	0.988	0.962	0.941	0.999	0.801	0.830	0.273	0.937	0.977	0.988	0.949	0.972	0.680	0.867	0.883	0.991	0.708
86	x.xxx	x.xxx	x.xxx	x.xxx	x.xxx	x.xxx	x.xxx	x.xxx	x.xxx	x.xxx	x.xxx	x.xxx	x.xxx	x.xxx	x.xxx	x.xxx	x.xxx	x.xxx	x.xxx	x.xxx	x.xxx	x.xxx	x.xxx	x.xxx	x.xxx	x.xxx	x.xxx	x.xxx	x.xxx	x.xxx	x.xxx	x.xxx	x.xxx	x.xxx	x.xxx	x.xxx	x.xxx	x.xxx	x.xxx	x.xxx	x.xxx	x.xxx	x.xxx	x.xxx	x.xxx	x.xxx	x.xxx	x.xxx	x.xxx	x.xxx	x.xxx	x.xxx	x.xxx	x.xxx	x.xxx	x.xxx	x.xxx	x.xxx	x.xxx	x.xxx	x.xxx	x.xxx	x.xxx	x.xxx	x.xxx	x.xxx	x.xxx	x.xxx	x.xxx	x.xxx	x.xxx	x.xxx	x.xxx	x.xxx	x.xxx	x.xxx	x.xxx	x.xxx	x.xxx	x.xxx	x.xxx	x.xxx	x.xxx	x.xxx	x.xxx	x.xxx	0.000	0.826	0.887	0.906	0.635	0.934	0.928	0.923	0.515	0.904	0.934	0.918	0.970	0.981	0.947	0.891	0.903	0.995	0.086	0.212	0.807	0.227	0.884	0.139	0.997	0.250	0.660	0.928	0.898	0.988	0.856	0.961	0.681	0.348	0.189	0.988	0.881	0.684	0.804	0.918	0.126	0.957	0.893	0.714	0.448	0.915	0.645	0.125	0.923	0.892	0.909	0.951	0.964	0.891	0.916	0.167	0.897	0.464	0.981	0.880	0.717	0.332	0.762	0.860	0.904	0.413	0.586	0.903	0.921	0.848	0.985	0.908	0.856	0.685	0.943	0.291	0.982	0.917	0.888	0.719	0.522	0.844	0.994	0.874	0.897	0.831	0.876	0.177	0.239	0.119	0.918	0.574	0.892	0.233	0.835	0.944	0.905	0.878	0.133	0.801	0.176	0.960	0.294	0.172	0.987	0.252	0.727	0.920	0.957	0.904	0.809	0.674	0.996	0.514	0.213	0.764	0.981	0.895	0.930	0.918	0.996	0.262	0.835	0.912	0.923	0.454
87	x.xxx	x.xxx	x.xxx	x.xxx	x.xxx	x.xxx	x.xxx	x.xxx	x.xxx	x.xxx	x.xxx	x.xxx	x.xxx	x.xxx	x.xxx	x.xxx	x.xxx	x.xxx	x.xxx	x.xxx	x.xxx	x.xxx	x.xxx	x.xxx	x.xxx	x.xxx	x.xxx	x.xxx	x.xxx	x.xxx	x.xxx	x.xxx	x.xxx	x.xxx	x.xxx	x.xxx	x.xxx	x.xxx	x.xxx	x.xxx	x.xxx	x.xxx	x.xxx	x.xxx	x.xxx	x.xxx	x.xxx	x.xxx	x.xxx	x.xxx	x.xxx	x.xxx	x.xxx	x.xxx	x.xxx	x.xxx	x.xxx	x.xxx	x.xxx	x.xxx	x.xxx	x.xxx	x.xxx	x.xxx	x.xxx	x.xxx	x.xxx	x.xxx	x.xxx	x.xxx	x.xxx	x.xxx	x.xxx	x.xxx	x.xxx	x.xxx	x.xxx	x.xxx	x.xxx	x.xxx	x.xxx	x.xxx	x.xxx	x.xxx	x.xxx	x.xxx	x.xxx	0.000	0.942	0.908	0.927	0.857	0.961	0.820	0.362	0.960	0.959	0.941	0.975	0.983	0.553	0.896	0.475	0.997	0.846	0.855	0.455	0.855	0.944	0.859	1.000	0.877	0.791	0.829	0.844	0.904	0.790	0.514	0.366	0.485	0.861	0.923	0.895	0.868	0.468	0.956	0.830	0.928	0.937	0.397	0.799	0.887	0.769	0.804	0.952	0.943	0.942	0.898	0.838	0.944	0.922	0.806	0.921	0.385	0.793	0.874	0.748	0.573	0.954	0.772	0.963	0.842	0.821	0.925	0.964	0.879	0.986	0.900	0.947	0.827	0.865	0.801	0.962	0.935	0.905	0.942	0.912	0.352	1.000	0.965	0.955	0.927	0.914	0.812	0.872	0.804	0.952	0.789	0.437	0.805	0.870	0.960	0.508	0.789	0.849	0.856	0.858	0.833	0.813	0.706	0.965	0.669	0.747	0.955	0.913	0.964	0.840	0.799	0.995	0.433	0.837	0.868	0.936	0.910	0.948	0.966	0.987	0.863	0.957	0.875	0.969	0.544
88	x.xxx	x.xxx	x.xxx	x.xxx	x.xxx	x.xxx	x.xxx	x.xxx	x.xxx	x.xxx	x.xxx	x.xxx	x.xxx	x.xxx	x.xxx	x.xxx	x.xxx	x.xxx	x.xxx	x.xxx	x.xxx	x.xxx	x.xxx	x.xxx	x.xxx	x.xxx	x.xxx	x.xxx	x.xxx	x.xxx	x.xxx	x.xxx	x.xxx	x.xxx	x.xxx	x.xxx	x.xxx	x.xxx	x.xxx	x.xxx	x.xxx	x.xxx	x.xxx	x.xxx	x.xxx	x.xxx	x.xxx	x.xxx	x.xxx	x.xxx	x.xxx	x.xxx	x.xxx	x.xxx	x.xxx	x.xxx	x.xxx	x.xxx	x.xxx	x.xxx	x.xxx	x.xxx	x.xxx	x.xxx	x.xxx	x.xxx	x.xxx	x.xxx	x.xxx	x.xxx	x.xxx	x.xxx	x.xxx	x.xxx	x.xxx	x.xxx	x.xxx	x.xxx	x.xxx	x.xxx	x.xxx	x.xxx	x.xxx	x.xxx	x.xxx	x.xxx	x.xxx	x.xxx	0.000	0.863	0.964	0.430	0.904	0.875	0.926	0.557	0.854	0.856	0.859	0.961	0.798	0.789	0.868	0.995	0.965	0.935	0.615	0.935	0.645	0.927	0.999	0.971	0.832	0.840	0.769	0.947	0.914	0.913	0.924	0.942	0.921	0.970	0.835	0.900	0.962	0.831	0.971	0.918	0.763	0.921	0.844	0.844	0.660	0.966	0.747	0.497	0.794	0.876	0.918	0.494	0.707	0.957	0.828	0.945	0.749	0.938	0.772	0.963	0.980	0.765	0.915	0.959	0.809	0.871	0.368	0.839	0.987	0.944	0.982	0.826	0.358	0.951	0.836	0.891	0.811	0.908	0.968	0.936	0.998	0.989	0.664	0.940	0.817	0.904	0.923	0.974	0.801	0.846	0.900	0.839	0.725	0.177	0.882	0.864	0.959	0.896	0.908	0.684	0.746	0.964	0.895	0.950	0.717	0.683	0.843	0.808	0.856	0.846	0.990	0.931	0.873	0.897	0.922	0.910	0.874	0.432	0.959	0.966	0.889	0.880	0.837	0.897
89	x.xxx	x.xxx	x.xxx	x.xxx	x.xxx	x.xxx	x.xxx	x.xxx	x.xxx	x.xxx	x.xxx	x.xxx	x.xxx	x.xxx	x.xxx	x.xxx	x.xxx	x.xxx	x.xxx	x.xxx	x.xxx	x.xxx	x.xxx	x.xxx	x.xxx	x.xxx	x.xxx	x.xxx	x.xxx	x.xxx	x.xxx	x.xxx	x.xxx	x.xxx	x.xxx	x.xxx	x.xxx	x.xxx	x.xxx	x.xxx	x.xxx	x.xxx	x.xxx	x.xxx	x.xxx	x.xxx	x.xxx	x.xxx	x.xxx	x.xxx	x.xxx	x.xxx	x.xxx	x.xxx	x.xxx	x.xxx	x.xxx	x.xxx	x.xxx	x.xxx	x.xxx	x.xxx	x.xxx	x.xxx	x.xxx	x.xxx	x.xxx	x.xxx	x.xxx	x.xxx	x.xxx	x.xxx	x.xxx	x.xxx	x.xxx	x.xxx	x.xxx	x.xxx	x.xxx	x.xxx	x.xxx	x.xxx	x.xxx	x.xxx	x.xxx	x.xxx	x.xxx	x.xxx	x.xxx	0.000	0.976	0.912	0.908	0.980	0.925	0.939	0.931	0.912	0.984	0.947	0.922	0.890	0.873	0.996	0.943	0.931	0.886	0.939	0.812	0.950	0.999	0.960	0.894	0.942	0.893	0.994	0.812	0.938	0.883	0.920	0.944	0.995	0.907	0.946	0.930	0.931	0.915	0.805	0.800	0.907	0.900	0.915	0.846	0.945	0.736	0.856	0.939	0.989	0.972	0.865	0.929	0.944	0.983	0.916	0.979	0.609	0.681	0.950	0.988	0.913	0.992	0.934	0.906	0.932	0.954	0.922	0.983	0.552	0.992	0.913	0.954	0.891	0.991	0.944	0.821	0.983	0.971	0.912	0.997	0.988	0.881	0.988	0.881	0.914	0.951	0.937	0.914	0.913	0.873	0.905	0.918	0.936	0.889	0.923	0.918	0.939	0.945	0.977	0.898	0.923	0.991	0.942	0.738	0.942	0.965	0.932	0.910	0.889	0.969	0.900	0.927	0.985	0.991	0.961	0.930	0.959	0.998	0.946	0.987	0.983	0.946	0.926
90	x.xxx	x.xxx	x.xxx	x.xxx	x.xxx	x.xxx	x.xxx	x.xxx	x.xxx	x.xxx	x.xxx	x.xxx	x.xxx	x.xxx	x.xxx	x.xxx	x.xxx	x.xxx	x.xxx	x.xxx	x.xxx	x.xxx	x.xxx	x.xxx	x.xxx	x.xxx	x.xxx	x.xxx	x.xxx	x.xxx	x.xxx	x.xxx	x.xxx	x.xxx	x.xxx	x.xxx	x.xxx	x.xxx	x.xxx	x.xxx	x.xxx	x.xxx	x.xxx	x.xxx	x.xxx	x.xxx	x.xxx	x.xxx	x.xxx	x.xxx	x.xxx	x.xxx	x.xxx	x.xxx	x.xxx	x.xxx	x.xxx	x.xxx	x.xxx	x.xxx	x.xxx	x.xxx	x.xxx	x.xxx	x.xxx	x.xxx	x.xxx	x.xxx	x.xxx	x.xxx	x.xxx	x.xxx	x.xxx	x.xxx	x.xxx	x.xxx	x.xxx	x.xxx	x.xxx	x.xxx	x.xxx	x.xxx	x.xxx	x.xxx	x.xxx	x.xxx	x.xxx	x.xxx	x.xxx	x.xxx	0.000	0.972	0.980	0.949	0.782	0.959	0.939	0.931	0.976	0.984	0.973	0.920	0.961	0.997	0.630	0.558	0.920	0.580	0.974	0.591	0.999	0.494	0.893	0.934	0.934	0.988	0.950	0.977	0.879	0.726	0.547	0.991	0.953	0.834	0.921	0.968	0.682	0.984	0.974	0.884	0.805	0.930	0.877	0.611	0.976	0.973	0.973	0.947	0.976	0.969	0.932	0.594	0.926	0.791	0.978	0.969	0.924	0.703	0.838	0.904	0.909	0.738	0.831	0.963	0.967	0.929	0.990	0.977	0.502	0.874	0.974	0.763	0.984	0.931	0.967	0.190	0.551	0.934	0.996	0.904	0.976	0.875	0.919	0.694	0.529	0.620	0.932	0.804	0.957	0.728	0.898	0.976	0.956	0.942	0.578	0.922	0.579	0.977	0.731	0.681	0.985	0.586	0.919	0.930	0.977	0.936	0.891	0.894	0.999	0.808	0.692	0.278	0.972	0.948	0.936	0.944	0.996	0.481	0.858	0.936	0.940	0.762
91	x.xxx	x.xxx	x.xxx	x.xxx	x.xxx	x.xxx	x.xxx	x.xxx	x.xxx	x.xxx	x.xxx	x.xxx	x.xxx	x.xxx	x.xxx	x.xxx	x.xxx	x.xxx	x.xxx	x.xxx	x.xxx	x.xxx	x.xxx	x.xxx	x.xxx	x.xxx	x.xxx	x.xxx	x.xxx	x.xxx	x.xxx	x.xxx	x.xxx	x.xxx	x.xxx	x.xxx	x.xxx	x.xxx	x.xxx	x.xxx	x.xxx	x.xxx	x.xxx	x.xxx	x.xxx	x.xxx	x.xxx	x.xxx	x.xxx	x.xxx	x.xxx	x.xxx	x.xxx	x.xxx	x.xxx	x.xxx	x.xxx	x.xxx	x.xxx	x.xxx	x.xxx	x.xxx	x.xxx	x.xxx	x.xxx	x.xxx	x.xxx	x.xxx	x.xxx	x.xxx	x.xxx	x.xxx	x.xxx	x.xxx	x.xxx	x.xxx	x.xxx	x.xxx	x.xxx	x.xxx	x.xxx	x.xxx	x.xxx	x.xxx	x.xxx	x.xxx	x.xxx	x.xxx	x.xxx	x.xxx	x.xxx	0.000	0.911	0.895	0.879	0.595	0.975	0.956	0.918	0.979	0.708	0.857	0.736	0.999	0.997	0.951	0.505	0.943	0.580	0.997	0.999	0.998	0.986	0.848	0.760	0.933	0.826	0.765	0.823	0.885	0.988	0.957	0.925	0.991	0.904	0.936	0.988	0.831	0.883	0.855	0.951	0.868	0.753	0.954	0.628	0.393	0.893	0.923	0.927	0.344	0.738	0.921	0.896	0.875	0.817	0.952	0.702	0.913	0.999	0.762	0.948	0.990	0.904	0.970	0.578	0.921	0.992	0.959	0.981	0.920	0.416	0.980	0.879	0.983	0.952	0.954	0.975	0.863	0.999	0.992	0.602	0.948	0.926	0.920	0.991	0.928	0.922	0.926	0.779	0.960	0.784	0.363	0.769	0.882	0.980	0.986	0.986	0.757	0.864	0.882	0.905	0.909	0.739	0.729	0.782	0.929	0.954	0.974	0.988	0.853	0.988	0.903	0.941	0.994	0.975	0.637	0.969	0.974	0.935	0.905	0.959	0.834
92	x.xxx	x.xxx	x.xxx	x.xxx	x.xxx	x.xxx	x.xxx	x.xxx	x.xxx	x.xxx	x.xxx	x.xxx	x.xxx	x.xxx	x.xxx	x.xxx	x.xxx	x.xxx	x.xxx	x.xxx	x.xxx	x.xxx	x.xxx	x.xxx	x.xxx	x.xxx	x.xxx	x.xxx	x.xxx	x.xxx	x.xxx	x.xxx	x.xxx	x.xxx	x.xxx	x.xxx	x.xxx	x.xxx	x.xxx	x.xxx	x.xxx	x.xxx	x.xxx	x.xxx	x.xxx	x.xxx	x.xxx	x.xxx	x.xxx	x.xxx	x.xxx	x.xxx	x.xxx	x.xxx	x.xxx	x.xxx	x.xxx	x.xxx	x.xxx	x.xxx	x.xxx	x.xxx	x.xxx	x.xxx	x.xxx	x.xxx	x.xxx	x.xxx	x.xxx	x.xxx	x.xxx	x.xxx	x.xxx	x.xxx	x.xxx	x.xxx	x.xxx	x.xxx	x.xxx	x.xxx	x.xxx	x.xxx	x.xxx	x.xxx	x.xxx	x.xxx	x.xxx	x.xxx	x.xxx	x.xxx	x.xxx	x.xxx	0.000	0.975	0.954	0.916	0.968	0.910	0.983	0.989	0.873	0.918	0.929	0.984	0.992	0.924	0.918	0.957	0.884	0.985	0.965	0.991	0.976	0.927	0.881	0.986	0.916	0.950	0.937	0.961	0.979	0.983	0.877	0.931	0.977	0.509	0.969	0.920	0.832	0.948	0.900	0.922	0.921	0.983	0.909	0.897	0.871	0.973	0.973	0.890	0.921	0.924	0.969	0.966	0.976	0.923	0.907	0.978	0.981	0.931	0.982	0.959	0.953	0.960	0.885	0.929	0.991	0.974	0.989	0.959	0.867	0.949	0.981	0.978	0.946	0.981	0.958	0.956	0.951	0.992	0.892	0.983	0.934	0.982	0.937	0.979	0.922	0.955	0.931	0.967	0.943	0.923	0.933	0.940	0.971	0.976	0.931	0.934	0.928	0.972	0.972	0.923	0.918	0.952	0.946	0.919	0.946	0.962	0.991	0.954	0.917	0.974	0.981	0.988	0.967	0.935	0.996	0.984	0.978	0.895	0.940	0.933
93	x.xxx	x.xxx	x.xxx	x.xxx	x.xxx	x.xxx	x.xxx	x.xxx	x.xxx	x.xxx	x.xxx	x.xxx	x.xxx	x.xxx	x.xxx	x.xxx	x.xxx	x.xxx	x.xxx	x.xxx	x.xxx	x.xxx	x.xxx	x.xxx	x.xxx	x.xxx	x.xxx	x.xxx	x.xxx	x.xxx	x.xxx	x.xxx	x.xxx	x.xxx	x.xxx	x.xxx	x.xxx	x.xxx	x.xxx	x.xxx	x.xxx	x.xxx	x.xxx	x.xxx	x.xxx	x.xxx	x.xxx	x.xxx	x.xxx	x.xxx	x.xxx	x.xxx	x.xxx	x.xxx	x.xxx	x.xxx	x.xxx	x.xxx	x.xxx	x.xxx	x.xxx	x.xxx	x.xxx	x.xxx	x.xxx	x.xxx	x.xxx	x.xxx	x.xxx	x.xxx	x.xxx	x.xxx	x.xxx	x.xxx	x.xxx	x.xxx	x.xxx	x.xxx	x.xxx	x.xxx	x.xxx	x.xxx	x.xxx	x.xxx	x.xxx	x.xxx	x.xxx	x.xxx	x.xxx	x.xxx	x.xxx	x.xxx	x.xxx	0.000	0.795	0.843	0.787	0.755	0.790	0.986	0.816	0.761	0.764	0.960	0.946	0.937	0.766	0.932	0.944	0.936	0.996	0.949	0.875	0.742	0.824	0.900	0.947	0.790	0.777	0.817	0.934	0.827	0.717	0.786	0.916	0.945	0.943	0.984	0.868	0.730	0.916	0.752	0.839	0.938	0.966	0.913	0.833	0.638	0.942	0.915	0.758	0.927	0.731	0.827	0.771	0.974	0.922	0.904	0.912	0.714	0.827	0.944	0.762	0.670	0.862	0.648	0.991	0.981	0.946	0.712	0.890	0.940	0.911	0.704	0.950	0.770	0.948	0.728	0.997	0.972	0.946	0.784	0.797	0.930	0.933	0.932	0.841	0.847	0.776	0.915	0.690	0.914	0.727	0.660	0.943	0.637	0.928	0.850	0.866	0.904	0.943	0.871	0.923	0.628	0.950	0.784	0.737	0.850	0.999	0.804	0.921	0.829	0.701	0.668	0.705	0.757	0.974	0.945	0.812	0.676	0.759	0.723
94	x.xxx	x.xxx	x.xxx	x.xxx	x.xxx	x.xxx	x.xxx	x.xxx	x.xxx	x.xxx	x.xxx	x.xxx	x.xxx	x.xxx	x.xxx	x.xxx	x.xxx	x.xxx	x.xxx	x.xxx	x.xxx	x.xxx	x.xxx	x.xxx	x.xxx	x.xxx	x.xxx	x.xxx	x.xxx	x.xxx	x.xxx	x.xxx	x.xxx	x.xxx	x.xxx	x.xxx	x.xxx	x.xxx	x.xxx	x.xxx	x.xxx	x.xxx	x.xxx	x.xxx	x.xxx	x.xxx	x.xxx	x.xxx	x.xxx	x.xxx	x.xxx	x.xxx	x.xxx	x.xxx	x.xxx	x.xxx	x.xxx	x.xxx	x.xxx	x.xxx	x.xxx	x.xxx	x.xxx	x.xxx	x.xxx	x.xxx	x.xxx	x.xxx	x.xxx	x.xxx	x.xxx	x.xxx	x.xxx	x.xxx	x.xxx	x.xxx	x.xxx	x.xxx	x.xxx	x.xxx	x.xxx	x.xxx	x.xxx	x.xxx	x.xxx	x.xxx	x.xxx	x.xxx	x.xxx	x.xxx	x.xxx	x.xxx	x.xxx	x.xxx	0.000	0.921	0.925	0.907	0.975	0.985	0.536	0.868	0.459	0.997	0.505	0.566	0.510	0.567	0.931	0.547	0.999	0.591	0.714	0.808	0.819	0.889	0.834	0.488	0.272	0.194	0.560	0.905	0.895	0.704	0.722	0.941	0.504	0.936	0.934	0.287	0.521	0.857	0.700	0.490	0.954	0.938	0.946	0.869	0.939	0.937	0.886	0.502	0.891	0.142	0.798	0.905	0.794	0.296	0.847	0.764	0.909	0.498	0.627	0.919	0.942	0.855	0.986	0.926	0.889	0.728	0.880	0.438	0.962	0.910	0.918	0.837	0.740	0.391	0.999	0.892	0.941	0.858	0.881	0.469	0.588	0.516	0.906	0.586	0.420	0.455	0.849	0.953	0.495	0.784	0.566	0.831	0.555	0.846	0.457	0.418	0.973	0.413	0.788	0.924	0.920	0.921	0.820	0.727	0.996	0.175	0.491	0.759	0.940	0.895	0.921	0.932	0.986	0.615	0.889	0.845	0.930	0.241
95	x.xxx	x.xxx	x.xxx	x.xxx	x.xxx	x.xxx	x.xxx	x.xxx	x.xxx	x.xxx	x.xxx	x.xxx	x.xxx	x.xxx	x.xxx	x.xxx	x.xxx	x.xxx	x.xxx	x.xxx	x.xxx	x.xxx	x.xxx	x.xxx	x.xxx	x.xxx	x.xxx	x.xxx	x.xxx	x.xxx	x.xxx	x.xxx	x.xxx	x.xxx	x.xxx	x.xxx	x.xxx	x.xxx	x.xxx	x.xxx	x.xxx	x.xxx	x.xxx	x.xxx	x.xxx	x.xxx	x.xxx	x.xxx	x.xxx	x.xxx	x.xxx	x.xxx	x.xxx	x.xxx	x.xxx	x.xxx	x.xxx	x.xxx	x.xxx	x.xxx	x.xxx	x.xxx	x.xxx	x.xxx	x.xxx	x.xxx	x.xxx	x.xxx	x.xxx	x.xxx	x.xxx	x.xxx	x.xxx	x.xxx	x.xxx	x.xxx	x.xxx	x.xxx	x.xxx	x.xxx	x.xxx	x.xxx	x.xxx	x.xxx	x.xxx	x.xxx	x.xxx	x.xxx	x.xxx	x.xxx	x.xxx	x.xxx	x.xxx	x.xxx	x.xxx	0.000	0.598	0.636	0.939	0.965	0.894	0.549	0.889	0.992	0.945	0.917	0.551	0.923	0.602	0.916	0.996	0.954	0.622	0.612	0.490	0.957	0.915	0.938	0.948	0.939	0.907	0.970	0.652	0.662	0.983	0.588	0.982	0.941	0.475	0.945	0.830	0.616	0.493	0.950	0.833	0.417	0.767	0.857	0.969	0.535	0.471	0.943	0.866	0.963	0.889	0.955	0.800	0.950	0.993	0.584	0.919	0.935	0.612	0.673	0.491	0.638	0.990	0.966	0.962	0.650	0.720	0.960	0.889	0.695	0.607	0.873	0.969	0.955	0.987	0.990	0.517	0.913	0.506	0.929	0.906	0.987	0.506	0.535	0.922	0.843	0.470	0.667	0.905	0.656	0.969	0.725	0.890	0.862	0.689	0.980	0.942	0.938	0.853	0.522	0.917	0.547	0.605	0.594	0.990	0.929	0.852	0.942	0.918	0.727	0.675	0.397	0.982	0.975	0.911	0.874	0.498	0.917
96	x.xxx	x.xxx	x.xxx	x.xxx	x.xxx	x.xxx	x.xxx	x.xxx	x.xxx	x.xxx	x.xxx	x.xxx	x.xxx	x.xxx	x.xxx	x.xxx	x.xxx	x.xxx	x.xxx	x.xxx	x.xxx	x.xxx	x.xxx	x.xxx	x.xxx	x.xxx	x.xxx	x.xxx	x.xxx	x.xxx	x.xxx	x.xxx	x.xxx	x.xxx	x.xxx	x.xxx	x.xxx	x.xxx	x.xxx	x.xxx	x.xxx	x.xxx	x.xxx	x.xxx	x.xxx	x.xxx	x.xxx	x.xxx	x.xxx	x.xxx	x.xxx	x.xxx	x.xxx	x.xxx	x.xxx	x.xxx	x.xxx	x.xxx	x.xxx	x.xxx	x.xxx	x.xxx	x.xxx	x.xxx	x.xxx	x.xxx	x.xxx	x.xxx	x.xxx	x.xxx	x.xxx	x.xxx	x.xxx	x.xxx	x.xxx	x.xxx	x.xxx	x.xxx	x.xxx	x.xxx	x.xxx	x.xxx	x.xxx	x.xxx	x.xxx	x.xxx	x.xxx	x.xxx	x.xxx	x.xxx	x.xxx	x.xxx	x.xxx	x.xxx	x.xxx	x.xxx	0.000	0.127	0.991	0.984	0.983	0.087	0.957	0.997	0.895	0.904	0.869	0.840	0.887	0.901	0.999	0.918	0.632	0.113	0.326	0.996	0.940	0.981	0.958	0.935	0.886	0.997	0.286	0.330	0.964	0.826	0.964	0.977	0.451	0.951	0.840	0.093	0.621	0.934	0.977	0.887	0.840	0.845	0.984	0.909	0.152	0.918	0.821	0.953	0.994	0.930	0.928	0.933	0.990	0.187	0.892	0.793	0.348	0.298	0.740	0.310	0.989	0.935	0.970	0.283	0.986	0.946	0.996	0.238	0.815	0.770	0.982	0.957	0.999	0.992	0.899	0.871	0.129	0.931	0.846	0.970	0.197	0.490	0.956	0.840	0.227	0.985	0.958	0.291	0.959	0.361	0.855	0.988	0.759	0.965	0.997	0.900	0.923	0.318	0.988	0.051	0.141	0.571	0.994	0.930	0.824	0.991	0.876	0.414	0.203	0.399	0.999	0.971	0.869	0.839	0.139	0.968
97	x.xxx	x.xxx	x.xxx	x.xxx	x.xxx	x.xxx	x.xxx	x.xxx	x.xxx	x.xxx	x.xxx	x.xxx	x.xxx	x.xxx	x.xxx	x.xxx	x.xxx	x.xxx	x.xxx	x.xxx	x.xxx	x.xxx	x.xxx	x.xxx	x.xxx	x.xxx	x.xxx	x.xxx	x.xxx	x.xxx	x.xxx	x.xxx	x.xxx	x.xxx	x.xxx	x.xxx	x.xxx	x.xxx	x.xxx	x.xxx	x.xxx	x.xxx	x.xxx	x.xxx	x.xxx	x.xxx	x.xxx	x.xxx	x.xxx	x.xxx	x.xxx	x.xxx	x.xxx	x.xxx	x.xxx	x.xxx	x.xxx	x.xxx	x.xxx	x.xxx	x.xxx	x.xxx	x.xxx	x.xxx	x.xxx	x.xxx	x.xxx	x.xxx	x.xxx	x.xxx	x.xxx	x.xxx	x.xxx	x.xxx	x.xxx	x.xxx	x.xxx	x.xxx	x.xxx	x.xxx	x.xxx	x.xxx	x.xxx	x.xxx	x.xxx	x.xxx	x.xxx	x.xxx	x.xxx	x.xxx	x.xxx	x.xxx	x.xxx	x.xxx	x.xxx	x.xxx	x.xxx	0.000	0.984	0.987	0.964	0.161	0.929	0.988	0.897	0.866	0.857	0.781	0.894	0.902	0.977	0.918	0.676	0.164	0.359	0.992	0.905	0.966	0.932	0.918	0.884	0.988	0.210	0.337	0.948	0.838	0.943	0.954	0.507	0.928	0.808	0.097	0.648	0.924	0.962	0.894	0.806	0.819	0.976	0.909	0.224	0.877	0.785	0.936	0.987	0.896	0.905	0.923	0.976	0.200	0.866	0.729	0.400	0.267	0.717	0.259	0.986	0.925	0.959	0.267	0.931	0.908	0.991	0.174	0.821	0.753	0.958	0.928	0.969	0.989	0.906	0.849	0.211	0.933	0.823	0.957	0.280	0.538	0.929	0.852	0.174	0.969	0.932	0.251	0.947	0.333	0.830	0.960	0.766	0.951	0.984	0.864	0.905	0.294	0.973	0.149	0.132	0.621	0.996	0.910	0.794	0.975	0.846	0.385	0.136	0.444	0.998	0.965	0.845	0.807	0.187	0.934
98	x.xxx	x.xxx	x.xxx	x.xxx	x.xxx	x.xxx	x.xxx	x.xxx	x.xxx	x.xxx	x.xxx	x.xxx	x.xxx	x.xxx	x.xxx	x.xxx	x.xxx	x.xxx	x.xxx	x.xxx	x.xxx	x.xxx	x.xxx	x.xxx	x.xxx	x.xxx	x.xxx	x.xxx	x.xxx	x.xxx	x.xxx	x.xxx	x.xxx	x.xxx	x.xxx	x.xxx	x.xxx	x.xxx	x.xxx	x.xxx	x.xxx	x.xxx	x.xxx	x.xxx	x.xxx	x.xxx	x.xxx	x.xxx	x.xxx	x.xxx	x.xxx	x.xxx	x.xxx	x.xxx	x.xxx	x.xxx	x.xxx	x.xxx	x.xxx	x.xxx	x.xxx	x.xxx	x.xxx	x.xxx	x.xxx	x.xxx	x.xxx	x.xxx	x.xxx	x.xxx	x.xxx	x.xxx	x.xxx	x.xxx	x.xxx	x.xxx	x.xxx	x.xxx	x.xxx	x.xxx	x.xxx	x.xxx	x.xxx	x.xxx	x.xxx	x.xxx	x.xxx	x.xxx	x.xxx	x.xxx	x.xxx	x.xxx	x.xxx	x.xxx	x.xxx	x.xxx	x.xxx	x.xxx	0.000	0.983	0.950	0.973	0.965	0.966	0.986	0.976	0.928	0.976	0.966	0.987	0.989	0.987	0.981	0.987	0.978	0.927	0.973	0.985	0.971	0.978	0.985	0.978	0.970	0.985	0.980	0.983	0.983	0.991	0.981	0.975	0.978	0.984	0.956	0.985	0.974	0.942	0.899	0.862	0.900	0.942	0.963	0.982	0.913	0.981	0.876	0.980	0.960	0.981	0.980	0.958	0.896	0.985	0.969	0.981	0.878	0.972	0.989	0.986	0.979	0.973	0.856	0.983	0.874	0.985	0.982	0.847	0.977	0.976	0.986	0.985	0.966	0.945	0.977	0.975	0.985	0.984	0.988	0.981	0.972	0.981	0.945	0.856	0.966	0.979	0.982	0.984	0.983	0.807	0.954	0.982	0.924	0.980	0.954	0.935	0.963	0.983	0.979	0.983	0.999	0.979	0.984	0.924	0.724	0.987	0.986	0.872	0.959	0.982	0.930	0.879	0.971	0.963
99	x.xxx	x.xxx	x.xxx	x.xxx	x.xxx	x.xxx	x.xxx	x.xxx	x.xxx	x.xxx	x.xxx	x.xxx	x.xxx	x.xxx	x.xxx	x.xxx	x.xxx	x.xxx	x.xxx	x.xxx	x.xxx	x.xxx	x.xxx	x.xxx	x.xxx	x.xxx	x.xxx	x.xxx	x.xxx	x.xxx	x.xxx	x.xxx	x.xxx	x.xxx	x.xxx	x.xxx	x.xxx	x.xxx	x.xxx	x.xxx	x.xxx	x.xxx	x.xxx	x.xxx	x.xxx	x.xxx	x.xxx	x.xxx	x.xxx	x.xxx	x.xxx	x.xxx	x.xxx	x.xxx	x.xxx	x.xxx	x.xxx	x.xxx	x.xxx	x.xxx	x.xxx	x.xxx	x.xxx	x.xxx	x.xxx	x.xxx	x.xxx	x.xxx	x.xxx	x.xxx	x.xxx	x.xxx	x.xxx	x.xxx	x.xxx	x.xxx	x.xxx	x.xxx	x.xxx	x.xxx	x.xxx	x.xxx	x.xxx	x.xxx	x.xxx	x.xxx	x.xxx	x.xxx	x.xxx	x.xxx	x.xxx	x.xxx	x.xxx	x.xxx	x.xxx	x.xxx	x.xxx	x.xxx	x.xxx	0.000	0.981	0.980	0.983	0.989	0.989	0.980	0.970	0.988	0.976	0.990	0.985	0.991	0.985	0.990	0.985	0.985	0.953	0.981	0.985	0.986	0.990	0.993	0.978	0.981	0.989	0.966	0.987	0.992	0.980	0.986	0.975	0.987	0.971	0.990	0.970	0.977	0.976	0.981	0.973	0.973	0.987	0.988	0.988	0.987	0.975	0.981	0.969	0.990	0.990	0.974	0.988	0.970	0.972	0.980	0.981	0.984	0.991	0.985	0.993	0.970	0.982	0.987	0.986	0.986	0.964	0.981	0.968	0.989	0.985	0.992	0.973	0.989	0.977	0.973	0.987	0.988	0.990	0.980	0.977	0.980	0.973	0.980	0.974	0.984	0.986	0.988	0.985	0.983	0.980	0.987	0.984	0.987	0.968	0.974	0.981	0.986	0.983	0.968	0.997	0.985	0.988	0.989	0.992	0.988	0.985	0.973	0.998	0.985	0.990	0.983	0.981	0.980
100	x.xxx	x.xxx	x.xxx	x.xxx	x.xxx	x.xxx	x.xxx	x.xxx	x.xxx	x.xxx	x.xxx	x.xxx	x.xxx	x.xxx	x.xxx	x.xxx	x.xxx	x.xxx	x.xxx	x.xxx	x.xxx	x.xxx	x.xxx	x.xxx	x.xxx	x.xxx	x.xxx	x.xxx	x.xxx	x.xxx	x.xxx	x.xxx	x.xxx	x.xxx	x.xxx	x.xxx	x.xxx	x.xxx	x.xxx	x.xxx	x.xxx	x.xxx	x.xxx	x.xxx	x.xxx	x.xxx	x.xxx	x.xxx	x.xxx	x.xxx	x.xxx	x.xxx	x.xxx	x.xxx	x.xxx	x.xxx	x.xxx	x.xxx	x.xxx	x.xxx	x.xxx	x.xxx	x.xxx	x.xxx	x.xxx	x.xxx	x.xxx	x.xxx	x.xxx	x.xxx	x.xxx	x.xxx	x.xxx	x.xxx	x.xxx	x.xxx	x.xxx	x.xxx	x.xxx	x.xxx	x.xxx	x.xxx	x.xxx	x.xxx	x.xxx	x.xxx	x.xxx	x.xxx	x.xxx	x.xxx	x.xxx	x.xxx	x.xxx	x.xxx	x.xxx	x.xxx	x.xxx	x.xxx	x.xxx	x.xxx	0.000	0.884	0.308	0.997	0.995	0.958	0.447	0.950	0.861	0.996	0.998	0.997	0.994	0.808	0.801	0.861	0.886	0.292	0.378	0.568	0.988	0.895	0.931	0.994	0.921	0.953	0.988	0.905	0.849	0.462	0.962	0.896	0.857	0.964	0.792	0.865	0.913	0.877	0.887	0.793	0.879	0.934	0.948	0.573	0.719	0.972	0.835	0.869	0.996	0.750	0.962	0.993	0.926	0.978	0.891	0.939	0.992	0.978	0.963	0.938	0.682	0.984	0.913	0.989	0.973	0.946	0.974	0.453	0.998	0.992	0.867	0.942	0.948	0.939	0.991	0.943	0.943	0.947	0.328	0.969	0.925	0.771	0.353	0.853	0.979	0.987	0.987	0.738	0.912	0.842	0.932	0.770	0.771	0.924	0.777	0.950	0.967	0.984	0.994	0.474	0.989	0.842	0.926	0.997	0.976	0.900	0.974	0.979	0.961	0.879	0.971	0.512
101	x.xxx	x.xxx	x.xxx	x.xxx	x.xxx	x.xxx	x.xxx	x.xxx	x.xxx	x.xxx	x.xxx	x.xxx	x.xxx	x.xxx	x.xxx	x.xxx	x.xxx	x.xxx	x.xxx	x.xxx	x.xxx	x.xxx	x.xxx	x.xxx	x.xxx	x.xxx	x.xxx	x.xxx	x.xxx	x.xxx	x.xxx	x.xxx	x.xxx	x.xxx	x.xxx	x.xxx	x.xxx	x.xxx	x.xxx	x.xxx	x.xxx	x.xxx	x.xxx	x.xxx	x.xxx	x.xxx	x.xxx	x.xxx	x.xxx	x.xxx	x.xxx	x.xxx	x.xxx	x.xxx	x.xxx	x.xxx	x.xxx	x.xxx	x.xxx	x.xxx	x.xxx	x.xxx	x.xxx	x.xxx	x.xxx	x.xxx	x.xxx	x.xxx	x.xxx	x.xxx	x.xxx	x.xxx	x.xxx	x.xxx	x.xxx	x.xxx	x.xxx	x.xxx	x.xxx	x.xxx	x.xxx	x.xxx	x.xxx	x.xxx	x.xxx	x.xxx	x.xxx	x.xxx	x.xxx	x.xxx	x.xxx	x.xxx	x.xxx	x.xxx	x.xxx	x.xxx	x.xxx	x.xxx	x.xxx	x.xxx	x.xxx	0.000	0.845	0.997	0.888	0.876	0.772	0.826	0.810	0.894	0.998	0.912	0.635	0.127	0.254	0.977	0.865	0.919	0.877	0.886	0.874	0.982	0.254	0.370	0.915	0.801	0.950	0.913	0.413	0.885	0.822	0.108	0.553	0.897	0.877	0.814	0.784	0.836	0.957	0.829	0.097	0.880	0.800	0.905	0.958	0.905	0.821	0.894	0.985	0.156	0.887	0.828	0.332	0.308	0.691	0.282	0.984	0.911	0.964	0.285	0.895	0.928	0.973	0.289	0.797	0.765	0.968	0.892	0.998	0.986	0.822	0.856	0.129	0.914	0.840	0.931	0.191	0.462	0.866	0.823	0.234	0.911	0.854	0.273	0.945	0.374	0.845	0.943	0.701	0.921	0.977	0.862	0.837	0.311	0.909	0.089	0.180	0.573	0.992	0.871	0.816	0.968	0.870	0.427	0.246	0.367	0.993	0.953	0.859	0.821	0.190	0.887
102	x.xxx	x.xxx	x.xxx	x.xxx	x.xxx	x.xxx	x.xxx	x.xxx	x.xxx	x.xxx	x.xxx	x.xxx	x.xxx	x.xxx	x.xxx	x.xxx	x.xxx	x.xxx	x.xxx	x.xxx	x.xxx	x.xxx	x.xxx	x.xxx	x.xxx	x.xxx	x.xxx	x.xxx	x.xxx	x.xxx	x.xxx	x.xxx	x.xxx	x.xxx	x.xxx	x.xxx	x.xxx	x.xxx	x.xxx	x.xxx	x.xxx	x.xxx	x.xxx	x.xxx	x.xxx	x.xxx	x.xxx	x.xxx	x.xxx	x.xxx	x.xxx	x.xxx	x.xxx	x.xxx	x.xxx	x.xxx	x.xxx	x.xxx	x.xxx	x.xxx	x.xxx	x.xxx	x.xxx	x.xxx	x.xxx	x.xxx	x.xxx	x.xxx	x.xxx	x.xxx	x.xxx	x.xxx	x.xxx	x.xxx	x.xxx	x.xxx	x.xxx	x.xxx	x.xxx	x.xxx	x.xxx	x.xxx	x.xxx	x.xxx	x.xxx	x.xxx	x.xxx	x.xxx	x.xxx	x.xxx	x.xxx	x.xxx	x.xxx	x.xxx	x.xxx	x.xxx	x.xxx	x.xxx	x.xxx	x.xxx	x.xxx	x.xxx	0.000	0.997	0.947	0.929	0.391	0.912	0.824	0.952	1.000	0.959	0.924	0.793	0.767	0.869	0.808	0.107	0.264	0.503	0.947	0.868	0.881	0.954	0.852	0.934	0.934	0.899	0.883	0.235	0.919	0.862	0.811	0.912	0.861	0.840	0.902	0.862	0.933	0.836	0.847	0.889	0.949	0.501	0.700	0.861	0.747	0.815	0.984	0.728	0.970	0.943	0.912	0.934	0.906	0.894	0.984	0.868	0.957	0.922	0.783	0.921	0.945	0.947	0.896	0.961	0.963	0.211	1.000	0.983	0.841	0.937	0.893	0.923	0.953	0.892	0.930	0.892	0.076	0.918	0.880	0.876	0.119	0.803	0.939	0.944	0.945	0.791	0.852	0.784	0.960	0.726	0.810	0.908	0.862	0.937	0.918	0.920	0.994	0.397	0.939	0.823	0.936	0.959	0.945	0.916	0.982	0.942	0.966	0.885	0.959	0.338
103	x.xxx	x.xxx	x.xxx	x.xxx	x.xxx	x.xxx	x.xxx	x.xxx	x.xxx	x.xxx	x.xxx	x.xxx	x.xxx	x.xxx	x.xxx	x.xxx	x.xxx	x.xxx	x.xxx	x.xxx	x.xxx	x.xxx	x.xxx	x.xxx	x.xxx	x.xxx	x.xxx	x.xxx	x.xxx	x.xxx	x.xxx	x.xxx	x.xxx	x.xxx	x.xxx	x.xxx	x.xxx	x.xxx	x.xxx	x.xxx	x.xxx	x.xxx	x.xxx	x.xxx	x.xxx	x.xxx	x.xxx	x.xxx	x.xxx	x.xxx	x.xxx	x.xxx	x.xxx	x.xxx	x.xxx	x.xxx	x.xxx	x.xxx	x.xxx	x.xxx	x.xxx	x.xxx	x.xxx	x.xxx	x.xxx	x.xxx	x.xxx	x.xxx	x.xxx	x.xxx	x.xxx	x.xxx	x.xxx	x.xxx	x.xxx	x.xxx	x.xxx	x.xxx	x.xxx	x.xxx	x.xxx	x.xxx	x.xxx	x.xxx	x.xxx	x.xxx	x.xxx	x.xxx	x.xxx	x.xxx	x.xxx	x.xxx	x.xxx	x.xxx	x.xxx	x.xxx	x.xxx	x.xxx	x.xxx	x.xxx	x.xxx	x.xxx	x.xxx	0.000	0.998	0.963	0.996	0.995	0.997	0.998	0.887	0.998	0.993	0.995	0.991	0.991	0.984	0.998	0.997	0.996	0.998	0.990	0.964	0.947	0.998	0.979	0.994	0.996	0.995	0.997	0.966	0.993	0.997	0.998	0.998	0.996	0.953	0.935	0.960	0.998	0.996	0.983	0.979	0.997	0.997	0.991	0.996	0.998	0.560	0.996	0.933	0.992	0.995	0.994	0.957	0.993	0.998	0.997	0.994	0.997	0.969	0.992	0.994	0.997	0.994	0.990	0.945	0.998	0.814	0.998	0.997	0.978	0.996	0.997	0.984	0.997	0.996	0.997	0.997	0.997	0.996	0.998	0.997	0.994	0.995	0.997	0.984	0.792	0.996	0.997	0.932	0.978	0.997	0.996	0.998	0.995	0.996	0.996	0.999	0.997	0.981	0.935	0.783	0.998	0.996	0.995	1.000	0.997	0.981	0.696	0.994	0.992
104	x.xxx	x.xxx	x.xxx	x.xxx	x.xxx	x.xxx	x.xxx	x.xxx	x.xxx	x.xxx	x.xxx	x.xxx	x.xxx	x.xxx	x.xxx	x.xxx	x.xxx	x.xxx	x.xxx	x.xxx	x.xxx	x.xxx	x.xxx	x.xxx	x.xxx	x.xxx	x.xxx	x.xxx	x.xxx	x.xxx	x.xxx	x.xxx	x.xxx	x.xxx	x.xxx	x.xxx	x.xxx	x.xxx	x.xxx	x.xxx	x.xxx	x.xxx	x.xxx	x.xxx	x.xxx	x.xxx	x.xxx	x.xxx	x.xxx	x.xxx	x.xxx	x.xxx	x.xxx	x.xxx	x.xxx	x.xxx	x.xxx	x.xxx	x.xxx	x.xxx	x.xxx	x.xxx	x.xxx	x.xxx	x.xxx	x.xxx	x.xxx	x.xxx	x.xxx	x.xxx	x.xxx	x.xxx	x.xxx	x.xxx	x.xxx	x.xxx	x.xxx	x.xxx	x.xxx	x.xxx	x.xxx	x.xxx	x.xxx	x.xxx	x.xxx	x.xxx	x.xxx	x.xxx	x.xxx	x.xxx	x.xxx	x.xxx	x.xxx	x.xxx	x.xxx	x.xxx	x.xxx	x.xxx	x.xxx	x.xxx	x.xxx	x.xxx	x.xxx	x.xxx	0.000	0.190	0.844	0.197	0.966	0.115	1.000	0.200	0.654	0.918	0.888	0.999	0.888	0.996	0.708	0.333	0.160	0.999	0.930	0.644	0.802	0.961	0.107	0.999	0.966	0.736	0.444	0.897	0.679	0.085	0.999	0.972	0.984	0.955	0.990	0.975	0.908	0.128	0.913	0.462	0.999	0.898	0.795	0.292	0.762	0.859	0.907	0.345	0.598	0.923	0.969	0.858	0.991	0.919	0.858	0.710	0.999	0.278	1.000	0.884	0.918	0.725	0.530	0.861	1.000	0.880	0.978	0.849	0.867	0.157	0.202	0.108	0.897	0.528	0.940	0.231	0.834	1.000	0.951	0.882	0.158	0.815	0.137	0.995	0.302	0.156	0.999	0.219	0.784	0.922	0.999	0.909	0.791	0.685	1.000	0.509	0.169	0.778	0.984	0.882	0.906	0.931	1.000	0.269	0.838	0.930	0.917	0.482
105	x.xxx	x.xxx	x.xxx	x.xxx	x.xxx	x.xxx	x.xxx	x.xxx	x.xxx	x.xxx	x.xxx	x.xxx	x.xxx	x.xxx	x.xxx	x.xxx	x.xxx	x.xxx	x.xxx	x.xxx	x.xxx	x.xxx	x.xxx	x.xxx	x.xxx	x.xxx	x.xxx	x.xxx	x.xxx	x.xxx	x.xxx	x.xxx	x.xxx	x.xxx	x.xxx	x.xxx	x.xxx	x.xxx	x.xxx	x.xxx	x.xxx	x.xxx	x.xxx	x.xxx	x.xxx	x.xxx	x.xxx	x.xxx	x.xxx	x.xxx	x.xxx	x.xxx	x.xxx	x.xxx	x.xxx	x.xxx	x.xxx	x.xxx	x.xxx	x.xxx	x.xxx	x.xxx	x.xxx	x.xxx	x.xxx	x.xxx	x.xxx	x.xxx	x.xxx	x.xxx	x.xxx	x.xxx	x.xxx	x.xxx	x.xxx	x.xxx	x.xxx	x.xxx	x.xxx	x.xxx	x.xxx	x.xxx	x.xxx	x.xxx	x.xxx	x.xxx	x.xxx	x.xxx	x.xxx	x.xxx	x.xxx	x.xxx	x.xxx	x.xxx	x.xxx	x.xxx	x.xxx	x.xxx	x.xxx	x.xxx	x.xxx	x.xxx	x.xxx	x.xxx	x.xxx	0.000	0.840	0.199	0.938	0.139	0.923	0.157	0.737	0.900	0.861	0.990	0.874	0.963	0.742	0.433	0.117	0.986	0.833	0.598	0.838	0.945	0.269	0.970	0.935	0.762	0.418	0.881	0.712	0.175	0.945	0.938	0.931	0.923	0.974	0.934	0.896	0.125	0.876	0.551	0.983	0.893	0.797	0.406	0.739	0.844	0.885	0.447	0.642	0.915	0.814	0.849	0.986	0.933	0.823	0.737	0.870	0.403	0.988	0.895	0.927	0.664	0.393	0.871	0.954	0.879	0.948	0.845	0.858	0.307	0.106	0.189	0.889	0.606	0.914	0.373	0.826	0.958	0.923	0.882	0.113	0.841	0.094	0.906	0.405	0.307	0.958	0.142	0.793	0.901	0.966	0.895	0.802	0.750	0.997	0.582	0.267	0.690	0.957	0.902	0.906	0.906	0.997	0.201	0.814	0.892	0.907	0.525
106	x.xxx	x.xxx	x.xxx	x.xxx	x.xxx	x.xxx	x.xxx	x.xxx	x.xxx	x.xxx	x.xxx	x.xxx	x.xxx	x.xxx	x.xxx	x.xxx	x.xxx	x.xxx	x.xxx	x.xxx	x.xxx	x.xxx	x.xxx	x.xxx	x.xxx	x.xxx	x.xxx	x.xxx	x.xxx	x.xxx	x.xxx	x.xxx	x.xxx	x.xxx	x.xxx	x.xxx	x.xxx	x.xxx	x.xxx	x.xxx	x.xxx	x.xxx	x.xxx	x.xxx	x.xxx	x.xxx	x.xxx	x.xxx	x.xxx	x.xxx	x.xxx	x.xxx	x.xxx	x.xxx	x.xxx	x.xxx	x.xxx	x.xxx	x.xxx	x.xxx	x.xxx	x.xxx	x.xxx	x.xxx	x.xxx	x.xxx	x.xxx	x.xxx	x.xxx	x.xxx	x.xxx	x.xxx	x.xxx	x.xxx	x.xxx	x.xxx	x.xxx	x.xxx	x.xxx	x.xxx	x.xxx	x.xxx	x.xxx	x.xxx	x.xxx	x.xxx	x.xxx	x.xxx	x.xxx	x.xxx	x.xxx	x.xxx	x.xxx	x.xxx	x.xxx	x.xxx	x.xxx	x.xxx	x.xxx	x.xxx	x.xxx	x.xxx	x.xxx	x.xxx	x.xxx	x.xxx	0.000	0.833	0.627	0.821	0.999	0.875	0.722	0.727	0.687	0.868	0.755	0.449	0.391	0.493	0.826	0.904	0.828	0.785	0.797	0.809	0.861	0.911	0.828	0.458	0.730	0.790	0.577	0.824	0.820	0.460	0.856	0.841	0.924	0.539	0.708	0.801	0.884	0.468	0.745	0.855	0.616	0.748	0.963	0.610	0.928	0.836	0.740	0.856	0.685	0.768	0.984	0.884	0.933	0.769	0.626	0.823	0.883	0.861	0.726	0.909	0.917	0.451	0.997	0.970	0.610	0.898	0.754	0.790	0.840	0.831	0.834	0.675	0.414	0.760	0.605	0.677	0.444	0.704	0.870	0.845	0.822	0.717	0.695	0.728	0.927	0.655	0.651	0.719	0.842	0.842	0.747	0.771	0.994	0.418	0.792	0.832	0.905	0.838	0.879	0.657	0.971	0.887	0.919	0.823	0.813	0.519
107	x.xxx	x.xxx	x.xxx	x.xxx	x.xxx	x.xxx	x.xxx	x.xxx	x.xxx	x.xxx	x.xxx	x.xxx	x.xxx	x.xxx	x.xxx	x.xxx	x.xxx	x.xxx	x.xxx	x.xxx	x.xxx	x.xxx	x.xxx	x.xxx	x.xxx	x.xxx	x.xxx	x.xxx	x.xxx	x.xxx	x.xxx	x.xxx	x.xxx	x.xxx	x.xxx	x.xxx	x.xxx	x.xxx	x.xxx	x.xxx	x.xxx	x.xxx	x.xxx	x.xxx	x.xxx	x.xxx	x.xxx	x.xxx	x.xxx	x.xxx	x.xxx	x.xxx	x.xxx	x.xxx	x.xxx	x.xxx	x.xxx	x.xxx	x.xxx	x.xxx	x.xxx	x.xxx	x.xxx	x.xxx	x.xxx	x.xxx	x.xxx	x.xxx	x.xxx	x.xxx	x.xxx	x.xxx	x.xxx	x.xxx	x.xxx	x.xxx	x.xxx	x.xxx	x.xxx	x.xxx	x.xxx	x.xxx	x.xxx	x.xxx	x.xxx	x.xxx	x.xxx	x.xxx	x.xxx	x.xxx	x.xxx	x.xxx	x.xxx	x.xxx	x.xxx	x.xxx	x.xxx	x.xxx	x.xxx	x.xxx	x.xxx	x.xxx	x.xxx	x.xxx	x.xxx	x.xxx	x.xxx	0.000	0.931	0.162	0.997	0.228	0.739	0.831	0.835	0.987	0.886	0.970	0.734	0.434	0.191	0.990	0.911	0.628	0.829	0.944	0.288	0.964	0.938	0.757	0.567	0.810	0.719	0.173	0.947	0.938	0.940	0.934	0.976	0.937	0.840	0.166	0.905	0.547	0.980	0.920	0.808	0.401	0.775	0.749	0.883	0.274	0.660	0.934	0.944	0.851	0.987	0.935	0.798	0.754	0.956	0.435	0.985	0.723	0.926	0.666	0.504	0.861	0.996	0.880	0.941	0.846	0.816	0.331	0.209	0.187	0.839	0.570	0.915	0.392	0.750	0.958	0.918	0.886	0.188	0.844	0.177	0.967	0.411	0.305	0.986	0.222	0.800	0.865	0.960	0.828	0.718	0.755	0.997	0.582	0.329	0.742	0.945	0.902	0.784	0.901	0.996	0.277	0.826	0.920	0.851	0.531
108	x.xxx	x.xxx	x.xxx	x.xxx	x.xxx	x.xxx	x.xxx	x.xxx	x.xxx	x.xxx	x.xxx	x.xxx	x.xxx	x.xxx	x.xxx	x.xxx	x.xxx	x.xxx	x.xxx	x.xxx	x.xxx	x.xxx	x.xxx	x.xxx	x.xxx	x.xxx	x.xxx	x.xxx	x.xxx	x.xxx	x.xxx	x.xxx	x.xxx	x.xxx	x.xxx	x.xxx	x.xxx	x.xxx	x.xxx	x.xxx	x.xxx	x.xxx	x.xxx	x.xxx	x.xxx	x.xxx	x.xxx	x.xxx	x.xxx	x.xxx	x.xxx	x.xxx	x.xxx	x.xxx	x.xxx	x.xxx	x.xxx	x.xxx	x.xxx	x.xxx	x.xxx	x.xxx	x.xxx	x.xxx	x.xxx	x.xxx	x.xxx	x.xxx	x.xxx	x.xxx	x.xxx	x.xxx	x.xxx	x.xxx	x.xxx	x.xxx	x.xxx	x.xxx	x.xxx	x.xxx	x.xxx	x.xxx	x.xxx	x.xxx	x.xxx	x.xxx	x.xxx	x.xxx	x.xxx	x.xxx	x.xxx	x.xxx	x.xxx	x.xxx	x.xxx	x.xxx	x.xxx	x.xxx	x.xxx	x.xxx	x.xxx	x.xxx	x.xxx	x.xxx	x.xxx	x.xxx	x.xxx	x.xxx	0.000	0.935	0.999	0.972	0.825	0.870	0.771	0.967	0.882	0.929	0.919	0.948	0.932	0.974	0.870	0.887	0.973	0.823	0.974	0.846	0.750	0.922	0.870	0.882	0.655	0.973	0.643	0.271	0.818	0.960	0.972	0.273	0.710	0.963	0.954	0.947	0.936	0.894	0.615	0.969	0.994	0.820	0.974	0.945	0.870	0.904	0.742	0.859	0.989	0.889	0.984	0.882	0.785	0.936	0.952	0.922	0.731	0.951	0.979	0.935	0.998	0.990	0.184	0.967	0.776	0.936	0.939	0.981	0.815	0.831	0.898	0.876	0.732	0.699	0.879	0.903	0.959	0.938	0.927	0.915	0.777	0.971	0.969	0.954	0.736	0.794	0.904	0.821	0.837	0.863	0.978	0.925	0.912	0.966	0.974	0.934	0.912	0.753	0.990	0.969	0.971	0.957	0.843	0.902
109	x.xxx	x.xxx	x.xxx	x.xxx	x.xxx	x.xxx	x.xxx	x.xxx	x.xxx	x.xxx	x.xxx	x.xxx	x.xxx	x.xxx	x.xxx	x.xxx	x.xxx	x.xxx	x.xxx	x.xxx	x.xxx	x.xxx	x.xxx	x.xxx	x.xxx	x.xxx	x.xxx	x.xxx	x.xxx	x.xxx	x.xxx	x.xxx	x.xxx	x.xxx	x.xxx	x.xxx	x.xxx	x.xxx	x.xxx	x.xxx	x.xxx	x.xxx	x.xxx	x.xxx	x.xxx	x.xxx	x.xxx	x.xxx	x.xxx	x.xxx	x.xxx	x.xxx	x.xxx	x.xxx	x.xxx	x.xxx	x.xxx	x.xxx	x.xxx	x.xxx	x.xxx	x.xxx	x.xxx	x.xxx	x.xxx	x.xxx	x.xxx	x.xxx	x.xxx	x.xxx	x.xxx	x.xxx	x.xxx	x.xxx	x.xxx	x.xxx	x.xxx	x.xxx	x.xxx	x.xxx	x.xxx	x.xxx	x.xxx	x.xxx	x.xxx	x.xxx	x.xxx	x.xxx	x.xxx	x.xxx	x.xxx	x.xxx	x.xxx	x.xxx	x.xxx	x.xxx	x.xxx	x.xxx	x.xxx	x.xxx	x.xxx	x.xxx	x.xxx	x.xxx	x.xxx	x.xxx	x.xxx	x.xxx	x.xxx	0.000	1.000	0.144	0.644	0.921	0.894	1.000	0.901	0.997	0.735	0.383	0.064	1.000	0.901	0.666	0.819	0.929	0.185	0.999	0.921	0.758	0.456	0.902	0.668	0.081	1.000	0.932	0.947	0.955	0.990	0.950	0.912	0.088	0.905	0.506	1.000	0.913	0.821	0.350	0.768	0.866	0.907	0.431	0.595	0.895	0.937	0.850	0.992	0.931	0.839	0.699	0.999	0.350	1.000	0.889	0.878	0.683	0.466	0.873	1.000	0.882	0.945	0.844	0.875	0.232	0.122	0.092	0.903	0.566	0.946	0.261	0.843	1.000	0.955	0.866	0.075	0.797	0.055	0.995	0.343	0.226	0.999	0.165	0.811	0.924	1.000	0.913	0.804	0.673	1.000	0.550	0.221	0.741	0.984	0.864	0.909	0.933	1.000	0.188	0.840	0.922	0.920	0.518
110	x.xxx	x.xxx	x.xxx	x.xxx	x.xxx	x.xxx	x.xxx	x.xxx	x.xxx	x.xxx	x.xxx	x.xxx	x.xxx	x.xxx	x.xxx	x.xxx	x.xxx	x.xxx	x.xxx	x.xxx	x.xxx	x.xxx	x.xxx	x.xxx	x.xxx	x.xxx	x.xxx	x.xxx	x.xxx	x.xxx	x.xxx	x.xxx	x.xxx	x.xxx	x.xxx	x.xxx	x.xxx	x.xxx	x.xxx	x.xxx	x.xxx	x.xxx	x.xxx	x.xxx	x.xxx	x.xxx	x.xxx	x.xxx	x.xxx	x.xxx	x.xxx	x.xxx	x.xxx	x.xxx	x.xxx	x.xxx	x.xxx	x.xxx	x.xxx	x.xxx	x.xxx	x.xxx	x.xxx	x.xxx	x.xxx	x.xxx	x.xxx	x.xxx	x.xxx	x.xxx	x.xxx	x.xxx	x.xxx	x.xxx	x.xxx	x.xxx	x.xxx	x.xxx	x.xxx	x.xxx	x.xxx	x.xxx	x.xxx	x.xxx	x.xxx	x.xxx	x.xxx	x.xxx	x.xxx	x.xxx	x.xxx	x.xxx	x.xxx	x.xxx	x.xxx	x.xxx	x.xxx	x.xxx	x.xxx	x.xxx	x.xxx	x.xxx	x.xxx	x.xxx	x.xxx	x.xxx	x.xxx	x.xxx	x.xxx	x.xxx	0.000	1.000	0.989	0.995	0.984	0.999	0.976	1.000	1.000	0.998	1.000	0.990	0.920	0.883	1.000	0.995	0.991	0.999	0.994	1.000	0.919	0.989	0.999	1.000	0.999	0.999	0.877	0.930	0.998	0.999	0.997	0.966	0.970	1.000	0.999	0.982	0.998	1.000	0.888	0.998	0.969	0.986	0.994	0.991	0.904	0.990	1.000	1.000	0.997	0.999	0.929	0.985	0.998	0.998	0.995	0.989	0.910	1.000	0.786	0.999	0.997	0.998	0.997	1.000	0.970	1.000	0.999	0.999	1.000	1.000	0.997	0.999	0.999	0.994	0.996	1.000	0.968	0.899	0.999	1.000	0.919	0.956	1.000	0.998	0.999	0.997	0.997	0.998	0.999	1.000	0.960	0.949	0.967	0.998	0.999	0.996	1.000	1.000	0.977	0.948	0.995	0.989
111	x.xxx	x.xxx	x.xxx	x.xxx	x.xxx	x.xxx	x.xxx	x.xxx	x.xxx	x.xxx	x.xxx	x.xxx	x.xxx	x.xxx	x.xxx	x.xxx	x.xxx	x.xxx	x.xxx	x.xxx	x.xxx	x.xxx	x.xxx	x.xxx	x.xxx	x.xxx	x.xxx	x.xxx	x.xxx	x.xxx	x.xxx	x.xxx	x.xxx	x.xxx	x.xxx	x.xxx	x.xxx	x.xxx	x.xxx	x.xxx	x.xxx	x.xxx	x.xxx	x.xxx	x.xxx	x.xxx	x.xxx	x.xxx	x.xxx	x.xxx	x.xxx	x.xxx	x.xxx	x.xxx	x.xxx	x.xxx	x.xxx	x.xxx	x.xxx	x.xxx	x.xxx	x.xxx	x.xxx	x.xxx	x.xxx	x.xxx	x.xxx	x.xxx	x.xxx	x.xxx	x.xxx	x.xxx	x.xxx	x.xxx	x.xxx	x.xxx	x.xxx	x.xxx	x.xxx	x.xxx	x.xxx	x.xxx	x.xxx	x.xxx	x.xxx	x.xxx	x.xxx	x.xxx	x.xxx	x.xxx	x.xxx	x.xxx	x.xxx	x.xxx	x.xxx	x.xxx	x.xxx	x.xxx	x.xxx	x.xxx	x.xxx	x.xxx	x.xxx	x.xxx	x.xxx	x.xxx	x.xxx	x.xxx	x.xxx	x.xxx	x.xxx	0.000	0.736	0.935	0.914	1.000	0.917	0.997	0.771	0.455	0.087	1.000	0.941	0.705	0.843	0.966	0.293	1.000	0.972	0.788	0.567	0.918	0.753	0.185	1.000	0.977	0.985	0.957	0.991	0.979	0.928	0.178	0.917	0.568	1.000	0.930	0.853	0.414	0.778	0.886	0.910	0.477	0.674	0.935	0.973	0.881	0.992	0.945	0.795	0.763	0.999	0.445	1.000	0.905	0.936	0.615	0.361	0.889	1.000	0.885	0.981	0.855	0.896	0.336	0.096	0.202	0.922	0.628	0.954	0.395	0.864	1.000	0.961	0.901	0.137	0.846	0.152	0.996	0.441	0.323	1.000	0.219	0.844	0.935	1.000	0.929	0.831	0.755	1.000	0.608	0.332	0.679	0.985	0.899	0.923	0.943	1.000	0.063	0.844	0.933	0.934	0.569
112	x.xxx	x.xxx	x.xxx	x.xxx	x.xxx	x.xxx	x.xxx	x.xxx	x.xxx	x.xxx	x.xxx	x.xxx	x.xxx	x.xxx	x.xxx	x.xxx	x.xxx	x.xxx	x.xxx	x.xxx	x.xxx	x.xxx	x.xxx	x.xxx	x.xxx	x.xxx	x.xxx	x.xxx	x.xxx	x.xxx	x.xxx	x.xxx	x.xxx	x.xxx	x.xxx	x.xxx	x.xxx	x.xxx	x.xxx	x.xxx	x.xxx	x.xxx	x.xxx	x.xxx	x.xxx	x.xxx	x.xxx	x.xxx	x.xxx	x.xxx	x.xxx	x.xxx	x.xxx	x.xxx	x.xxx	x.xxx	x.xxx	x.xxx	x.xxx	x.xxx	x.xxx	x.xxx	x.xxx	x.xxx	x.xxx	x.xxx	x.xxx	x.xxx	x.xxx	x.xxx	x.xxx	x.xxx	x.xxx	x.xxx	x.xxx	x.xxx	x.xxx	x.xxx	x.xxx	x.xxx	x.xxx	x.xxx	x.xxx	x.xxx	x.xxx	x.xxx	x.xxx	x.xxx	x.xxx	x.xxx	x.xxx	x.xxx	x.xxx	x.xxx	x.xxx	x.xxx	x.xxx	x.xxx	x.xxx	x.xxx	x.xxx	x.xxx	x.xxx	x.xxx	x.xxx	x.xxx	x.xxx	x.xxx	x.xxx	x.xxx	x.xxx	x.xxx	0.000	0.696	0.588	0.999	0.809	0.994	0.632	0.695	0.673	0.999	0.657	0.495	0.729	0.782	0.643	0.998	0.528	0.673	0.466	0.665	0.184	0.682	0.997	0.835	0.807	0.919	0.988	0.863	0.666	0.702	0.877	0.666	0.996	0.807	0.647	0.720	0.918	0.639	0.937	0.642	0.382	0.656	0.714	0.623	0.991	0.841	0.958	0.418	0.998	0.556	0.994	0.684	0.647	0.862	0.859	0.812	0.979	0.950	0.849	0.912	0.571	0.607	0.691	0.698	0.586	0.300	0.915	0.481	0.610	0.998	0.932	0.641	0.713	0.537	0.655	0.993	0.466	0.676	0.999	0.744	0.640	0.747	0.998	0.645	0.520	0.196	0.996	0.640	0.548	0.939	0.961	0.666	0.711	0.740	1.000	0.765	0.923	0.888	0.684	0.750
113	x.xxx	x.xxx	x.xxx	x.xxx	x.xxx	x.xxx	x.xxx	x.xxx	x.xxx	x.xxx	x.xxx	x.xxx	x.xxx	x.xxx	x.xxx	x.xxx	x.xxx	x.xxx	x.xxx	x.xxx	x.xxx	x.xxx	x.xxx	x.xxx	x.xxx	x.xxx	x.xxx	x.xxx	x.xxx	x.xxx	x.xxx	x.xxx	x.xxx	x.xxx	x.xxx	x.xxx	x.xxx	x.xxx	x.xxx	x.xxx	x.xxx	x.xxx	x.xxx	x.xxx	x.xxx	x.xxx	x.xxx	x.xxx	x.xxx	x.xxx	x.xxx	x.xxx	x.xxx	x.xxx	x.xxx	x.xxx	x.xxx	x.xxx	x.xxx	x.xxx	x.xxx	x.xxx	x.xxx	x.xxx	x.xxx	x.xxx	x.xxx	x.xxx	x.xxx	x.xxx	x.xxx	x.xxx	x.xxx	x.xxx	x.xxx	x.xxx	x.xxx	x.xxx	x.xxx	x.xxx	x.xxx	x.xxx	x.xxx	x.xxx	x.xxx	x.xxx	x.xxx	x.xxx	x.xxx	x.xxx	x.xxx	x.xxx	x.xxx	x.xxx	x.xxx	x.xxx	x.xxx	x.xxx	x.xxx	x.xxx	x.xxx	x.xxx	x.xxx	x.xxx	x.xxx	x.xxx	x.xxx	x.xxx	x.xxx	x.xxx	x.xxx	x.xxx	x.xxx	0.000	0.270	0.959	0.889	0.802	0.801	0.816	0.900	0.966	0.300	0.382	0.919	0.831	0.973	0.923	0.487	0.813	0.862	0.074	0.651	0.922	0.939	0.872	0.817	0.818	0.944	0.887	0.169	0.876	0.803	0.828	0.929	0.948	0.919	0.838	0.990	0.111	0.877	0.813	0.401	0.347	0.730	0.334	0.990	0.966	0.950	0.331	0.854	0.955	0.960	0.290	0.848	0.767	0.980	0.819	0.993	0.991	0.883	0.842	0.201	0.951	0.861	0.940	0.246	0.527	0.793	0.867	0.260	0.951	0.806	0.221	0.965	0.408	0.869	0.902	0.771	0.850	0.972	0.800	0.919	0.347	0.907	0.117	0.185	0.633	0.995	0.796	0.845	0.955	0.853	0.455	0.252	0.421	0.987	0.978	0.853	0.805	0.184	0.845
114	x.xxx	x.xxx	x.xxx	x.xxx	x.xxx	x.xxx	x.xxx	x.xxx	x.xxx	x.xxx	x.xxx	x.xxx	x.xxx	x.xxx	x.xxx	x.xxx	x.xxx	x.xxx	x.xxx	x.xxx	x.xxx	x.xxx	x.xxx	x.xxx	x.xxx	x.xxx	x.xxx	x.xxx	x.xxx	x.xxx	x.xxx	x.xxx	x.xxx	x.xxx	x.xxx	x.xxx	x.xxx	x.xxx	x.xxx	x.xxx	x.xxx	x.xxx	x.xxx	x.xxx	x.xxx	x.xxx	x.xxx	x.xxx	x.xxx	x.xxx	x.xxx	x.xxx	x.xxx	x.xxx	x.xxx	x.xxx	x.xxx	x.xxx	x.xxx	x.xxx	x.xxx	x.xxx	x.xxx	x.xxx	x.xxx	x.xxx	x.xxx	x.xxx	x.xxx	x.xxx	x.xxx	x.xxx	x.xxx	x.xxx	x.xxx	x.xxx	x.xxx	x.xxx	x.xxx	x.xxx	x.xxx	x.xxx	x.xxx	x.xxx	x.xxx	x.xxx	x.xxx	x.xxx	x.xxx	x.xxx	x.xxx	x.xxx	x.xxx	x.xxx	x.xxx	x.xxx	x.xxx	x.xxx	x.xxx	x.xxx	x.xxx	x.xxx	x.xxx	x.xxx	x.xxx	x.xxx	x.xxx	x.xxx	x.xxx	x.xxx	x.xxx	x.xxx	x.xxx	x.xxx	0.000	0.964	0.824	0.831	0.809	0.827	0.874	0.967	0.458	0.490	0.890	0.784	0.945	0.904	0.298	0.825	0.790	0.271	0.502	0.895	0.864	0.785	0.741	0.873	0.939	0.800	0.252	0.828	0.857	0.838	0.936	0.868	0.816	0.843	0.983	0.293	0.913	0.817	0.465	0.517	0.633	0.465	0.985	0.917	0.960	0.511	0.790	0.901	0.957	0.497	0.779	0.842	0.966	0.828	0.977	0.989	0.791	0.893	0.289	0.929	0.815	0.916	0.179	0.434	0.795	0.825	0.441	0.907	0.791	0.406	0.947	0.582	0.823	0.898	0.682	0.856	0.962	0.793	0.844	0.499	0.864	0.305	0.399	0.522	0.993	0.802	0.778	0.953	0.900	0.612	0.467	0.479	0.989	0.967	0.892	0.863	0.403	0.828
115	x.xxx	x.xxx	x.xxx	x.xxx	x.xxx	x.xxx	x.xxx	x.xxx	x.xxx	x.xxx	x.xxx	x.xxx	x.xxx	x.xxx	x.xxx	x.xxx	x.xxx	x.xxx	x.xxx	x.xxx	x.xxx	x.xxx	x.xxx	x.xxx	x.xxx	x.xxx	x.xxx	x.xxx	x.xxx	x.xxx	x.xxx	x.xxx	x.xxx	x.xxx	x.xxx	x.xxx	x.xxx	x.xxx	x.xxx	x.xxx	x.xxx	x.xxx	x.xxx	x.xxx	x.xxx	x.xxx	x.xxx	x.xxx	x.xxx	x.xxx	x.xxx	x.xxx	x.xxx	x.xxx	x.xxx	x.xxx	x.xxx	x.xxx	x.xxx	x.xxx	x.xxx	x.xxx	x.xxx	x.xxx	x.xxx	x.xxx	x.xxx	x.xxx	x.xxx	x.xxx	x.xxx	x.xxx	x.xxx	x.xxx	x.xxx	x.xxx	x.xxx	x.xxx	x.xxx	x.xxx	x.xxx	x.xxx	x.xxx	x.xxx	x.xxx	x.xxx	x.xxx	x.xxx	x.xxx	x.xxx	x.xxx	x.xxx	x.xxx	x.xxx	x.xxx	x.xxx	x.xxx	x.xxx	x.xxx	x.xxx	x.xxx	x.xxx	x.xxx	x.xxx	x.xxx	x.xxx	x.xxx	x.xxx	x.xxx	x.xxx	x.xxx	x.xxx	x.xxx	x.xxx	x.xxx	0.000	0.963	0.875	0.881	0.898	0.997	0.924	0.985	0.999	0.985	0.987	0.998	0.988	0.987	0.885	0.993	0.978	0.969	0.992	0.973	0.958	0.983	0.911	0.969	0.949	0.959	0.985	0.963	0.906	0.880	0.996	0.975	0.968	0.999	0.940	0.969	0.999	0.984	0.995	0.956	0.985	0.987	0.998	0.967	0.986	0.926	0.998	0.942	0.997	0.988	0.970	0.972	0.887	0.996	0.988	0.966	0.951	0.990	0.988	0.998	0.987	0.990	0.989	0.876	0.994	0.962	0.948	0.872	0.965	0.996	0.997	0.997	0.906	0.978	0.966	0.930	0.938	0.974	0.961	0.953	0.990	0.993	0.997	0.998	0.888	0.998	0.893	0.949	0.999	0.995	0.955	0.978	0.994	0.970	0.921	0.992	0.878
116	x.xxx	x.xxx	x.xxx	x.xxx	x.xxx	x.xxx	x.xxx	x.xxx	x.xxx	x.xxx	x.xxx	x.xxx	x.xxx	x.xxx	x.xxx	x.xxx	x.xxx	x.xxx	x.xxx	x.xxx	x.xxx	x.xxx	x.xxx	x.xxx	x.xxx	x.xxx	x.xxx	x.xxx	x.xxx	x.xxx	x.xxx	x.xxx	x.xxx	x.xxx	x.xxx	x.xxx	x.xxx	x.xxx	x.xxx	x.xxx	x.xxx	x.xxx	x.xxx	x.xxx	x.xxx	x.xxx	x.xxx	x.xxx	x.xxx	x.xxx	x.xxx	x.xxx	x.xxx	x.xxx	x.xxx	x.xxx	x.xxx	x.xxx	x.xxx	x.xxx	x.xxx	x.xxx	x.xxx	x.xxx	x.xxx	x.xxx	x.xxx	x.xxx	x.xxx	x.xxx	x.xxx	x.xxx	x.xxx	x.xxx	x.xxx	x.xxx	x.xxx	x.xxx	x.xxx	x.xxx	x.xxx	x.xxx	x.xxx	x.xxx	x.xxx	x.xxx	x.xxx	x.xxx	x.xxx	x.xxx	x.xxx	x.xxx	x.xxx	x.xxx	x.xxx	x.xxx	x.xxx	x.xxx	x.xxx	x.xxx	x.xxx	x.xxx	x.xxx	x.xxx	x.xxx	x.xxx	x.xxx	x.xxx	x.xxx	x.xxx	x.xxx	x.xxx	x.xxx	x.xxx	x.xxx	x.xxx	0.000	0.869	0.770	0.823	0.901	0.978	0.834	0.881	0.810	0.923	0.847	0.854	0.883	0.808	0.801	0.856	0.789	0.855	0.887	0.888	0.895	0.959	0.940	0.899	0.891	0.830	0.953	0.807	0.957	0.665	0.671	0.858	0.967	0.810	0.975	0.854	0.848	0.881	0.935	0.855	0.983	0.780	0.976	0.859	0.873	0.803	0.968	0.913	0.820	0.962	0.864	0.810	0.952	0.977	0.890	0.962	0.867	0.846	0.894	0.829	0.932	0.799	0.794	0.837	0.865	0.941	0.828	0.810	0.880	0.892	0.878	0.940	0.846	0.810	0.966	0.844	0.705	0.940	0.908	0.941	0.863	0.820	0.975	0.792	0.853	0.949	0.981	0.913	0.938	0.943	0.995	0.896	0.972	0.953	0.942	0.822
117	x.xxx	x.xxx	x.xxx	x.xxx	x.xxx	x.xxx	x.xxx	x.xxx	x.xxx	x.xxx	x.xxx	x.xxx	x.xxx	x.xxx	x.xxx	x.xxx	x.xxx	x.xxx	x.xxx	x.xxx	x.xxx	x.xxx	x.xxx	x.xxx	x.xxx	x.xxx	x.xxx	x.xxx	x.xxx	x.xxx	x.xxx	x.xxx	x.xxx	x.xxx	x.xxx	x.xxx	x.xxx	x.xxx	x.xxx	x.xxx	x.xxx	x.xxx	x.xxx	x.xxx	x.xxx	x.xxx	x.xxx	x.xxx	x.xxx	x.xxx	x.xxx	x.xxx	x.xxx	x.xxx	x.xxx	x.xxx	x.xxx	x.xxx	x.xxx	x.xxx	x.xxx	x.xxx	x.xxx	x.xxx	x.xxx	x.xxx	x.xxx	x.xxx	x.xxx	x.xxx	x.xxx	x.xxx	x.xxx	x.xxx	x.xxx	x.xxx	x.xxx	x.xxx	x.xxx	x.xxx	x.xxx	x.xxx	x.xxx	x.xxx	x.xxx	x.xxx	x.xxx	x.xxx	x.xxx	x.xxx	x.xxx	x.xxx	x.xxx	x.xxx	x.xxx	x.xxx	x.xxx	x.xxx	x.xxx	x.xxx	x.xxx	x.xxx	x.xxx	x.xxx	x.xxx	x.xxx	x.xxx	x.xxx	x.xxx	x.xxx	x.xxx	x.xxx	x.xxx	x.xxx	x.xxx	x.xxx	x.xxx	0.000	0.314	0.531	0.989	0.877	0.948	0.995	0.918	0.966	0.989	0.888	0.944	0.276	0.959	0.895	0.910	0.959	0.862	0.926	0.948	0.876	0.934	0.877	0.919	0.931	0.970	0.530	0.714	0.961	0.899	0.863	0.998	0.789	0.980	0.993	0.936	0.976	0.933	0.967	0.992	0.967	0.968	0.940	0.808	0.983	0.953	0.988	0.969	0.984	0.976	0.257	1.000	0.994	0.937	0.952	0.957	0.944	0.991	0.936	0.950	0.942	0.088	0.966	0.959	0.909	0.164	0.840	0.983	0.987	0.986	0.809	0.954	0.825	0.968	0.756	0.884	0.955	0.867	0.967	0.975	0.983	0.992	0.424	0.988	0.843	0.946	0.997	0.978	0.944	0.984	0.976	0.977	0.901	0.975	0.403
118	x.xxx	x.xxx	x.xxx	x.xxx	x.xxx	x.xxx	x.xxx	x.xxx	x.xxx	x.xxx	x.xxx	x.xxx	x.xxx	x.xxx	x.xxx	x.xxx	x.xxx	x.xxx	x.xxx	x.xxx	x.xxx	x.xxx	x.xxx	x.xxx	x.xxx	x.xxx	x.xxx	x.xxx	x.xxx	x.xxx	x.xxx	x.xxx	x.xxx	x.xxx	x.xxx	x.xxx	x.xxx	x.xxx	x.xxx	x.xxx	x.xxx	x.xxx	x.xxx	x.xxx	x.xxx	x.xxx	x.xxx	x.xxx	x.xxx	x.xxx	x.xxx	x.xxx	x.xxx	x.xxx	x.xxx	x.xxx	x.xxx	x.xxx	x.xxx	x.xxx	x.xxx	x.xxx	x.xxx	x.xxx	x.xxx	x.xxx	x.xxx	x.xxx	x.xxx	x.xxx	x.xxx	x.xxx	x.xxx	x.xxx	x.xxx	x.xxx	x.xxx	x.xxx	x.xxx	x.xxx	x.xxx	x.xxx	x.xxx	x.xxx	x.xxx	x.xxx	x.xxx	x.xxx	x.xxx	x.xxx	x.xxx	x.xxx	x.xxx	x.xxx	x.xxx	x.xxx	x.xxx	x.xxx	x.xxx	x.xxx	x.xxx	x.xxx	x.xxx	x.xxx	x.xxx	x.xxx	x.xxx	x.xxx	x.xxx	x.xxx	x.xxx	x.xxx	x.xxx	x.xxx	x.xxx	x.xxx	x.xxx	x.xxx	0.000	0.293	0.746	0.901	0.875	0.755	0.677	0.941	0.673	0.905	0.907	0.159	0.635	0.866	0.633	0.682	0.922	0.924	0.926	0.872	0.930	0.924	0.899	0.681	0.899	0.271	0.772	0.849	0.692	0.607	0.919	0.746	0.947	0.703	0.679	0.928	0.952	0.857	0.984	0.880	0.928	0.697	0.841	0.622	0.958	0.932	0.894	0.909	0.850	0.274	1.000	0.941	0.932	0.903	0.899	0.662	0.767	0.665	0.933	0.637	0.258	0.651	0.854	0.937	0.323	0.774	0.727	0.792	0.744	0.819	0.654	0.547	0.968	0.550	0.696	0.947	0.895	0.945	0.815	0.638	0.994	0.170	0.696	0.810	0.942	0.907	0.948	0.957	0.986	0.762	0.937	0.844	0.961	0.304
119	x.xxx	x.xxx	x.xxx	x.xxx	x.xxx	x.xxx	x.xxx	x.xxx	x.xxx	x.xxx	x.xxx	x.xxx	x.xxx	x.xxx	x.xxx	x.xxx	x.xxx	x.xxx	x.xxx	x.xxx	x.xxx	x.xxx	x.xxx	x.xxx	x.xxx	x.xxx	x.xxx	x.xxx	x.xxx	x.xxx	x.xxx	x.xxx	x.xxx	x.xxx	x.xxx	x.xxx	x.xxx	x.xxx	x.xxx	x.xxx	x.xxx	x.xxx	x.xxx	x.xxx	x.xxx	x.xxx	x.xxx	x.xxx	x.xxx	x.xxx	x.xxx	x.xxx	x.xxx	x.xxx	x.xxx	x.xxx	x.xxx	x.xxx	x.xxx	x.xxx	x.xxx	x.xxx	x.xxx	x.xxx	x.xxx	x.xxx	x.xxx	x.xxx	x.xxx	x.xxx	x.xxx	x.xxx	x.xxx	x.xxx	x.xxx	x.xxx	x.xxx	x.xxx	x.xxx	x.xxx	x.xxx	x.xxx	x.xxx	x.xxx	x.xxx	x.xxx	x.xxx	x.xxx	x.xxx	x.xxx	x.xxx	x.xxx	x.xxx	x.xxx	x.xxx	x.xxx	x.xxx	x.xxx	x.xxx	x.xxx	x.xxx	x.xxx	x.xxx	x.xxx	x.xxx	x.xxx	x.xxx	x.xxx	x.xxx	x.xxx	x.xxx	x.xxx	x.xxx	x.xxx	x.xxx	x.xxx	x.xxx	x.xxx	x.xxx	0.000	0.415	0.919	0.903	0.697	0.739	0.951	0.303	0.940	0.944	0.354	0.491	0.867	0.696	0.321	0.969	0.955	0.957	0.884	0.945	0.954	0.899	0.345	0.894	0.139	0.827	0.890	0.792	0.302	0.799	0.772	0.897	0.432	0.620	0.920	0.952	0.864	0.986	0.917	0.868	0.721	0.883	0.340	0.965	0.917	0.916	0.796	0.653	0.465	0.997	0.878	0.959	0.828	0.899	0.271	0.451	0.337	0.924	0.577	0.479	0.295	0.862	0.968	0.540	0.783	0.401	0.824	0.409	0.846	0.366	0.225	0.976	0.271	0.787	0.941	0.927	0.936	0.826	0.711	0.996	0.147	0.313	0.735	0.943	0.897	0.931	0.949	0.987	0.476	0.866	0.846	0.944	0.189
120	x.xxx	x.xxx	x.xxx	x.xxx	x.xxx	x.xxx	x.xxx	x.xxx	x.xxx	x.xxx	x.xxx	x.xxx	x.xxx	x.xxx	x.xxx	x.xxx	x.xxx	x.xxx	x.xxx	x.xxx	x.xxx	x.xxx	x.xxx	x.xxx	x.xxx	x.xxx	x.xxx	x.xxx	x.xxx	x.xxx	x.xxx	x.xxx	x.xxx	x.xxx	x.xxx	x.xxx	x.xxx	x.xxx	x.xxx	x.xxx	x.xxx	x.xxx	x.xxx	x.xxx	x.xxx	x.xxx	x.xxx	x.xxx	x.xxx	x.xxx	x.xxx	x.xxx	x.xxx	x.xxx	x.xxx	x.xxx	x.xxx	x.xxx	x.xxx	x.xxx	x.xxx	x.xxx	x.xxx	x.xxx	x.xxx	x.xxx	x.xxx	x.xxx	x.xxx	x.xxx	x.xxx	x.xxx	x.xxx	x.xxx	x.xxx	x.xxx	x.xxx	x.xxx	x.xxx	x.xxx	x.xxx	x.xxx	x.xxx	x.xxx	x.xxx	x.xxx	x.xxx	x.xxx	x.xxx	x.xxx	x.xxx	x.xxx	x.xxx	x.xxx	x.xxx	x.xxx	x.xxx	x.xxx	x.xxx	x.xxx	x.xxx	x.xxx	x.xxx	x.xxx	x.xxx	x.xxx	x.xxx	x.xxx	x.xxx	x.xxx	x.xxx	x.xxx	x.xxx	x.xxx	x.xxx	x.xxx	x.xxx	x.xxx	x.xxx	x.xxx	0.000	0.998	0.898	0.670	0.829	0.925	0.241	0.987	0.916	0.766	0.496	0.884	0.685	0.135	0.989	0.929	0.941	0.951	0.986	0.945	0.893	0.127	0.903	0.533	0.996	0.916	0.828	0.378	0.773	0.852	0.904	0.454	0.614	0.897	0.932	0.838	0.990	0.930	0.819	0.710	0.991	0.395	0.997	0.877	0.878	0.647	0.425	0.874	1.000	0.882	0.941	0.844	0.858	0.287	0.065	0.151	0.882	0.576	0.941	0.311	0.832	0.990	0.951	0.859	0.080	0.803	0.085	0.991	0.365	0.274	0.997	0.181	0.820	0.909	0.993	0.894	0.794	0.695	0.999	0.575	0.254	0.714	0.980	0.868	0.892	0.916	0.999	0.138	0.837	0.921	0.902	0.539
121	x.xxx	x.xxx	x.xxx	x.xxx	x.xxx	x.xxx	x.xxx	x.xxx	x.xxx	x.xxx	x.xxx	x.xxx	x.xxx	x.xxx	x.xxx	x.xxx	x.xxx	x.xxx	x.xxx	x.xxx	x.xxx	x.xxx	x.xxx	x.xxx	x.xxx	x.xxx	x.xxx	x.xxx	x.xxx	x.xxx	x.xxx	x.xxx	x.xxx	x.xxx	x.xxx	x.xxx	x.xxx	x.xxx	x.xxx	x.xxx	x.xxx	x.xxx	x.xxx	x.xxx	x.xxx	x.xxx	x.xxx	x.xxx	x.xxx	x.xxx	x.xxx	x.xxx	x.xxx	x.xxx	x.xxx	x.xxx	x.xxx	x.xxx	x.xxx	x.xxx	x.xxx	x.xxx	x.xxx	x.xxx	x.xxx	x.xxx	x.xxx	x.xxx	x.xxx	x.xxx	x.xxx	x.xxx	x.xxx	x.xxx	x.xxx	x.xxx	x.xxx	x.xxx	x.xxx	x.xxx	x.xxx	x.xxx	x.xxx	x.xxx	x.xxx	x.xxx	x.xxx	x.xxx	x.xxx	x.xxx	x.xxx	x.xxx	x.xxx	x.xxx	x.xxx	x.xxx	x.xxx	x.xxx	x.xxx	x.xxx	x.xxx	x.xxx	x.xxx	x.xxx	x.xxx	x.xxx	x.xxx	x.xxx	x.xxx	x.xxx	x.xxx	x.xxx	x.xxx	x.xxx	x.xxx	x.xxx	x.xxx	x.xxx	x.xxx	x.xxx	x.xxx	0.000	0.983	0.993	0.988	0.988	0.996	0.991	0.989	0.867	0.989	0.979	0.980	0.993	0.985	0.972	0.980	0.887	0.977	0.971	0.968	0.982	0.972	0.926	0.861	0.993	0.981	0.975	0.992	0.958	0.974	0.995	0.991	0.993	0.967	0.985	0.997	0.998	0.922	0.993	0.948	0.994	0.961	0.998	0.996	0.982	0.979	0.863	0.989	0.995	0.973	0.963	0.991	0.995	0.993	0.990	0.992	0.991	0.876	0.995	0.973	0.971	0.847	0.971	0.994	0.998	0.992	0.926	0.982	0.973	0.898	0.945	0.987	0.974	0.973	0.991	0.993	0.998	0.999	0.912	0.992	0.907	0.956	0.999	0.996	0.972	0.983	0.995	0.975	0.935	0.993	0.858
122	x.xxx	x.xxx	x.xxx	x.xxx	x.xxx	x.xxx	x.xxx	x.xxx	x.xxx	x.xxx	x.xxx	x.xxx	x.xxx	x.xxx	x.xxx	x.xxx	x.xxx	x.xxx	x.xxx	x.xxx	x.xxx	x.xxx	x.xxx	x.xxx	x.xxx	x.xxx	x.xxx	x.xxx	x.xxx	x.xxx	x.xxx	x.xxx	x.xxx	x.xxx	x.xxx	x.xxx	x.xxx	x.xxx	x.xxx	x.xxx	x.xxx	x.xxx	x.xxx	x.xxx	x.xxx	x.xxx	x.xxx	x.xxx	x.xxx	x.xxx	x.xxx	x.xxx	x.xxx	x.xxx	x.xxx	x.xxx	x.xxx	x.xxx	x.xxx	x.xxx	x.xxx	x.xxx	x.xxx	x.xxx	x.xxx	x.xxx	x.xxx	x.xxx	x.xxx	x.xxx	x.xxx	x.xxx	x.xxx	x.xxx	x.xxx	x.xxx	x.xxx	x.xxx	x.xxx	x.xxx	x.xxx	x.xxx	x.xxx	x.xxx	x.xxx	x.xxx	x.xxx	x.xxx	x.xxx	x.xxx	x.xxx	x.xxx	x.xxx	x.xxx	x.xxx	x.xxx	x.xxx	x.xxx	x.xxx	x.xxx	x.xxx	x.xxx	x.xxx	x.xxx	x.xxx	x.xxx	x.xxx	x.xxx	x.xxx	x.xxx	x.xxx	x.xxx	x.xxx	x.xxx	x.xxx	x.xxx	x.xxx	x.xxx	x.xxx	x.xxx	x.xxx	x.xxx	0.000	0.401	0.909	0.829	0.917	0.924	0.492	0.884	0.716	0.248	0.628	0.923	0.933	0.871	0.757	0.809	0.963	0.886	0.330	0.867	0.736	0.903	0.972	0.850	0.841	0.919	0.945	0.337	0.868	0.906	0.392	0.200	0.649	0.220	0.985	0.908	0.980	0.250	0.832	0.882	0.983	0.280	0.799	0.778	0.903	0.888	0.927	0.981	0.880	0.827	0.319	0.911	0.858	0.927	0.415	0.616	0.881	0.829	0.282	0.943	0.891	0.204	0.923	0.264	0.839	0.904	0.767	0.916	0.955	0.853	0.845	0.336	0.952	0.297	0.277	0.591	0.995	0.891	0.791	0.944	0.852	0.347	0.262	0.498	0.996	0.939	0.836	0.766	0.327	0.887
123	x.xxx	x.xxx	x.xxx	x.xxx	x.xxx	x.xxx	x.xxx	x.xxx	x.xxx	x.xxx	x.xxx	x.xxx	x.xxx	x.xxx	x.xxx	x.xxx	x.xxx	x.xxx	x.xxx	x.xxx	x.xxx	x.xxx	x.xxx	x.xxx	x.xxx	x.xxx	x.xxx	x.xxx	x.xxx	x.xxx	x.xxx	x.xxx	x.xxx	x.xxx	x.xxx	x.xxx	x.xxx	x.xxx	x.xxx	x.xxx	x.xxx	x.xxx	x.xxx	x.xxx	x.xxx	x.xxx	x.xxx	x.xxx	x.xxx	x.xxx	x.xxx	x.xxx	x.xxx	x.xxx	x.xxx	x.xxx	x.xxx	x.xxx	x.xxx	x.xxx	x.xxx	x.xxx	x.xxx	x.xxx	x.xxx	x.xxx	x.xxx	x.xxx	x.xxx	x.xxx	x.xxx	x.xxx	x.xxx	x.xxx	x.xxx	x.xxx	x.xxx	x.xxx	x.xxx	x.xxx	x.xxx	x.xxx	x.xxx	x.xxx	x.xxx	x.xxx	x.xxx	x.xxx	x.xxx	x.xxx	x.xxx	x.xxx	x.xxx	x.xxx	x.xxx	x.xxx	x.xxx	x.xxx	x.xxx	x.xxx	x.xxx	x.xxx	x.xxx	x.xxx	x.xxx	x.xxx	x.xxx	x.xxx	x.xxx	x.xxx	x.xxx	x.xxx	x.xxx	x.xxx	x.xxx	x.xxx	x.xxx	x.xxx	x.xxx	x.xxx	x.xxx	x.xxx	x.xxx	0.000	0.832	0.836	0.669	0.997	0.618	0.774	0.454	0.347	0.537	0.686	0.996	0.869	0.851	0.793	0.986	0.927	0.387	0.644	0.748	0.692	0.996	0.896	0.835	0.708	0.844	0.353	0.830	0.524	0.227	0.482	0.675	0.445	0.991	0.937	0.919	0.301	0.900	0.614	0.987	0.408	0.793	0.720	0.735	0.882	0.951	0.932	0.886	0.832	0.289	0.656	0.613	0.712	0.424	0.287	0.949	0.582	0.318	0.995	0.957	0.458	0.717	0.421	0.604	0.891	0.538	0.699	0.951	0.645	0.829	0.496	0.998	0.337	0.252	0.460	0.998	0.669	0.534	0.871	0.859	0.513	0.413	0.488	1.000	0.757	0.812	0.763	0.361	0.734
124	x.xxx	x.xxx	x.xxx	x.xxx	x.xxx	x.xxx	x.xxx	x.xxx	x.xxx	x.xxx	x.xxx	x.xxx	x.xxx	x.xxx	x.xxx	x.xxx	x.xxx	x.xxx	x.xxx	x.xxx	x.xxx	x.xxx	x.xxx	x.xxx	x.xxx	x.xxx	x.xxx	x.xxx	x.xxx	x.xxx	x.xxx	x.xxx	x.xxx	x.xxx	x.xxx	x.xxx	x.xxx	x.xxx	x.xxx	x.xxx	x.xxx	x.xxx	x.xxx	x.xxx	x.xxx	x.xxx	x.xxx	x.xxx	x.xxx	x.xxx	x.xxx	x.xxx	x.xxx	x.xxx	x.xxx	x.xxx	x.xxx	x.xxx	x.xxx	x.xxx	x.xxx	x.xxx	x.xxx	x.xxx	x.xxx	x.xxx	x.xxx	x.xxx	x.xxx	x.xxx	x.xxx	x.xxx	x.xxx	x.xxx	x.xxx	x.xxx	x.xxx	x.xxx	x.xxx	x.xxx	x.xxx	x.xxx	x.xxx	x.xxx	x.xxx	x.xxx	x.xxx	x.xxx	x.xxx	x.xxx	x.xxx	x.xxx	x.xxx	x.xxx	x.xxx	x.xxx	x.xxx	x.xxx	x.xxx	x.xxx	x.xxx	x.xxx	x.xxx	x.xxx	x.xxx	x.xxx	x.xxx	x.xxx	x.xxx	x.xxx	x.xxx	x.xxx	x.xxx	x.xxx	x.xxx	x.xxx	x.xxx	x.xxx	x.xxx	x.xxx	x.xxx	x.xxx	x.xxx	x.xxx	0.000	0.971	0.785	0.957	0.961	0.679	0.761	0.900	0.738	0.761	0.991	0.972	0.962	0.956	0.835	0.975	0.934	0.768	0.916	0.678	0.930	0.879	0.772	0.714	0.942	0.860	0.967	0.798	0.799	0.935	0.983	0.888	0.990	0.904	0.964	0.806	0.930	0.751	0.981	0.935	0.914	0.937	0.898	0.674	1.000	0.962	0.984	0.949	0.934	0.777	0.842	0.765	0.966	0.753	0.816	0.771	0.885	0.986	0.861	0.860	0.819	0.825	0.829	0.957	0.790	0.740	0.975	0.796	0.767	0.971	0.940	0.977	0.844	0.748	0.995	0.723	0.795	0.937	0.975	0.907	0.959	0.982	0.995	0.845	0.958	0.941	0.979	0.781
125	x.xxx	x.xxx	x.xxx	x.xxx	x.xxx	x.xxx	x.xxx	x.xxx	x.xxx	x.xxx	x.xxx	x.xxx	x.xxx	x.xxx	x.xxx	x.xxx	x.xxx	x.xxx	x.xxx	x.xxx	x.xxx	x.xxx	x.xxx	x.xxx	x.xxx	x.xxx	x.xxx	x.xxx	x.xxx	x.xxx	x.xxx	x.xxx	x.xxx	x.xxx	x.xxx	x.xxx	x.xxx	x.xxx	x.xxx	x.xxx	x.xxx	x.xxx	x.xxx	x.xxx	x.xxx	x.xxx	x.xxx	x.xxx	x.xxx	x.xxx	x.xxx	x.xxx	x.xxx	x.xxx	x.xxx	x.xxx	x.xxx	x.xxx	x.xxx	x.xxx	x.xxx	x.xxx	x.xxx	x.xxx	x.xxx	x.xxx	x.xxx	x.xxx	x.xxx	x.xxx	x.xxx	x.xxx	x.xxx	x.xxx	x.xxx	x.xxx	x.xxx	x.xxx	x.xxx	x.xxx	x.xxx	x.xxx	x.xxx	x.xxx	x.xxx	x.xxx	x.xxx	x.xxx	x.xxx	x.xxx	x.xxx	x.xxx	x.xxx	x.xxx	x.xxx	x.xxx	x.xxx	x.xxx	x.xxx	x.xxx	x.xxx	x.xxx	x.xxx	x.xxx	x.xxx	x.xxx	x.xxx	x.xxx	x.xxx	x.xxx	x.xxx	x.xxx	x.xxx	x.xxx	x.xxx	x.xxx	x.xxx	x.xxx	x.xxx	x.xxx	x.xxx	x.xxx	x.xxx	x.xxx	x.xxx	0.000	0.972	0.957	0.766	0.939	0.877	0.828	0.765	0.966	0.929	0.791	0.821	0.914	0.975	0.859	0.813	0.960	0.955	0.955	0.970	0.946	0.901	0.964	0.989	0.828	0.965	0.954	0.823	0.847	0.834	0.834	0.986	0.949	0.959	0.835	0.957	0.953	0.931	0.861	0.655	0.946	0.974	0.948	0.943	0.987	0.762	0.966	0.760	0.946	0.925	0.976	0.794	0.777	0.934	0.864	0.791	0.941	0.936	0.847	0.963	0.875	0.913	0.971	0.810	0.970	0.986	0.954	0.898	0.844	0.961	0.801	0.808	0.821	0.992	0.937	0.883	0.985	0.972	0.875	0.854	0.777	0.997	0.971	0.969	0.860	0.740	0.949
126	x.xxx	x.xxx	x.xxx	x.xxx	x.xxx	x.xxx	x.xxx	x.xxx	x.xxx	x.xxx	x.xxx	x.xxx	x.xxx	x.xxx	x.xxx	x.xxx	x.xxx	x.xxx	x.xxx	x.xxx	x.xxx	x.xxx	x.xxx	x.xxx	x.xxx	x.xxx	x.xxx	x.xxx	x.xxx	x.xxx	x.xxx	x.xxx	x.xxx	x.xxx	x.xxx	x.xxx	x.xxx	x.xxx	x.xxx	x.xxx	x.xxx	x.xxx	x.xxx	x.xxx	x.xxx	x.xxx	x.xxx	x.xxx	x.xxx	x.xxx	x.xxx	x.xxx	x.xxx	x.xxx	x.xxx	x.xxx	x.xxx	x.xxx	x.xxx	x.xxx	x.xxx	x.xxx	x.xxx	x.xxx	x.xxx	x.xxx	x.xxx	x.xxx	x.xxx	x.xxx	x.xxx	x.xxx	x.xxx	x.xxx	x.xxx	x.xxx	x.xxx	x.xxx	x.xxx	x.xxx	x.xxx	x.xxx	x.xxx	x.xxx	x.xxx	x.xxx	x.xxx	x.xxx	x.xxx	x.xxx	x.xxx	x.xxx	x.xxx	x.xxx	x.xxx	x.xxx	x.xxx	x.xxx	x.xxx	x.xxx	x.xxx	x.xxx	x.xxx	x.xxx	x.xxx	x.xxx	x.xxx	x.xxx	x.xxx	x.xxx	x.xxx	x.xxx	x.xxx	x.xxx	x.xxx	x.xxx	x.xxx	x.xxx	x.xxx	x.xxx	x.xxx	x.xxx	x.xxx	x.xxx	x.xxx	x.xxx	0.000	0.988	0.944	0.720	0.412	0.945	0.686	0.159	0.988	0.974	0.966	0.964	0.987	0.980	0.972	0.197	0.906	0.424	0.997	0.844	0.755	0.280	0.755	0.911	0.912	0.351	0.598	0.921	0.973	0.879	0.990	0.896	0.880	0.703	0.977	0.196	0.998	0.936	0.910	0.765	0.558	0.856	0.987	0.877	0.985	0.845	0.931	0.102	0.285	0.141	0.974	0.563	0.927	0.182	0.881	0.991	0.940	0.904	0.191	0.800	0.223	0.984	0.299	0.090	0.995	0.297	0.759	0.970	0.995	0.973	0.838	0.654	0.995	0.491	0.142	0.794	0.992	0.907	0.961	0.982	0.999	0.306	0.860	0.928	0.974	0.431
127	x.xxx	x.xxx	x.xxx	x.xxx	x.xxx	x.xxx	x.xxx	x.xxx	x.xxx	x.xxx	x.xxx	x.xxx	x.xxx	x.xxx	x.xxx	x.xxx	x.xxx	x.xxx	x.xxx	x.xxx	x.xxx	x.xxx	x.xxx	x.xxx	x.xxx	x.xxx	x.xxx	x.xxx	x.xxx	x.xxx	x.xxx	x.xxx	x.xxx	x.xxx	x.xxx	x.xxx	x.xxx	x.xxx	x.xxx	x.xxx	x.xxx	x.xxx	x.xxx	x.xxx	x.xxx	x.xxx	x.xxx	x.xxx	x.xxx	x.xxx	x.xxx	x.xxx	x.xxx	x.xxx	x.xxx	x.xxx	x.xxx	x.xxx	x.xxx	x.xxx	x.xxx	x.xxx	x.xxx	x.xxx	x.xxx	x.xxx	x.xxx	x.xxx	x.xxx	x.xxx	x.xxx	x.xxx	x.xxx	x.xxx	x.xxx	x.xxx	x.xxx	x.xxx	x.xxx	x.xxx	x.xxx	x.xxx	x.xxx	x.xxx	x.xxx	x.xxx	x.xxx	x.xxx	x.xxx	x.xxx	x.xxx	x.xxx	x.xxx	x.xxx	x.xxx	x.xxx	x.xxx	x.xxx	x.xxx	x.xxx	x.xxx	x.xxx	x.xxx	x.xxx	x.xxx	x.xxx	x.xxx	x.xxx	x.xxx	x.xxx	x.xxx	x.xxx	x.xxx	x.xxx	x.xxx	x.xxx	x.xxx	x.xxx	x.xxx	x.xxx	x.xxx	x.xxx	x.xxx	x.xxx	x.xxx	x.xxx	x.xxx	0.000	0.901	0.924	0.976	0.934	0.927	0.971	0.762	0.886	0.932	0.991	0.968	0.860	0.921	0.966	0.986	0.936	0.976	0.875	0.849	0.970	0.995	0.935	0.994	0.994	0.958	0.978	0.952	0.958	0.992	0.884	0.994	0.961	0.919	0.978	0.986	0.986	0.947	0.991	0.986	0.936	0.998	0.994	0.856	0.991	0.948	0.975	0.992	0.961	0.921	0.938	0.895	0.969	0.966	0.907	0.914	0.944	0.978	0.986	0.987	0.971	0.951	0.945	0.988	0.957	0.874	0.968	0.927	0.955	0.969	0.974	0.940	0.922	0.988	0.988	0.993	1.000	0.972	0.964	0.997	0.978	0.992	0.989	0.968	0.941
128	x.xxx	x.xxx	x.xxx	x.xxx	x.xxx	x.xxx	x.xxx	x.xxx	x.xxx	x.xxx	x.xxx	x.xxx	x.xxx	x.xxx	x.xxx	x.xxx	x.xxx	x.xxx	x.xxx	x.xxx	x.xxx	x.xxx	x.xxx	x.xxx	x.xxx	x.xxx	x.xxx	x.xxx	x.xxx	x.xxx	x.xxx	x.xxx	x.xxx	x.xxx	x.xxx	x.xxx	x.xxx	x.xxx	x.xxx	x.xxx	x.xxx	x.xxx	x.xxx	x.xxx	x.xxx	x.xxx	x.xxx	x.xxx	x.xxx	x.xxx	x.xxx	x.xxx	x.xxx	x.xxx	x.xxx	x.xxx	x.xxx	x.xxx	x.xxx	x.xxx	x.xxx	x.xxx	x.xxx	x.xxx	x.xxx	x.xxx	x.xxx	x.xxx	x.xxx	x.xxx	x.xxx	x.xxx	x.xxx	x.xxx	x.xxx	x.xxx	x.xxx	x.xxx	x.xxx	x.xxx	x.xxx	x.xxx	x.xxx	x.xxx	x.xxx	x.xxx	x.xxx	x.xxx	x.xxx	x.xxx	x.xxx	x.xxx	x.xxx	x.xxx	x.xxx	x.xxx	x.xxx	x.xxx	x.xxx	x.xxx	x.xxx	x.xxx	x.xxx	x.xxx	x.xxx	x.xxx	x.xxx	x.xxx	x.xxx	x.xxx	x.xxx	x.xxx	x.xxx	x.xxx	x.xxx	x.xxx	x.xxx	x.xxx	x.xxx	x.xxx	x.xxx	x.xxx	x.xxx	x.xxx	x.xxx	x.xxx	x.xxx	x.xxx	0.000	0.925	0.825	0.477	0.474	0.970	0.829	0.760	0.733	0.923	0.973	0.787	0.432	0.954	0.889	0.947	0.977	0.854	0.789	0.967	0.989	0.511	0.948	0.951	0.496	0.546	0.643	0.544	0.985	0.882	0.988	0.526	0.916	0.929	0.984	0.609	0.728	0.886	0.975	0.936	0.991	0.989	0.774	0.922	0.403	0.944	0.910	0.963	0.311	0.522	0.892	0.821	0.559	0.906	0.893	0.552	0.945	0.591	0.891	0.959	0.722	0.953	0.983	0.947	0.810	0.610	0.938	0.424	0.517	0.426	0.988	0.930	0.845	0.981	0.939	0.661	0.577	0.584	0.996	0.961	0.933	0.902	0.522	0.916
129	x.xxx	x.xxx	x.xxx	x.xxx	x.xxx	x.xxx	x.xxx	x.xxx	x.xxx	x.xxx	x.xxx	x.xxx	x.xxx	x.xxx	x.xxx	x.xxx	x.xxx	x.xxx	x.xxx	x.xxx	x.xxx	x.xxx	x.xxx	x.xxx	x.xxx	x.xxx	x.xxx	x.xxx	x.xxx	x.xxx	x.xxx	x.xxx	x.xxx	x.xxx	x.xxx	x.xxx	x.xxx	x.xxx	x.xxx	x.xxx	x.xxx	x.xxx	x.xxx	x.xxx	x.xxx	x.xxx	x.xxx	x.xxx	x.xxx	x.xxx	x.xxx	x.xxx	x.xxx	x.xxx	x.xxx	x.xxx	x.xxx	x.xxx	x.xxx	x.xxx	x.xxx	x.xxx	x.xxx	x.xxx	x.xxx	x.xxx	x.xxx	x.xxx	x.xxx	x.xxx	x.xxx	x.xxx	x.xxx	x.xxx	x.xxx	x.xxx	x.xxx	x.xxx	x.xxx	x.xxx	x.xxx	x.xxx	x.xxx	x.xxx	x.xxx	x.xxx	x.xxx	x.xxx	x.xxx	x.xxx	x.xxx	x.xxx	x.xxx	x.xxx	x.xxx	x.xxx	x.xxx	x.xxx	x.xxx	x.xxx	x.xxx	x.xxx	x.xxx	x.xxx	x.xxx	x.xxx	x.xxx	x.xxx	x.xxx	x.xxx	x.xxx	x.xxx	x.xxx	x.xxx	x.xxx	x.xxx	x.xxx	x.xxx	x.xxx	x.xxx	x.xxx	x.xxx	x.xxx	x.xxx	x.xxx	x.xxx	x.xxx	x.xxx	x.xxx	0.000	0.678	0.869	0.676	0.702	0.944	0.931	0.942	0.837	0.938	0.930	0.902	0.708	0.907	0.295	0.710	0.881	0.750	0.605	0.921	0.765	0.948	0.732	0.710	0.924	0.949	0.864	0.985	0.906	0.930	0.725	0.863	0.671	0.960	0.928	0.906	0.915	0.862	0.115	1.000	0.943	0.935	0.907	0.901	0.699	0.784	0.708	0.928	0.677	0.202	0.690	0.861	0.948	0.221	0.787	0.754	0.812	0.765	0.834	0.693	0.606	0.973	0.586	0.743	0.945	0.910	0.943	0.825	0.683	0.996	0.264	0.726	0.787	0.944	0.906	0.943	0.954	0.986	0.787	0.937	0.848	0.954	0.225
130	x.xxx	x.xxx	x.xxx	x.xxx	x.xxx	x.xxx	x.xxx	x.xxx	x.xxx	x.xxx	x.xxx	x.xxx	x.xxx	x.xxx	x.xxx	x.xxx	x.xxx	x.xxx	x.xxx	x.xxx	x.xxx	x.xxx	x.xxx	x.xxx	x.xxx	x.xxx	x.xxx	x.xxx	x.xxx	x.xxx	x.xxx	x.xxx	x.xxx	x.xxx	x.xxx	x.xxx	x.xxx	x.xxx	x.xxx	x.xxx	x.xxx	x.xxx	x.xxx	x.xxx	x.xxx	x.xxx	x.xxx	x.xxx	x.xxx	x.xxx	x.xxx	x.xxx	x.xxx	x.xxx	x.xxx	x.xxx	x.xxx	x.xxx	x.xxx	x.xxx	x.xxx	x.xxx	x.xxx	x.xxx	x.xxx	x.xxx	x.xxx	x.xxx	x.xxx	x.xxx	x.xxx	x.xxx	x.xxx	x.xxx	x.xxx	x.xxx	x.xxx	x.xxx	x.xxx	x.xxx	x.xxx	x.xxx	x.xxx	x.xxx	x.xxx	x.xxx	x.xxx	x.xxx	x.xxx	x.xxx	x.xxx	x.xxx	x.xxx	x.xxx	x.xxx	x.xxx	x.xxx	x.xxx	x.xxx	x.xxx	x.xxx	x.xxx	x.xxx	x.xxx	x.xxx	x.xxx	x.xxx	x.xxx	x.xxx	x.xxx	x.xxx	x.xxx	x.xxx	x.xxx	x.xxx	x.xxx	x.xxx	x.xxx	x.xxx	x.xxx	x.xxx	x.xxx	x.xxx	x.xxx	x.xxx	x.xxx	x.xxx	x.xxx	x.xxx	x.xxx	0.000	0.832	0.472	0.483	0.939	0.862	0.849	0.922	0.977	0.873	0.853	0.452	0.854	0.464	0.989	0.795	0.666	0.540	0.830	0.783	0.911	0.411	0.431	0.818	0.714	0.770	0.989	0.877	0.929	0.568	0.830	0.284	0.992	0.843	0.790	0.842	0.683	0.834	0.936	0.909	0.889	0.895	0.793	0.358	0.461	0.504	0.832	0.390	0.895	0.272	0.764	0.961	0.910	0.795	0.523	0.722	0.409	0.910	0.326	0.471	0.964	0.497	0.664	0.870	0.972	0.851	0.723	0.514	0.995	0.417	0.281	0.856	0.959	0.821	0.861	0.875	0.998	0.596	0.888	0.879	0.871	0.552
131	x.xxx	x.xxx	x.xxx	x.xxx	x.xxx	x.xxx	x.xxx	x.xxx	x.xxx	x.xxx	x.xxx	x.xxx	x.xxx	x.xxx	x.xxx	x.xxx	x.xxx	x.xxx	x.xxx	x.xxx	x.xxx	x.xxx	x.xxx	x.xxx	x.xxx	x.xxx	x.xxx	x.xxx	x.xxx	x.xxx	x.xxx	x.xxx	x.xxx	x.xxx	x.xxx	x.xxx	x.xxx	x.xxx	x.xxx	x.xxx	x.xxx	x.xxx	x.xxx	x.xxx	x.xxx	x.xxx	x.xxx	x.xxx	x.xxx	x.xxx	x.xxx	x.xxx	x.xxx	x.xxx	x.xxx	x.xxx	x.xxx	x.xxx	x.xxx	x.xxx	x.xxx	x.xxx	x.xxx	x.xxx	x.xxx	x.xxx	x.xxx	x.xxx	x.xxx	x.xxx	x.xxx	x.xxx	x.xxx	x.xxx	x.xxx	x.xxx	x.xxx	x.xxx	x.xxx	x.xxx	x.xxx	x.xxx	x.xxx	x.xxx	x.xxx	x.xxx	x.xxx	x.xxx	x.xxx	x.xxx	x.xxx	x.xxx	x.xxx	x.xxx	x.xxx	x.xxx	x.xxx	x.xxx	x.xxx	x.xxx	x.xxx	x.xxx	x.xxx	x.xxx	x.xxx	x.xxx	x.xxx	x.xxx	x.xxx	x.xxx	x.xxx	x.xxx	x.xxx	x.xxx	x.xxx	x.xxx	x.xxx	x.xxx	x.xxx	x.xxx	x.xxx	x.xxx	x.xxx	x.xxx	x.xxx	x.xxx	x.xxx	x.xxx	x.xxx	x.xxx	x.xxx	0.000	0.631	0.903	0.953	0.883	0.813	0.821	0.950	0.898	0.163	0.852	0.791	0.880	0.962	0.898	0.901	0.877	0.983	0.152	0.874	0.776	0.382	0.298	0.726	0.288	0.986	0.927	0.958	0.287	0.887	0.918	0.974	0.240	0.818	0.754	0.969	0.870	0.985	0.989	0.893	0.847	0.180	0.935	0.840	0.922	0.243	0.507	0.860	0.851	0.215	0.961	0.870	0.229	0.950	0.363	0.848	0.938	0.754	0.895	0.975	0.837	0.901	0.313	0.915	0.112	0.130	0.608	0.995	0.853	0.814	0.967	0.855	0.415	0.205	0.423	0.993	0.967	0.847	0.810	0.157	0.886
132	x.xxx	x.xxx	x.xxx	x.xxx	x.xxx	x.xxx	x.xxx	x.xxx	x.xxx	x.xxx	x.xxx	x.xxx	x.xxx	x.xxx	x.xxx	x.xxx	x.xxx	x.xxx	x.xxx	x.xxx	x.xxx	x.xxx	x.xxx	x.xxx	x.xxx	x.xxx	x.xxx	x.xxx	x.xxx	x.xxx	x.xxx	x.xxx	x.xxx	x.xxx	x.xxx	x.xxx	x.xxx	x.xxx	x.xxx	x.xxx	x.xxx	x.xxx	x.xxx	x.xxx	x.xxx	x.xxx	x.xxx	x.xxx	x.xxx	x.xxx	x.xxx	x.xxx	x.xxx	x.xxx	x.xxx	x.xxx	x.xxx	x.xxx	x.xxx	x.xxx	x.xxx	x.xxx	x.xxx	x.xxx	x.xxx	x.xxx	x.xxx	x.xxx	x.xxx	x.xxx	x.xxx	x.xxx	x.xxx	x.xxx	x.xxx	x.xxx	x.xxx	x.xxx	x.xxx	x.xxx	x.xxx	x.xxx	x.xxx	x.xxx	x.xxx	x.xxx	x.xxx	x.xxx	x.xxx	x.xxx	x.xxx	x.xxx	x.xxx	x.xxx	x.xxx	x.xxx	x.xxx	x.xxx	x.xxx	x.xxx	x.xxx	x.xxx	x.xxx	x.xxx	x.xxx	x.xxx	x.xxx	x.xxx	x.xxx	x.xxx	x.xxx	x.xxx	x.xxx	x.xxx	x.xxx	x.xxx	x.xxx	x.xxx	x.xxx	x.xxx	x.xxx	x.xxx	x.xxx	x.xxx	x.xxx	x.xxx	x.xxx	x.xxx	x.xxx	x.xxx	x.xxx	x.xxx	0.000	0.705	0.749	0.673	0.756	0.900	0.959	0.635	0.549	0.718	0.852	0.690	0.946	0.799	0.453	0.734	0.930	0.519	0.925	0.672	0.361	0.655	0.581	0.571	0.984	0.833	0.954	0.413	0.841	0.607	0.964	0.682	0.695	0.837	0.859	0.793	0.999	0.949	0.682	0.895	0.541	0.594	0.704	0.732	0.539	0.348	0.840	0.506	0.522	0.800	0.835	0.621	0.735	0.546	0.665	0.924	0.383	0.706	0.971	0.745	0.490	0.653	0.892	0.604	0.510	0.286	0.992	0.641	0.571	0.916	0.942	0.679	0.688	0.632	0.991	0.775	0.906	0.867	0.671	0.702
133	x.xxx	x.xxx	x.xxx	x.xxx	x.xxx	x.xxx	x.xxx	x.xxx	x.xxx	x.xxx	x.xxx	x.xxx	x.xxx	x.xxx	x.xxx	x.xxx	x.xxx	x.xxx	x.xxx	x.xxx	x.xxx	x.xxx	x.xxx	x.xxx	x.xxx	x.xxx	x.xxx	x.xxx	x.xxx	x.xxx	x.xxx	x.xxx	x.xxx	x.xxx	x.xxx	x.xxx	x.xxx	x.xxx	x.xxx	x.xxx	x.xxx	x.xxx	x.xxx	x.xxx	x.xxx	x.xxx	x.xxx	x.xxx	x.xxx	x.xxx	x.xxx	x.xxx	x.xxx	x.xxx	x.xxx	x.xxx	x.xxx	x.xxx	x.xxx	x.xxx	x.xxx	x.xxx	x.xxx	x.xxx	x.xxx	x.xxx	x.xxx	x.xxx	x.xxx	x.xxx	x.xxx	x.xxx	x.xxx	x.xxx	x.xxx	x.xxx	x.xxx	x.xxx	x.xxx	x.xxx	x.xxx	x.xxx	x.xxx	x.xxx	x.xxx	x.xxx	x.xxx	x.xxx	x.xxx	x.xxx	x.xxx	x.xxx	x.xxx	x.xxx	x.xxx	x.xxx	x.xxx	x.xxx	x.xxx	x.xxx	x.xxx	x.xxx	x.xxx	x.xxx	x.xxx	x.xxx	x.xxx	x.xxx	x.xxx	x.xxx	x.xxx	x.xxx	x.xxx	x.xxx	x.xxx	x.xxx	x.xxx	x.xxx	x.xxx	x.xxx	x.xxx	x.xxx	x.xxx	x.xxx	x.xxx	x.xxx	x.xxx	x.xxx	x.xxx	x.xxx	x.xxx	x.xxx	x.xxx	0.000	0.996	0.977	0.979	0.955	0.976	0.978	0.914	0.078	0.906	0.441	0.987	0.904	0.811	0.287	0.767	0.866	0.907	0.411	0.622	0.929	0.971	0.870	0.991	0.925	0.846	0.728	0.967	0.327	0.991	0.915	0.928	0.711	0.493	0.818	1.000	0.880	0.983	0.845	0.907	0.208	0.189	0.040	0.932	0.563	0.886	0.280	0.868	0.994	0.922	0.866	0.119	0.826	0.127	0.978	0.357	0.171	0.992	0.182	0.803	0.948	0.970	0.946	0.830	0.709	0.998	0.499	0.231	0.751	0.984	0.890	0.937	0.957	0.997	0.228	0.840	0.924	0.950	0.480
134	x.xxx	x.xxx	x.xxx	x.xxx	x.xxx	x.xxx	x.xxx	x.xxx	x.xxx	x.xxx	x.xxx	x.xxx	x.xxx	x.xxx	x.xxx	x.xxx	x.xxx	x.xxx	x.xxx	x.xxx	x.xxx	x.xxx	x.xxx	x.xxx	x.xxx	x.xxx	x.xxx	x.xxx	x.xxx	x.xxx	x.xxx	x.xxx	x.xxx	x.xxx	x.xxx	x.xxx	x.xxx	x.xxx	x.xxx	x.xxx	x.xxx	x.xxx	x.xxx	x.xxx	x.xxx	x.xxx	x.xxx	x.xxx	x.xxx	x.xxx	x.xxx	x.xxx	x.xxx	x.xxx	x.xxx	x.xxx	x.xxx	x.xxx	x.xxx	x.xxx	x.xxx	x.xxx	x.xxx	x.xxx	x.xxx	x.xxx	x.xxx	x.xxx	x.xxx	x.xxx	x.xxx	x.xxx	x.xxx	x.xxx	x.xxx	x.xxx	x.xxx	x.xxx	x.xxx	x.xxx	x.xxx	x.xxx	x.xxx	x.xxx	x.xxx	x.xxx	x.xxx	x.xxx	x.xxx	x.xxx	x.xxx	x.xxx	x.xxx	x.xxx	x.xxx	x.xxx	x.xxx	x.xxx	x.xxx	x.xxx	x.xxx	x.xxx	x.xxx	x.xxx	x.xxx	x.xxx	x.xxx	x.xxx	x.xxx	x.xxx	x.xxx	x.xxx	x.xxx	x.xxx	x.xxx	x.xxx	x.xxx	x.xxx	x.xxx	x.xxx	x.xxx	x.xxx	x.xxx	x.xxx	x.xxx	x.xxx	x.xxx	x.xxx	x.xxx	x.xxx	x.xxx	x.xxx	x.xxx	x.xxx	0.000	0.706	0.889	0.980	0.959	0.519	0.891	0.991	0.972	0.971	0.945	0.887	0.580	0.993	0.999	0.851	0.987	0.993	0.887	0.972	0.854	0.920	0.991	0.898	0.991	0.907	0.816	0.978	0.966	0.988	0.944	0.970	0.976	0.959	0.995	0.991	0.670	0.981	0.916	0.901	0.992	0.988	0.915	0.963	0.875	0.953	0.903	0.736	0.850	0.969	0.977	0.986	0.986	0.934	0.878	0.978	0.975	0.978	0.581	0.906	0.842	0.920	0.953	0.978	0.947	0.948	0.988	0.975	0.985	0.999	0.974	0.872	0.992	0.973	0.982	0.974	0.958	0.911
135	x.xxx	x.xxx	x.xxx	x.xxx	x.xxx	x.xxx	x.xxx	x.xxx	x.xxx	x.xxx	x.xxx	x.xxx	x.xxx	x.xxx	x.xxx	x.xxx	x.xxx	x.xxx	x.xxx	x.xxx	x.xxx	x.xxx	x.xxx	x.xxx	x.xxx	x.xxx	x.xxx	x.xxx	x.xxx	x.xxx	x.xxx	x.xxx	x.xxx	x.xxx	x.xxx	x.xxx	x.xxx	x.xxx	x.xxx	x.xxx	x.xxx	x.xxx	x.xxx	x.xxx	x.xxx	x.xxx	x.xxx	x.xxx	x.xxx	x.xxx	x.xxx	x.xxx	x.xxx	x.xxx	x.xxx	x.xxx	x.xxx	x.xxx	x.xxx	x.xxx	x.xxx	x.xxx	x.xxx	x.xxx	x.xxx	x.xxx	x.xxx	x.xxx	x.xxx	x.xxx	x.xxx	x.xxx	x.xxx	x.xxx	x.xxx	x.xxx	x.xxx	x.xxx	x.xxx	x.xxx	x.xxx	x.xxx	x.xxx	x.xxx	x.xxx	x.xxx	x.xxx	x.xxx	x.xxx	x.xxx	x.xxx	x.xxx	x.xxx	x.xxx	x.xxx	x.xxx	x.xxx	x.xxx	x.xxx	x.xxx	x.xxx	x.xxx	x.xxx	x.xxx	x.xxx	x.xxx	x.xxx	x.xxx	x.xxx	x.xxx	x.xxx	x.xxx	x.xxx	x.xxx	x.xxx	x.xxx	x.xxx	x.xxx	x.xxx	x.xxx	x.xxx	x.xxx	x.xxx	x.xxx	x.xxx	x.xxx	x.xxx	x.xxx	x.xxx	x.xxx	x.xxx	x.xxx	x.xxx	x.xxx	x.xxx	0.000	0.819	0.936	0.971	0.217	0.702	0.969	0.926	0.955	0.893	0.911	0.666	0.974	0.994	0.818	0.959	0.959	0.864	0.900	0.625	0.861	0.989	0.913	0.980	0.877	0.658	0.948	0.916	0.920	0.687	0.948	0.975	0.944	0.997	0.990	0.266	0.957	0.760	0.936	0.937	0.979	0.825	0.795	0.895	0.869	0.648	0.540	0.878	0.903	0.961	0.930	0.925	0.857	0.779	0.970	0.946	0.959	0.764	0.702	0.903	0.827	0.839	0.867	0.984	0.934	0.910	0.942	0.959	0.932	0.911	0.622	0.983	0.966	0.955	0.933	0.807	0.900
136	x.xxx	x.xxx	x.xxx	x.xxx	x.xxx	x.xxx	x.xxx	x.xxx	x.xxx	x.xxx	x.xxx	x.xxx	x.xxx	x.xxx	x.xxx	x.xxx	x.xxx	x.xxx	x.xxx	x.xxx	x.xxx	x.xxx	x.xxx	x.xxx	x.xxx	x.xxx	x.xxx	x.xxx	x.xxx	x.xxx	x.xxx	x.xxx	x.xxx	x.xxx	x.xxx	x.xxx	x.xxx	x.xxx	x.xxx	x.xxx	x.xxx	x.xxx	x.xxx	x.xxx	x.xxx	x.xxx	x.xxx	x.xxx	x.xxx	x.xxx	x.xxx	x.xxx	x.xxx	x.xxx	x.xxx	x.xxx	x.xxx	x.xxx	x.xxx	x.xxx	x.xxx	x.xxx	x.xxx	x.xxx	x.xxx	x.xxx	x.xxx	x.xxx	x.xxx	x.xxx	x.xxx	x.xxx	x.xxx	x.xxx	x.xxx	x.xxx	x.xxx	x.xxx	x.xxx	x.xxx	x.xxx	x.xxx	x.xxx	x.xxx	x.xxx	x.xxx	x.xxx	x.xxx	x.xxx	x.xxx	x.xxx	x.xxx	x.xxx	x.xxx	x.xxx	x.xxx	x.xxx	x.xxx	x.xxx	x.xxx	x.xxx	x.xxx	x.xxx	x.xxx	x.xxx	x.xxx	x.xxx	x.xxx	x.xxx	x.xxx	x.xxx	x.xxx	x.xxx	x.xxx	x.xxx	x.xxx	x.xxx	x.xxx	x.xxx	x.xxx	x.xxx	x.xxx	x.xxx	x.xxx	x.xxx	x.xxx	x.xxx	x.xxx	x.xxx	x.xxx	x.xxx	x.xxx	x.xxx	x.xxx	x.xxx	x.xxx	0.000	0.897	0.951	0.835	0.795	0.939	0.940	0.963	0.966	0.922	0.877	0.967	0.977	0.816	0.949	0.956	0.832	0.846	0.784	0.818	0.990	0.965	0.977	0.847	0.882	0.943	0.930	0.876	0.823	0.856	0.964	0.944	0.864	0.990	0.828	0.959	0.799	0.967	0.912	0.978	0.782	0.822	0.925	0.877	0.830	0.921	0.907	0.838	0.968	0.877	0.897	0.891	0.759	0.971	0.970	0.935	0.889	0.844	0.937	0.786	0.835	0.821	0.994	0.949	0.863	0.969	0.918	0.892	0.862	0.804	0.995	0.975	0.961	0.883	0.754	0.908
137	x.xxx	x.xxx	x.xxx	x.xxx	x.xxx	x.xxx	x.xxx	x.xxx	x.xxx	x.xxx	x.xxx	x.xxx	x.xxx	x.xxx	x.xxx	x.xxx	x.xxx	x.xxx	x.xxx	x.xxx	x.xxx	x.xxx	x.xxx	x.xxx	x.xxx	x.xxx	x.xxx	x.xxx	x.xxx	x.xxx	x.xxx	x.xxx	x.xxx	x.xxx	x.xxx	x.xxx	x.xxx	x.xxx	x.xxx	x.xxx	x.xxx	x.xxx	x.xxx	x.xxx	x.xxx	x.xxx	x.xxx	x.xxx	x.xxx	x.xxx	x.xxx	x.xxx	x.xxx	x.xxx	x.xxx	x.xxx	x.xxx	x.xxx	x.xxx	x.xxx	x.xxx	x.xxx	x.xxx	x.xxx	x.xxx	x.xxx	x.xxx	x.xxx	x.xxx	x.xxx	x.xxx	x.xxx	x.xxx	x.xxx	x.xxx	x.xxx	x.xxx	x.xxx	x.xxx	x.xxx	x.xxx	x.xxx	x.xxx	x.xxx	x.xxx	x.xxx	x.xxx	x.xxx	x.xxx	x.xxx	x.xxx	x.xxx	x.xxx	x.xxx	x.xxx	x.xxx	x.xxx	x.xxx	x.xxx	x.xxx	x.xxx	x.xxx	x.xxx	x.xxx	x.xxx	x.xxx	x.xxx	x.xxx	x.xxx	x.xxx	x.xxx	x.xxx	x.xxx	x.xxx	x.xxx	x.xxx	x.xxx	x.xxx	x.xxx	x.xxx	x.xxx	x.xxx	x.xxx	x.xxx	x.xxx	x.xxx	x.xxx	x.xxx	x.xxx	x.xxx	x.xxx	x.xxx	x.xxx	x.xxx	x.xxx	x.xxx	x.xxx	0.000	0.946	0.946	0.832	0.937	0.567	0.895	0.540	0.982	0.956	0.937	0.929	0.800	0.509	0.936	0.849	0.793	0.810	0.772	0.993	0.989	0.842	0.822	0.832	0.959	0.677	0.791	0.939	0.799	0.916	0.841	0.938	0.977	0.951	0.662	0.845	0.955	0.932	0.959	0.883	0.876	0.868	0.946	0.772	0.889	0.840	0.783	0.964	0.778	0.935	0.795	0.910	0.943	0.867	0.893	0.948	0.727	0.960	0.841	0.807	0.911	0.999	0.878	0.931	0.825	0.611	0.728	0.794	0.753	0.867	0.966	0.591	0.592	0.805	0.831
138	x.xxx	x.xxx	x.xxx	x.xxx	x.xxx	x.xxx	x.xxx	x.xxx	x.xxx	x.xxx	x.xxx	x.xxx	x.xxx	x.xxx	x.xxx	x.xxx	x.xxx	x.xxx	x.xxx	x.xxx	x.xxx	x.xxx	x.xxx	x.xxx	x.xxx	x.xxx	x.xxx	x.xxx	x.xxx	x.xxx	x.xxx	x.xxx	x.xxx	x.xxx	x.xxx	x.xxx	x.xxx	x.xxx	x.xxx	x.xxx	x.xxx	x.xxx	x.xxx	x.xxx	x.xxx	x.xxx	x.xxx	x.xxx	x.xxx	x.xxx	x.xxx	x.xxx	x.xxx	x.xxx	x.xxx	x.xxx	x.xxx	x.xxx	x.xxx	x.xxx	x.xxx	x.xxx	x.xxx	x.xxx	x.xxx	x.xxx	x.xxx	x.xxx	x.xxx	x.xxx	x.xxx	x.xxx	x.xxx	x.xxx	x.xxx	x.xxx	x.xxx	x.xxx	x.xxx	x.xxx	x.xxx	x.xxx	x.xxx	x.xxx	x.xxx	x.xxx	x.xxx	x.xxx	x.xxx	x.xxx	x.xxx	x.xxx	x.xxx	x.xxx	x.xxx	x.xxx	x.xxx	x.xxx	x.xxx	x.xxx	x.xxx	x.xxx	x.xxx	x.xxx	x.xxx	x.xxx	x.xxx	x.xxx	x.xxx	x.xxx	x.xxx	x.xxx	x.xxx	x.xxx	x.xxx	x.xxx	x.xxx	x.xxx	x.xxx	x.xxx	x.xxx	x.xxx	x.xxx	x.xxx	x.xxx	x.xxx	x.xxx	x.xxx	x.xxx	x.xxx	x.xxx	x.xxx	x.xxx	x.xxx	x.xxx	x.xxx	x.xxx	x.xxx	0.000	0.955	0.962	0.962	0.949	0.946	0.868	0.982	0.959	0.948	0.986	0.926	0.882	0.987	0.961	0.982	0.968	0.977	0.990	0.984	0.978	0.965	0.899	0.985	0.886	0.986	0.978	0.945	0.925	0.918	0.991	0.990	0.978	0.941	0.973	0.967	0.988	0.968	0.977	0.970	0.931	0.979	0.971	0.931	0.923	0.946	0.981	0.986	0.986	0.603	0.954	0.950	0.844	0.951	0.933	0.969	0.919	0.975	0.979	0.982	0.998	0.942	0.987	0.899	0.940	0.991	0.980	0.951	0.943	0.982	0.966	0.926	0.964	0.935
139	x.xxx	x.xxx	x.xxx	x.xxx	x.xxx	x.xxx	x.xxx	x.xxx	x.xxx	x.xxx	x.xxx	x.xxx	x.xxx	x.xxx	x.xxx	x.xxx	x.xxx	x.xxx	x.xxx	x.xxx	x.xxx	x.xxx	x.xxx	x.xxx	x.xxx	x.xxx	x.xxx	x.xxx	x.xxx	x.xxx	x.xxx	x.xxx	x.xxx	x.xxx	x.xxx	x.xxx	x.xxx	x.xxx	x.xxx	x.xxx	x.xxx	x.xxx	x.xxx	x.xxx	x.xxx	x.xxx	x.xxx	x.xxx	x.xxx	x.xxx	x.xxx	x.xxx	x.xxx	x.xxx	x.xxx	x.xxx	x.xxx	x.xxx	x.xxx	x.xxx	x.xxx	x.xxx	x.xxx	x.xxx	x.xxx	x.xxx	x.xxx	x.xxx	x.xxx	x.xxx	x.xxx	x.xxx	x.xxx	x.xxx	x.xxx	x.xxx	x.xxx	x.xxx	x.xxx	x.xxx	x.xxx	x.xxx	x.xxx	x.xxx	x.xxx	x.xxx	x.xxx	x.xxx	x.xxx	x.xxx	x.xxx	x.xxx	x.xxx	x.xxx	x.xxx	x.xxx	x.xxx	x.xxx	x.xxx	x.xxx	x.xxx	x.xxx	x.xxx	x.xxx	x.xxx	x.xxx	x.xxx	x.xxx	x.xxx	x.xxx	x.xxx	x.xxx	x.xxx	x.xxx	x.xxx	x.xxx	x.xxx	x.xxx	x.xxx	x.xxx	x.xxx	x.xxx	x.xxx	x.xxx	x.xxx	x.xxx	x.xxx	x.xxx	x.xxx	x.xxx	x.xxx	x.xxx	x.xxx	x.xxx	x.xxx	x.xxx	x.xxx	x.xxx	x.xxx	0.000	0.710	0.969	0.929	0.954	0.891	0.919	0.612	0.974	0.995	0.786	0.964	0.963	0.840	0.917	0.642	0.874	0.991	0.924	0.986	0.860	0.638	0.951	0.926	0.936	0.817	0.942	0.972	0.943	0.998	0.991	0.340	0.954	0.824	0.890	0.951	0.982	0.843	0.872	0.884	0.891	0.704	0.505	0.858	0.917	0.964	0.949	0.941	0.855	0.792	0.973	0.945	0.958	0.635	0.731	0.849	0.846	0.875	0.898	0.982	0.933	0.930	0.942	0.961	0.947	0.927	0.676	0.983	0.968	0.957	0.936	0.883	0.897
140	x.xxx	x.xxx	x.xxx	x.xxx	x.xxx	x.xxx	x.xxx	x.xxx	x.xxx	x.xxx	x.xxx	x.xxx	x.xxx	x.xxx	x.xxx	x.xxx	x.xxx	x.xxx	x.xxx	x.xxx	x.xxx	x.xxx	x.xxx	x.xxx	x.xxx	x.xxx	x.xxx	x.xxx	x.xxx	x.xxx	x.xxx	x.xxx	x.xxx	x.xxx	x.xxx	x.xxx	x.xxx	x.xxx	x.xxx	x.xxx	x.xxx	x.xxx	x.xxx	x.xxx	x.xxx	x.xxx	x.xxx	x.xxx	x.xxx	x.xxx	x.xxx	x.xxx	x.xxx	x.xxx	x.xxx	x.xxx	x.xxx	x.xxx	x.xxx	x.xxx	x.xxx	x.xxx	x.xxx	x.xxx	x.xxx	x.xxx	x.xxx	x.xxx	x.xxx	x.xxx	x.xxx	x.xxx	x.xxx	x.xxx	x.xxx	x.xxx	x.xxx	x.xxx	x.xxx	x.xxx	x.xxx	x.xxx	x.xxx	x.xxx	x.xxx	x.xxx	x.xxx	x.xxx	x.xxx	x.xxx	x.xxx	x.xxx	x.xxx	x.xxx	x.xxx	x.xxx	x.xxx	x.xxx	x.xxx	x.xxx	x.xxx	x.xxx	x.xxx	x.xxx	x.xxx	x.xxx	x.xxx	x.xxx	x.xxx	x.xxx	x.xxx	x.xxx	x.xxx	x.xxx	x.xxx	x.xxx	x.xxx	x.xxx	x.xxx	x.xxx	x.xxx	x.xxx	x.xxx	x.xxx	x.xxx	x.xxx	x.xxx	x.xxx	x.xxx	x.xxx	x.xxx	x.xxx	x.xxx	x.xxx	x.xxx	x.xxx	x.xxx	x.xxx	x.xxx	x.xxx	0.000	0.892	0.796	0.918	0.929	0.942	0.838	0.910	0.991	0.186	0.884	0.843	0.364	0.376	0.620	0.339	0.988	0.952	0.966	0.358	0.812	0.950	0.951	0.346	0.829	0.770	0.980	0.910	0.996	0.990	0.727	0.853	0.162	0.943	0.855	0.943	0.195	0.495	0.891	0.855	0.226	0.819	0.880	0.328	0.962	0.435	0.863	0.901	0.703	0.934	0.959	0.873	0.882	0.298	0.906	0.130	0.243	0.603	0.995	0.887	0.835	0.955	0.867	0.479	0.311	0.309	0.987	0.974	0.855	0.818	0.237	0.894
141	x.xxx	x.xxx	x.xxx	x.xxx	x.xxx	x.xxx	x.xxx	x.xxx	x.xxx	x.xxx	x.xxx	x.xxx	x.xxx	x.xxx	x.xxx	x.xxx	x.xxx	x.xxx	x.xxx	x.xxx	x.xxx	x.xxx	x.xxx	x.xxx	x.xxx	x.xxx	x.xxx	x.xxx	x.xxx	x.xxx	x.xxx	x.xxx	x.xxx	x.xxx	x.xxx	x.xxx	x.xxx	x.xxx	x.xxx	x.xxx	x.xxx	x.xxx	x.xxx	x.xxx	x.xxx	x.xxx	x.xxx	x.xxx	x.xxx	x.xxx	x.xxx	x.xxx	x.xxx	x.xxx	x.xxx	x.xxx	x.xxx	x.xxx	x.xxx	x.xxx	x.xxx	x.xxx	x.xxx	x.xxx	x.xxx	x.xxx	x.xxx	x.xxx	x.xxx	x.xxx	x.xxx	x.xxx	x.xxx	x.xxx	x.xxx	x.xxx	x.xxx	x.xxx	x.xxx	x.xxx	x.xxx	x.xxx	x.xxx	x.xxx	x.xxx	x.xxx	x.xxx	x.xxx	x.xxx	x.xxx	x.xxx	x.xxx	x.xxx	x.xxx	x.xxx	x.xxx	x.xxx	x.xxx	x.xxx	x.xxx	x.xxx	x.xxx	x.xxx	x.xxx	x.xxx	x.xxx	x.xxx	x.xxx	x.xxx	x.xxx	x.xxx	x.xxx	x.xxx	x.xxx	x.xxx	x.xxx	x.xxx	x.xxx	x.xxx	x.xxx	x.xxx	x.xxx	x.xxx	x.xxx	x.xxx	x.xxx	x.xxx	x.xxx	x.xxx	x.xxx	x.xxx	x.xxx	x.xxx	x.xxx	x.xxx	x.xxx	x.xxx	x.xxx	x.xxx	x.xxx	x.xxx	0.000	0.885	0.467	0.974	0.881	0.819	0.313	0.753	0.832	0.894	0.413	0.638	0.915	0.913	0.850	0.991	0.928	0.834	0.737	0.887	0.349	0.982	0.903	0.926	0.696	0.457	0.821	0.955	0.882	0.973	0.838	0.891	0.256	0.140	0.079	0.913	0.572	0.883	0.322	0.856	0.988	0.897	0.833	0.119	0.829	0.077	0.933	0.378	0.196	0.971	0.108	0.814	0.934	0.947	0.926	0.819	0.721	0.996	0.509	0.208	0.722	0.968	0.892	0.921	0.941	0.995	0.228	0.824	0.904	0.931	0.471
142	x.xxx	x.xxx	x.xxx	x.xxx	x.xxx	x.xxx	x.xxx	x.xxx	x.xxx	x.xxx	x.xxx	x.xxx	x.xxx	x.xxx	x.xxx	x.xxx	x.xxx	x.xxx	x.xxx	x.xxx	x.xxx	x.xxx	x.xxx	x.xxx	x.xxx	x.xxx	x.xxx	x.xxx	x.xxx	x.xxx	x.xxx	x.xxx	x.xxx	x.xxx	x.xxx	x.xxx	x.xxx	x.xxx	x.xxx	x.xxx	x.xxx	x.xxx	x.xxx	x.xxx	x.xxx	x.xxx	x.xxx	x.xxx	x.xxx	x.xxx	x.xxx	x.xxx	x.xxx	x.xxx	x.xxx	x.xxx	x.xxx	x.xxx	x.xxx	x.xxx	x.xxx	x.xxx	x.xxx	x.xxx	x.xxx	x.xxx	x.xxx	x.xxx	x.xxx	x.xxx	x.xxx	x.xxx	x.xxx	x.xxx	x.xxx	x.xxx	x.xxx	x.xxx	x.xxx	x.xxx	x.xxx	x.xxx	x.xxx	x.xxx	x.xxx	x.xxx	x.xxx	x.xxx	x.xxx	x.xxx	x.xxx	x.xxx	x.xxx	x.xxx	x.xxx	x.xxx	x.xxx	x.xxx	x.xxx	x.xxx	x.xxx	x.xxx	x.xxx	x.xxx	x.xxx	x.xxx	x.xxx	x.xxx	x.xxx	x.xxx	x.xxx	x.xxx	x.xxx	x.xxx	x.xxx	x.xxx	x.xxx	x.xxx	x.xxx	x.xxx	x.xxx	x.xxx	x.xxx	x.xxx	x.xxx	x.xxx	x.xxx	x.xxx	x.xxx	x.xxx	x.xxx	x.xxx	x.xxx	x.xxx	x.xxx	x.xxx	x.xxx	x.xxx	x.xxx	x.xxx	x.xxx	x.xxx	0.000	0.895	0.875	0.974	0.936	0.898	0.915	0.779	0.391	0.906	0.758	0.718	0.789	0.699	0.992	0.984	0.954	0.728	0.822	0.900	0.911	0.749	0.958	0.808	0.895	0.930	0.983	0.954	0.956	0.260	0.830	0.898	0.890	0.901	0.867	0.829	0.956	0.885	0.737	0.854	0.949	0.730	0.910	0.684	0.886	0.850	0.856	0.896	0.910	0.879	0.929	0.663	0.954	0.821	0.778	0.852	0.999	0.892	0.875	0.866	0.365	0.640	0.750	0.741	0.964	0.914	0.284	0.607	0.817	0.876
143	x.xxx	x.xxx	x.xxx	x.xxx	x.xxx	x.xxx	x.xxx	x.xxx	x.xxx	x.xxx	x.xxx	x.xxx	x.xxx	x.xxx	x.xxx	x.xxx	x.xxx	x.xxx	x.xxx	x.xxx	x.xxx	x.xxx	x.xxx	x.xxx	x.xxx	x.xxx	x.xxx	x.xxx	x.xxx	x.xxx	x.xxx	x.xxx	x.xxx	x.xxx	x.xxx	x.xxx	x.xxx	x.xxx	x.xxx	x.xxx	x.xxx	x.xxx	x.xxx	x.xxx	x.xxx	x.xxx	x.xxx	x.xxx	x.xxx	x.xxx	x.xxx	x.xxx	x.xxx	x.xxx	x.xxx	x.xxx	x.xxx	x.xxx	x.xxx	x.xxx	x.xxx	x.xxx	x.xxx	x.xxx	x.xxx	x.xxx	x.xxx	x.xxx	x.xxx	x.xxx	x.xxx	x.xxx	x.xxx	x.xxx	x.xxx	x.xxx	x.xxx	x.xxx	x.xxx	x.xxx	x.xxx	x.xxx	x.xxx	x.xxx	x.xxx	x.xxx	x.xxx	x.xxx	x.xxx	x.xxx	x.xxx	x.xxx	x.xxx	x.xxx	x.xxx	x.xxx	x.xxx	x.xxx	x.xxx	x.xxx	x.xxx	x.xxx	x.xxx	x.xxx	x.xxx	x.xxx	x.xxx	x.xxx	x.xxx	x.xxx	x.xxx	x.xxx	x.xxx	x.xxx	x.xxx	x.xxx	x.xxx	x.xxx	x.xxx	x.xxx	x.xxx	x.xxx	x.xxx	x.xxx	x.xxx	x.xxx	x.xxx	x.xxx	x.xxx	x.xxx	x.xxx	x.xxx	x.xxx	x.xxx	x.xxx	x.xxx	x.xxx	x.xxx	x.xxx	x.xxx	x.xxx	x.xxx	x.xxx	0.000	0.839	0.878	0.772	0.364	0.845	0.777	0.915	0.455	0.608	0.926	0.964	0.876	0.986	0.903	0.894	0.705	0.881	0.332	0.966	0.928	0.908	0.847	0.726	0.411	1.000	0.892	0.960	0.860	0.917	0.399	0.566	0.443	0.945	0.558	0.454	0.382	0.873	0.971	0.543	0.788	0.508	0.810	0.531	0.844	0.423	0.326	0.977	0.374	0.763	0.957	0.924	0.959	0.835	0.678	0.995	0.126	0.446	0.782	0.947	0.905	0.948	0.968	0.987	0.574	0.896	0.846	0.963	0.248
144	x.xxx	x.xxx	x.xxx	x.xxx	x.xxx	x.xxx	x.xxx	x.xxx	x.xxx	x.xxx	x.xxx	x.xxx	x.xxx	x.xxx	x.xxx	x.xxx	x.xxx	x.xxx	x.xxx	x.xxx	x.xxx	x.xxx	x.xxx	x.xxx	x.xxx	x.xxx	x.xxx	x.xxx	x.xxx	x.xxx	x.xxx	x.xxx	x.xxx	x.xxx	x.xxx	x.xxx	x.xxx	x.xxx	x.xxx	x.xxx	x.xxx	x.xxx	x.xxx	x.xxx	x.xxx	x.xxx	x.xxx	x.xxx	x.xxx	x.xxx	x.xxx	x.xxx	x.xxx	x.xxx	x.xxx	x.xxx	x.xxx	x.xxx	x.xxx	x.xxx	x.xxx	x.xxx	x.xxx	x.xxx	x.xxx	x.xxx	x.xxx	x.xxx	x.xxx	x.xxx	x.xxx	x.xxx	x.xxx	x.xxx	x.xxx	x.xxx	x.xxx	x.xxx	x.xxx	x.xxx	x.xxx	x.xxx	x.xxx	x.xxx	x.xxx	x.xxx	x.xxx	x.xxx	x.xxx	x.xxx	x.xxx	x.xxx	x.xxx	x.xxx	x.xxx	x.xxx	x.xxx	x.xxx	x.xxx	x.xxx	x.xxx	x.xxx	x.xxx	x.xxx	x.xxx	x.xxx	x.xxx	x.xxx	x.xxx	x.xxx	x.xxx	x.xxx	x.xxx	x.xxx	x.xxx	x.xxx	x.xxx	x.xxx	x.xxx	x.xxx	x.xxx	x.xxx	x.xxx	x.xxx	x.xxx	x.xxx	x.xxx	x.xxx	x.xxx	x.xxx	x.xxx	x.xxx	x.xxx	x.xxx	x.xxx	x.xxx	x.xxx	x.xxx	x.xxx	x.xxx	x.xxx	x.xxx	x.xxx	x.xxx	0.000	0.993	0.954	0.941	0.992	0.900	0.730	0.997	0.973	0.991	0.742	0.975	0.993	0.995	0.959	0.977	0.672	0.996	0.610	0.994	0.988	0.939	0.975	0.677	0.995	0.992	0.929	0.939	0.979	0.980	0.997	0.978	0.983	0.979	0.718	0.991	0.927	0.734	0.651	0.941	0.993	0.996	0.996	0.720	0.962	0.941	0.870	0.899	0.941	0.902	0.912	0.980	0.985	0.993	0.998	0.808	0.997	0.794	0.890	0.997	0.991	0.766	0.837	0.991	0.848	0.858	0.981	0.707
145	x.xxx	x.xxx	x.xxx	x.xxx	x.xxx	x.xxx	x.xxx	x.xxx	x.xxx	x.xxx	x.xxx	x.xxx	x.xxx	x.xxx	x.xxx	x.xxx	x.xxx	x.xxx	x.xxx	x.xxx	x.xxx	x.xxx	x.xxx	x.xxx	x.xxx	x.xxx	x.xxx	x.xxx	x.xxx	x.xxx	x.xxx	x.xxx	x.xxx	x.xxx	x.xxx	x.xxx	x.xxx	x.xxx	x.xxx	x.xxx	x.xxx	x.xxx	x.xxx	x.xxx	x.xxx	x.xxx	x.xxx	x.xxx	x.xxx	x.xxx	x.xxx	x.xxx	x.xxx	x.xxx	x.xxx	x.xxx	x.xxx	x.xxx	x.xxx	x.xxx	x.xxx	x.xxx	x.xxx	x.xxx	x.xxx	x.xxx	x.xxx	x.xxx	x.xxx	x.xxx	x.xxx	x.xxx	x.xxx	x.xxx	x.xxx	x.xxx	x.xxx	x.xxx	x.xxx	x.xxx	x.xxx	x.xxx	x.xxx	x.xxx	x.xxx	x.xxx	x.xxx	x.xxx	x.xxx	x.xxx	x.xxx	x.xxx	x.xxx	x.xxx	x.xxx	x.xxx	x.xxx	x.xxx	x.xxx	x.xxx	x.xxx	x.xxx	x.xxx	x.xxx	x.xxx	x.xxx	x.xxx	x.xxx	x.xxx	x.xxx	x.xxx	x.xxx	x.xxx	x.xxx	x.xxx	x.xxx	x.xxx	x.xxx	x.xxx	x.xxx	x.xxx	x.xxx	x.xxx	x.xxx	x.xxx	x.xxx	x.xxx	x.xxx	x.xxx	x.xxx	x.xxx	x.xxx	x.xxx	x.xxx	x.xxx	x.xxx	x.xxx	x.xxx	x.xxx	x.xxx	x.xxx	x.xxx	x.xxx	x.xxx	x.xxx	0.000	0.579	0.915	0.974	0.886	0.988	0.858	0.881	0.872	0.939	0.879	0.987	0.308	0.989	0.889	0.940	0.784	0.995	0.909	0.771	0.978	0.946	0.884	0.971	0.985	0.928	0.984	0.867	0.861	0.900	0.892	0.935	0.859	0.847	0.850	0.901	0.965	0.886	0.879	0.893	0.904	0.887	0.972	0.870	0.875	0.991	0.897	0.652	0.952	0.978	0.946	0.885	0.819	0.950	0.870	0.850	0.977	0.990	0.931	0.935	0.966	0.999	0.919	0.985	0.977	0.954	0.888
146	x.xxx	x.xxx	x.xxx	x.xxx	x.xxx	x.xxx	x.xxx	x.xxx	x.xxx	x.xxx	x.xxx	x.xxx	x.xxx	x.xxx	x.xxx	x.xxx	x.xxx	x.xxx	x.xxx	x.xxx	x.xxx	x.xxx	x.xxx	x.xxx	x.xxx	x.xxx	x.xxx	x.xxx	x.xxx	x.xxx	x.xxx	x.xxx	x.xxx	x.xxx	x.xxx	x.xxx	x.xxx	x.xxx	x.xxx	x.xxx	x.xxx	x.xxx	x.xxx	x.xxx	x.xxx	x.xxx	x.xxx	x.xxx	x.xxx	x.xxx	x.xxx	x.xxx	x.xxx	x.xxx	x.xxx	x.xxx	x.xxx	x.xxx	x.xxx	x.xxx	x.xxx	x.xxx	x.xxx	x.xxx	x.xxx	x.xxx	x.xxx	x.xxx	x.xxx	x.xxx	x.xxx	x.xxx	x.xxx	x.xxx	x.xxx	x.xxx	x.xxx	x.xxx	x.xxx	x.xxx	x.xxx	x.xxx	x.xxx	x.xxx	x.xxx	x.xxx	x.xxx	x.xxx	x.xxx	x.xxx	x.xxx	x.xxx	x.xxx	x.xxx	x.xxx	x.xxx	x.xxx	x.xxx	x.xxx	x.xxx	x.xxx	x.xxx	x.xxx	x.xxx	x.xxx	x.xxx	x.xxx	x.xxx	x.xxx	x.xxx	x.xxx	x.xxx	x.xxx	x.xxx	x.xxx	x.xxx	x.xxx	x.xxx	x.xxx	x.xxx	x.xxx	x.xxx	x.xxx	x.xxx	x.xxx	x.xxx	x.xxx	x.xxx	x.xxx	x.xxx	x.xxx	x.xxx	x.xxx	x.xxx	x.xxx	x.xxx	x.xxx	x.xxx	x.xxx	x.xxx	x.xxx	x.xxx	x.xxx	x.xxx	x.xxx	x.xxx	0.000	0.833	0.958	0.746	0.970	0.785	0.723	0.881	0.843	0.776	0.983	0.636	0.973	0.746	0.836	0.684	0.970	0.903	0.786	0.933	0.904	0.754	0.996	0.966	0.660	0.954	0.822	0.705	0.844	0.804	0.892	0.734	0.782	0.707	0.727	0.783	0.786	0.849	0.797	0.817	0.821	0.930	0.641	0.779	0.975	0.836	0.254	0.862	0.884	0.896	0.761	0.683	0.977	0.740	0.775	0.943	0.979	0.872	0.924	0.868	0.993	0.836	0.962	0.943	0.933	0.751
147	x.xxx	x.xxx	x.xxx	x.xxx	x.xxx	x.xxx	x.xxx	x.xxx	x.xxx	x.xxx	x.xxx	x.xxx	x.xxx	x.xxx	x.xxx	x.xxx	x.xxx	x.xxx	x.xxx	x.xxx	x.xxx	x.xxx	x.xxx	x.xxx	x.xxx	x.xxx	x.xxx	x.xxx	x.xxx	x.xxx	x.xxx	x.xxx	x.xxx	x.xxx	x.xxx	x.xxx	x.xxx	x.xxx	x.xxx	x.xxx	x.xxx	x.xxx	x.xxx	x.xxx	x.xxx	x.xxx	x.xxx	x.xxx	x.xxx	x.xxx	x.xxx	x.xxx	x.xxx	x.xxx	x.xxx	x.xxx	x.xxx	x.xxx	x.xxx	x.xxx	x.xxx	x.xxx	x.xxx	x.xxx	x.xxx	x.xxx	x.xxx	x.xxx	x.xxx	x.xxx	x.xxx	x.xxx	x.xxx	x.xxx	x.xxx	x.xxx	x.xxx	x.xxx	x.xxx	x.xxx	x.xxx	x.xxx	x.xxx	x.xxx	x.xxx	x.xxx	x.xxx	x.xxx	x.xxx	x.xxx	x.xxx	x.xxx	x.xxx	x.xxx	x.xxx	x.xxx	x.xxx	x.xxx	x.xxx	x.xxx	x.xxx	x.xxx	x.xxx	x.xxx	x.xxx	x.xxx	x.xxx	x.xxx	x.xxx	x.xxx	x.xxx	x.xxx	x.xxx	x.xxx	x.xxx	x.xxx	x.xxx	x.xxx	x.xxx	x.xxx	x.xxx	x.xxx	x.xxx	x.xxx	x.xxx	x.xxx	x.xxx	x.xxx	x.xxx	x.xxx	x.xxx	x.xxx	x.xxx	x.xxx	x.xxx	x.xxx	x.xxx	x.xxx	x.xxx	x.xxx	x.xxx	x.xxx	x.xxx	x.xxx	x.xxx	x.xxx	x.xxx	0.000	0.781	0.794	0.899	0.464	0.655	0.931	0.969	0.875	0.991	0.934	0.866	0.750	0.906	0.401	0.969	0.915	0.931	0.774	0.629	0.694	1.000	0.882	0.979	0.827	0.909	0.290	0.417	0.313	0.931	0.602	0.786	0.354	0.873	0.990	0.823	0.799	0.378	0.837	0.375	0.927	0.414	0.211	0.977	0.335	0.825	0.946	0.944	0.944	0.839	0.739	0.998	0.463	0.300	0.786	0.966	0.897	0.933	0.954	0.990	0.451	0.854	0.903	0.948	0.446
148	x.xxx	x.xxx	x.xxx	x.xxx	x.xxx	x.xxx	x.xxx	x.xxx	x.xxx	x.xxx	x.xxx	x.xxx	x.xxx	x.xxx	x.xxx	x.xxx	x.xxx	x.xxx	x.xxx	x.xxx	x.xxx	x.xxx	x.xxx	x.xxx	x.xxx	x.xxx	x.xxx	x.xxx	x.xxx	x.xxx	x.xxx	x.xxx	x.xxx	x.xxx	x.xxx	x.xxx	x.xxx	x.xxx	x.xxx	x.xxx	x.xxx	x.xxx	x.xxx	x.xxx	x.xxx	x.xxx	x.xxx	x.xxx	x.xxx	x.xxx	x.xxx	x.xxx	x.xxx	x.xxx	x.xxx	x.xxx	x.xxx	x.xxx	x.xxx	x.xxx	x.xxx	x.xxx	x.xxx	x.xxx	x.xxx	x.xxx	x.xxx	x.xxx	x.xxx	x.xxx	x.xxx	x.xxx	x.xxx	x.xxx	x.xxx	x.xxx	x.xxx	x.xxx	x.xxx	x.xxx	x.xxx	x.xxx	x.xxx	x.xxx	x.xxx	x.xxx	x.xxx	x.xxx	x.xxx	x.xxx	x.xxx	x.xxx	x.xxx	x.xxx	x.xxx	x.xxx	x.xxx	x.xxx	x.xxx	x.xxx	x.xxx	x.xxx	x.xxx	x.xxx	x.xxx	x.xxx	x.xxx	x.xxx	x.xxx	x.xxx	x.xxx	x.xxx	x.xxx	x.xxx	x.xxx	x.xxx	x.xxx	x.xxx	x.xxx	x.xxx	x.xxx	x.xxx	x.xxx	x.xxx	x.xxx	x.xxx	x.xxx	x.xxx	x.xxx	x.xxx	x.xxx	x.xxx	x.xxx	x.xxx	x.xxx	x.xxx	x.xxx	x.xxx	x.xxx	x.xxx	x.xxx	x.xxx	x.xxx	x.xxx	x.xxx	x.xxx	x.xxx	x.xxx	0.000	0.974	0.883	0.824	0.889	0.976	0.949	0.963	0.995	0.985	0.910	0.917	0.966	0.815	0.998	0.979	0.981	0.857	0.763	0.960	0.903	0.919	0.995	0.893	0.981	0.778	0.763	0.767	0.993	0.890	0.983	0.801	0.963	0.992	0.985	0.971	0.767	0.942	0.757	0.806	0.817	0.763	0.946	0.756	0.955	0.988	0.999	0.992	0.954	0.921	0.999	0.868	0.758	0.799	0.765	0.968	0.985	0.993	1.000	0.782	0.882	0.642	0.991	0.822
149	x.xxx	x.xxx	x.xxx	x.xxx	x.xxx	x.xxx	x.xxx	x.xxx	x.xxx	x.xxx	x.xxx	x.xxx	x.xxx	x.xxx	x.xxx	x.xxx	x.xxx	x.xxx	x.xxx	x.xxx	x.xxx	x.xxx	x.xxx	x.xxx	x.xxx	x.xxx	x.xxx	x.xxx	x.xxx	x.xxx	x.xxx	x.xxx	x.xxx	x.xxx	x.xxx	x.xxx	x.xxx	x.xxx	x.xxx	x.xxx	x.xxx	x.xxx	x.xxx	x.xxx	x.xxx	x.xxx	x.xxx	x.xxx	x.xxx	x.xxx	x.xxx	x.xxx	x.xxx	x.xxx	x.xxx	x.xxx	x.xxx	x.xxx	x.xxx	x.xxx	x.xxx	x.xxx	x.xxx	x.xxx	x.xxx	x.xxx	x.xxx	x.xxx	x.xxx	x.xxx	x.xxx	x.xxx	x.xxx	x.xxx	x.xxx	x.xxx	x.xxx	x.xxx	x.xxx	x.xxx	x.xxx	x.xxx	x.xxx	x.xxx	x.xxx	x.xxx	x.xxx	x.xxx	x.xxx	x.xxx	x.xxx	x.xxx	x.xxx	x.xxx	x.xxx	x.xxx	x.xxx	x.xxx	x.xxx	x.xxx	x.xxx	x.xxx	x.xxx	x.xxx	x.xxx	x.xxx	x.xxx	x.xxx	x.xxx	x.xxx	x.xxx	x.xxx	x.xxx	x.xxx	x.xxx	x.xxx	x.xxx	x.xxx	x.xxx	x.xxx	x.xxx	x.xxx	x.xxx	x.xxx	x.xxx	x.xxx	x.xxx	x.xxx	x.xxx	x.xxx	x.xxx	x.xxx	x.xxx	x.xxx	x.xxx	x.xxx	x.xxx	x.xxx	x.xxx	x.xxx	x.xxx	x.xxx	x.xxx	x.xxx	x.xxx	x.xxx	x.xxx	x.xxx	x.xxx	0.000	0.859	0.730	0.344	0.377	0.688	0.331	0.986	0.913	0.933	0.315	0.791	0.884	0.939	0.287	0.809	0.740	0.939	0.768	0.997	0.978	0.834	0.825	0.215	0.848	0.819	0.883	0.309	0.489	0.746	0.797	0.210	0.865	0.748	0.244	0.911	0.416	0.822	0.866	0.674	0.796	0.955	0.765	0.754	0.350	0.853	0.177	0.183	0.587	0.996	0.744	0.793	0.922	0.839	0.460	0.277	0.393	0.981	0.923	0.837	0.783	0.269	0.768
150	x.xxx	x.xxx	x.xxx	x.xxx	x.xxx	x.xxx	x.xxx	x.xxx	x.xxx	x.xxx	x.xxx	x.xxx	x.xxx	x.xxx	x.xxx	x.xxx	x.xxx	x.xxx	x.xxx	x.xxx	x.xxx	x.xxx	x.xxx	x.xxx	x.xxx	x.xxx	x.xxx	x.xxx	x.xxx	x.xxx	x.xxx	x.xxx	x.xxx	x.xxx	x.xxx	x.xxx	x.xxx	x.xxx	x.xxx	x.xxx	x.xxx	x.xxx	x.xxx	x.xxx	x.xxx	x.xxx	x.xxx	x.xxx	x.xxx	x.xxx	x.xxx	x.xxx	x.xxx	x.xxx	x.xxx	x.xxx	x.xxx	x.xxx	x.xxx	x.xxx	x.xxx	x.xxx	x.xxx	x.xxx	x.xxx	x.xxx	x.xxx	x.xxx	x.xxx	x.xxx	x.xxx	x.xxx	x.xxx	x.xxx	x.xxx	x.xxx	x.xxx	x.xxx	x.xxx	x.xxx	x.xxx	x.xxx	x.xxx	x.xxx	x.xxx	x.xxx	x.xxx	x.xxx	x.xxx	x.xxx	x.xxx	x.xxx	x.xxx	x.xxx	x.xxx	x.xxx	x.xxx	x.xxx	x.xxx	x.xxx	x.xxx	x.xxx	x.xxx	x.xxx	x.xxx	x.xxx	x.xxx	x.xxx	x.xxx	x.xxx	x.xxx	x.xxx	x.xxx	x.xxx	x.xxx	x.xxx	x.xxx	x.xxx	x.xxx	x.xxx	x.xxx	x.xxx	x.xxx	x.xxx	x.xxx	x.xxx	x.xxx	x.xxx	x.xxx	x.xxx	x.xxx	x.xxx	x.xxx	x.xxx	x.xxx	x.xxx	x.xxx	x.xxx	x.xxx	x.xxx	x.xxx	x.xxx	x.xxx	x.xxx	x.xxx	x.xxx	x.xxx	x.xxx	x.xxx	x.xxx	0.000	0.891	0.871	0.857	0.868	0.842	0.995	0.993	0.910	0.863	0.885	0.917	0.842	0.845	0.974	0.812	0.891	0.966	0.987	0.943	0.969	0.276	0.894	0.906	0.892	0.910	0.920	0.891	0.973	0.900	0.838	0.925	0.972	0.853	0.913	0.841	0.893	0.779	0.879	0.901	0.913	0.883	0.965	0.809	0.973	0.890	0.862	0.928	0.999	0.921	0.889	0.844	0.375	0.810	0.847	0.834	0.879	0.916	0.147	0.667	0.872	0.895
151	x.xxx	x.xxx	x.xxx	x.xxx	x.xxx	x.xxx	x.xxx	x.xxx	x.xxx	x.xxx	x.xxx	x.xxx	x.xxx	x.xxx	x.xxx	x.xxx	x.xxx	x.xxx	x.xxx	x.xxx	x.xxx	x.xxx	x.xxx	x.xxx	x.xxx	x.xxx	x.xxx	x.xxx	x.xxx	x.xxx	x.xxx	x.xxx	x.xxx	x.xxx	x.xxx	x.xxx	x.xxx	x.xxx	x.xxx	x.xxx	x.xxx	x.xxx	x.xxx	x.xxx	x.xxx	x.xxx	x.xxx	x.xxx	x.xxx	x.xxx	x.xxx	x.xxx	x.xxx	x.xxx	x.xxx	x.xxx	x.xxx	x.xxx	x.xxx	x.xxx	x.xxx	x.xxx	x.xxx	x.xxx	x.xxx	x.xxx	x.xxx	x.xxx	x.xxx	x.xxx	x.xxx	x.xxx	x.xxx	x.xxx	x.xxx	x.xxx	x.xxx	x.xxx	x.xxx	x.xxx	x.xxx	x.xxx	x.xxx	x.xxx	x.xxx	x.xxx	x.xxx	x.xxx	x.xxx	x.xxx	x.xxx	x.xxx	x.xxx	x.xxx	x.xxx	x.xxx	x.xxx	x.xxx	x.xxx	x.xxx	x.xxx	x.xxx	x.xxx	x.xxx	x.xxx	x.xxx	x.xxx	x.xxx	x.xxx	x.xxx	x.xxx	x.xxx	x.xxx	x.xxx	x.xxx	x.xxx	x.xxx	x.xxx	x.xxx	x.xxx	x.xxx	x.xxx	x.xxx	x.xxx	x.xxx	x.xxx	x.xxx	x.xxx	x.xxx	x.xxx	x.xxx	x.xxx	x.xxx	x.xxx	x.xxx	x.xxx	x.xxx	x.xxx	x.xxx	x.xxx	x.xxx	x.xxx	x.xxx	x.xxx	x.xxx	x.xxx	x.xxx	x.xxx	x.xxx	x.xxx	x.xxx	0.000	0.587	0.904	0.945	0.838	0.991	0.913	0.872	0.693	0.974	0.245	0.998	0.664	0.828	0.792	0.691	0.859	0.980	0.885	0.967	0.885	0.783	0.328	0.436	0.437	0.821	0.463	0.937	0.310	0.718	0.994	0.948	0.867	0.462	0.811	0.415	0.982	0.330	0.407	0.994	0.462	0.778	0.863	0.997	0.804	0.663	0.610	0.995	0.502	0.325	0.855	0.948	0.878	0.739	0.906	1.000	0.539	0.879	0.924	0.824	0.502
152	x.xxx	x.xxx	x.xxx	x.xxx	x.xxx	x.xxx	x.xxx	x.xxx	x.xxx	x.xxx	x.xxx	x.xxx	x.xxx	x.xxx	x.xxx	x.xxx	x.xxx	x.xxx	x.xxx	x.xxx	x.xxx	x.xxx	x.xxx	x.xxx	x.xxx	x.xxx	x.xxx	x.xxx	x.xxx	x.xxx	x.xxx	x.xxx	x.xxx	x.xxx	x.xxx	x.xxx	x.xxx	x.xxx	x.xxx	x.xxx	x.xxx	x.xxx	x.xxx	x.xxx	x.xxx	x.xxx	x.xxx	x.xxx	x.xxx	x.xxx	x.xxx	x.xxx	x.xxx	x.xxx	x.xxx	x.xxx	x.xxx	x.xxx	x.xxx	x.xxx	x.xxx	x.xxx	x.xxx	x.xxx	x.xxx	x.xxx	x.xxx	x.xxx	x.xxx	x.xxx	x.xxx	x.xxx	x.xxx	x.xxx	x.xxx	x.xxx	x.xxx	x.xxx	x.xxx	x.xxx	x.xxx	x.xxx	x.xxx	x.xxx	x.xxx	x.xxx	x.xxx	x.xxx	x.xxx	x.xxx	x.xxx	x.xxx	x.xxx	x.xxx	x.xxx	x.xxx	x.xxx	x.xxx	x.xxx	x.xxx	x.xxx	x.xxx	x.xxx	x.xxx	x.xxx	x.xxx	x.xxx	x.xxx	x.xxx	x.xxx	x.xxx	x.xxx	x.xxx	x.xxx	x.xxx	x.xxx	x.xxx	x.xxx	x.xxx	x.xxx	x.xxx	x.xxx	x.xxx	x.xxx	x.xxx	x.xxx	x.xxx	x.xxx	x.xxx	x.xxx	x.xxx	x.xxx	x.xxx	x.xxx	x.xxx	x.xxx	x.xxx	x.xxx	x.xxx	x.xxx	x.xxx	x.xxx	x.xxx	x.xxx	x.xxx	x.xxx	x.xxx	x.xxx	x.xxx	x.xxx	x.xxx	x.xxx	0.000	0.414	0.719	0.383	0.985	0.904	0.937	0.151	0.933	0.528	0.981	0.456	0.782	0.726	0.798	0.842	0.992	0.921	0.885	0.818	0.291	0.521	0.634	0.643	0.383	0.261	0.893	0.459	0.373	0.919	0.901	0.393	0.651	0.342	0.598	0.961	0.421	0.619	0.984	0.670	0.687	0.495	0.939	0.351	0.298	0.340	0.996	0.567	0.513	0.897	0.902	0.471	0.454	0.463	0.995	0.695	0.839	0.793	0.418	0.664
153	x.xxx	x.xxx	x.xxx	x.xxx	x.xxx	x.xxx	x.xxx	x.xxx	x.xxx	x.xxx	x.xxx	x.xxx	x.xxx	x.xxx	x.xxx	x.xxx	x.xxx	x.xxx	x.xxx	x.xxx	x.xxx	x.xxx	x.xxx	x.xxx	x.xxx	x.xxx	x.xxx	x.xxx	x.xxx	x.xxx	x.xxx	x.xxx	x.xxx	x.xxx	x.xxx	x.xxx	x.xxx	x.xxx	x.xxx	x.xxx	x.xxx	x.xxx	x.xxx	x.xxx	x.xxx	x.xxx	x.xxx	x.xxx	x.xxx	x.xxx	x.xxx	x.xxx	x.xxx	x.xxx	x.xxx	x.xxx	x.xxx	x.xxx	x.xxx	x.xxx	x.xxx	x.xxx	x.xxx	x.xxx	x.xxx	x.xxx	x.xxx	x.xxx	x.xxx	x.xxx	x.xxx	x.xxx	x.xxx	x.xxx	x.xxx	x.xxx	x.xxx	x.xxx	x.xxx	x.xxx	x.xxx	x.xxx	x.xxx	x.xxx	x.xxx	x.xxx	x.xxx	x.xxx	x.xxx	x.xxx	x.xxx	x.xxx	x.xxx	x.xxx	x.xxx	x.xxx	x.xxx	x.xxx	x.xxx	x.xxx	x.xxx	x.xxx	x.xxx	x.xxx	x.xxx	x.xxx	x.xxx	x.xxx	x.xxx	x.xxx	x.xxx	x.xxx	x.xxx	x.xxx	x.xxx	x.xxx	x.xxx	x.xxx	x.xxx	x.xxx	x.xxx	x.xxx	x.xxx	x.xxx	x.xxx	x.xxx	x.xxx	x.xxx	x.xxx	x.xxx	x.xxx	x.xxx	x.xxx	x.xxx	x.xxx	x.xxx	x.xxx	x.xxx	x.xxx	x.xxx	x.xxx	x.xxx	x.xxx	x.xxx	x.xxx	x.xxx	x.xxx	x.xxx	x.xxx	x.xxx	x.xxx	x.xxx	x.xxx	0.000	0.758	0.061	0.989	0.918	0.985	0.272	0.969	0.901	0.994	0.176	0.813	0.790	0.956	0.930	0.988	0.985	0.915	0.794	0.348	0.900	0.885	0.942	0.458	0.628	0.924	0.823	0.307	0.979	0.937	0.142	0.931	0.103	0.870	0.979	0.786	0.937	0.992	0.918	0.880	0.194	0.984	0.330	0.305	0.603	0.996	0.912	0.837	0.978	0.838	0.177	0.163	0.519	0.999	0.943	0.821	0.748	0.351	0.928
154	x.xxx	x.xxx	x.xxx	x.xxx	x.xxx	x.xxx	x.xxx	x.xxx	x.xxx	x.xxx	x.xxx	x.xxx	x.xxx	x.xxx	x.xxx	x.xxx	x.xxx	x.xxx	x.xxx	x.xxx	x.xxx	x.xxx	x.xxx	x.xxx	x.xxx	x.xxx	x.xxx	x.xxx	x.xxx	x.xxx	x.xxx	x.xxx	x.xxx	x.xxx	x.xxx	x.xxx	x.xxx	x.xxx	x.xxx	x.xxx	x.xxx	x.xxx	x.xxx	x.xxx	x.xxx	x.xxx	x.xxx	x.xxx	x.xxx	x.xxx	x.xxx	x.xxx	x.xxx	x.xxx	x.xxx	x.xxx	x.xxx	x.xxx	x.xxx	x.xxx	x.xxx	x.xxx	x.xxx	x.xxx	x.xxx	x.xxx	x.xxx	x.xxx	x.xxx	x.xxx	x.xxx	x.xxx	x.xxx	x.xxx	x.xxx	x.xxx	x.xxx	x.xxx	x.xxx	x.xxx	x.xxx	x.xxx	x.xxx	x.xxx	x.xxx	x.xxx	x.xxx	x.xxx	x.xxx	x.xxx	x.xxx	x.xxx	x.xxx	x.xxx	x.xxx	x.xxx	x.xxx	x.xxx	x.xxx	x.xxx	x.xxx	x.xxx	x.xxx	x.xxx	x.xxx	x.xxx	x.xxx	x.xxx	x.xxx	x.xxx	x.xxx	x.xxx	x.xxx	x.xxx	x.xxx	x.xxx	x.xxx	x.xxx	x.xxx	x.xxx	x.xxx	x.xxx	x.xxx	x.xxx	x.xxx	x.xxx	x.xxx	x.xxx	x.xxx	x.xxx	x.xxx	x.xxx	x.xxx	x.xxx	x.xxx	x.xxx	x.xxx	x.xxx	x.xxx	x.xxx	x.xxx	x.xxx	x.xxx	x.xxx	x.xxx	x.xxx	x.xxx	x.xxx	x.xxx	x.xxx	x.xxx	x.xxx	x.xxx	x.xxx	0.000	0.733	0.992	0.976	0.986	0.738	0.278	0.941	0.822	0.796	0.861	0.897	0.900	0.959	0.946	0.992	0.755	0.922	0.706	0.926	0.880	0.987	0.678	0.735	0.931	0.868	0.650	0.389	0.915	0.761	0.969	0.807	0.869	0.649	0.757	0.980	0.877	0.894	0.865	0.621	0.916	0.709	0.751	0.733	0.996	0.943	0.824	0.885	0.891	0.819	0.779	0.329	0.951	0.977	0.837	0.836	0.751	0.913
155	x.xxx	x.xxx	x.xxx	x.xxx	x.xxx	x.xxx	x.xxx	x.xxx	x.xxx	x.xxx	x.xxx	x.xxx	x.xxx	x.xxx	x.xxx	x.xxx	x.xxx	x.xxx	x.xxx	x.xxx	x.xxx	x.xxx	x.xxx	x.xxx	x.xxx	x.xxx	x.xxx	x.xxx	x.xxx	x.xxx	x.xxx	x.xxx	x.xxx	x.xxx	x.xxx	x.xxx	x.xxx	x.xxx	x.xxx	x.xxx	x.xxx	x.xxx	x.xxx	x.xxx	x.xxx	x.xxx	x.xxx	x.xxx	x.xxx	x.xxx	x.xxx	x.xxx	x.xxx	x.xxx	x.xxx	x.xxx	x.xxx	x.xxx	x.xxx	x.xxx	x.xxx	x.xxx	x.xxx	x.xxx	x.xxx	x.xxx	x.xxx	x.xxx	x.xxx	x.xxx	x.xxx	x.xxx	x.xxx	x.xxx	x.xxx	x.xxx	x.xxx	x.xxx	x.xxx	x.xxx	x.xxx	x.xxx	x.xxx	x.xxx	x.xxx	x.xxx	x.xxx	x.xxx	x.xxx	x.xxx	x.xxx	x.xxx	x.xxx	x.xxx	x.xxx	x.xxx	x.xxx	x.xxx	x.xxx	x.xxx	x.xxx	x.xxx	x.xxx	x.xxx	x.xxx	x.xxx	x.xxx	x.xxx	x.xxx	x.xxx	x.xxx	x.xxx	x.xxx	x.xxx	x.xxx	x.xxx	x.xxx	x.xxx	x.xxx	x.xxx	x.xxx	x.xxx	x.xxx	x.xxx	x.xxx	x.xxx	x.xxx	x.xxx	x.xxx	x.xxx	x.xxx	x.xxx	x.xxx	x.xxx	x.xxx	x.xxx	x.xxx	x.xxx	x.xxx	x.xxx	x.xxx	x.xxx	x.xxx	x.xxx	x.xxx	x.xxx	x.xxx	x.xxx	x.xxx	x.xxx	x.xxx	x.xxx	x.xxx	x.xxx	x.xxx	0.000	0.986	0.921	0.967	0.264	0.932	0.847	0.982	0.187	0.815	0.762	0.934	0.869	0.987	0.973	0.869	0.780	0.342	0.864	0.830	0.899	0.433	0.573	0.905	0.790	0.249	0.938	0.903	0.135	0.891	0.105	0.814	0.958	0.693	0.889	0.982	0.857	0.790	0.181	0.949	0.314	0.255	0.576	0.995	0.849	0.770	0.957	0.829	0.168	0.178	0.489	0.995	0.911	0.804	0.730	0.345	0.863
156	x.xxx	x.xxx	x.xxx	x.xxx	x.xxx	x.xxx	x.xxx	x.xxx	x.xxx	x.xxx	x.xxx	x.xxx	x.xxx	x.xxx	x.xxx	x.xxx	x.xxx	x.xxx	x.xxx	x.xxx	x.xxx	x.xxx	x.xxx	x.xxx	x.xxx	x.xxx	x.xxx	x.xxx	x.xxx	x.xxx	x.xxx	x.xxx	x.xxx	x.xxx	x.xxx	x.xxx	x.xxx	x.xxx	x.xxx	x.xxx	x.xxx	x.xxx	x.xxx	x.xxx	x.xxx	x.xxx	x.xxx	x.xxx	x.xxx	x.xxx	x.xxx	x.xxx	x.xxx	x.xxx	x.xxx	x.xxx	x.xxx	x.xxx	x.xxx	x.xxx	x.xxx	x.xxx	x.xxx	x.xxx	x.xxx	x.xxx	x.xxx	x.xxx	x.xxx	x.xxx	x.xxx	x.xxx	x.xxx	x.xxx	x.xxx	x.xxx	x.xxx	x.xxx	x.xxx	x.xxx	x.xxx	x.xxx	x.xxx	x.xxx	x.xxx	x.xxx	x.xxx	x.xxx	x.xxx	x.xxx	x.xxx	x.xxx	x.xxx	x.xxx	x.xxx	x.xxx	x.xxx	x.xxx	x.xxx	x.xxx	x.xxx	x.xxx	x.xxx	x.xxx	x.xxx	x.xxx	x.xxx	x.xxx	x.xxx	x.xxx	x.xxx	x.xxx	x.xxx	x.xxx	x.xxx	x.xxx	x.xxx	x.xxx	x.xxx	x.xxx	x.xxx	x.xxx	x.xxx	x.xxx	x.xxx	x.xxx	x.xxx	x.xxx	x.xxx	x.xxx	x.xxx	x.xxx	x.xxx	x.xxx	x.xxx	x.xxx	x.xxx	x.xxx	x.xxx	x.xxx	x.xxx	x.xxx	x.xxx	x.xxx	x.xxx	x.xxx	x.xxx	x.xxx	x.xxx	x.xxx	x.xxx	x.xxx	x.xxx	x.xxx	x.xxx	x.xxx	0.000	0.987	0.995	0.986	0.992	0.988	0.995	0.989	0.985	0.991	0.973	0.986	0.999	0.312	0.991	0.993	0.984	0.989	0.991	0.990	0.989	0.988	0.984	0.988	0.985	0.993	0.985	0.987	0.988	0.989	0.991	0.992	0.985	0.988	0.982	0.988	0.983	0.986	0.957	0.989	0.985	0.989	0.998	0.985	0.990	0.993	0.995	0.992	0.988	0.990	0.999	0.989	0.994	0.992	0.989	0.986
157	x.xxx	x.xxx	x.xxx	x.xxx	x.xxx	x.xxx	x.xxx	x.xxx	x.xxx	x.xxx	x.xxx	x.xxx	x.xxx	x.xxx	x.xxx	x.xxx	x.xxx	x.xxx	x.xxx	x.xxx	x.xxx	x.xxx	x.xxx	x.xxx	x.xxx	x.xxx	x.xxx	x.xxx	x.xxx	x.xxx	x.xxx	x.xxx	x.xxx	x.xxx	x.xxx	x.xxx	x.xxx	x.xxx	x.xxx	x.xxx	x.xxx	x.xxx	x.xxx	x.xxx	x.xxx	x.xxx	x.xxx	x.xxx	x.xxx	x.xxx	x.xxx	x.xxx	x.xxx	x.xxx	x.xxx	x.xxx	x.xxx	x.xxx	x.xxx	x.xxx	x.xxx	x.xxx	x.xxx	x.xxx	x.xxx	x.xxx	x.xxx	x.xxx	x.xxx	x.xxx	x.xxx	x.xxx	x.xxx	x.xxx	x.xxx	x.xxx	x.xxx	x.xxx	x.xxx	x.xxx	x.xxx	x.xxx	x.xxx	x.xxx	x.xxx	x.xxx	x.xxx	x.xxx	x.xxx	x.xxx	x.xxx	x.xxx	x.xxx	x.xxx	x.xxx	x.xxx	x.xxx	x.xxx	x.xxx	x.xxx	x.xxx	x.xxx	x.xxx	x.xxx	x.xxx	x.xxx	x.xxx	x.xxx	x.xxx	x.xxx	x.xxx	x.xxx	x.xxx	x.xxx	x.xxx	x.xxx	x.xxx	x.xxx	x.xxx	x.xxx	x.xxx	x.xxx	x.xxx	x.xxx	x.xxx	x.xxx	x.xxx	x.xxx	x.xxx	x.xxx	x.xxx	x.xxx	x.xxx	x.xxx	x.xxx	x.xxx	x.xxx	x.xxx	x.xxx	x.xxx	x.xxx	x.xxx	x.xxx	x.xxx	x.xxx	x.xxx	x.xxx	x.xxx	x.xxx	x.xxx	x.xxx	x.xxx	x.xxx	x.xxx	x.xxx	x.xxx	x.xxx	0.000	0.992	0.909	0.981	0.856	0.997	0.929	0.783	0.984	0.970	0.904	0.999	0.989	0.937	0.989	0.881	0.891	0.942	0.917	0.944	0.891	0.868	0.881	0.924	0.973	0.887	0.917	0.920	0.923	0.934	0.987	0.895	0.901	0.998	0.937	0.695	0.956	0.981	0.956	0.910	0.860	0.928	0.896	0.904	0.986	0.993	0.946	0.936	0.975	0.999	0.936	0.991	0.987	0.962	0.930
158	x.xxx	x.xxx	x.xxx	x.xxx	x.xxx	x.xxx	x.xxx	x.xxx	x.xxx	x.xxx	x.xxx	x.xxx	x.xxx	x.xxx	x.xxx	x.xxx	x.xxx	x.xxx	x.xxx	x.xxx	x.xxx	x.xxx	x.xxx	x.xxx	x.xxx	x.xxx	x.xxx	x.xxx	x.xxx	x.xxx	x.xxx	x.xxx	x.xxx	x.xxx	x.xxx	x.xxx	x.xxx	x.xxx	x.xxx	x.xxx	x.xxx	x.xxx	x.xxx	x.xxx	x.xxx	x.xxx	x.xxx	x.xxx	x.xxx	x.xxx	x.xxx	x.xxx	x.xxx	x.xxx	x.xxx	x.xxx	x.xxx	x.xxx	x.xxx	x.xxx	x.xxx	x.xxx	x.xxx	x.xxx	x.xxx	x.xxx	x.xxx	x.xxx	x.xxx	x.xxx	x.xxx	x.xxx	x.xxx	x.xxx	x.xxx	x.xxx	x.xxx	x.xxx	x.xxx	x.xxx	x.xxx	x.xxx	x.xxx	x.xxx	x.xxx	x.xxx	x.xxx	x.xxx	x.xxx	x.xxx	x.xxx	x.xxx	x.xxx	x.xxx	x.xxx	x.xxx	x.xxx	x.xxx	x.xxx	x.xxx	x.xxx	x.xxx	x.xxx	x.xxx	x.xxx	x.xxx	x.xxx	x.xxx	x.xxx	x.xxx	x.xxx	x.xxx	x.xxx	x.xxx	x.xxx	x.xxx	x.xxx	x.xxx	x.xxx	x.xxx	x.xxx	x.xxx	x.xxx	x.xxx	x.xxx	x.xxx	x.xxx	x.xxx	x.xxx	x.xxx	x.xxx	x.xxx	x.xxx	x.xxx	x.xxx	x.xxx	x.xxx	x.xxx	x.xxx	x.xxx	x.xxx	x.xxx	x.xxx	x.xxx	x.xxx	x.xxx	x.xxx	x.xxx	x.xxx	x.xxx	x.xxx	x.xxx	x.xxx	x.xxx	x.xxx	x.xxx	x.xxx	x.xxx	0.000	0.953	0.977	0.913	0.851	0.943	0.965	0.541	0.791	0.949	0.994	0.941	0.980	0.906	0.962	0.888	0.808	0.848	0.973	0.917	0.959	0.898	0.940	0.991	0.958	0.960	0.834	0.968	0.832	0.958	0.889	0.862	0.964	0.807	0.972	0.967	0.983	0.966	0.944	0.959	0.999	0.901	0.881	0.515	0.949	0.976	0.956	0.961	0.989	0.790	0.899	0.934	0.948	0.878
159	x.xxx	x.xxx	x.xxx	x.xxx	x.xxx	x.xxx	x.xxx	x.xxx	x.xxx	x.xxx	x.xxx	x.xxx	x.xxx	x.xxx	x.xxx	x.xxx	x.xxx	x.xxx	x.xxx	x.xxx	x.xxx	x.xxx	x.xxx	x.xxx	x.xxx	x.xxx	x.xxx	x.xxx	x.xxx	x.xxx	x.xxx	x.xxx	x.xxx	x.xxx	x.xxx	x.xxx	x.xxx	x.xxx	x.xxx	x.xxx	x.xxx	x.xxx	x.xxx	x.xxx	x.xxx	x.xxx	x.xxx	x.xxx	x.xxx	x.xxx	x.xxx	x.xxx	x.xxx	x.xxx	x.xxx	x.xxx	x.xxx	x.xxx	x.xxx	x.xxx	x.xxx	x.xxx	x.xxx	x.xxx	x.xxx	x.xxx	x.xxx	x.xxx	x.xxx	x.xxx	x.xxx	x.xxx	x.xxx	x.xxx	x.xxx	x.xxx	x.xxx	x.xxx	x.xxx	x.xxx	x.xxx	x.xxx	x.xxx	x.xxx	x.xxx	x.xxx	x.xxx	x.xxx	x.xxx	x.xxx	x.xxx	x.xxx	x.xxx	x.xxx	x.xxx	x.xxx	x.xxx	x.xxx	x.xxx	x.xxx	x.xxx	x.xxx	x.xxx	x.xxx	x.xxx	x.xxx	x.xxx	x.xxx	x.xxx	x.xxx	x.xxx	x.xxx	x.xxx	x.xxx	x.xxx	x.xxx	x.xxx	x.xxx	x.xxx	x.xxx	x.xxx	x.xxx	x.xxx	x.xxx	x.xxx	x.xxx	x.xxx	x.xxx	x.xxx	x.xxx	x.xxx	x.xxx	x.xxx	x.xxx	x.xxx	x.xxx	x.xxx	x.xxx	x.xxx	x.xxx	x.xxx	x.xxx	x.xxx	x.xxx	x.xxx	x.xxx	x.xxx	x.xxx	x.xxx	x.xxx	x.xxx	x.xxx	x.xxx	x.xxx	x.xxx	x.xxx	x.xxx	x.xxx	x.xxx	0.000	0.944	0.649	0.984	0.333	0.784	0.720	0.844	0.853	0.998	0.940	0.899	0.803	0.326	0.638	0.724	0.735	0.434	0.392	0.903	0.577	0.256	0.933	0.910	0.265	0.737	0.205	0.695	0.966	0.550	0.717	0.987	0.757	0.715	0.386	0.949	0.311	0.204	0.357	0.996	0.681	0.630	0.920	0.879	0.359	0.327	0.486	0.996	0.769	0.828	0.756	0.334	0.748
160	x.xxx	x.xxx	x.xxx	x.xxx	x.xxx	x.xxx	x.xxx	x.xxx	x.xxx	x.xxx	x.xxx	x.xxx	x.xxx	x.xxx	x.xxx	x.xxx	x.xxx	x.xxx	x.xxx	x.xxx	x.xxx	x.xxx	x.xxx	x.xxx	x.xxx	x.xxx	x.xxx	x.xxx	x.xxx	x.xxx	x.xxx	x.xxx	x.xxx	x.xxx	x.xxx	x.xxx	x.xxx	x.xxx	x.xxx	x.xxx	x.xxx	x.xxx	x.xxx	x.xxx	x.xxx	x.xxx	x.xxx	x.xxx	x.xxx	x.xxx	x.xxx	x.xxx	x.xxx	x.xxx	x.xxx	x.xxx	x.xxx	x.xxx	x.xxx	x.xxx	x.xxx	x.xxx	x.xxx	x.xxx	x.xxx	x.xxx	x.xxx	x.xxx	x.xxx	x.xxx	x.xxx	x.xxx	x.xxx	x.xxx	x.xxx	x.xxx	x.xxx	x.xxx	x.xxx	x.xxx	x.xxx	x.xxx	x.xxx	x.xxx	x.xxx	x.xxx	x.xxx	x.xxx	x.xxx	x.xxx	x.xxx	x.xxx	x.xxx	x.xxx	x.xxx	x.xxx	x.xxx	x.xxx	x.xxx	x.xxx	x.xxx	x.xxx	x.xxx	x.xxx	x.xxx	x.xxx	x.xxx	x.xxx	x.xxx	x.xxx	x.xxx	x.xxx	x.xxx	x.xxx	x.xxx	x.xxx	x.xxx	x.xxx	x.xxx	x.xxx	x.xxx	x.xxx	x.xxx	x.xxx	x.xxx	x.xxx	x.xxx	x.xxx	x.xxx	x.xxx	x.xxx	x.xxx	x.xxx	x.xxx	x.xxx	x.xxx	x.xxx	x.xxx	x.xxx	x.xxx	x.xxx	x.xxx	x.xxx	x.xxx	x.xxx	x.xxx	x.xxx	x.xxx	x.xxx	x.xxx	x.xxx	x.xxx	x.xxx	x.xxx	x.xxx	x.xxx	x.xxx	x.xxx	x.xxx	x.xxx	0.000	0.961	0.773	0.992	0.978	0.938	0.918	0.870	0.943	0.992	0.790	0.940	0.951	0.946	0.949	0.947	0.948	0.953	0.815	0.974	0.837	0.251	0.803	0.874	0.981	0.989	0.940	0.567	0.897	0.885	0.852	0.838	0.798	0.789	0.790	0.945	0.967	0.988	0.994	0.865	0.925	0.856	0.906	0.999	0.978	0.479	0.939	0.981	0.861	0.861	0.965	0.829
161	x.xxx	x.xxx	x.xxx	x.xxx	x.xxx	x.xxx	x.xxx	x.xxx	x.xxx	x.xxx	x.xxx	x.xxx	x.xxx	x.xxx	x.xxx	x.xxx	x.xxx	x.xxx	x.xxx	x.xxx	x.xxx	x.xxx	x.xxx	x.xxx	x.xxx	x.xxx	x.xxx	x.xxx	x.xxx	x.xxx	x.xxx	x.xxx	x.xxx	x.xxx	x.xxx	x.xxx	x.xxx	x.xxx	x.xxx	x.xxx	x.xxx	x.xxx	x.xxx	x.xxx	x.xxx	x.xxx	x.xxx	x.xxx	x.xxx	x.xxx	x.xxx	x.xxx	x.xxx	x.xxx	x.xxx	x.xxx	x.xxx	x.xxx	x.xxx	x.xxx	x.xxx	x.xxx	x.xxx	x.xxx	x.xxx	x.xxx	x.xxx	x.xxx	x.xxx	x.xxx	x.xxx	x.xxx	x.xxx	x.xxx	x.xxx	x.xxx	x.xxx	x.xxx	x.xxx	x.xxx	x.xxx	x.xxx	x.xxx	x.xxx	x.xxx	x.xxx	x.xxx	x.xxx	x.xxx	x.xxx	x.xxx	x.xxx	x.xxx	x.xxx	x.xxx	x.xxx	x.xxx	x.xxx	x.xxx	x.xxx	x.xxx	x.xxx	x.xxx	x.xxx	x.xxx	x.xxx	x.xxx	x.xxx	x.xxx	x.xxx	x.xxx	x.xxx	x.xxx	x.xxx	x.xxx	x.xxx	x.xxx	x.xxx	x.xxx	x.xxx	x.xxx	x.xxx	x.xxx	x.xxx	x.xxx	x.xxx	x.xxx	x.xxx	x.xxx	x.xxx	x.xxx	x.xxx	x.xxx	x.xxx	x.xxx	x.xxx	x.xxx	x.xxx	x.xxx	x.xxx	x.xxx	x.xxx	x.xxx	x.xxx	x.xxx	x.xxx	x.xxx	x.xxx	x.xxx	x.xxx	x.xxx	x.xxx	x.xxx	x.xxx	x.xxx	x.xxx	x.xxx	x.xxx	x.xxx	x.xxx	x.xxx	0.000	0.997	0.919	0.877	0.826	0.664	0.821	0.978	0.880	0.954	0.881	0.902	0.182	0.424	0.323	0.949	0.485	0.913	0.154	0.853	0.987	0.928	0.875	0.354	0.774	0.369	0.977	0.232	0.273	0.992	0.435	0.680	0.955	0.990	0.951	0.801	0.589	0.996	0.406	0.226	0.847	0.988	0.888	0.943	0.967	0.999	0.461	0.896	0.921	0.955	0.413
162	x.xxx	x.xxx	x.xxx	x.xxx	x.xxx	x.xxx	x.xxx	x.xxx	x.xxx	x.xxx	x.xxx	x.xxx	x.xxx	x.xxx	x.xxx	x.xxx	x.xxx	x.xxx	x.xxx	x.xxx	x.xxx	x.xxx	x.xxx	x.xxx	x.xxx	x.xxx	x.xxx	x.xxx	x.xxx	x.xxx	x.xxx	x.xxx	x.xxx	x.xxx	x.xxx	x.xxx	x.xxx	x.xxx	x.xxx	x.xxx	x.xxx	x.xxx	x.xxx	x.xxx	x.xxx	x.xxx	x.xxx	x.xxx	x.xxx	x.xxx	x.xxx	x.xxx	x.xxx	x.xxx	x.xxx	x.xxx	x.xxx	x.xxx	x.xxx	x.xxx	x.xxx	x.xxx	x.xxx	x.xxx	x.xxx	x.xxx	x.xxx	x.xxx	x.xxx	x.xxx	x.xxx	x.xxx	x.xxx	x.xxx	x.xxx	x.xxx	x.xxx	x.xxx	x.xxx	x.xxx	x.xxx	x.xxx	x.xxx	x.xxx	x.xxx	x.xxx	x.xxx	x.xxx	x.xxx	x.xxx	x.xxx	x.xxx	x.xxx	x.xxx	x.xxx	x.xxx	x.xxx	x.xxx	x.xxx	x.xxx	x.xxx	x.xxx	x.xxx	x.xxx	x.xxx	x.xxx	x.xxx	x.xxx	x.xxx	x.xxx	x.xxx	x.xxx	x.xxx	x.xxx	x.xxx	x.xxx	x.xxx	x.xxx	x.xxx	x.xxx	x.xxx	x.xxx	x.xxx	x.xxx	x.xxx	x.xxx	x.xxx	x.xxx	x.xxx	x.xxx	x.xxx	x.xxx	x.xxx	x.xxx	x.xxx	x.xxx	x.xxx	x.xxx	x.xxx	x.xxx	x.xxx	x.xxx	x.xxx	x.xxx	x.xxx	x.xxx	x.xxx	x.xxx	x.xxx	x.xxx	x.xxx	x.xxx	x.xxx	x.xxx	x.xxx	x.xxx	x.xxx	x.xxx	x.xxx	x.xxx	x.xxx	x.xxx	0.000	0.995	0.942	0.928	0.973	0.963	0.992	0.993	0.944	0.960	0.977	0.986	0.998	0.985	0.989	0.973	0.953	0.994	0.935	0.827	0.947	0.963	0.995	0.997	0.997	0.811	0.962	0.967	0.844	0.967	0.961	0.928	0.940	0.982	0.984	0.996	0.998	0.962	0.998	0.886	0.914	0.996	0.994	0.809	0.911	0.994	0.878	0.892	0.944	0.948
163	x.xxx	x.xxx	x.xxx	x.xxx	x.xxx	x.xxx	x.xxx	x.xxx	x.xxx	x.xxx	x.xxx	x.xxx	x.xxx	x.xxx	x.xxx	x.xxx	x.xxx	x.xxx	x.xxx	x.xxx	x.xxx	x.xxx	x.xxx	x.xxx	x.xxx	x.xxx	x.xxx	x.xxx	x.xxx	x.xxx	x.xxx	x.xxx	x.xxx	x.xxx	x.xxx	x.xxx	x.xxx	x.xxx	x.xxx	x.xxx	x.xxx	x.xxx	x.xxx	x.xxx	x.xxx	x.xxx	x.xxx	x.xxx	x.xxx	x.xxx	x.xxx	x.xxx	x.xxx	x.xxx	x.xxx	x.xxx	x.xxx	x.xxx	x.xxx	x.xxx	x.xxx	x.xxx	x.xxx	x.xxx	x.xxx	x.xxx	x.xxx	x.xxx	x.xxx	x.xxx	x.xxx	x.xxx	x.xxx	x.xxx	x.xxx	x.xxx	x.xxx	x.xxx	x.xxx	x.xxx	x.xxx	x.xxx	x.xxx	x.xxx	x.xxx	x.xxx	x.xxx	x.xxx	x.xxx	x.xxx	x.xxx	x.xxx	x.xxx	x.xxx	x.xxx	x.xxx	x.xxx	x.xxx	x.xxx	x.xxx	x.xxx	x.xxx	x.xxx	x.xxx	x.xxx	x.xxx	x.xxx	x.xxx	x.xxx	x.xxx	x.xxx	x.xxx	x.xxx	x.xxx	x.xxx	x.xxx	x.xxx	x.xxx	x.xxx	x.xxx	x.xxx	x.xxx	x.xxx	x.xxx	x.xxx	x.xxx	x.xxx	x.xxx	x.xxx	x.xxx	x.xxx	x.xxx	x.xxx	x.xxx	x.xxx	x.xxx	x.xxx	x.xxx	x.xxx	x.xxx	x.xxx	x.xxx	x.xxx	x.xxx	x.xxx	x.xxx	x.xxx	x.xxx	x.xxx	x.xxx	x.xxx	x.xxx	x.xxx	x.xxx	x.xxx	x.xxx	x.xxx	x.xxx	x.xxx	x.xxx	x.xxx	x.xxx	x.xxx	0.000	0.830	0.759	0.966	0.931	0.997	0.986	0.931	0.817	0.309	0.913	0.846	0.943	0.407	0.571	0.941	0.842	0.233	0.989	0.951	0.198	0.937	0.228	0.854	0.991	0.780	0.937	0.997	0.891	0.900	0.231	0.993	0.270	0.218	0.637	0.996	0.912	0.828	0.982	0.818	0.282	0.052	0.511	0.999	0.950	0.822	0.775	0.294	0.945
164	x.xxx	x.xxx	x.xxx	x.xxx	x.xxx	x.xxx	x.xxx	x.xxx	x.xxx	x.xxx	x.xxx	x.xxx	x.xxx	x.xxx	x.xxx	x.xxx	x.xxx	x.xxx	x.xxx	x.xxx	x.xxx	x.xxx	x.xxx	x.xxx	x.xxx	x.xxx	x.xxx	x.xxx	x.xxx	x.xxx	x.xxx	x.xxx	x.xxx	x.xxx	x.xxx	x.xxx	x.xxx	x.xxx	x.xxx	x.xxx	x.xxx	x.xxx	x.xxx	x.xxx	x.xxx	x.xxx	x.xxx	x.xxx	x.xxx	x.xxx	x.xxx	x.xxx	x.xxx	x.xxx	x.xxx	x.xxx	x.xxx	x.xxx	x.xxx	x.xxx	x.xxx	x.xxx	x.xxx	x.xxx	x.xxx	x.xxx	x.xxx	x.xxx	x.xxx	x.xxx	x.xxx	x.xxx	x.xxx	x.xxx	x.xxx	x.xxx	x.xxx	x.xxx	x.xxx	x.xxx	x.xxx	x.xxx	x.xxx	x.xxx	x.xxx	x.xxx	x.xxx	x.xxx	x.xxx	x.xxx	x.xxx	x.xxx	x.xxx	x.xxx	x.xxx	x.xxx	x.xxx	x.xxx	x.xxx	x.xxx	x.xxx	x.xxx	x.xxx	x.xxx	x.xxx	x.xxx	x.xxx	x.xxx	x.xxx	x.xxx	x.xxx	x.xxx	x.xxx	x.xxx	x.xxx	x.xxx	x.xxx	x.xxx	x.xxx	x.xxx	x.xxx	x.xxx	x.xxx	x.xxx	x.xxx	x.xxx	x.xxx	x.xxx	x.xxx	x.xxx	x.xxx	x.xxx	x.xxx	x.xxx	x.xxx	x.xxx	x.xxx	x.xxx	x.xxx	x.xxx	x.xxx	x.xxx	x.xxx	x.xxx	x.xxx	x.xxx	x.xxx	x.xxx	x.xxx	x.xxx	x.xxx	x.xxx	x.xxx	x.xxx	x.xxx	x.xxx	x.xxx	x.xxx	x.xxx	x.xxx	x.xxx	x.xxx	x.xxx	x.xxx	0.000	0.954	0.958	0.903	0.983	0.985	0.703	0.971	0.698	0.904	0.887	0.928	0.788	0.702	0.886	0.776	0.758	0.970	0.908	0.813	0.921	0.833	0.871	0.986	0.779	0.917	0.990	0.929	0.799	0.860	0.981	0.811	0.765	0.582	0.992	0.899	0.805	0.982	0.980	0.846	0.847	0.790	0.999	0.939	0.975	0.962	0.723	0.927
165	x.xxx	x.xxx	x.xxx	x.xxx	x.xxx	x.xxx	x.xxx	x.xxx	x.xxx	x.xxx	x.xxx	x.xxx	x.xxx	x.xxx	x.xxx	x.xxx	x.xxx	x.xxx	x.xxx	x.xxx	x.xxx	x.xxx	x.xxx	x.xxx	x.xxx	x.xxx	x.xxx	x.xxx	x.xxx	x.xxx	x.xxx	x.xxx	x.xxx	x.xxx	x.xxx	x.xxx	x.xxx	x.xxx	x.xxx	x.xxx	x.xxx	x.xxx	x.xxx	x.xxx	x.xxx	x.xxx	x.xxx	x.xxx	x.xxx	x.xxx	x.xxx	x.xxx	x.xxx	x.xxx	x.xxx	x.xxx	x.xxx	x.xxx	x.xxx	x.xxx	x.xxx	x.xxx	x.xxx	x.xxx	x.xxx	x.xxx	x.xxx	x.xxx	x.xxx	x.xxx	x.xxx	x.xxx	x.xxx	x.xxx	x.xxx	x.xxx	x.xxx	x.xxx	x.xxx	x.xxx	x.xxx	x.xxx	x.xxx	x.xxx	x.xxx	x.xxx	x.xxx	x.xxx	x.xxx	x.xxx	x.xxx	x.xxx	x.xxx	x.xxx	x.xxx	x.xxx	x.xxx	x.xxx	x.xxx	x.xxx	x.xxx	x.xxx	x.xxx	x.xxx	x.xxx	x.xxx	x.xxx	x.xxx	x.xxx	x.xxx	x.xxx	x.xxx	x.xxx	x.xxx	x.xxx	x.xxx	x.xxx	x.xxx	x.xxx	x.xxx	x.xxx	x.xxx	x.xxx	x.xxx	x.xxx	x.xxx	x.xxx	x.xxx	x.xxx	x.xxx	x.xxx	x.xxx	x.xxx	x.xxx	x.xxx	x.xxx	x.xxx	x.xxx	x.xxx	x.xxx	x.xxx	x.xxx	x.xxx	x.xxx	x.xxx	x.xxx	x.xxx	x.xxx	x.xxx	x.xxx	x.xxx	x.xxx	x.xxx	x.xxx	x.xxx	x.xxx	x.xxx	x.xxx	x.xxx	x.xxx	x.xxx	x.xxx	x.xxx	x.xxx	x.xxx	0.000	0.641	0.949	0.990	0.915	0.951	0.791	0.785	0.770	0.629	0.718	0.828	0.784	0.969	0.780	0.713	0.940	0.961	0.776	0.682	0.762	0.669	0.923	0.744	0.765	0.955	0.685	0.921	0.750	0.959	0.768	0.724	0.846	0.999	0.860	0.752	0.355	0.844	0.788	0.760	0.783	0.983	0.605	0.777	0.791	0.746	0.812
166	x.xxx	x.xxx	x.xxx	x.xxx	x.xxx	x.xxx	x.xxx	x.xxx	x.xxx	x.xxx	x.xxx	x.xxx	x.xxx	x.xxx	x.xxx	x.xxx	x.xxx	x.xxx	x.xxx	x.xxx	x.xxx	x.xxx	x.xxx	x.xxx	x.xxx	x.xxx	x.xxx	x.xxx	x.xxx	x.xxx	x.xxx	x.xxx	x.xxx	x.xxx	x.xxx	x.xxx	x.xxx	x.xxx	x.xxx	x.xxx	x.xxx	x.xxx	x.xxx	x.xxx	x.xxx	x.xxx	x.xxx	x.xxx	x.xxx	x.xxx	x.xxx	x.xxx	x.xxx	x.xxx	x.xxx	x.xxx	x.xxx	x.xxx	x.xxx	x.xxx	x.xxx	x.xxx	x.xxx	x.xxx	x.xxx	x.xxx	x.xxx	x.xxx	x.xxx	x.xxx	x.xxx	x.xxx	x.xxx	x.xxx	x.xxx	x.xxx	x.xxx	x.xxx	x.xxx	x.xxx	x.xxx	x.xxx	x.xxx	x.xxx	x.xxx	x.xxx	x.xxx	x.xxx	x.xxx	x.xxx	x.xxx	x.xxx	x.xxx	x.xxx	x.xxx	x.xxx	x.xxx	x.xxx	x.xxx	x.xxx	x.xxx	x.xxx	x.xxx	x.xxx	x.xxx	x.xxx	x.xxx	x.xxx	x.xxx	x.xxx	x.xxx	x.xxx	x.xxx	x.xxx	x.xxx	x.xxx	x.xxx	x.xxx	x.xxx	x.xxx	x.xxx	x.xxx	x.xxx	x.xxx	x.xxx	x.xxx	x.xxx	x.xxx	x.xxx	x.xxx	x.xxx	x.xxx	x.xxx	x.xxx	x.xxx	x.xxx	x.xxx	x.xxx	x.xxx	x.xxx	x.xxx	x.xxx	x.xxx	x.xxx	x.xxx	x.xxx	x.xxx	x.xxx	x.xxx	x.xxx	x.xxx	x.xxx	x.xxx	x.xxx	x.xxx	x.xxx	x.xxx	x.xxx	x.xxx	x.xxx	x.xxx	x.xxx	x.xxx	x.xxx	x.xxx	x.xxx	0.000	0.930	0.960	0.867	0.982	0.864	0.960	0.590	0.397	0.485	0.984	0.793	0.954	0.637	0.926	0.979	0.956	0.946	0.438	0.900	0.445	0.902	0.672	0.568	0.902	0.459	0.900	0.971	0.969	0.985	0.919	0.853	0.997	0.760	0.578	0.639	0.960	0.949	0.978	0.973	0.997	0.319	0.842	0.889	0.982	0.692
167	x.xxx	x.xxx	x.xxx	x.xxx	x.xxx	x.xxx	x.xxx	x.xxx	x.xxx	x.xxx	x.xxx	x.xxx	x.xxx	x.xxx	x.xxx	x.xxx	x.xxx	x.xxx	x.xxx	x.xxx	x.xxx	x.xxx	x.xxx	x.xxx	x.xxx	x.xxx	x.xxx	x.xxx	x.xxx	x.xxx	x.xxx	x.xxx	x.xxx	x.xxx	x.xxx	x.xxx	x.xxx	x.xxx	x.xxx	x.xxx	x.xxx	x.xxx	x.xxx	x.xxx	x.xxx	x.xxx	x.xxx	x.xxx	x.xxx	x.xxx	x.xxx	x.xxx	x.xxx	x.xxx	x.xxx	x.xxx	x.xxx	x.xxx	x.xxx	x.xxx	x.xxx	x.xxx	x.xxx	x.xxx	x.xxx	x.xxx	x.xxx	x.xxx	x.xxx	x.xxx	x.xxx	x.xxx	x.xxx	x.xxx	x.xxx	x.xxx	x.xxx	x.xxx	x.xxx	x.xxx	x.xxx	x.xxx	x.xxx	x.xxx	x.xxx	x.xxx	x.xxx	x.xxx	x.xxx	x.xxx	x.xxx	x.xxx	x.xxx	x.xxx	x.xxx	x.xxx	x.xxx	x.xxx	x.xxx	x.xxx	x.xxx	x.xxx	x.xxx	x.xxx	x.xxx	x.xxx	x.xxx	x.xxx	x.xxx	x.xxx	x.xxx	x.xxx	x.xxx	x.xxx	x.xxx	x.xxx	x.xxx	x.xxx	x.xxx	x.xxx	x.xxx	x.xxx	x.xxx	x.xxx	x.xxx	x.xxx	x.xxx	x.xxx	x.xxx	x.xxx	x.xxx	x.xxx	x.xxx	x.xxx	x.xxx	x.xxx	x.xxx	x.xxx	x.xxx	x.xxx	x.xxx	x.xxx	x.xxx	x.xxx	x.xxx	x.xxx	x.xxx	x.xxx	x.xxx	x.xxx	x.xxx	x.xxx	x.xxx	x.xxx	x.xxx	x.xxx	x.xxx	x.xxx	x.xxx	x.xxx	x.xxx	x.xxx	x.xxx	x.xxx	x.xxx	x.xxx	x.xxx	0.000	1.000	0.970	0.948	0.931	0.910	0.844	0.889	0.830	0.936	0.818	0.185	0.838	0.867	0.963	0.159	0.788	0.870	0.880	0.880	0.835	0.832	0.733	0.965	0.687	0.754	0.952	0.917	0.952	0.846	0.832	0.998	0.386	0.854	0.819	0.937	0.904	0.949	0.962	0.987	0.892	0.961	0.880	0.956	0.315
168	x.xxx	x.xxx	x.xxx	x.xxx	x.xxx	x.xxx	x.xxx	x.xxx	x.xxx	x.xxx	x.xxx	x.xxx	x.xxx	x.xxx	x.xxx	x.xxx	x.xxx	x.xxx	x.xxx	x.xxx	x.xxx	x.xxx	x.xxx	x.xxx	x.xxx	x.xxx	x.xxx	x.xxx	x.xxx	x.xxx	x.xxx	x.xxx	x.xxx	x.xxx	x.xxx	x.xxx	x.xxx	x.xxx	x.xxx	x.xxx	x.xxx	x.xxx	x.xxx	x.xxx	x.xxx	x.xxx	x.xxx	x.xxx	x.xxx	x.xxx	x.xxx	x.xxx	x.xxx	x.xxx	x.xxx	x.xxx	x.xxx	x.xxx	x.xxx	x.xxx	x.xxx	x.xxx	x.xxx	x.xxx	x.xxx	x.xxx	x.xxx	x.xxx	x.xxx	x.xxx	x.xxx	x.xxx	x.xxx	x.xxx	x.xxx	x.xxx	x.xxx	x.xxx	x.xxx	x.xxx	x.xxx	x.xxx	x.xxx	x.xxx	x.xxx	x.xxx	x.xxx	x.xxx	x.xxx	x.xxx	x.xxx	x.xxx	x.xxx	x.xxx	x.xxx	x.xxx	x.xxx	x.xxx	x.xxx	x.xxx	x.xxx	x.xxx	x.xxx	x.xxx	x.xxx	x.xxx	x.xxx	x.xxx	x.xxx	x.xxx	x.xxx	x.xxx	x.xxx	x.xxx	x.xxx	x.xxx	x.xxx	x.xxx	x.xxx	x.xxx	x.xxx	x.xxx	x.xxx	x.xxx	x.xxx	x.xxx	x.xxx	x.xxx	x.xxx	x.xxx	x.xxx	x.xxx	x.xxx	x.xxx	x.xxx	x.xxx	x.xxx	x.xxx	x.xxx	x.xxx	x.xxx	x.xxx	x.xxx	x.xxx	x.xxx	x.xxx	x.xxx	x.xxx	x.xxx	x.xxx	x.xxx	x.xxx	x.xxx	x.xxx	x.xxx	x.xxx	x.xxx	x.xxx	x.xxx	x.xxx	x.xxx	x.xxx	x.xxx	x.xxx	x.xxx	x.xxx	x.xxx	x.xxx	0.000	0.999	0.992	0.995	0.996	1.000	0.961	1.000	0.998	0.998	0.999	0.999	0.996	0.999	0.999	0.991	0.995	0.999	0.958	0.959	0.999	1.000	0.851	0.956	0.999	0.997	0.999	0.995	0.994	0.996	0.999	1.000	0.945	0.985	0.989	0.998	0.999	0.994	1.000	1.000	0.989	0.978	0.992	0.986
169	x.xxx	x.xxx	x.xxx	x.xxx	x.xxx	x.xxx	x.xxx	x.xxx	x.xxx	x.xxx	x.xxx	x.xxx	x.xxx	x.xxx	x.xxx	x.xxx	x.xxx	x.xxx	x.xxx	x.xxx	x.xxx	x.xxx	x.xxx	x.xxx	x.xxx	x.xxx	x.xxx	x.xxx	x.xxx	x.xxx	x.xxx	x.xxx	x.xxx	x.xxx	x.xxx	x.xxx	x.xxx	x.xxx	x.xxx	x.xxx	x.xxx	x.xxx	x.xxx	x.xxx	x.xxx	x.xxx	x.xxx	x.xxx	x.xxx	x.xxx	x.xxx	x.xxx	x.xxx	x.xxx	x.xxx	x.xxx	x.xxx	x.xxx	x.xxx	x.xxx	x.xxx	x.xxx	x.xxx	x.xxx	x.xxx	x.xxx	x.xxx	x.xxx	x.xxx	x.xxx	x.xxx	x.xxx	x.xxx	x.xxx	x.xxx	x.xxx	x.xxx	x.xxx	x.xxx	x.xxx	x.xxx	x.xxx	x.xxx	x.xxx	x.xxx	x.xxx	x.xxx	x.xxx	x.xxx	x.xxx	x.xxx	x.xxx	x.xxx	x.xxx	x.xxx	x.xxx	x.xxx	x.xxx	x.xxx	x.xxx	x.xxx	x.xxx	x.xxx	x.xxx	x.xxx	x.xxx	x.xxx	x.xxx	x.xxx	x.xxx	x.xxx	x.xxx	x.xxx	x.xxx	x.xxx	x.xxx	x.xxx	x.xxx	x.xxx	x.xxx	x.xxx	x.xxx	x.xxx	x.xxx	x.xxx	x.xxx	x.xxx	x.xxx	x.xxx	x.xxx	x.xxx	x.xxx	x.xxx	x.xxx	x.xxx	x.xxx	x.xxx	x.xxx	x.xxx	x.xxx	x.xxx	x.xxx	x.xxx	x.xxx	x.xxx	x.xxx	x.xxx	x.xxx	x.xxx	x.xxx	x.xxx	x.xxx	x.xxx	x.xxx	x.xxx	x.xxx	x.xxx	x.xxx	x.xxx	x.xxx	x.xxx	x.xxx	x.xxx	x.xxx	x.xxx	x.xxx	x.xxx	x.xxx	x.xxx	0.000	0.990	0.930	0.983	0.875	0.884	0.880	0.991	0.924	0.982	0.874	0.970	0.993	0.984	0.980	0.879	0.959	0.882	0.992	0.872	0.878	0.941	0.883	0.965	0.988	0.900	0.991	0.966	0.947	0.999	0.905	0.878	0.921	0.993	0.979	0.990	0.989	0.998	0.883	0.936	0.960	0.991	0.878
170	x.xxx	x.xxx	x.xxx	x.xxx	x.xxx	x.xxx	x.xxx	x.xxx	x.xxx	x.xxx	x.xxx	x.xxx	x.xxx	x.xxx	x.xxx	x.xxx	x.xxx	x.xxx	x.xxx	x.xxx	x.xxx	x.xxx	x.xxx	x.xxx	x.xxx	x.xxx	x.xxx	x.xxx	x.xxx	x.xxx	x.xxx	x.xxx	x.xxx	x.xxx	x.xxx	x.xxx	x.xxx	x.xxx	x.xxx	x.xxx	x.xxx	x.xxx	x.xxx	x.xxx	x.xxx	x.xxx	x.xxx	x.xxx	x.xxx	x.xxx	x.xxx	x.xxx	x.xxx	x.xxx	x.xxx	x.xxx	x.xxx	x.xxx	x.xxx	x.xxx	x.xxx	x.xxx	x.xxx	x.xxx	x.xxx	x.xxx	x.xxx	x.xxx	x.xxx	x.xxx	x.xxx	x.xxx	x.xxx	x.xxx	x.xxx	x.xxx	x.xxx	x.xxx	x.xxx	x.xxx	x.xxx	x.xxx	x.xxx	x.xxx	x.xxx	x.xxx	x.xxx	x.xxx	x.xxx	x.xxx	x.xxx	x.xxx	x.xxx	x.xxx	x.xxx	x.xxx	x.xxx	x.xxx	x.xxx	x.xxx	x.xxx	x.xxx	x.xxx	x.xxx	x.xxx	x.xxx	x.xxx	x.xxx	x.xxx	x.xxx	x.xxx	x.xxx	x.xxx	x.xxx	x.xxx	x.xxx	x.xxx	x.xxx	x.xxx	x.xxx	x.xxx	x.xxx	x.xxx	x.xxx	x.xxx	x.xxx	x.xxx	x.xxx	x.xxx	x.xxx	x.xxx	x.xxx	x.xxx	x.xxx	x.xxx	x.xxx	x.xxx	x.xxx	x.xxx	x.xxx	x.xxx	x.xxx	x.xxx	x.xxx	x.xxx	x.xxx	x.xxx	x.xxx	x.xxx	x.xxx	x.xxx	x.xxx	x.xxx	x.xxx	x.xxx	x.xxx	x.xxx	x.xxx	x.xxx	x.xxx	x.xxx	x.xxx	x.xxx	x.xxx	x.xxx	x.xxx	x.xxx	x.xxx	x.xxx	x.xxx	0.000	0.968	0.774	0.952	0.947	0.989	0.835	0.806	0.914	0.892	0.726	0.716	0.893	0.912	0.967	0.944	0.936	0.918	0.791	0.980	0.968	0.962	0.774	0.804	0.905	0.834	0.855	0.893	0.970	0.938	0.924	0.967	0.975	0.942	0.921	0.719	0.990	0.976	0.972	0.957	0.795	0.910
171	x.xxx	x.xxx	x.xxx	x.xxx	x.xxx	x.xxx	x.xxx	x.xxx	x.xxx	x.xxx	x.xxx	x.xxx	x.xxx	x.xxx	x.xxx	x.xxx	x.xxx	x.xxx	x.xxx	x.xxx	x.xxx	x.xxx	x.xxx	x.xxx	x.xxx	x.xxx	x.xxx	x.xxx	x.xxx	x.xxx	x.xxx	x.xxx	x.xxx	x.xxx	x.xxx	x.xxx	x.xxx	x.xxx	x.xxx	x.xxx	x.xxx	x.xxx	x.xxx	x.xxx	x.xxx	x.xxx	x.xxx	x.xxx	x.xxx	x.xxx	x.xxx	x.xxx	x.xxx	x.xxx	x.xxx	x.xxx	x.xxx	x.xxx	x.xxx	x.xxx	x.xxx	x.xxx	x.xxx	x.xxx	x.xxx	x.xxx	x.xxx	x.xxx	x.xxx	x.xxx	x.xxx	x.xxx	x.xxx	x.xxx	x.xxx	x.xxx	x.xxx	x.xxx	x.xxx	x.xxx	x.xxx	x.xxx	x.xxx	x.xxx	x.xxx	x.xxx	x.xxx	x.xxx	x.xxx	x.xxx	x.xxx	x.xxx	x.xxx	x.xxx	x.xxx	x.xxx	x.xxx	x.xxx	x.xxx	x.xxx	x.xxx	x.xxx	x.xxx	x.xxx	x.xxx	x.xxx	x.xxx	x.xxx	x.xxx	x.xxx	x.xxx	x.xxx	x.xxx	x.xxx	x.xxx	x.xxx	x.xxx	x.xxx	x.xxx	x.xxx	x.xxx	x.xxx	x.xxx	x.xxx	x.xxx	x.xxx	x.xxx	x.xxx	x.xxx	x.xxx	x.xxx	x.xxx	x.xxx	x.xxx	x.xxx	x.xxx	x.xxx	x.xxx	x.xxx	x.xxx	x.xxx	x.xxx	x.xxx	x.xxx	x.xxx	x.xxx	x.xxx	x.xxx	x.xxx	x.xxx	x.xxx	x.xxx	x.xxx	x.xxx	x.xxx	x.xxx	x.xxx	x.xxx	x.xxx	x.xxx	x.xxx	x.xxx	x.xxx	x.xxx	x.xxx	x.xxx	x.xxx	x.xxx	x.xxx	x.xxx	x.xxx	0.000	0.878	0.846	0.843	0.842	0.905	0.869	0.943	0.853	0.810	0.960	0.938	0.790	0.844	0.771	0.839	0.903	0.839	0.824	0.961	0.816	0.954	0.767	0.968	0.870	0.839	0.895	0.999	0.872	0.836	0.857	0.335	0.734	0.818	0.860	0.980	0.854	0.173	0.675	0.866	0.832
172	x.xxx	x.xxx	x.xxx	x.xxx	x.xxx	x.xxx	x.xxx	x.xxx	x.xxx	x.xxx	x.xxx	x.xxx	x.xxx	x.xxx	x.xxx	x.xxx	x.xxx	x.xxx	x.xxx	x.xxx	x.xxx	x.xxx	x.xxx	x.xxx	x.xxx	x.xxx	x.xxx	x.xxx	x.xxx	x.xxx	x.xxx	x.xxx	x.xxx	x.xxx	x.xxx	x.xxx	x.xxx	x.xxx	x.xxx	x.xxx	x.xxx	x.xxx	x.xxx	x.xxx	x.xxx	x.xxx	x.xxx	x.xxx	x.xxx	x.xxx	x.xxx	x.xxx	x.xxx	x.xxx	x.xxx	x.xxx	x.xxx	x.xxx	x.xxx	x.xxx	x.xxx	x.xxx	x.xxx	x.xxx	x.xxx	x.xxx	x.xxx	x.xxx	x.xxx	x.xxx	x.xxx	x.xxx	x.xxx	x.xxx	x.xxx	x.xxx	x.xxx	x.xxx	x.xxx	x.xxx	x.xxx	x.xxx	x.xxx	x.xxx	x.xxx	x.xxx	x.xxx	x.xxx	x.xxx	x.xxx	x.xxx	x.xxx	x.xxx	x.xxx	x.xxx	x.xxx	x.xxx	x.xxx	x.xxx	x.xxx	x.xxx	x.xxx	x.xxx	x.xxx	x.xxx	x.xxx	x.xxx	x.xxx	x.xxx	x.xxx	x.xxx	x.xxx	x.xxx	x.xxx	x.xxx	x.xxx	x.xxx	x.xxx	x.xxx	x.xxx	x.xxx	x.xxx	x.xxx	x.xxx	x.xxx	x.xxx	x.xxx	x.xxx	x.xxx	x.xxx	x.xxx	x.xxx	x.xxx	x.xxx	x.xxx	x.xxx	x.xxx	x.xxx	x.xxx	x.xxx	x.xxx	x.xxx	x.xxx	x.xxx	x.xxx	x.xxx	x.xxx	x.xxx	x.xxx	x.xxx	x.xxx	x.xxx	x.xxx	x.xxx	x.xxx	x.xxx	x.xxx	x.xxx	x.xxx	x.xxx	x.xxx	x.xxx	x.xxx	x.xxx	x.xxx	x.xxx	x.xxx	x.xxx	x.xxx	x.xxx	x.xxx	x.xxx	0.000	0.892	0.822	0.943	0.161	0.404	0.887	0.798	0.232	0.943	0.900	0.340	0.928	0.418	0.825	0.971	0.697	0.934	0.990	0.871	0.825	0.353	0.959	0.115	0.170	0.528	0.994	0.883	0.791	0.977	0.887	0.457	0.289	0.334	0.997	0.941	0.874	0.846	0.187	0.918
173	x.xxx	x.xxx	x.xxx	x.xxx	x.xxx	x.xxx	x.xxx	x.xxx	x.xxx	x.xxx	x.xxx	x.xxx	x.xxx	x.xxx	x.xxx	x.xxx	x.xxx	x.xxx	x.xxx	x.xxx	x.xxx	x.xxx	x.xxx	x.xxx	x.xxx	x.xxx	x.xxx	x.xxx	x.xxx	x.xxx	x.xxx	x.xxx	x.xxx	x.xxx	x.xxx	x.xxx	x.xxx	x.xxx	x.xxx	x.xxx	x.xxx	x.xxx	x.xxx	x.xxx	x.xxx	x.xxx	x.xxx	x.xxx	x.xxx	x.xxx	x.xxx	x.xxx	x.xxx	x.xxx	x.xxx	x.xxx	x.xxx	x.xxx	x.xxx	x.xxx	x.xxx	x.xxx	x.xxx	x.xxx	x.xxx	x.xxx	x.xxx	x.xxx	x.xxx	x.xxx	x.xxx	x.xxx	x.xxx	x.xxx	x.xxx	x.xxx	x.xxx	x.xxx	x.xxx	x.xxx	x.xxx	x.xxx	x.xxx	x.xxx	x.xxx	x.xxx	x.xxx	x.xxx	x.xxx	x.xxx	x.xxx	x.xxx	x.xxx	x.xxx	x.xxx	x.xxx	x.xxx	x.xxx	x.xxx	x.xxx	x.xxx	x.xxx	x.xxx	x.xxx	x.xxx	x.xxx	x.xxx	x.xxx	x.xxx	x.xxx	x.xxx	x.xxx	x.xxx	x.xxx	x.xxx	x.xxx	x.xxx	x.xxx	x.xxx	x.xxx	x.xxx	x.xxx	x.xxx	x.xxx	x.xxx	x.xxx	x.xxx	x.xxx	x.xxx	x.xxx	x.xxx	x.xxx	x.xxx	x.xxx	x.xxx	x.xxx	x.xxx	x.xxx	x.xxx	x.xxx	x.xxx	x.xxx	x.xxx	x.xxx	x.xxx	x.xxx	x.xxx	x.xxx	x.xxx	x.xxx	x.xxx	x.xxx	x.xxx	x.xxx	x.xxx	x.xxx	x.xxx	x.xxx	x.xxx	x.xxx	x.xxx	x.xxx	x.xxx	x.xxx	x.xxx	x.xxx	x.xxx	x.xxx	x.xxx	x.xxx	x.xxx	x.xxx	x.xxx	0.000	0.335	0.211	0.940	0.516	0.900	0.120	0.843	0.935	0.909	0.881	0.257	0.794	0.272	0.968	0.243	0.163	0.988	0.346	0.659	0.930	0.951	0.946	0.815	0.637	0.995	0.450	0.136	0.807	0.984	0.887	0.933	0.927	0.996	0.355	0.865	0.918	0.954	0.420
174	x.xxx	x.xxx	x.xxx	x.xxx	x.xxx	x.xxx	x.xxx	x.xxx	x.xxx	x.xxx	x.xxx	x.xxx	x.xxx	x.xxx	x.xxx	x.xxx	x.xxx	x.xxx	x.xxx	x.xxx	x.xxx	x.xxx	x.xxx	x.xxx	x.xxx	x.xxx	x.xxx	x.xxx	x.xxx	x.xxx	x.xxx	x.xxx	x.xxx	x.xxx	x.xxx	x.xxx	x.xxx	x.xxx	x.xxx	x.xxx	x.xxx	x.xxx	x.xxx	x.xxx	x.xxx	x.xxx	x.xxx	x.xxx	x.xxx	x.xxx	x.xxx	x.xxx	x.xxx	x.xxx	x.xxx	x.xxx	x.xxx	x.xxx	x.xxx	x.xxx	x.xxx	x.xxx	x.xxx	x.xxx	x.xxx	x.xxx	x.xxx	x.xxx	x.xxx	x.xxx	x.xxx	x.xxx	x.xxx	x.xxx	x.xxx	x.xxx	x.xxx	x.xxx	x.xxx	x.xxx	x.xxx	x.xxx	x.xxx	x.xxx	x.xxx	x.xxx	x.xxx	x.xxx	x.xxx	x.xxx	x.xxx	x.xxx	x.xxx	x.xxx	x.xxx	x.xxx	x.xxx	x.xxx	x.xxx	x.xxx	x.xxx	x.xxx	x.xxx	x.xxx	x.xxx	x.xxx	x.xxx	x.xxx	x.xxx	x.xxx	x.xxx	x.xxx	x.xxx	x.xxx	x.xxx	x.xxx	x.xxx	x.xxx	x.xxx	x.xxx	x.xxx	x.xxx	x.xxx	x.xxx	x.xxx	x.xxx	x.xxx	x.xxx	x.xxx	x.xxx	x.xxx	x.xxx	x.xxx	x.xxx	x.xxx	x.xxx	x.xxx	x.xxx	x.xxx	x.xxx	x.xxx	x.xxx	x.xxx	x.xxx	x.xxx	x.xxx	x.xxx	x.xxx	x.xxx	x.xxx	x.xxx	x.xxx	x.xxx	x.xxx	x.xxx	x.xxx	x.xxx	x.xxx	x.xxx	x.xxx	x.xxx	x.xxx	x.xxx	x.xxx	x.xxx	x.xxx	x.xxx	x.xxx	x.xxx	x.xxx	x.xxx	x.xxx	x.xxx	x.xxx	0.000	0.203	0.841	0.558	0.948	0.352	0.802	0.994	0.956	0.854	0.133	0.809	0.075	0.966	0.400	0.323	0.986	0.173	0.838	0.878	0.995	0.853	0.765	0.707	0.997	0.605	0.249	0.696	0.965	0.869	0.861	0.888	0.999	0.153	0.823	0.909	0.866	0.556
175	x.xxx	x.xxx	x.xxx	x.xxx	x.xxx	x.xxx	x.xxx	x.xxx	x.xxx	x.xxx	x.xxx	x.xxx	x.xxx	x.xxx	x.xxx	x.xxx	x.xxx	x.xxx	x.xxx	x.xxx	x.xxx	x.xxx	x.xxx	x.xxx	x.xxx	x.xxx	x.xxx	x.xxx	x.xxx	x.xxx	x.xxx	x.xxx	x.xxx	x.xxx	x.xxx	x.xxx	x.xxx	x.xxx	x.xxx	x.xxx	x.xxx	x.xxx	x.xxx	x.xxx	x.xxx	x.xxx	x.xxx	x.xxx	x.xxx	x.xxx	x.xxx	x.xxx	x.xxx	x.xxx	x.xxx	x.xxx	x.xxx	x.xxx	x.xxx	x.xxx	x.xxx	x.xxx	x.xxx	x.xxx	x.xxx	x.xxx	x.xxx	x.xxx	x.xxx	x.xxx	x.xxx	x.xxx	x.xxx	x.xxx	x.xxx	x.xxx	x.xxx	x.xxx	x.xxx	x.xxx	x.xxx	x.xxx	x.xxx	x.xxx	x.xxx	x.xxx	x.xxx	x.xxx	x.xxx	x.xxx	x.xxx	x.xxx	x.xxx	x.xxx	x.xxx	x.xxx	x.xxx	x.xxx	x.xxx	x.xxx	x.xxx	x.xxx	x.xxx	x.xxx	x.xxx	x.xxx	x.xxx	x.xxx	x.xxx	x.xxx	x.xxx	x.xxx	x.xxx	x.xxx	x.xxx	x.xxx	x.xxx	x.xxx	x.xxx	x.xxx	x.xxx	x.xxx	x.xxx	x.xxx	x.xxx	x.xxx	x.xxx	x.xxx	x.xxx	x.xxx	x.xxx	x.xxx	x.xxx	x.xxx	x.xxx	x.xxx	x.xxx	x.xxx	x.xxx	x.xxx	x.xxx	x.xxx	x.xxx	x.xxx	x.xxx	x.xxx	x.xxx	x.xxx	x.xxx	x.xxx	x.xxx	x.xxx	x.xxx	x.xxx	x.xxx	x.xxx	x.xxx	x.xxx	x.xxx	x.xxx	x.xxx	x.xxx	x.xxx	x.xxx	x.xxx	x.xxx	x.xxx	x.xxx	x.xxx	x.xxx	x.xxx	x.xxx	x.xxx	x.xxx	x.xxx	0.000	0.973	0.592	0.885	0.284	0.896	0.987	0.902	0.882	0.106	0.821	0.141	0.968	0.380	0.137	0.988	0.183	0.802	0.975	0.952	0.982	0.860	0.701	0.995	0.504	0.254	0.745	0.987	0.917	0.966	0.986	0.996	0.211	0.842	0.923	0.983	0.458
176	x.xxx	x.xxx	x.xxx	x.xxx	x.xxx	x.xxx	x.xxx	x.xxx	x.xxx	x.xxx	x.xxx	x.xxx	x.xxx	x.xxx	x.xxx	x.xxx	x.xxx	x.xxx	x.xxx	x.xxx	x.xxx	x.xxx	x.xxx	x.xxx	x.xxx	x.xxx	x.xxx	x.xxx	x.xxx	x.xxx	x.xxx	x.xxx	x.xxx	x.xxx	x.xxx	x.xxx	x.xxx	x.xxx	x.xxx	x.xxx	x.xxx	x.xxx	x.xxx	x.xxx	x.xxx	x.xxx	x.xxx	x.xxx	x.xxx	x.xxx	x.xxx	x.xxx	x.xxx	x.xxx	x.xxx	x.xxx	x.xxx	x.xxx	x.xxx	x.xxx	x.xxx	x.xxx	x.xxx	x.xxx	x.xxx	x.xxx	x.xxx	x.xxx	x.xxx	x.xxx	x.xxx	x.xxx	x.xxx	x.xxx	x.xxx	x.xxx	x.xxx	x.xxx	x.xxx	x.xxx	x.xxx	x.xxx	x.xxx	x.xxx	x.xxx	x.xxx	x.xxx	x.xxx	x.xxx	x.xxx	x.xxx	x.xxx	x.xxx	x.xxx	x.xxx	x.xxx	x.xxx	x.xxx	x.xxx	x.xxx	x.xxx	x.xxx	x.xxx	x.xxx	x.xxx	x.xxx	x.xxx	x.xxx	x.xxx	x.xxx	x.xxx	x.xxx	x.xxx	x.xxx	x.xxx	x.xxx	x.xxx	x.xxx	x.xxx	x.xxx	x.xxx	x.xxx	x.xxx	x.xxx	x.xxx	x.xxx	x.xxx	x.xxx	x.xxx	x.xxx	x.xxx	x.xxx	x.xxx	x.xxx	x.xxx	x.xxx	x.xxx	x.xxx	x.xxx	x.xxx	x.xxx	x.xxx	x.xxx	x.xxx	x.xxx	x.xxx	x.xxx	x.xxx	x.xxx	x.xxx	x.xxx	x.xxx	x.xxx	x.xxx	x.xxx	x.xxx	x.xxx	x.xxx	x.xxx	x.xxx	x.xxx	x.xxx	x.xxx	x.xxx	x.xxx	x.xxx	x.xxx	x.xxx	x.xxx	x.xxx	x.xxx	x.xxx	x.xxx	x.xxx	x.xxx	x.xxx	0.000	0.426	0.929	0.833	0.376	0.945	0.933	0.430	0.962	0.514	0.851	0.971	0.717	0.964	0.990	0.890	0.891	0.441	0.956	0.179	0.297	0.517	0.992	0.911	0.813	0.987	0.908	0.555	0.371	0.429	0.997	0.976	0.899	0.880	0.289	0.950
177	x.xxx	x.xxx	x.xxx	x.xxx	x.xxx	x.xxx	x.xxx	x.xxx	x.xxx	x.xxx	x.xxx	x.xxx	x.xxx	x.xxx	x.xxx	x.xxx	x.xxx	x.xxx	x.xxx	x.xxx	x.xxx	x.xxx	x.xxx	x.xxx	x.xxx	x.xxx	x.xxx	x.xxx	x.xxx	x.xxx	x.xxx	x.xxx	x.xxx	x.xxx	x.xxx	x.xxx	x.xxx	x.xxx	x.xxx	x.xxx	x.xxx	x.xxx	x.xxx	x.xxx	x.xxx	x.xxx	x.xxx	x.xxx	x.xxx	x.xxx	x.xxx	x.xxx	x.xxx	x.xxx	x.xxx	x.xxx	x.xxx	x.xxx	x.xxx	x.xxx	x.xxx	x.xxx	x.xxx	x.xxx	x.xxx	x.xxx	x.xxx	x.xxx	x.xxx	x.xxx	x.xxx	x.xxx	x.xxx	x.xxx	x.xxx	x.xxx	x.xxx	x.xxx	x.xxx	x.xxx	x.xxx	x.xxx	x.xxx	x.xxx	x.xxx	x.xxx	x.xxx	x.xxx	x.xxx	x.xxx	x.xxx	x.xxx	x.xxx	x.xxx	x.xxx	x.xxx	x.xxx	x.xxx	x.xxx	x.xxx	x.xxx	x.xxx	x.xxx	x.xxx	x.xxx	x.xxx	x.xxx	x.xxx	x.xxx	x.xxx	x.xxx	x.xxx	x.xxx	x.xxx	x.xxx	x.xxx	x.xxx	x.xxx	x.xxx	x.xxx	x.xxx	x.xxx	x.xxx	x.xxx	x.xxx	x.xxx	x.xxx	x.xxx	x.xxx	x.xxx	x.xxx	x.xxx	x.xxx	x.xxx	x.xxx	x.xxx	x.xxx	x.xxx	x.xxx	x.xxx	x.xxx	x.xxx	x.xxx	x.xxx	x.xxx	x.xxx	x.xxx	x.xxx	x.xxx	x.xxx	x.xxx	x.xxx	x.xxx	x.xxx	x.xxx	x.xxx	x.xxx	x.xxx	x.xxx	x.xxx	x.xxx	x.xxx	x.xxx	x.xxx	x.xxx	x.xxx	x.xxx	x.xxx	x.xxx	x.xxx	x.xxx	x.xxx	x.xxx	x.xxx	x.xxx	x.xxx	x.xxx	0.000	0.884	0.415	0.464	0.973	0.900	0.572	0.632	0.539	0.539	0.972	0.373	0.565	0.990	0.597	0.726	0.624	0.958	0.501	0.409	0.273	0.993	0.519	0.451	0.901	0.930	0.642	0.581	0.602	0.997	0.680	0.869	0.856	0.514	0.642
178	x.xxx	x.xxx	x.xxx	x.xxx	x.xxx	x.xxx	x.xxx	x.xxx	x.xxx	x.xxx	x.xxx	x.xxx	x.xxx	x.xxx	x.xxx	x.xxx	x.xxx	x.xxx	x.xxx	x.xxx	x.xxx	x.xxx	x.xxx	x.xxx	x.xxx	x.xxx	x.xxx	x.xxx	x.xxx	x.xxx	x.xxx	x.xxx	x.xxx	x.xxx	x.xxx	x.xxx	x.xxx	x.xxx	x.xxx	x.xxx	x.xxx	x.xxx	x.xxx	x.xxx	x.xxx	x.xxx	x.xxx	x.xxx	x.xxx	x.xxx	x.xxx	x.xxx	x.xxx	x.xxx	x.xxx	x.xxx	x.xxx	x.xxx	x.xxx	x.xxx	x.xxx	x.xxx	x.xxx	x.xxx	x.xxx	x.xxx	x.xxx	x.xxx	x.xxx	x.xxx	x.xxx	x.xxx	x.xxx	x.xxx	x.xxx	x.xxx	x.xxx	x.xxx	x.xxx	x.xxx	x.xxx	x.xxx	x.xxx	x.xxx	x.xxx	x.xxx	x.xxx	x.xxx	x.xxx	x.xxx	x.xxx	x.xxx	x.xxx	x.xxx	x.xxx	x.xxx	x.xxx	x.xxx	x.xxx	x.xxx	x.xxx	x.xxx	x.xxx	x.xxx	x.xxx	x.xxx	x.xxx	x.xxx	x.xxx	x.xxx	x.xxx	x.xxx	x.xxx	x.xxx	x.xxx	x.xxx	x.xxx	x.xxx	x.xxx	x.xxx	x.xxx	x.xxx	x.xxx	x.xxx	x.xxx	x.xxx	x.xxx	x.xxx	x.xxx	x.xxx	x.xxx	x.xxx	x.xxx	x.xxx	x.xxx	x.xxx	x.xxx	x.xxx	x.xxx	x.xxx	x.xxx	x.xxx	x.xxx	x.xxx	x.xxx	x.xxx	x.xxx	x.xxx	x.xxx	x.xxx	x.xxx	x.xxx	x.xxx	x.xxx	x.xxx	x.xxx	x.xxx	x.xxx	x.xxx	x.xxx	x.xxx	x.xxx	x.xxx	x.xxx	x.xxx	x.xxx	x.xxx	x.xxx	x.xxx	x.xxx	x.xxx	x.xxx	x.xxx	x.xxx	x.xxx	x.xxx	x.xxx	x.xxx	0.000	0.903	0.899	0.911	0.146	0.796	0.933	0.938	0.939	0.808	0.880	0.777	0.968	0.721	0.793	0.930	0.872	0.940	0.912	0.911	0.994	0.386	0.932	0.832	0.942	0.954	0.946	0.939	0.984	0.934	0.969	0.890	0.959	0.367
179	x.xxx	x.xxx	x.xxx	x.xxx	x.xxx	x.xxx	x.xxx	x.xxx	x.xxx	x.xxx	x.xxx	x.xxx	x.xxx	x.xxx	x.xxx	x.xxx	x.xxx	x.xxx	x.xxx	x.xxx	x.xxx	x.xxx	x.xxx	x.xxx	x.xxx	x.xxx	x.xxx	x.xxx	x.xxx	x.xxx	x.xxx	x.xxx	x.xxx	x.xxx	x.xxx	x.xxx	x.xxx	x.xxx	x.xxx	x.xxx	x.xxx	x.xxx	x.xxx	x.xxx	x.xxx	x.xxx	x.xxx	x.xxx	x.xxx	x.xxx	x.xxx	x.xxx	x.xxx	x.xxx	x.xxx	x.xxx	x.xxx	x.xxx	x.xxx	x.xxx	x.xxx	x.xxx	x.xxx	x.xxx	x.xxx	x.xxx	x.xxx	x.xxx	x.xxx	x.xxx	x.xxx	x.xxx	x.xxx	x.xxx	x.xxx	x.xxx	x.xxx	x.xxx	x.xxx	x.xxx	x.xxx	x.xxx	x.xxx	x.xxx	x.xxx	x.xxx	x.xxx	x.xxx	x.xxx	x.xxx	x.xxx	x.xxx	x.xxx	x.xxx	x.xxx	x.xxx	x.xxx	x.xxx	x.xxx	x.xxx	x.xxx	x.xxx	x.xxx	x.xxx	x.xxx	x.xxx	x.xxx	x.xxx	x.xxx	x.xxx	x.xxx	x.xxx	x.xxx	x.xxx	x.xxx	x.xxx	x.xxx	x.xxx	x.xxx	x.xxx	x.xxx	x.xxx	x.xxx	x.xxx	x.xxx	x.xxx	x.xxx	x.xxx	x.xxx	x.xxx	x.xxx	x.xxx	x.xxx	x.xxx	x.xxx	x.xxx	x.xxx	x.xxx	x.xxx	x.xxx	x.xxx	x.xxx	x.xxx	x.xxx	x.xxx	x.xxx	x.xxx	x.xxx	x.xxx	x.xxx	x.xxx	x.xxx	x.xxx	x.xxx	x.xxx	x.xxx	x.xxx	x.xxx	x.xxx	x.xxx	x.xxx	x.xxx	x.xxx	x.xxx	x.xxx	x.xxx	x.xxx	x.xxx	x.xxx	x.xxx	x.xxx	x.xxx	x.xxx	x.xxx	x.xxx	x.xxx	x.xxx	x.xxx	x.xxx	0.000	0.775	0.969	0.919	0.808	0.324	0.717	0.286	0.983	0.140	0.237	0.994	0.402	0.698	0.877	0.977	0.855	0.732	0.523	0.995	0.435	0.129	0.833	0.977	0.824	0.859	0.883	0.998	0.415	0.872	0.906	0.874	0.409
180	x.xxx	x.xxx	x.xxx	x.xxx	x.xxx	x.xxx	x.xxx	x.xxx	x.xxx	x.xxx	x.xxx	x.xxx	x.xxx	x.xxx	x.xxx	x.xxx	x.xxx	x.xxx	x.xxx	x.xxx	x.xxx	x.xxx	x.xxx	x.xxx	x.xxx	x.xxx	x.xxx	x.xxx	x.xxx	x.xxx	x.xxx	x.xxx	x.xxx	x.xxx	x.xxx	x.xxx	x.xxx	x.xxx	x.xxx	x.xxx	x.xxx	x.xxx	x.xxx	x.xxx	x.xxx	x.xxx	x.xxx	x.xxx	x.xxx	x.xxx	x.xxx	x.xxx	x.xxx	x.xxx	x.xxx	x.xxx	x.xxx	x.xxx	x.xxx	x.xxx	x.xxx	x.xxx	x.xxx	x.xxx	x.xxx	x.xxx	x.xxx	x.xxx	x.xxx	x.xxx	x.xxx	x.xxx	x.xxx	x.xxx	x.xxx	x.xxx	x.xxx	x.xxx	x.xxx	x.xxx	x.xxx	x.xxx	x.xxx	x.xxx	x.xxx	x.xxx	x.xxx	x.xxx	x.xxx	x.xxx	x.xxx	x.xxx	x.xxx	x.xxx	x.xxx	x.xxx	x.xxx	x.xxx	x.xxx	x.xxx	x.xxx	x.xxx	x.xxx	x.xxx	x.xxx	x.xxx	x.xxx	x.xxx	x.xxx	x.xxx	x.xxx	x.xxx	x.xxx	x.xxx	x.xxx	x.xxx	x.xxx	x.xxx	x.xxx	x.xxx	x.xxx	x.xxx	x.xxx	x.xxx	x.xxx	x.xxx	x.xxx	x.xxx	x.xxx	x.xxx	x.xxx	x.xxx	x.xxx	x.xxx	x.xxx	x.xxx	x.xxx	x.xxx	x.xxx	x.xxx	x.xxx	x.xxx	x.xxx	x.xxx	x.xxx	x.xxx	x.xxx	x.xxx	x.xxx	x.xxx	x.xxx	x.xxx	x.xxx	x.xxx	x.xxx	x.xxx	x.xxx	x.xxx	x.xxx	x.xxx	x.xxx	x.xxx	x.xxx	x.xxx	x.xxx	x.xxx	x.xxx	x.xxx	x.xxx	x.xxx	x.xxx	x.xxx	x.xxx	x.xxx	x.xxx	x.xxx	x.xxx	x.xxx	x.xxx	x.xxx	0.000	0.812	0.897	0.282	0.886	0.317	0.804	0.906	0.656	0.886	0.959	0.843	0.764	0.226	0.939	0.227	0.120	0.573	0.996	0.846	0.774	0.931	0.833	0.368	0.226	0.336	0.986	0.901	0.814	0.763	0.222	0.851
181	x.xxx	x.xxx	x.xxx	x.xxx	x.xxx	x.xxx	x.xxx	x.xxx	x.xxx	x.xxx	x.xxx	x.xxx	x.xxx	x.xxx	x.xxx	x.xxx	x.xxx	x.xxx	x.xxx	x.xxx	x.xxx	x.xxx	x.xxx	x.xxx	x.xxx	x.xxx	x.xxx	x.xxx	x.xxx	x.xxx	x.xxx	x.xxx	x.xxx	x.xxx	x.xxx	x.xxx	x.xxx	x.xxx	x.xxx	x.xxx	x.xxx	x.xxx	x.xxx	x.xxx	x.xxx	x.xxx	x.xxx	x.xxx	x.xxx	x.xxx	x.xxx	x.xxx	x.xxx	x.xxx	x.xxx	x.xxx	x.xxx	x.xxx	x.xxx	x.xxx	x.xxx	x.xxx	x.xxx	x.xxx	x.xxx	x.xxx	x.xxx	x.xxx	x.xxx	x.xxx	x.xxx	x.xxx	x.xxx	x.xxx	x.xxx	x.xxx	x.xxx	x.xxx	x.xxx	x.xxx	x.xxx	x.xxx	x.xxx	x.xxx	x.xxx	x.xxx	x.xxx	x.xxx	x.xxx	x.xxx	x.xxx	x.xxx	x.xxx	x.xxx	x.xxx	x.xxx	x.xxx	x.xxx	x.xxx	x.xxx	x.xxx	x.xxx	x.xxx	x.xxx	x.xxx	x.xxx	x.xxx	x.xxx	x.xxx	x.xxx	x.xxx	x.xxx	x.xxx	x.xxx	x.xxx	x.xxx	x.xxx	x.xxx	x.xxx	x.xxx	x.xxx	x.xxx	x.xxx	x.xxx	x.xxx	x.xxx	x.xxx	x.xxx	x.xxx	x.xxx	x.xxx	x.xxx	x.xxx	x.xxx	x.xxx	x.xxx	x.xxx	x.xxx	x.xxx	x.xxx	x.xxx	x.xxx	x.xxx	x.xxx	x.xxx	x.xxx	x.xxx	x.xxx	x.xxx	x.xxx	x.xxx	x.xxx	x.xxx	x.xxx	x.xxx	x.xxx	x.xxx	x.xxx	x.xxx	x.xxx	x.xxx	x.xxx	x.xxx	x.xxx	x.xxx	x.xxx	x.xxx	x.xxx	x.xxx	x.xxx	x.xxx	x.xxx	x.xxx	x.xxx	x.xxx	x.xxx	x.xxx	x.xxx	x.xxx	x.xxx	x.xxx	0.000	0.893	0.974	0.984	0.989	0.989	0.664	0.882	0.977	0.893	0.978	0.728	0.761	0.824	0.947	0.964	0.981	0.992	0.959	0.991	0.901	0.939	1.000	0.978	0.477	0.955	0.978	0.904	0.909	0.971	0.907
182	x.xxx	x.xxx	x.xxx	x.xxx	x.xxx	x.xxx	x.xxx	x.xxx	x.xxx	x.xxx	x.xxx	x.xxx	x.xxx	x.xxx	x.xxx	x.xxx	x.xxx	x.xxx	x.xxx	x.xxx	x.xxx	x.xxx	x.xxx	x.xxx	x.xxx	x.xxx	x.xxx	x.xxx	x.xxx	x.xxx	x.xxx	x.xxx	x.xxx	x.xxx	x.xxx	x.xxx	x.xxx	x.xxx	x.xxx	x.xxx	x.xxx	x.xxx	x.xxx	x.xxx	x.xxx	x.xxx	x.xxx	x.xxx	x.xxx	x.xxx	x.xxx	x.xxx	x.xxx	x.xxx	x.xxx	x.xxx	x.xxx	x.xxx	x.xxx	x.xxx	x.xxx	x.xxx	x.xxx	x.xxx	x.xxx	x.xxx	x.xxx	x.xxx	x.xxx	x.xxx	x.xxx	x.xxx	x.xxx	x.xxx	x.xxx	x.xxx	x.xxx	x.xxx	x.xxx	x.xxx	x.xxx	x.xxx	x.xxx	x.xxx	x.xxx	x.xxx	x.xxx	x.xxx	x.xxx	x.xxx	x.xxx	x.xxx	x.xxx	x.xxx	x.xxx	x.xxx	x.xxx	x.xxx	x.xxx	x.xxx	x.xxx	x.xxx	x.xxx	x.xxx	x.xxx	x.xxx	x.xxx	x.xxx	x.xxx	x.xxx	x.xxx	x.xxx	x.xxx	x.xxx	x.xxx	x.xxx	x.xxx	x.xxx	x.xxx	x.xxx	x.xxx	x.xxx	x.xxx	x.xxx	x.xxx	x.xxx	x.xxx	x.xxx	x.xxx	x.xxx	x.xxx	x.xxx	x.xxx	x.xxx	x.xxx	x.xxx	x.xxx	x.xxx	x.xxx	x.xxx	x.xxx	x.xxx	x.xxx	x.xxx	x.xxx	x.xxx	x.xxx	x.xxx	x.xxx	x.xxx	x.xxx	x.xxx	x.xxx	x.xxx	x.xxx	x.xxx	x.xxx	x.xxx	x.xxx	x.xxx	x.xxx	x.xxx	x.xxx	x.xxx	x.xxx	x.xxx	x.xxx	x.xxx	x.xxx	x.xxx	x.xxx	x.xxx	x.xxx	x.xxx	x.xxx	x.xxx	x.xxx	x.xxx	x.xxx	x.xxx	x.xxx	x.xxx	0.000	0.816	0.943	0.948	0.949	0.801	0.881	0.803	0.960	0.742	0.803	0.915	0.860	0.939	0.925	0.929	0.995	0.447	0.943	0.825	0.936	0.962	0.947	0.923	0.983	0.944	0.967	0.888	0.960	0.318
183	x.xxx	x.xxx	x.xxx	x.xxx	x.xxx	x.xxx	x.xxx	x.xxx	x.xxx	x.xxx	x.xxx	x.xxx	x.xxx	x.xxx	x.xxx	x.xxx	x.xxx	x.xxx	x.xxx	x.xxx	x.xxx	x.xxx	x.xxx	x.xxx	x.xxx	x.xxx	x.xxx	x.xxx	x.xxx	x.xxx	x.xxx	x.xxx	x.xxx	x.xxx	x.xxx	x.xxx	x.xxx	x.xxx	x.xxx	x.xxx	x.xxx	x.xxx	x.xxx	x.xxx	x.xxx	x.xxx	x.xxx	x.xxx	x.xxx	x.xxx	x.xxx	x.xxx	x.xxx	x.xxx	x.xxx	x.xxx	x.xxx	x.xxx	x.xxx	x.xxx	x.xxx	x.xxx	x.xxx	x.xxx	x.xxx	x.xxx	x.xxx	x.xxx	x.xxx	x.xxx	x.xxx	x.xxx	x.xxx	x.xxx	x.xxx	x.xxx	x.xxx	x.xxx	x.xxx	x.xxx	x.xxx	x.xxx	x.xxx	x.xxx	x.xxx	x.xxx	x.xxx	x.xxx	x.xxx	x.xxx	x.xxx	x.xxx	x.xxx	x.xxx	x.xxx	x.xxx	x.xxx	x.xxx	x.xxx	x.xxx	x.xxx	x.xxx	x.xxx	x.xxx	x.xxx	x.xxx	x.xxx	x.xxx	x.xxx	x.xxx	x.xxx	x.xxx	x.xxx	x.xxx	x.xxx	x.xxx	x.xxx	x.xxx	x.xxx	x.xxx	x.xxx	x.xxx	x.xxx	x.xxx	x.xxx	x.xxx	x.xxx	x.xxx	x.xxx	x.xxx	x.xxx	x.xxx	x.xxx	x.xxx	x.xxx	x.xxx	x.xxx	x.xxx	x.xxx	x.xxx	x.xxx	x.xxx	x.xxx	x.xxx	x.xxx	x.xxx	x.xxx	x.xxx	x.xxx	x.xxx	x.xxx	x.xxx	x.xxx	x.xxx	x.xxx	x.xxx	x.xxx	x.xxx	x.xxx	x.xxx	x.xxx	x.xxx	x.xxx	x.xxx	x.xxx	x.xxx	x.xxx	x.xxx	x.xxx	x.xxx	x.xxx	x.xxx	x.xxx	x.xxx	x.xxx	x.xxx	x.xxx	x.xxx	x.xxx	x.xxx	x.xxx	x.xxx	x.xxx	0.000	0.909	0.193	0.838	0.914	0.740	0.800	0.975	0.794	0.846	0.274	0.927	0.312	0.272	0.590	0.996	0.763	0.797	0.945	0.835	0.257	0.186	0.504	0.989	0.927	0.820	0.741	0.334	0.819
184	x.xxx	x.xxx	x.xxx	x.xxx	x.xxx	x.xxx	x.xxx	x.xxx	x.xxx	x.xxx	x.xxx	x.xxx	x.xxx	x.xxx	x.xxx	x.xxx	x.xxx	x.xxx	x.xxx	x.xxx	x.xxx	x.xxx	x.xxx	x.xxx	x.xxx	x.xxx	x.xxx	x.xxx	x.xxx	x.xxx	x.xxx	x.xxx	x.xxx	x.xxx	x.xxx	x.xxx	x.xxx	x.xxx	x.xxx	x.xxx	x.xxx	x.xxx	x.xxx	x.xxx	x.xxx	x.xxx	x.xxx	x.xxx	x.xxx	x.xxx	x.xxx	x.xxx	x.xxx	x.xxx	x.xxx	x.xxx	x.xxx	x.xxx	x.xxx	x.xxx	x.xxx	x.xxx	x.xxx	x.xxx	x.xxx	x.xxx	x.xxx	x.xxx	x.xxx	x.xxx	x.xxx	x.xxx	x.xxx	x.xxx	x.xxx	x.xxx	x.xxx	x.xxx	x.xxx	x.xxx	x.xxx	x.xxx	x.xxx	x.xxx	x.xxx	x.xxx	x.xxx	x.xxx	x.xxx	x.xxx	x.xxx	x.xxx	x.xxx	x.xxx	x.xxx	x.xxx	x.xxx	x.xxx	x.xxx	x.xxx	x.xxx	x.xxx	x.xxx	x.xxx	x.xxx	x.xxx	x.xxx	x.xxx	x.xxx	x.xxx	x.xxx	x.xxx	x.xxx	x.xxx	x.xxx	x.xxx	x.xxx	x.xxx	x.xxx	x.xxx	x.xxx	x.xxx	x.xxx	x.xxx	x.xxx	x.xxx	x.xxx	x.xxx	x.xxx	x.xxx	x.xxx	x.xxx	x.xxx	x.xxx	x.xxx	x.xxx	x.xxx	x.xxx	x.xxx	x.xxx	x.xxx	x.xxx	x.xxx	x.xxx	x.xxx	x.xxx	x.xxx	x.xxx	x.xxx	x.xxx	x.xxx	x.xxx	x.xxx	x.xxx	x.xxx	x.xxx	x.xxx	x.xxx	x.xxx	x.xxx	x.xxx	x.xxx	x.xxx	x.xxx	x.xxx	x.xxx	x.xxx	x.xxx	x.xxx	x.xxx	x.xxx	x.xxx	x.xxx	x.xxx	x.xxx	x.xxx	x.xxx	x.xxx	x.xxx	x.xxx	x.xxx	x.xxx	x.xxx	x.xxx	0.000	0.826	0.104	0.984	0.407	0.233	0.994	0.175	0.799	0.963	0.988	0.963	0.851	0.717	0.997	0.566	0.287	0.723	0.990	0.914	0.953	0.972	0.999	0.150	0.847	0.927	0.966	0.510
185	x.xxx	x.xxx	x.xxx	x.xxx	x.xxx	x.xxx	x.xxx	x.xxx	x.xxx	x.xxx	x.xxx	x.xxx	x.xxx	x.xxx	x.xxx	x.xxx	x.xxx	x.xxx	x.xxx	x.xxx	x.xxx	x.xxx	x.xxx	x.xxx	x.xxx	x.xxx	x.xxx	x.xxx	x.xxx	x.xxx	x.xxx	x.xxx	x.xxx	x.xxx	x.xxx	x.xxx	x.xxx	x.xxx	x.xxx	x.xxx	x.xxx	x.xxx	x.xxx	x.xxx	x.xxx	x.xxx	x.xxx	x.xxx	x.xxx	x.xxx	x.xxx	x.xxx	x.xxx	x.xxx	x.xxx	x.xxx	x.xxx	x.xxx	x.xxx	x.xxx	x.xxx	x.xxx	x.xxx	x.xxx	x.xxx	x.xxx	x.xxx	x.xxx	x.xxx	x.xxx	x.xxx	x.xxx	x.xxx	x.xxx	x.xxx	x.xxx	x.xxx	x.xxx	x.xxx	x.xxx	x.xxx	x.xxx	x.xxx	x.xxx	x.xxx	x.xxx	x.xxx	x.xxx	x.xxx	x.xxx	x.xxx	x.xxx	x.xxx	x.xxx	x.xxx	x.xxx	x.xxx	x.xxx	x.xxx	x.xxx	x.xxx	x.xxx	x.xxx	x.xxx	x.xxx	x.xxx	x.xxx	x.xxx	x.xxx	x.xxx	x.xxx	x.xxx	x.xxx	x.xxx	x.xxx	x.xxx	x.xxx	x.xxx	x.xxx	x.xxx	x.xxx	x.xxx	x.xxx	x.xxx	x.xxx	x.xxx	x.xxx	x.xxx	x.xxx	x.xxx	x.xxx	x.xxx	x.xxx	x.xxx	x.xxx	x.xxx	x.xxx	x.xxx	x.xxx	x.xxx	x.xxx	x.xxx	x.xxx	x.xxx	x.xxx	x.xxx	x.xxx	x.xxx	x.xxx	x.xxx	x.xxx	x.xxx	x.xxx	x.xxx	x.xxx	x.xxx	x.xxx	x.xxx	x.xxx	x.xxx	x.xxx	x.xxx	x.xxx	x.xxx	x.xxx	x.xxx	x.xxx	x.xxx	x.xxx	x.xxx	x.xxx	x.xxx	x.xxx	x.xxx	x.xxx	x.xxx	x.xxx	x.xxx	x.xxx	x.xxx	x.xxx	x.xxx	x.xxx	x.xxx	x.xxx	0.000	0.793	0.990	0.690	0.808	0.997	0.843	0.814	0.231	0.992	0.394	0.286	0.482	0.997	0.804	0.742	0.950	0.843	0.184	0.221	0.567	0.999	0.847	0.802	0.721	0.406	0.840
186	x.xxx	x.xxx	x.xxx	x.xxx	x.xxx	x.xxx	x.xxx	x.xxx	x.xxx	x.xxx	x.xxx	x.xxx	x.xxx	x.xxx	x.xxx	x.xxx	x.xxx	x.xxx	x.xxx	x.xxx	x.xxx	x.xxx	x.xxx	x.xxx	x.xxx	x.xxx	x.xxx	x.xxx	x.xxx	x.xxx	x.xxx	x.xxx	x.xxx	x.xxx	x.xxx	x.xxx	x.xxx	x.xxx	x.xxx	x.xxx	x.xxx	x.xxx	x.xxx	x.xxx	x.xxx	x.xxx	x.xxx	x.xxx	x.xxx	x.xxx	x.xxx	x.xxx	x.xxx	x.xxx	x.xxx	x.xxx	x.xxx	x.xxx	x.xxx	x.xxx	x.xxx	x.xxx	x.xxx	x.xxx	x.xxx	x.xxx	x.xxx	x.xxx	x.xxx	x.xxx	x.xxx	x.xxx	x.xxx	x.xxx	x.xxx	x.xxx	x.xxx	x.xxx	x.xxx	x.xxx	x.xxx	x.xxx	x.xxx	x.xxx	x.xxx	x.xxx	x.xxx	x.xxx	x.xxx	x.xxx	x.xxx	x.xxx	x.xxx	x.xxx	x.xxx	x.xxx	x.xxx	x.xxx	x.xxx	x.xxx	x.xxx	x.xxx	x.xxx	x.xxx	x.xxx	x.xxx	x.xxx	x.xxx	x.xxx	x.xxx	x.xxx	x.xxx	x.xxx	x.xxx	x.xxx	x.xxx	x.xxx	x.xxx	x.xxx	x.xxx	x.xxx	x.xxx	x.xxx	x.xxx	x.xxx	x.xxx	x.xxx	x.xxx	x.xxx	x.xxx	x.xxx	x.xxx	x.xxx	x.xxx	x.xxx	x.xxx	x.xxx	x.xxx	x.xxx	x.xxx	x.xxx	x.xxx	x.xxx	x.xxx	x.xxx	x.xxx	x.xxx	x.xxx	x.xxx	x.xxx	x.xxx	x.xxx	x.xxx	x.xxx	x.xxx	x.xxx	x.xxx	x.xxx	x.xxx	x.xxx	x.xxx	x.xxx	x.xxx	x.xxx	x.xxx	x.xxx	x.xxx	x.xxx	x.xxx	x.xxx	x.xxx	x.xxx	x.xxx	x.xxx	x.xxx	x.xxx	x.xxx	x.xxx	x.xxx	x.xxx	x.xxx	x.xxx	x.xxx	x.xxx	x.xxx	x.xxx	0.000	0.962	0.342	0.268	0.984	0.125	0.814	0.884	0.991	0.863	0.767	0.675	0.998	0.570	0.183	0.726	0.967	0.858	0.867	0.889	0.999	0.209	0.823	0.905	0.876	0.522
187	x.xxx	x.xxx	x.xxx	x.xxx	x.xxx	x.xxx	x.xxx	x.xxx	x.xxx	x.xxx	x.xxx	x.xxx	x.xxx	x.xxx	x.xxx	x.xxx	x.xxx	x.xxx	x.xxx	x.xxx	x.xxx	x.xxx	x.xxx	x.xxx	x.xxx	x.xxx	x.xxx	x.xxx	x.xxx	x.xxx	x.xxx	x.xxx	x.xxx	x.xxx	x.xxx	x.xxx	x.xxx	x.xxx	x.xxx	x.xxx	x.xxx	x.xxx	x.xxx	x.xxx	x.xxx	x.xxx	x.xxx	x.xxx	x.xxx	x.xxx	x.xxx	x.xxx	x.xxx	x.xxx	x.xxx	x.xxx	x.xxx	x.xxx	x.xxx	x.xxx	x.xxx	x.xxx	x.xxx	x.xxx	x.xxx	x.xxx	x.xxx	x.xxx	x.xxx	x.xxx	x.xxx	x.xxx	x.xxx	x.xxx	x.xxx	x.xxx	x.xxx	x.xxx	x.xxx	x.xxx	x.xxx	x.xxx	x.xxx	x.xxx	x.xxx	x.xxx	x.xxx	x.xxx	x.xxx	x.xxx	x.xxx	x.xxx	x.xxx	x.xxx	x.xxx	x.xxx	x.xxx	x.xxx	x.xxx	x.xxx	x.xxx	x.xxx	x.xxx	x.xxx	x.xxx	x.xxx	x.xxx	x.xxx	x.xxx	x.xxx	x.xxx	x.xxx	x.xxx	x.xxx	x.xxx	x.xxx	x.xxx	x.xxx	x.xxx	x.xxx	x.xxx	x.xxx	x.xxx	x.xxx	x.xxx	x.xxx	x.xxx	x.xxx	x.xxx	x.xxx	x.xxx	x.xxx	x.xxx	x.xxx	x.xxx	x.xxx	x.xxx	x.xxx	x.xxx	x.xxx	x.xxx	x.xxx	x.xxx	x.xxx	x.xxx	x.xxx	x.xxx	x.xxx	x.xxx	x.xxx	x.xxx	x.xxx	x.xxx	x.xxx	x.xxx	x.xxx	x.xxx	x.xxx	x.xxx	x.xxx	x.xxx	x.xxx	x.xxx	x.xxx	x.xxx	x.xxx	x.xxx	x.xxx	x.xxx	x.xxx	x.xxx	x.xxx	x.xxx	x.xxx	x.xxx	x.xxx	x.xxx	x.xxx	x.xxx	x.xxx	x.xxx	x.xxx	x.xxx	x.xxx	x.xxx	x.xxx	x.xxx	0.000	0.923	0.921	0.833	0.832	0.914	0.875	0.890	0.964	0.978	0.990	0.998	0.835	0.955	0.766	0.779	0.995	0.983	0.731	0.942	0.985	0.884	0.671	0.941	0.815
188	x.xxx	x.xxx	x.xxx	x.xxx	x.xxx	x.xxx	x.xxx	x.xxx	x.xxx	x.xxx	x.xxx	x.xxx	x.xxx	x.xxx	x.xxx	x.xxx	x.xxx	x.xxx	x.xxx	x.xxx	x.xxx	x.xxx	x.xxx	x.xxx	x.xxx	x.xxx	x.xxx	x.xxx	x.xxx	x.xxx	x.xxx	x.xxx	x.xxx	x.xxx	x.xxx	x.xxx	x.xxx	x.xxx	x.xxx	x.xxx	x.xxx	x.xxx	x.xxx	x.xxx	x.xxx	x.xxx	x.xxx	x.xxx	x.xxx	x.xxx	x.xxx	x.xxx	x.xxx	x.xxx	x.xxx	x.xxx	x.xxx	x.xxx	x.xxx	x.xxx	x.xxx	x.xxx	x.xxx	x.xxx	x.xxx	x.xxx	x.xxx	x.xxx	x.xxx	x.xxx	x.xxx	x.xxx	x.xxx	x.xxx	x.xxx	x.xxx	x.xxx	x.xxx	x.xxx	x.xxx	x.xxx	x.xxx	x.xxx	x.xxx	x.xxx	x.xxx	x.xxx	x.xxx	x.xxx	x.xxx	x.xxx	x.xxx	x.xxx	x.xxx	x.xxx	x.xxx	x.xxx	x.xxx	x.xxx	x.xxx	x.xxx	x.xxx	x.xxx	x.xxx	x.xxx	x.xxx	x.xxx	x.xxx	x.xxx	x.xxx	x.xxx	x.xxx	x.xxx	x.xxx	x.xxx	x.xxx	x.xxx	x.xxx	x.xxx	x.xxx	x.xxx	x.xxx	x.xxx	x.xxx	x.xxx	x.xxx	x.xxx	x.xxx	x.xxx	x.xxx	x.xxx	x.xxx	x.xxx	x.xxx	x.xxx	x.xxx	x.xxx	x.xxx	x.xxx	x.xxx	x.xxx	x.xxx	x.xxx	x.xxx	x.xxx	x.xxx	x.xxx	x.xxx	x.xxx	x.xxx	x.xxx	x.xxx	x.xxx	x.xxx	x.xxx	x.xxx	x.xxx	x.xxx	x.xxx	x.xxx	x.xxx	x.xxx	x.xxx	x.xxx	x.xxx	x.xxx	x.xxx	x.xxx	x.xxx	x.xxx	x.xxx	x.xxx	x.xxx	x.xxx	x.xxx	x.xxx	x.xxx	x.xxx	x.xxx	x.xxx	x.xxx	x.xxx	x.xxx	x.xxx	x.xxx	x.xxx	x.xxx	x.xxx	0.000	0.339	0.978	0.441	0.680	0.761	0.933	0.730	0.650	0.505	0.995	0.461	0.207	0.829	0.949	0.782	0.787	0.734	0.993	0.483	0.852	0.871	0.742	0.407
189	x.xxx	x.xxx	x.xxx	x.xxx	x.xxx	x.xxx	x.xxx	x.xxx	x.xxx	x.xxx	x.xxx	x.xxx	x.xxx	x.xxx	x.xxx	x.xxx	x.xxx	x.xxx	x.xxx	x.xxx	x.xxx	x.xxx	x.xxx	x.xxx	x.xxx	x.xxx	x.xxx	x.xxx	x.xxx	x.xxx	x.xxx	x.xxx	x.xxx	x.xxx	x.xxx	x.xxx	x.xxx	x.xxx	x.xxx	x.xxx	x.xxx	x.xxx	x.xxx	x.xxx	x.xxx	x.xxx	x.xxx	x.xxx	x.xxx	x.xxx	x.xxx	x.xxx	x.xxx	x.xxx	x.xxx	x.xxx	x.xxx	x.xxx	x.xxx	x.xxx	x.xxx	x.xxx	x.xxx	x.xxx	x.xxx	x.xxx	x.xxx	x.xxx	x.xxx	x.xxx	x.xxx	x.xxx	x.xxx	x.xxx	x.xxx	x.xxx	x.xxx	x.xxx	x.xxx	x.xxx	x.xxx	x.xxx	x.xxx	x.xxx	x.xxx	x.xxx	x.xxx	x.xxx	x.xxx	x.xxx	x.xxx	x.xxx	x.xxx	x.xxx	x.xxx	x.xxx	x.xxx	x.xxx	x.xxx	x.xxx	x.xxx	x.xxx	x.xxx	x.xxx	x.xxx	x.xxx	x.xxx	x.xxx	x.xxx	x.xxx	x.xxx	x.xxx	x.xxx	x.xxx	x.xxx	x.xxx	x.xxx	x.xxx	x.xxx	x.xxx	x.xxx	x.xxx	x.xxx	x.xxx	x.xxx	x.xxx	x.xxx	x.xxx	x.xxx	x.xxx	x.xxx	x.xxx	x.xxx	x.xxx	x.xxx	x.xxx	x.xxx	x.xxx	x.xxx	x.xxx	x.xxx	x.xxx	x.xxx	x.xxx	x.xxx	x.xxx	x.xxx	x.xxx	x.xxx	x.xxx	x.xxx	x.xxx	x.xxx	x.xxx	x.xxx	x.xxx	x.xxx	x.xxx	x.xxx	x.xxx	x.xxx	x.xxx	x.xxx	x.xxx	x.xxx	x.xxx	x.xxx	x.xxx	x.xxx	x.xxx	x.xxx	x.xxx	x.xxx	x.xxx	x.xxx	x.xxx	x.xxx	x.xxx	x.xxx	x.xxx	x.xxx	x.xxx	x.xxx	x.xxx	x.xxx	x.xxx	x.xxx	x.xxx	x.xxx	0.000	0.979	0.234	0.777	0.970	0.928	0.976	0.849	0.679	0.995	0.387	0.210	0.767	0.974	0.913	0.960	0.981	0.989	0.327	0.848	0.903	0.978	0.362
190	x.xxx	x.xxx	x.xxx	x.xxx	x.xxx	x.xxx	x.xxx	x.xxx	x.xxx	x.xxx	x.xxx	x.xxx	x.xxx	x.xxx	x.xxx	x.xxx	x.xxx	x.xxx	x.xxx	x.xxx	x.xxx	x.xxx	x.xxx	x.xxx	x.xxx	x.xxx	x.xxx	x.xxx	x.xxx	x.xxx	x.xxx	x.xxx	x.xxx	x.xxx	x.xxx	x.xxx	x.xxx	x.xxx	x.xxx	x.xxx	x.xxx	x.xxx	x.xxx	x.xxx	x.xxx	x.xxx	x.xxx	x.xxx	x.xxx	x.xxx	x.xxx	x.xxx	x.xxx	x.xxx	x.xxx	x.xxx	x.xxx	x.xxx	x.xxx	x.xxx	x.xxx	x.xxx	x.xxx	x.xxx	x.xxx	x.xxx	x.xxx	x.xxx	x.xxx	x.xxx	x.xxx	x.xxx	x.xxx	x.xxx	x.xxx	x.xxx	x.xxx	x.xxx	x.xxx	x.xxx	x.xxx	x.xxx	x.xxx	x.xxx	x.xxx	x.xxx	x.xxx	x.xxx	x.xxx	x.xxx	x.xxx	x.xxx	x.xxx	x.xxx	x.xxx	x.xxx	x.xxx	x.xxx	x.xxx	x.xxx	x.xxx	x.xxx	x.xxx	x.xxx	x.xxx	x.xxx	x.xxx	x.xxx	x.xxx	x.xxx	x.xxx	x.xxx	x.xxx	x.xxx	x.xxx	x.xxx	x.xxx	x.xxx	x.xxx	x.xxx	x.xxx	x.xxx	x.xxx	x.xxx	x.xxx	x.xxx	x.xxx	x.xxx	x.xxx	x.xxx	x.xxx	x.xxx	x.xxx	x.xxx	x.xxx	x.xxx	x.xxx	x.xxx	x.xxx	x.xxx	x.xxx	x.xxx	x.xxx	x.xxx	x.xxx	x.xxx	x.xxx	x.xxx	x.xxx	x.xxx	x.xxx	x.xxx	x.xxx	x.xxx	x.xxx	x.xxx	x.xxx	x.xxx	x.xxx	x.xxx	x.xxx	x.xxx	x.xxx	x.xxx	x.xxx	x.xxx	x.xxx	x.xxx	x.xxx	x.xxx	x.xxx	x.xxx	x.xxx	x.xxx	x.xxx	x.xxx	x.xxx	x.xxx	x.xxx	x.xxx	x.xxx	x.xxx	x.xxx	x.xxx	x.xxx	x.xxx	x.xxx	x.xxx	x.xxx	x.xxx	0.000	0.960	0.969	0.943	0.934	0.989	0.992	0.997	0.999	0.975	0.982	0.861	0.908	0.999	0.995	0.914	0.870	0.995	0.930	0.900	0.992	0.956
191	x.xxx	x.xxx	x.xxx	x.xxx	x.xxx	x.xxx	x.xxx	x.xxx	x.xxx	x.xxx	x.xxx	x.xxx	x.xxx	x.xxx	x.xxx	x.xxx	x.xxx	x.xxx	x.xxx	x.xxx	x.xxx	x.xxx	x.xxx	x.xxx	x.xxx	x.xxx	x.xxx	x.xxx	x.xxx	x.xxx	x.xxx	x.xxx	x.xxx	x.xxx	x.xxx	x.xxx	x.xxx	x.xxx	x.xxx	x.xxx	x.xxx	x.xxx	x.xxx	x.xxx	x.xxx	x.xxx	x.xxx	x.xxx	x.xxx	x.xxx	x.xxx	x.xxx	x.xxx	x.xxx	x.xxx	x.xxx	x.xxx	x.xxx	x.xxx	x.xxx	x.xxx	x.xxx	x.xxx	x.xxx	x.xxx	x.xxx	x.xxx	x.xxx	x.xxx	x.xxx	x.xxx	x.xxx	x.xxx	x.xxx	x.xxx	x.xxx	x.xxx	x.xxx	x.xxx	x.xxx	x.xxx	x.xxx	x.xxx	x.xxx	x.xxx	x.xxx	x.xxx	x.xxx	x.xxx	x.xxx	x.xxx	x.xxx	x.xxx	x.xxx	x.xxx	x.xxx	x.xxx	x.xxx	x.xxx	x.xxx	x.xxx	x.xxx	x.xxx	x.xxx	x.xxx	x.xxx	x.xxx	x.xxx	x.xxx	x.xxx	x.xxx	x.xxx	x.xxx	x.xxx	x.xxx	x.xxx	x.xxx	x.xxx	x.xxx	x.xxx	x.xxx	x.xxx	x.xxx	x.xxx	x.xxx	x.xxx	x.xxx	x.xxx	x.xxx	x.xxx	x.xxx	x.xxx	x.xxx	x.xxx	x.xxx	x.xxx	x.xxx	x.xxx	x.xxx	x.xxx	x.xxx	x.xxx	x.xxx	x.xxx	x.xxx	x.xxx	x.xxx	x.xxx	x.xxx	x.xxx	x.xxx	x.xxx	x.xxx	x.xxx	x.xxx	x.xxx	x.xxx	x.xxx	x.xxx	x.xxx	x.xxx	x.xxx	x.xxx	x.xxx	x.xxx	x.xxx	x.xxx	x.xxx	x.xxx	x.xxx	x.xxx	x.xxx	x.xxx	x.xxx	x.xxx	x.xxx	x.xxx	x.xxx	x.xxx	x.xxx	x.xxx	x.xxx	x.xxx	x.xxx	x.xxx	x.xxx	x.xxx	x.xxx	x.xxx	x.xxx	x.xxx	0.000	0.831	0.915	0.939	0.903	0.812	0.756	0.997	0.406	0.294	0.670	0.933	0.902	0.901	0.919	0.988	0.266	0.815	0.857	0.912	0.389
192	x.xxx	x.xxx	x.xxx	x.xxx	x.xxx	x.xxx	x.xxx	x.xxx	x.xxx	x.xxx	x.xxx	x.xxx	x.xxx	x.xxx	x.xxx	x.xxx	x.xxx	x.xxx	x.xxx	x.xxx	x.xxx	x.xxx	x.xxx	x.xxx	x.xxx	x.xxx	x.xxx	x.xxx	x.xxx	x.xxx	x.xxx	x.xxx	x.xxx	x.xxx	x.xxx	x.xxx	x.xxx	x.xxx	x.xxx	x.xxx	x.xxx	x.xxx	x.xxx	x.xxx	x.xxx	x.xxx	x.xxx	x.xxx	x.xxx	x.xxx	x.xxx	x.xxx	x.xxx	x.xxx	x.xxx	x.xxx	x.xxx	x.xxx	x.xxx	x.xxx	x.xxx	x.xxx	x.xxx	x.xxx	x.xxx	x.xxx	x.xxx	x.xxx	x.xxx	x.xxx	x.xxx	x.xxx	x.xxx	x.xxx	x.xxx	x.xxx	x.xxx	x.xxx	x.xxx	x.xxx	x.xxx	x.xxx	x.xxx	x.xxx	x.xxx	x.xxx	x.xxx	x.xxx	x.xxx	x.xxx	x.xxx	x.xxx	x.xxx	x.xxx	x.xxx	x.xxx	x.xxx	x.xxx	x.xxx	x.xxx	x.xxx	x.xxx	x.xxx	x.xxx	x.xxx	x.xxx	x.xxx	x.xxx	x.xxx	x.xxx	x.xxx	x.xxx	x.xxx	x.xxx	x.xxx	x.xxx	x.xxx	x.xxx	x.xxx	x.xxx	x.xxx	x.xxx	x.xxx	x.xxx	x.xxx	x.xxx	x.xxx	x.xxx	x.xxx	x.xxx	x.xxx	x.xxx	x.xxx	x.xxx	x.xxx	x.xxx	x.xxx	x.xxx	x.xxx	x.xxx	x.xxx	x.xxx	x.xxx	x.xxx	x.xxx	x.xxx	x.xxx	x.xxx	x.xxx	x.xxx	x.xxx	x.xxx	x.xxx	x.xxx	x.xxx	x.xxx	x.xxx	x.xxx	x.xxx	x.xxx	x.xxx	x.xxx	x.xxx	x.xxx	x.xxx	x.xxx	x.xxx	x.xxx	x.xxx	x.xxx	x.xxx	x.xxx	x.xxx	x.xxx	x.xxx	x.xxx	x.xxx	x.xxx	x.xxx	x.xxx	x.xxx	x.xxx	x.xxx	x.xxx	x.xxx	x.xxx	x.xxx	x.xxx	x.xxx	x.xxx	x.xxx	x.xxx	0.000	0.886	0.825	0.896	0.756	0.683	0.986	0.732	0.769	0.934	0.974	0.870	0.921	0.873	0.989	0.834	0.955	0.936	0.933	0.778
193	x.xxx	x.xxx	x.xxx	x.xxx	x.xxx	x.xxx	x.xxx	x.xxx	x.xxx	x.xxx	x.xxx	x.xxx	x.xxx	x.xxx	x.xxx	x.xxx	x.xxx	x.xxx	x.xxx	x.xxx	x.xxx	x.xxx	x.xxx	x.xxx	x.xxx	x.xxx	x.xxx	x.xxx	x.xxx	x.xxx	x.xxx	x.xxx	x.xxx	x.xxx	x.xxx	x.xxx	x.xxx	x.xxx	x.xxx	x.xxx	x.xxx	x.xxx	x.xxx	x.xxx	x.xxx	x.xxx	x.xxx	x.xxx	x.xxx	x.xxx	x.xxx	x.xxx	x.xxx	x.xxx	x.xxx	x.xxx	x.xxx	x.xxx	x.xxx	x.xxx	x.xxx	x.xxx	x.xxx	x.xxx	x.xxx	x.xxx	x.xxx	x.xxx	x.xxx	x.xxx	x.xxx	x.xxx	x.xxx	x.xxx	x.xxx	x.xxx	x.xxx	x.xxx	x.xxx	x.xxx	x.xxx	x.xxx	x.xxx	x.xxx	x.xxx	x.xxx	x.xxx	x.xxx	x.xxx	x.xxx	x.xxx	x.xxx	x.xxx	x.xxx	x.xxx	x.xxx	x.xxx	x.xxx	x.xxx	x.xxx	x.xxx	x.xxx	x.xxx	x.xxx	x.xxx	x.xxx	x.xxx	x.xxx	x.xxx	x.xxx	x.xxx	x.xxx	x.xxx	x.xxx	x.xxx	x.xxx	x.xxx	x.xxx	x.xxx	x.xxx	x.xxx	x.xxx	x.xxx	x.xxx	x.xxx	x.xxx	x.xxx	x.xxx	x.xxx	x.xxx	x.xxx	x.xxx	x.xxx	x.xxx	x.xxx	x.xxx	x.xxx	x.xxx	x.xxx	x.xxx	x.xxx	x.xxx	x.xxx	x.xxx	x.xxx	x.xxx	x.xxx	x.xxx	x.xxx	x.xxx	x.xxx	x.xxx	x.xxx	x.xxx	x.xxx	x.xxx	x.xxx	x.xxx	x.xxx	x.xxx	x.xxx	x.xxx	x.xxx	x.xxx	x.xxx	x.xxx	x.xxx	x.xxx	x.xxx	x.xxx	x.xxx	x.xxx	x.xxx	x.xxx	x.xxx	x.xxx	x.xxx	x.xxx	x.xxx	x.xxx	x.xxx	x.xxx	x.xxx	x.xxx	x.xxx	x.xxx	x.xxx	x.xxx	x.xxx	x.xxx	x.xxx	x.xxx	x.xxx	0.000	0.938	0.317	0.324	0.707	0.997	0.934	0.869	0.936	0.784	0.240	0.200	0.368	0.980	0.967	0.766	0.697	0.342	0.925
194	x.xxx	x.xxx	x.xxx	x.xxx	x.xxx	x.xxx	x.xxx	x.xxx	x.xxx	x.xxx	x.xxx	x.xxx	x.xxx	x.xxx	x.xxx	x.xxx	x.xxx	x.xxx	x.xxx	x.xxx	x.xxx	x.xxx	x.xxx	x.xxx	x.xxx	x.xxx	x.xxx	x.xxx	x.xxx	x.xxx	x.xxx	x.xxx	x.xxx	x.xxx	x.xxx	x.xxx	x.xxx	x.xxx	x.xxx	x.xxx	x.xxx	x.xxx	x.xxx	x.xxx	x.xxx	x.xxx	x.xxx	x.xxx	x.xxx	x.xxx	x.xxx	x.xxx	x.xxx	x.xxx	x.xxx	x.xxx	x.xxx	x.xxx	x.xxx	x.xxx	x.xxx	x.xxx	x.xxx	x.xxx	x.xxx	x.xxx	x.xxx	x.xxx	x.xxx	x.xxx	x.xxx	x.xxx	x.xxx	x.xxx	x.xxx	x.xxx	x.xxx	x.xxx	x.xxx	x.xxx	x.xxx	x.xxx	x.xxx	x.xxx	x.xxx	x.xxx	x.xxx	x.xxx	x.xxx	x.xxx	x.xxx	x.xxx	x.xxx	x.xxx	x.xxx	x.xxx	x.xxx	x.xxx	x.xxx	x.xxx	x.xxx	x.xxx	x.xxx	x.xxx	x.xxx	x.xxx	x.xxx	x.xxx	x.xxx	x.xxx	x.xxx	x.xxx	x.xxx	x.xxx	x.xxx	x.xxx	x.xxx	x.xxx	x.xxx	x.xxx	x.xxx	x.xxx	x.xxx	x.xxx	x.xxx	x.xxx	x.xxx	x.xxx	x.xxx	x.xxx	x.xxx	x.xxx	x.xxx	x.xxx	x.xxx	x.xxx	x.xxx	x.xxx	x.xxx	x.xxx	x.xxx	x.xxx	x.xxx	x.xxx	x.xxx	x.xxx	x.xxx	x.xxx	x.xxx	x.xxx	x.xxx	x.xxx	x.xxx	x.xxx	x.xxx	x.xxx	x.xxx	x.xxx	x.xxx	x.xxx	x.xxx	x.xxx	x.xxx	x.xxx	x.xxx	x.xxx	x.xxx	x.xxx	x.xxx	x.xxx	x.xxx	x.xxx	x.xxx	x.xxx	x.xxx	x.xxx	x.xxx	x.xxx	x.xxx	x.xxx	x.xxx	x.xxx	x.xxx	x.xxx	x.xxx	x.xxx	x.xxx	x.xxx	x.xxx	x.xxx	x.xxx	x.xxx	x.xxx	x.xxx	0.000	0.960	0.974	0.991	0.993	0.911	0.993	0.951	0.969	0.999	0.984	0.916	0.984	0.982	0.967	0.955	0.976	0.893
195	x.xxx	x.xxx	x.xxx	x.xxx	x.xxx	x.xxx	x.xxx	x.xxx	x.xxx	x.xxx	x.xxx	x.xxx	x.xxx	x.xxx	x.xxx	x.xxx	x.xxx	x.xxx	x.xxx	x.xxx	x.xxx	x.xxx	x.xxx	x.xxx	x.xxx	x.xxx	x.xxx	x.xxx	x.xxx	x.xxx	x.xxx	x.xxx	x.xxx	x.xxx	x.xxx	x.xxx	x.xxx	x.xxx	x.xxx	x.xxx	x.xxx	x.xxx	x.xxx	x.xxx	x.xxx	x.xxx	x.xxx	x.xxx	x.xxx	x.xxx	x.xxx	x.xxx	x.xxx	x.xxx	x.xxx	x.xxx	x.xxx	x.xxx	x.xxx	x.xxx	x.xxx	x.xxx	x.xxx	x.xxx	x.xxx	x.xxx	x.xxx	x.xxx	x.xxx	x.xxx	x.xxx	x.xxx	x.xxx	x.xxx	x.xxx	x.xxx	x.xxx	x.xxx	x.xxx	x.xxx	x.xxx	x.xxx	x.xxx	x.xxx	x.xxx	x.xxx	x.xxx	x.xxx	x.xxx	x.xxx	x.xxx	x.xxx	x.xxx	x.xxx	x.xxx	x.xxx	x.xxx	x.xxx	x.xxx	x.xxx	x.xxx	x.xxx	x.xxx	x.xxx	x.xxx	x.xxx	x.xxx	x.xxx	x.xxx	x.xxx	x.xxx	x.xxx	x.xxx	x.xxx	x.xxx	x.xxx	x.xxx	x.xxx	x.xxx	x.xxx	x.xxx	x.xxx	x.xxx	x.xxx	x.xxx	x.xxx	x.xxx	x.xxx	x.xxx	x.xxx	x.xxx	x.xxx	x.xxx	x.xxx	x.xxx	x.xxx	x.xxx	x.xxx	x.xxx	x.xxx	x.xxx	x.xxx	x.xxx	x.xxx	x.xxx	x.xxx	x.xxx	x.xxx	x.xxx	x.xxx	x.xxx	x.xxx	x.xxx	x.xxx	x.xxx	x.xxx	x.xxx	x.xxx	x.xxx	x.xxx	x.xxx	x.xxx	x.xxx	x.xxx	x.xxx	x.xxx	x.xxx	x.xxx	x.xxx	x.xxx	x.xxx	x.xxx	x.xxx	x.xxx	x.xxx	x.xxx	x.xxx	x.xxx	x.xxx	x.xxx	x.xxx	x.xxx	x.xxx	x.xxx	x.xxx	x.xxx	x.xxx	x.xxx	x.xxx	x.xxx	x.xxx	x.xxx	x.xxx	x.xxx	x.xxx	0.000	0.147	0.590	0.994	0.929	0.833	0.986	0.875	0.438	0.235	0.358	0.997	0.978	0.867	0.836	0.127	0.950
196	x.xxx	x.xxx	x.xxx	x.xxx	x.xxx	x.xxx	x.xxx	x.xxx	x.xxx	x.xxx	x.xxx	x.xxx	x.xxx	x.xxx	x.xxx	x.xxx	x.xxx	x.xxx	x.xxx	x.xxx	x.xxx	x.xxx	x.xxx	x.xxx	x.xxx	x.xxx	x.xxx	x.xxx	x.xxx	x.xxx	x.xxx	x.xxx	x.xxx	x.xxx	x.xxx	x.xxx	x.xxx	x.xxx	x.xxx	x.xxx	x.xxx	x.xxx	x.xxx	x.xxx	x.xxx	x.xxx	x.xxx	x.xxx	x.xxx	x.xxx	x.xxx	x.xxx	x.xxx	x.xxx	x.xxx	x.xxx	x.xxx	x.xxx	x.xxx	x.xxx	x.xxx	x.xxx	x.xxx	x.xxx	x.xxx	x.xxx	x.xxx	x.xxx	x.xxx	x.xxx	x.xxx	x.xxx	x.xxx	x.xxx	x.xxx	x.xxx	x.xxx	x.xxx	x.xxx	x.xxx	x.xxx	x.xxx	x.xxx	x.xxx	x.xxx	x.xxx	x.xxx	x.xxx	x.xxx	x.xxx	x.xxx	x.xxx	x.xxx	x.xxx	x.xxx	x.xxx	x.xxx	x.xxx	x.xxx	x.xxx	x.xxx	x.xxx	x.xxx	x.xxx	x.xxx	x.xxx	x.xxx	x.xxx	x.xxx	x.xxx	x.xxx	x.xxx	x.xxx	x.xxx	x.xxx	x.xxx	x.xxx	x.xxx	x.xxx	x.xxx	x.xxx	x.xxx	x.xxx	x.xxx	x.xxx	x.xxx	x.xxx	x.xxx	x.xxx	x.xxx	x.xxx	x.xxx	x.xxx	x.xxx	x.xxx	x.xxx	x.xxx	x.xxx	x.xxx	x.xxx	x.xxx	x.xxx	x.xxx	x.xxx	x.xxx	x.xxx	x.xxx	x.xxx	x.xxx	x.xxx	x.xxx	x.xxx	x.xxx	x.xxx	x.xxx	x.xxx	x.xxx	x.xxx	x.xxx	x.xxx	x.xxx	x.xxx	x.xxx	x.xxx	x.xxx	x.xxx	x.xxx	x.xxx	x.xxx	x.xxx	x.xxx	x.xxx	x.xxx	x.xxx	x.xxx	x.xxx	x.xxx	x.xxx	x.xxx	x.xxx	x.xxx	x.xxx	x.xxx	x.xxx	x.xxx	x.xxx	x.xxx	x.xxx	x.xxx	x.xxx	x.xxx	x.xxx	x.xxx	x.xxx	x.xxx	x.xxx	0.000	0.489	0.996	0.807	0.721	0.957	0.862	0.364	0.214	0.425	0.998	0.880	0.840	0.800	0.172	0.856
197	x.xxx	x.xxx	x.xxx	x.xxx	x.xxx	x.xxx	x.xxx	x.xxx	x.xxx	x.xxx	x.xxx	x.xxx	x.xxx	x.xxx	x.xxx	x.xxx	x.xxx	x.xxx	x.xxx	x.xxx	x.xxx	x.xxx	x.xxx	x.xxx	x.xxx	x.xxx	x.xxx	x.xxx	x.xxx	x.xxx	x.xxx	x.xxx	x.xxx	x.xxx	x.xxx	x.xxx	x.xxx	x.xxx	x.xxx	x.xxx	x.xxx	x.xxx	x.xxx	x.xxx	x.xxx	x.xxx	x.xxx	x.xxx	x.xxx	x.xxx	x.xxx	x.xxx	x.xxx	x.xxx	x.xxx	x.xxx	x.xxx	x.xxx	x.xxx	x.xxx	x.xxx	x.xxx	x.xxx	x.xxx	x.xxx	x.xxx	x.xxx	x.xxx	x.xxx	x.xxx	x.xxx	x.xxx	x.xxx	x.xxx	x.xxx	x.xxx	x.xxx	x.xxx	x.xxx	x.xxx	x.xxx	x.xxx	x.xxx	x.xxx	x.xxx	x.xxx	x.xxx	x.xxx	x.xxx	x.xxx	x.xxx	x.xxx	x.xxx	x.xxx	x.xxx	x.xxx	x.xxx	x.xxx	x.xxx	x.xxx	x.xxx	x.xxx	x.xxx	x.xxx	x.xxx	x.xxx	x.xxx	x.xxx	x.xxx	x.xxx	x.xxx	x.xxx	x.xxx	x.xxx	x.xxx	x.xxx	x.xxx	x.xxx	x.xxx	x.xxx	x.xxx	x.xxx	x.xxx	x.xxx	x.xxx	x.xxx	x.xxx	x.xxx	x.xxx	x.xxx	x.xxx	x.xxx	x.xxx	x.xxx	x.xxx	x.xxx	x.xxx	x.xxx	x.xxx	x.xxx	x.xxx	x.xxx	x.xxx	x.xxx	x.xxx	x.xxx	x.xxx	x.xxx	x.xxx	x.xxx	x.xxx	x.xxx	x.xxx	x.xxx	x.xxx	x.xxx	x.xxx	x.xxx	x.xxx	x.xxx	x.xxx	x.xxx	x.xxx	x.xxx	x.xxx	x.xxx	x.xxx	x.xxx	x.xxx	x.xxx	x.xxx	x.xxx	x.xxx	x.xxx	x.xxx	x.xxx	x.xxx	x.xxx	x.xxx	x.xxx	x.xxx	x.xxx	x.xxx	x.xxx	x.xxx	x.xxx	x.xxx	x.xxx	x.xxx	x.xxx	x.xxx	x.xxx	x.xxx	x.xxx	x.xxx	x.xxx	x.xxx	0.000	0.992	0.665	0.584	0.935	0.951	0.637	0.657	0.699	0.999	0.763	0.910	0.870	0.642	0.746
198	x.xxx	x.xxx	x.xxx	x.xxx	x.xxx	x.xxx	x.xxx	x.xxx	x.xxx	x.xxx	x.xxx	x.xxx	x.xxx	x.xxx	x.xxx	x.xxx	x.xxx	x.xxx	x.xxx	x.xxx	x.xxx	x.xxx	x.xxx	x.xxx	x.xxx	x.xxx	x.xxx	x.xxx	x.xxx	x.xxx	x.xxx	x.xxx	x.xxx	x.xxx	x.xxx	x.xxx	x.xxx	x.xxx	x.xxx	x.xxx	x.xxx	x.xxx	x.xxx	x.xxx	x.xxx	x.xxx	x.xxx	x.xxx	x.xxx	x.xxx	x.xxx	x.xxx	x.xxx	x.xxx	x.xxx	x.xxx	x.xxx	x.xxx	x.xxx	x.xxx	x.xxx	x.xxx	x.xxx	x.xxx	x.xxx	x.xxx	x.xxx	x.xxx	x.xxx	x.xxx	x.xxx	x.xxx	x.xxx	x.xxx	x.xxx	x.xxx	x.xxx	x.xxx	x.xxx	x.xxx	x.xxx	x.xxx	x.xxx	x.xxx	x.xxx	x.xxx	x.xxx	x.xxx	x.xxx	x.xxx	x.xxx	x.xxx	x.xxx	x.xxx	x.xxx	x.xxx	x.xxx	x.xxx	x.xxx	x.xxx	x.xxx	x.xxx	x.xxx	x.xxx	x.xxx	x.xxx	x.xxx	x.xxx	x.xxx	x.xxx	x.xxx	x.xxx	x.xxx	x.xxx	x.xxx	x.xxx	x.xxx	x.xxx	x.xxx	x.xxx	x.xxx	x.xxx	x.xxx	x.xxx	x.xxx	x.xxx	x.xxx	x.xxx	x.xxx	x.xxx	x.xxx	x.xxx	x.xxx	x.xxx	x.xxx	x.xxx	x.xxx	x.xxx	x.xxx	x.xxx	x.xxx	x.xxx	x.xxx	x.xxx	x.xxx	x.xxx	x.xxx	x.xxx	x.xxx	x.xxx	x.xxx	x.xxx	x.xxx	x.xxx	x.xxx	x.xxx	x.xxx	x.xxx	x.xxx	x.xxx	x.xxx	x.xxx	x.xxx	x.xxx	x.xxx	x.xxx	x.xxx	x.xxx	x.xxx	x.xxx	x.xxx	x.xxx	x.xxx	x.xxx	x.xxx	x.xxx	x.xxx	x.xxx	x.xxx	x.xxx	x.xxx	x.xxx	x.xxx	x.xxx	x.xxx	x.xxx	x.xxx	x.xxx	x.xxx	x.xxx	x.xxx	x.xxx	x.xxx	x.xxx	x.xxx	x.xxx	x.xxx	x.xxx	0.000	0.995	0.996	0.999	1.000	0.999	0.997	0.994	1.000	0.997	0.999	0.999	0.993	0.996
199	x.xxx	x.xxx	x.xxx	x.xxx	x.xxx	x.xxx	x.xxx	x.xxx	x.xxx	x.xxx	x.xxx	x.xxx	x.xxx	x.xxx	x.xxx	x.xxx	x.xxx	x.xxx	x.xxx	x.xxx	x.xxx	x.xxx	x.xxx	x.xxx	x.xxx	x.xxx	x.xxx	x.xxx	x.xxx	x.xxx	x.xxx	x.xxx	x.xxx	x.xxx	x.xxx	x.xxx	x.xxx	x.xxx	x.xxx	x.xxx	x.xxx	x.xxx	x.xxx	x.xxx	x.xxx	x.xxx	x.xxx	x.xxx	x.xxx	x.xxx	x.xxx	x.xxx	x.xxx	x.xxx	x.xxx	x.xxx	x.xxx	x.xxx	x.xxx	x.xxx	x.xxx	x.xxx	x.xxx	x.xxx	x.xxx	x.xxx	x.xxx	x.xxx	x.xxx	x.xxx	x.xxx	x.xxx	x.xxx	x.xxx	x.xxx	x.xxx	x.xxx	x.xxx	x.xxx	x.xxx	x.xxx	x.xxx	x.xxx	x.xxx	x.xxx	x.xxx	x.xxx	x.xxx	x.xxx	x.xxx	x.xxx	x.xxx	x.xxx	x.xxx	x.xxx	x.xxx	x.xxx	x.xxx	x.xxx	x.xxx	x.xxx	x.xxx	x.xxx	x.xxx	x.xxx	x.xxx	x.xxx	x.xxx	x.xxx	x.xxx	x.xxx	x.xxx	x.xxx	x.xxx	x.xxx	x.xxx	x.xxx	x.xxx	x.xxx	x.xxx	x.xxx	x.xxx	x.xxx	x.xxx	x.xxx	x.xxx	x.xxx	x.xxx	x.xxx	x.xxx	x.xxx	x.xxx	x.xxx	x.xxx	x.xxx	x.xxx	x.xxx	x.xxx	x.xxx	x.xxx	x.xxx	x.xxx	x.xxx	x.xxx	x.xxx	x.xxx	x.xxx	x.xxx	x.xxx	x.xxx	x.xxx	x.xxx	x.xxx	x.xxx	x.xxx	x.xxx	x.xxx	x.xxx	x.xxx	x.xxx	x.xxx	x.xxx	x.xxx	x.xxx	x.xxx	x.xxx	x.xxx	x.xxx	x.xxx	x.xxx	x.xxx	x.xxx	x.xxx	x.xxx	x.xxx	x.xxx	x.xxx	x.xxx	x.xxx	x.xxx	x.xxx	x.xxx	x.xxx	x.xxx	x.xxx	x.xxx	x.xxx	x.xxx	x.xxx	x.xxx	x.xxx	x.xxx	x.xxx	x.xxx	x.xxx	x.xxx	x.xxx	x.xxx	x.xxx	0.000	0.493	0.783	0.942	0.889	0.928	0.943	0.987	0.624	0.905	0.841	0.938	0.237
200	x.xxx	x.xxx	x.xxx	x.xxx	x.xxx	x.xxx	x.xxx	x.xxx	x.xxx	x.xxx	x.xxx	x.xxx	x.xxx	x.xxx	x.xxx	x.xxx	x.xxx	x.xxx	x.xxx	x.xxx	x.xxx	x.xxx	x.xxx	x.xxx	x.xxx	x.xxx	x.xxx	x.xxx	x.xxx	x.xxx	x.xxx	x.xxx	x.xxx	x.xxx	x.xxx	x.xxx	x.xxx	x.xxx	x.xxx	x.xxx	x.xxx	x.xxx	x.xxx	x.xxx	x.xxx	x.xxx	x.xxx	x.xxx	x.xxx	x.xxx	x.xxx	x.xxx	x.xxx	x.xxx	x.xxx	x.xxx	x.xxx	x.xxx	x.xxx	x.xxx	x.xxx	x.xxx	x.xxx	x.xxx	x.xxx	x.xxx	x.xxx	x.xxx	x.xxx	x.xxx	x.xxx	x.xxx	x.xxx	x.xxx	x.xxx	x.xxx	x.xxx	x.xxx	x.xxx	x.xxx	x.xxx	x.xxx	x.xxx	x.xxx	x.xxx	x.xxx	x.xxx	x.xxx	x.xxx	x.xxx	x.xxx	x.xxx	x.xxx	x.xxx	x.xxx	x.xxx	x.xxx	x.xxx	x.xxx	x.xxx	x.xxx	x.xxx	x.xxx	x.xxx	x.xxx	x.xxx	x.xxx	x.xxx	x.xxx	x.xxx	x.xxx	x.xxx	x.xxx	x.xxx	x.xxx	x.xxx	x.xxx	x.xxx	x.xxx	x.xxx	x.xxx	x.xxx	x.xxx	x.xxx	x.xxx	x.xxx	x.xxx	x.xxx	x.xxx	x.xxx	x.xxx	x.xxx	x.xxx	x.xxx	x.xxx	x.xxx	x.xxx	x.xxx	x.xxx	x.xxx	x.xxx	x.xxx	x.xxx	x.xxx	x.xxx	x.xxx	x.xxx	x.xxx	x.xxx	x.xxx	x.xxx	x.xxx	x.xxx	x.xxx	x.xxx	x.xxx	x.xxx	x.xxx	x.xxx	x.xxx	x.xxx	x.xxx	x.xxx	x.xxx	x.xxx	x.xxx	x.xxx	x.xxx	x.xxx	x.xxx	x.xxx	x.xxx	x.xxx	x.xxx	x.xxx	x.xxx	x.xxx	x.xxx	x.xxx	x.xxx	x.xxx	x.xxx	x.xxx	x.xxx	x.xxx	x.xxx	x.xxx	x.xxx	x.xxx	x.xxx	x.xxx	x.xxx	x.xxx	x.xxx	x.xxx	x.xxx	x.xxx	x.xxx	x.xxx	x.xxx	0.000	0.799	0.964	0.824	0.847	0.872	0.999	0.387	0.843	0.896	0.849	0.456
201	x.xxx	x.xxx	x.xxx	x.xxx	x.xxx	x.xxx	x.xxx	x.xxx	x.xxx	x.xxx	x.xxx	x.xxx	x.xxx	x.xxx	x.xxx	x.xxx	x.xxx	x.xxx	x.xxx	x.xxx	x.xxx	x.xxx	x.xxx	x.xxx	x.xxx	x.xxx	x.xxx	x.xxx	x.xxx	x.xxx	x.xxx	x.xxx	x.xxx	x.xxx	x.xxx	x.xxx	x.xxx	x.xxx	x.xxx	x.xxx	x.xxx	x.xxx	x.xxx	x.xxx	x.xxx	x.xxx	x.xxx	x.xxx	x.xxx	x.xxx	x.xxx	x.xxx	x.xxx	x.xxx	x.xxx	x.xxx	x.xxx	x.xxx	x.xxx	x.xxx	x.xxx	x.xxx	x.xxx	x.xxx	x.xxx	x.xxx	x.xxx	x.xxx	x.xxx	x.xxx	x.xxx	x.xxx	x.xxx	x.xxx	x.xxx	x.xxx	x.xxx	x.xxx	x.xxx	x.xxx	x.xxx	x.xxx	x.xxx	x.xxx	x.xxx	x.xxx	x.xxx	x.xxx	x.xxx	x.xxx	x.xxx	x.xxx	x.xxx	x.xxx	x.xxx	x.xxx	x.xxx	x.xxx	x.xxx	x.xxx	x.xxx	x.xxx	x.xxx	x.xxx	x.xxx	x.xxx	x.xxx	x.xxx	x.xxx	x.xxx	x.xxx	x.xxx	x.xxx	x.xxx	x.xxx	x.xxx	x.xxx	x.xxx	x.xxx	x.xxx	x.xxx	x.xxx	x.xxx	x.xxx	x.xxx	x.xxx	x.xxx	x.xxx	x.xxx	x.xxx	x.xxx	x.xxx	x.xxx	x.xxx	x.xxx	x.xxx	x.xxx	x.xxx	x.xxx	x.xxx	x.xxx	x.xxx	x.xxx	x.xxx	x.xxx	x.xxx	x.xxx	x.xxx	x.xxx	x.xxx	x.xxx	x.xxx	x.xxx	x.xxx	x.xxx	x.xxx	x.xxx	x.xxx	x.xxx	x.xxx	x.xxx	x.xxx	x.xxx	x.xxx	x.xxx	x.xxx	x.xxx	x.xxx	x.xxx	x.xxx	x.xxx	x.xxx	x.xxx	x.xxx	x.xxx	x.xxx	x.xxx	x.xxx	x.xxx	x.xxx	x.xxx	x.xxx	x.xxx	x.xxx	x.xxx	x.xxx	x.xxx	x.xxx	x.xxx	x.xxx	x.xxx	x.xxx	x.xxx	x.xxx	x.xxx	x.xxx	x.xxx	x.xxx	x.xxx	x.xxx	x.xxx	0.000	0.869	0.975	0.986	0.922	0.949	0.654	0.835	0.807	0.989	0.696
202	x.xxx	x.xxx	x.xxx	x.xxx	x.xxx	x.xxx	x.xxx	x.xxx	x.xxx	x.xxx	x.xxx	x.xxx	x.xxx	x.xxx	x.xxx	x.xxx	x.xxx	x.xxx	x.xxx	x.xxx	x.xxx	x.xxx	x.xxx	x.xxx	x.xxx	x.xxx	x.xxx	x.xxx	x.xxx	x.xxx	x.xxx	x.xxx	x.xxx	x.xxx	x.xxx	x.xxx	x.xxx	x.xxx	x.xxx	x.xxx	x.xxx	x.xxx	x.xxx	x.xxx	x.xxx	x.xxx	x.xxx	x.xxx	x.xxx	x.xxx	x.xxx	x.xxx	x.xxx	x.xxx	x.xxx	x.xxx	x.xxx	x.xxx	x.xxx	x.xxx	x.xxx	x.xxx	x.xxx	x.xxx	x.xxx	x.xxx	x.xxx	x.xxx	x.xxx	x.xxx	x.xxx	x.xxx	x.xxx	x.xxx	x.xxx	x.xxx	x.xxx	x.xxx	x.xxx	x.xxx	x.xxx	x.xxx	x.xxx	x.xxx	x.xxx	x.xxx	x.xxx	x.xxx	x.xxx	x.xxx	x.xxx	x.xxx	x.xxx	x.xxx	x.xxx	x.xxx	x.xxx	x.xxx	x.xxx	x.xxx	x.xxx	x.xxx	x.xxx	x.xxx	x.xxx	x.xxx	x.xxx	x.xxx	x.xxx	x.xxx	x.xxx	x.xxx	x.xxx	x.xxx	x.xxx	x.xxx	x.xxx	x.xxx	x.xxx	x.xxx	x.xxx	x.xxx	x.xxx	x.xxx	x.xxx	x.xxx	x.xxx	x.xxx	x.xxx	x.xxx	x.xxx	x.xxx	x.xxx	x.xxx	x.xxx	x.xxx	x.xxx	x.xxx	x.xxx	x.xxx	x.xxx	x.xxx	x.xxx	x.xxx	x.xxx	x.xxx	x.xxx	x.xxx	x.xxx	x.xxx	x.xxx	x.xxx	x.xxx	x.xxx	x.xxx	x.xxx	x.xxx	x.xxx	x.xxx	x.xxx	x.xxx	x.xxx	x.xxx	x.xxx	x.xxx	x.xxx	x.xxx	x.xxx	x.xxx	x.xxx	x.xxx	x.xxx	x.xxx	x.xxx	x.xxx	x.xxx	x.xxx	x.xxx	x.xxx	x.xxx	x.xxx	x.xxx	x.xxx	x.xxx	x.xxx	x.xxx	x.xxx	x.xxx	x.xxx	x.xxx	x.xxx	x.xxx	x.xxx	x.xxx	x.xxx	x.xxx	x.xxx	x.xxx	x.xxx	x.xxx	x.xxx	x.xxx	0.000	0.794	0.820	0.852	0.964	0.992	0.357	0.489	0.862	0.936
203	x.xxx	x.xxx	x.xxx	x.xxx	x.xxx	x.xxx	x.xxx	x.xxx	x.xxx	x.xxx	x.xxx	x.xxx	x.xxx	x.xxx	x.xxx	x.xxx	x.xxx	x.xxx	x.xxx	x.xxx	x.xxx	x.xxx	x.xxx	x.xxx	x.xxx	x.xxx	x.xxx	x.xxx	x.xxx	x.xxx	x.xxx	x.xxx	x.xxx	x.xxx	x.xxx	x.xxx	x.xxx	x.xxx	x.xxx	x.xxx	x.xxx	x.xxx	x.xxx	x.xxx	x.xxx	x.xxx	x.xxx	x.xxx	x.xxx	x.xxx	x.xxx	x.xxx	x.xxx	x.xxx	x.xxx	x.xxx	x.xxx	x.xxx	x.xxx	x.xxx	x.xxx	x.xxx	x.xxx	x.xxx	x.xxx	x.xxx	x.xxx	x.xxx	x.xxx	x.xxx	x.xxx	x.xxx	x.xxx	x.xxx	x.xxx	x.xxx	x.xxx	x.xxx	x.xxx	x.xxx	x.xxx	x.xxx	x.xxx	x.xxx	x.xxx	x.xxx	x.xxx	x.xxx	x.xxx	x.xxx	x.xxx	x.xxx	x.xxx	x.xxx	x.xxx	x.xxx	x.xxx	x.xxx	x.xxx	x.xxx	x.xxx	x.xxx	x.xxx	x.xxx	x.xxx	x.xxx	x.xxx	x.xxx	x.xxx	x.xxx	x.xxx	x.xxx	x.xxx	x.xxx	x.xxx	x.xxx	x.xxx	x.xxx	x.xxx	x.xxx	x.xxx	x.xxx	x.xxx	x.xxx	x.xxx	x.xxx	x.xxx	x.xxx	x.xxx	x.xxx	x.xxx	x.xxx	x.xxx	x.xxx	x.xxx	x.xxx	x.xxx	x.xxx	x.xxx	x.xxx	x.xxx	x.xxx	x.xxx	x.xxx	x.xxx	x.xxx	x.xxx	x.xxx	x.xxx	x.xxx	x.xxx	x.xxx	x.xxx	x.xxx	x.xxx	x.xxx	x.xxx	x.xxx	x.xxx	x.xxx	x.xxx	x.xxx	x.xxx	x.xxx	x.xxx	x.xxx	x.xxx	x.xxx	x.xxx	x.xxx	x.xxx	x.xxx	x.xxx	x.xxx	x.xxx	x.xxx	x.xxx	x.xxx	x.xxx	x.xxx	x.xxx	x.xxx	x.xxx	x.xxx	x.xxx	x.xxx	x.xxx	x.xxx	x.xxx	x.xxx	x.xxx	x.xxx	x.xxx	x.xxx	x.xxx	x.xxx	x.xxx	x.xxx	x.xxx	x.xxx	x.xxx	x.xxx	x.xxx	0.000	0.284	0.585	1.000	0.928	0.766	0.677	0.443	0.925
204	x.xxx	x.xxx	x.xxx	x.xxx	x.xxx	x.xxx	x.xxx	x.xxx	x.xxx	x.xxx	x.xxx	x.xxx	x.xxx	x.xxx	x.xxx	x.xxx	x.xxx	x.xxx	x.xxx	x.xxx	x.xxx	x.xxx	x.xxx	x.xxx	x.xxx	x.xxx	x.xxx	x.xxx	x.xxx	x.xxx	x.xxx	x.xxx	x.xxx	x.xxx	x.xxx	x.xxx	x.xxx	x.xxx	x.xxx	x.xxx	x.xxx	x.xxx	x.xxx	x.xxx	x.xxx	x.xxx	x.xxx	x.xxx	x.xxx	x.xxx	x.xxx	x.xxx	x.xxx	x.xxx	x.xxx	x.xxx	x.xxx	x.xxx	x.xxx	x.xxx	x.xxx	x.xxx	x.xxx	x.xxx	x.xxx	x.xxx	x.xxx	x.xxx	x.xxx	x.xxx	x.xxx	x.xxx	x.xxx	x.xxx	x.xxx	x.xxx	x.xxx	x.xxx	x.xxx	x.xxx	x.xxx	x.xxx	x.xxx	x.xxx	x.xxx	x.xxx	x.xxx	x.xxx	x.xxx	x.xxx	x.xxx	x.xxx	x.xxx	x.xxx	x.xxx	x.xxx	x.xxx	x.xxx	x.xxx	x.xxx	x.xxx	x.xxx	x.xxx	x.xxx	x.xxx	x.xxx	x.xxx	x.xxx	x.xxx	x.xxx	x.xxx	x.xxx	x.xxx	x.xxx	x.xxx	x.xxx	x.xxx	x.xxx	x.xxx	x.xxx	x.xxx	x.xxx	x.xxx	x.xxx	x.xxx	x.xxx	x.xxx	x.xxx	x.xxx	x.xxx	x.xxx	x.xxx	x.xxx	x.xxx	x.xxx	x.xxx	x.xxx	x.xxx	x.xxx	x.xxx	x.xxx	x.xxx	x.xxx	x.xxx	x.xxx	x.xxx	x.xxx	x.xxx	x.xxx	x.xxx	x.xxx	x.xxx	x.xxx	x.xxx	x.xxx	x.xxx	x.xxx	x.xxx	x.xxx	x.xxx	x.xxx	x.xxx	x.xxx	x.xxx	x.xxx	x.xxx	x.xxx	x.xxx	x.xxx	x.xxx	x.xxx	x.xxx	x.xxx	x.xxx	x.xxx	x.xxx	x.xxx	x.xxx	x.xxx	x.xxx	x.xxx	x.xxx	x.xxx	x.xxx	x.xxx	x.xxx	x.xxx	x.xxx	x.xxx	x.xxx	x.xxx	x.xxx	x.xxx	x.xxx	x.xxx	x.xxx	x.xxx	x.xxx	x.xxx	x.xxx	x.xxx	x.xxx	x.xxx	x.xxx	0.000	0.490	0.998	0.964	0.823	0.776	0.265	0.957
205	x.xxx	x.xxx	x.xxx	x.xxx	x.xxx	x.xxx	x.xxx	x.xxx	x.xxx	x.xxx	x.xxx	x.xxx	x.xxx	x.xxx	x.xxx	x.xxx	x.xxx	x.xxx	x.xxx	x.xxx	x.xxx	x.xxx	x.xxx	x.xxx	x.xxx	x.xxx	x.xxx	x.xxx	x.xxx	x.xxx	x.xxx	x.xxx	x.xxx	x.xxx	x.xxx	x.xxx	x.xxx	x.xxx	x.xxx	x.xxx	x.xxx	x.xxx	x.xxx	x.xxx	x.xxx	x.xxx	x.xxx	x.xxx	x.xxx	x.xxx	x.xxx	x.xxx	x.xxx	x.xxx	x.xxx	x.xxx	x.xxx	x.xxx	x.xxx	x.xxx	x.xxx	x.xxx	x.xxx	x.xxx	x.xxx	x.xxx	x.xxx	x.xxx	x.xxx	x.xxx	x.xxx	x.xxx	x.xxx	x.xxx	x.xxx	x.xxx	x.xxx	x.xxx	x.xxx	x.xxx	x.xxx	x.xxx	x.xxx	x.xxx	x.xxx	x.xxx	x.xxx	x.xxx	x.xxx	x.xxx	x.xxx	x.xxx	x.xxx	x.xxx	x.xxx	x.xxx	x.xxx	x.xxx	x.xxx	x.xxx	x.xxx	x.xxx	x.xxx	x.xxx	x.xxx	x.xxx	x.xxx	x.xxx	x.xxx	x.xxx	x.xxx	x.xxx	x.xxx	x.xxx	x.xxx	x.xxx	x.xxx	x.xxx	x.xxx	x.xxx	x.xxx	x.xxx	x.xxx	x.xxx	x.xxx	x.xxx	x.xxx	x.xxx	x.xxx	x.xxx	x.xxx	x.xxx	x.xxx	x.xxx	x.xxx	x.xxx	x.xxx	x.xxx	x.xxx	x.xxx	x.xxx	x.xxx	x.xxx	x.xxx	x.xxx	x.xxx	x.xxx	x.xxx	x.xxx	x.xxx	x.xxx	x.xxx	x.xxx	x.xxx	x.xxx	x.xxx	x.xxx	x.xxx	x.xxx	x.xxx	x.xxx	x.xxx	x.xxx	x.xxx	x.xxx	x.xxx	x.xxx	x.xxx	x.xxx	x.xxx	x.xxx	x.xxx	x.xxx	x.xxx	x.xxx	x.xxx	x.xxx	x.xxx	x.xxx	x.xxx	x.xxx	x.xxx	x.xxx	x.xxx	x.xxx	x.xxx	x.xxx	x.xxx	x.xxx	x.xxx	x.xxx	x.xxx	x.xxx	x.xxx	x.xxx	x.xxx	x.xxx	x.xxx	x.xxx	x.xxx	x.xxx	x.xxx	x.xxx	x.xxx	x.xxx	0.000	0.955	0.977	0.804	0.790	0.339	0.930
206	x.xxx	x.xxx	x.xxx	x.xxx	x.xxx	x.xxx	x.xxx	x.xxx	x.xxx	x.xxx	x.xxx	x.xxx	x.xxx	x.xxx	x.xxx	x.xxx	x.xxx	x.xxx	x.xxx	x.xxx	x.xxx	x.xxx	x.xxx	x.xxx	x.xxx	x.xxx	x.xxx	x.xxx	x.xxx	x.xxx	x.xxx	x.xxx	x.xxx	x.xxx	x.xxx	x.xxx	x.xxx	x.xxx	x.xxx	x.xxx	x.xxx	x.xxx	x.xxx	x.xxx	x.xxx	x.xxx	x.xxx	x.xxx	x.xxx	x.xxx	x.xxx	x.xxx	x.xxx	x.xxx	x.xxx	x.xxx	x.xxx	x.xxx	x.xxx	x.xxx	x.xxx	x.xxx	x.xxx	x.xxx	x.xxx	x.xxx	x.xxx	x.xxx	x.xxx	x.xxx	x.xxx	x.xxx	x.xxx	x.xxx	x.xxx	x.xxx	x.xxx	x.xxx	x.xxx	x.xxx	x.xxx	x.xxx	x.xxx	x.xxx	x.xxx	x.xxx	x.xxx	x.xxx	x.xxx	x.xxx	x.xxx	x.xxx	x.xxx	x.xxx	x.xxx	x.xxx	x.xxx	x.xxx	x.xxx	x.xxx	x.xxx	x.xxx	x.xxx	x.xxx	x.xxx	x.xxx	x.xxx	x.xxx	x.xxx	x.xxx	x.xxx	x.xxx	x.xxx	x.xxx	x.xxx	x.xxx	x.xxx	x.xxx	x.xxx	x.xxx	x.xxx	x.xxx	x.xxx	x.xxx	x.xxx	x.xxx	x.xxx	x.xxx	x.xxx	x.xxx	x.xxx	x.xxx	x.xxx	x.xxx	x.xxx	x.xxx	x.xxx	x.xxx	x.xxx	x.xxx	x.xxx	x.xxx	x.xxx	x.xxx	x.xxx	x.xxx	x.xxx	x.xxx	x.xxx	x.xxx	x.xxx	x.xxx	x.xxx	x.xxx	x.xxx	x.xxx	x.xxx	x.xxx	x.xxx	x.xxx	x.xxx	x.xxx	x.xxx	x.xxx	x.xxx	x.xxx	x.xxx	x.xxx	x.xxx	x.xxx	x.xxx	x.xxx	x.xxx	x.xxx	x.xxx	x.xxx	x.xxx	x.xxx	x.xxx	x.xxx	x.xxx	x.xxx	x.xxx	x.xxx	x.xxx	x.xxx	x.xxx	x.xxx	x.xxx	x.xxx	x.xxx	x.xxx	x.xxx	x.xxx	x.xxx	x.xxx	x.xxx	x.xxx	x.xxx	x.xxx	x.xxx	x.xxx	x.xxx	x.xxx	x.xxx	x.xxx	0.000	0.998	0.937	0.968	0.998	0.982
207	x.xxx	x.xxx	x.xxx	x.xxx	x.xxx	x.xxx	x.xxx	x.xxx	x.xxx	x.xxx	x.xxx	x.xxx	x.xxx	x.xxx	x.xxx	x.xxx	x.xxx	x.xxx	x.xxx	x.xxx	x.xxx	x.xxx	x.xxx	x.xxx	x.xxx	x.xxx	x.xxx	x.xxx	x.xxx	x.xxx	x.xxx	x.xxx	x.xxx	x.xxx	x.xxx	x.xxx	x.xxx	x.xxx	x.xxx	x.xxx	x.xxx	x.xxx	x.xxx	x.xxx	x.xxx	x.xxx	x.xxx	x.xxx	x.xxx	x.xxx	x.xxx	x.xxx	x.xxx	x.xxx	x.xxx	x.xxx	x.xxx	x.xxx	x.xxx	x.xxx	x.xxx	x.xxx	x.xxx	x.xxx	x.xxx	x.xxx	x.xxx	x.xxx	x.xxx	x.xxx	x.xxx	x.xxx	x.xxx	x.xxx	x.xxx	x.xxx	x.xxx	x.xxx	x.xxx	x.xxx	x.xxx	x.xxx	x.xxx	x.xxx	x.xxx	x.xxx	x.xxx	x.xxx	x.xxx	x.xxx	x.xxx	x.xxx	x.xxx	x.xxx	x.xxx	x.xxx	x.xxx	x.xxx	x.xxx	x.xxx	x.xxx	x.xxx	x.xxx	x.xxx	x.xxx	x.xxx	x.xxx	x.xxx	x.xxx	x.xxx	x.xxx	x.xxx	x.xxx	x.xxx	x.xxx	x.xxx	x.xxx	x.xxx	x.xxx	x.xxx	x.xxx	x.xxx	x.xxx	x.xxx	x.xxx	x.xxx	x.xxx	x.xxx	x.xxx	x.xxx	x.xxx	x.xxx	x.xxx	x.xxx	x.xxx	x.xxx	x.xxx	x.xxx	x.xxx	x.xxx	x.xxx	x.xxx	x.xxx	x.xxx	x.xxx	x.xxx	x.xxx	x.xxx	x.xxx	x.xxx	x.xxx	x.xxx	x.xxx	x.xxx	x.xxx	x.xxx	x.xxx	x.xxx	x.xxx	x.xxx	x.xxx	x.xxx	x.xxx	x.xxx	x.xxx	x.xxx	x.xxx	x.xxx	x.xxx	x.xxx	x.xxx	x.xxx	x.xxx	x.xxx	x.xxx	x.xxx	x.xxx	x.xxx	x.xxx	x.xxx	x.xxx	x.xxx	x.xxx	x.xxx	x.xxx	x.xxx	x.xxx	x.xxx	x.xxx	x.xxx	x.xxx	x.xxx	x.xxx	x.xxx	x.xxx	x.xxx	x.xxx	x.xxx	x.xxx	x.xxx	x.xxx	x.xxx	x.xxx	x.xxx	x.xxx	x.xxx	x.xxx	0.000	0.852	0.933	0.981	0.561
208	x.xxx	x.xxx	x.xxx	x.xxx	x.xxx	x.xxx	x.xxx	x.xxx	x.xxx	x.xxx	x.xxx	x.xxx	x.xxx	x.xxx	x.xxx	x.xxx	x.xxx	x.xxx	x.xxx	x.xxx	x.xxx	x.xxx	x.xxx	x.xxx	x.xxx	x.xxx	x.xxx	x.xxx	x.xxx	x.xxx	x.xxx	x.xxx	x.xxx	x.xxx	x.xxx	x.xxx	x.xxx	x.xxx	x.xxx	x.xxx	x.xxx	x.xxx	x.xxx	x.xxx	x.xxx	x.xxx	x.xxx	x.xxx	x.xxx	x.xxx	x.xxx	x.xxx	x.xxx	x.xxx	x.xxx	x.xxx	x.xxx	x.xxx	x.xxx	x.xxx	x.xxx	x.xxx	x.xxx	x.xxx	x.xxx	x.xxx	x.xxx	x.xxx	x.xxx	x.xxx	x.xxx	x.xxx	x.xxx	x.xxx	x.xxx	x.xxx	x.xxx	x.xxx	x.xxx	x.xxx	x.xxx	x.xxx	x.xxx	x.xxx	x.xxx	x.xxx	x.xxx	x.xxx	x.xxx	x.xxx	x.xxx	x.xxx	x.xxx	x.xxx	x.xxx	x.xxx	x.xxx	x.xxx	x.xxx	x.xxx	x.xxx	x.xxx	x.xxx	x.xxx	x.xxx	x.xxx	x.xxx	x.xxx	x.xxx	x.xxx	x.xxx	x.xxx	x.xxx	x.xxx	x.xxx	x.xxx	x.xxx	x.xxx	x.xxx	x.xxx	x.xxx	x.xxx	x.xxx	x.xxx	x.xxx	x.xxx	x.xxx	x.xxx	x.xxx	x.xxx	x.xxx	x.xxx	x.xxx	x.xxx	x.xxx	x.xxx	x.xxx	x.xxx	x.xxx	x.xxx	x.xxx	x.xxx	x.xxx	x.xxx	x.xxx	x.xxx	x.xxx	x.xxx	x.xxx	x.xxx	x.xxx	x.xxx	x.xxx	x.xxx	x.xxx	x.xxx	x.xxx	x.xxx	x.xxx	x.xxx	x.xxx	x.xxx	x.xxx	x.xxx	x.xxx	x.xxx	x.xxx	x.xxx	x.xxx	x.xxx	x.xxx	x.xxx	x.xxx	x.xxx	x.xxx	x.xxx	x.xxx	x.xxx	x.xxx	x.xxx	x.xxx	x.xxx	x.xxx	x.xxx	x.xxx	x.xxx	x.xxx	x.xxx	x.xxx	x.xxx	x.xxx	x.xxx	x.xxx	x.xxx	x.xxx	x.xxx	x.xxx	x.xxx	x.xxx	x.xxx	x.xxx	x.xxx	x.xxx	x.xxx	x.xxx	x.xxx	x.xxx	x.xxx	0.000	0.691	0.862	0.871
209	x.xxx	x.xxx	x.xxx	x.xxx	x.xxx	x.xxx	x.xxx	x.xxx	x.xxx	x.xxx	x.xxx	x.xxx	x.xxx	x.xxx	x.xxx	x.xxx	x.xxx	x.xxx	x.xxx	x.xxx	x.xxx	x.xxx	x.xxx	x.xxx	x.xxx	x.xxx	x.xxx	x.xxx	x.xxx	x.xxx	x.xxx	x.xxx	x.xxx	x.xxx	x.xxx	x.xxx	x.xxx	x.xxx	x.xxx	x.xxx	x.xxx	x.xxx	x.xxx	x.xxx	x.xxx	x.xxx	x.xxx	x.xxx	x.xxx	x.xxx	x.xxx	x.xxx	x.xxx	x.xxx	x.xxx	x.xxx	x.xxx	x.xxx	x.xxx	x.xxx	x.xxx	x.xxx	x.xxx	x.xxx	x.xxx	x.xxx	x.xxx	x.xxx	x.xxx	x.xxx	x.xxx	x.xxx	x.xxx	x.xxx	x.xxx	x.xxx	x.xxx	x.xxx	x.xxx	x.xxx	x.xxx	x.xxx	x.xxx	x.xxx	x.xxx	x.xxx	x.xxx	x.xxx	x.xxx	x.xxx	x.xxx	x.xxx	x.xxx	x.xxx	x.xxx	x.xxx	x.xxx	x.xxx	x.xxx	x.xxx	x.xxx	x.xxx	x.xxx	x.xxx	x.xxx	x.xxx	x.xxx	x.xxx	x.xxx	x.xxx	x.xxx	x.xxx	x.xxx	x.xxx	x.xxx	x.xxx	x.xxx	x.xxx	x.xxx	x.xxx	x.xxx	x.xxx	x.xxx	x.xxx	x.xxx	x.xxx	x.xxx	x.xxx	x.xxx	x.xxx	x.xxx	x.xxx	x.xxx	x.xxx	x.xxx	x.xxx	x.xxx	x.xxx	x.xxx	x.xxx	x.xxx	x.xxx	x.xxx	x.xxx	x.xxx	x.xxx	x.xxx	x.xxx	x.xxx	x.xxx	x.xxx	x.xxx	x.xxx	x.xxx	x.xxx	x.xxx	x.xxx	x.xxx	x.xxx	x.xxx	x.xxx	x.xxx	x.xxx	x.xxx	x.xxx	x.xxx	x.xxx	x.xxx	x.xxx	x.xxx	x.xxx	x.xxx	x.xxx	x.xxx	x.xxx	x.xxx	x.xxx	x.xxx	x.xxx	x.xxx	x.xxx	x.xxx	x.xxx	x.xxx	x.xxx	x.xxx	x.xxx	x.xxx	x.xxx	x.xxx	x.xxx	x.xxx	x.xxx	x.xxx	x.xxx	x.xxx	x.xxx	x.xxx	x.xxx	x.xxx	x.xxx	x.xxx	x.xxx	x.xxx	x.xxx	x.xxx	x.xxx	x.xxx	x.xxx	0.000	0.815	0.835
210	x.xxx	x.xxx	x.xxx	x.xxx	x.xxx	x.xxx	x.xxx	x.xxx	x.xxx	x.xxx	x.xxx	x.xxx	x.xxx	x.xxx	x.xxx	x.xxx	x.xxx	x.xxx	x.xxx	x.xxx	x.xxx	x.xxx	x.xxx	x.xxx	x.xxx	x.xxx	x.xxx	x.xxx	x.xxx	x.xxx	x.xxx	x.xxx	x.xxx	x.xxx	x.xxx	x.xxx	x.xxx	x.xxx	x.xxx	x.xxx	x.xxx	x.xxx	x.xxx	x.xxx	x.xxx	x.xxx	x.xxx	x.xxx	x.xxx	x.xxx	x.xxx	x.xxx	x.xxx	x.xxx	x.xxx	x.xxx	x.xxx	x.xxx	x.xxx	x.xxx	x.xxx	x.xxx	x.xxx	x.xxx	x.xxx	x.xxx	x.xxx	x.xxx	x.xxx	x.xxx	x.xxx	x.xxx	x.xxx	x.xxx	x.xxx	x.xxx	x.xxx	x.xxx	x.xxx	x.xxx	x.xxx	x.xxx	x.xxx	x.xxx	x.xxx	x.xxx	x.xxx	x.xxx	x.xxx	x.xxx	x.xxx	x.xxx	x.xxx	x.xxx	x.xxx	x.xxx	x.xxx	x.xxx	x.xxx	x.xxx	x.xxx	x.xxx	x.xxx	x.xxx	x.xxx	x.xxx	x.xxx	x.xxx	x.xxx	x.xxx	x.xxx	x.xxx	x.xxx	x.xxx	x.xxx	x.xxx	x.xxx	x.xxx	x.xxx	x.xxx	x.xxx	x.xxx	x.xxx	x.xxx	x.xxx	x.xxx	x.xxx	x.xxx	x.xxx	x.xxx	x.xxx	x.xxx	x.xxx	x.xxx	x.xxx	x.xxx	x.xxx	x.xxx	x.xxx	x.xxx	x.xxx	x.xxx	x.xxx	x.xxx	x.xxx	x.xxx	x.xxx	x.xxx	x.xxx	x.xxx	x.xxx	x.xxx	x.xxx	x.xxx	x.xxx	x.xxx	x.xxx	x.xxx	x.xxx	x.xxx	x.xxx	x.xxx	x.xxx	x.xxx	x.xxx	x.xxx	x.xxx	x.xxx	x.xxx	x.xxx	x.xxx	x.xxx	x.xxx	x.xxx	x.xxx	x.xxx	x.xxx	x.xxx	x.xxx	x.xxx	x.xxx	x.xxx	x.xxx	x.xxx	x.xxx	x.xxx	x.xxx	x.xxx	x.xxx	x.xxx	x.xxx	x.xxx	x.xxx	x.xxx	x.xxx	x.xxx	x.xxx	x.xxx	x.xxx	x.xxx	x.xxx	x.xxx	x.xxx	x.xxx	x.xxx	x.xxx	x.xxx	x.xxx	x.xxx	x.xxx	0.000	0.964
211	x.xxx	x.xxx	x.xxx	x.xxx	x.xxx	x.xxx	x.xxx	x.xxx	x.xxx	x.xxx	x.xxx	x.xxx	x.xxx	x.xxx	x.xxx	x.xxx	x.xxx	x.xxx	x.xxx	x.xxx	x.xxx	x.xxx	x.xxx	x.xxx	x.xxx	x.xxx	x.xxx	x.xxx	x.xxx	x.xxx	x.xxx	x.xxx	x.xxx	x.xxx	x.xxx	x.xxx	x.xxx	x.xxx	x.xxx	x.xxx	x.xxx	x.xxx	x.xxx	x.xxx	x.xxx	x.xxx	x.xxx	x.xxx	x.xxx	x.xxx	x.xxx	x.xxx	x.xxx	x.xxx	x.xxx	x.xxx	x.xxx	x.xxx	x.xxx	x.xxx	x.xxx	x.xxx	x.xxx	x.xxx	x.xxx	x.xxx	x.xxx	x.xxx	x.xxx	x.xxx	x.xxx	x.xxx	x.xxx	x.xxx	x.xxx	x.xxx	x.xxx	x.xxx	x.xxx	x.xxx	x.xxx	x.xxx	x.xxx	x.xxx	x.xxx	x.xxx	x.xxx	x.xxx	x.xxx	x.xxx	x.xxx	x.xxx	x.xxx	x.xxx	x.xxx	x.xxx	x.xxx	x.xxx	x.xxx	x.xxx	x.xxx	x.xxx	x.xxx	x.xxx	x.xxx	x.xxx	x.xxx	x.xxx	x.xxx	x.xxx	x.xxx	x.xxx	x.xxx	x.xxx	x.xxx	x.xxx	x.xxx	x.xxx	x.xxx	x.xxx	x.xxx	x.xxx	x.xxx	x.xxx	x.xxx	x.xxx	x.xxx	x.xxx	x.xxx	x.xxx	x.xxx	x.xxx	x.xxx	x.xxx	x.xxx	x.xxx	x.xxx	x.xxx	x.xxx	x.xxx	x.xxx	x.xxx	x.xxx	x.xxx	x.xxx	x.xxx	x.xxx	x.xxx	x.xxx	x.xxx	x.xxx	x.xxx	x.xxx	x.xxx	x.xxx	x.xxx	x.xxx	x.xxx	x.xxx	x.xxx	x.xxx	x.xxx	x.xxx	x.xxx	x.xxx	x.xxx	x.xxx	x.xxx	x.xxx	x.xxx	x.xxx	x.xxx	x.xxx	x.xxx	x.xxx	x.xxx	x.xxx	x.xxx	x.xxx	x.xxx	x.xxx	x.xxx	x.xxx	x.xxx	x.xxx	x.xxx	x.xxx	x.xxx	x.xxx	x.xxx	x.xxx	x.xxx	x.xxx	x.xxx	x.xxx	x.xxx	x.xxx	x.xxx	x.xxx	x.xxx	x.xxx	x.xxx	x.xxx	x.xxx	x.xxx	x.xxx	x.xxx	x.xxx	x.xxx	x.xxx	x.xxx	0.000
