sample,contig,mge(s),species,type_resistance,AMR,infos_amr,short_name,WHO_classif,coverage,count,mean_length,rpkm
ERR11865276,NODE_618_length_2851_cov_2.745228,gene:plasmid:117290,Leuconostoc mesenteroides,Drugs,Aminoglycosides,Aminoglycoside-resistant_16S_ribosomal_subunit_protein,A16S,CIA,2.745228,1939926,148.68412661101505933731,9.51763
ERR11865278,NODE_532_length_5121_cov_3.178815,gene:plasmid:139560,Leuconostoc mesenteroides,Drugs,Aminoglycosides,Aminoglycoside-resistant_16S_ribosomal_subunit_protein,A16S,CIA,3.178815,2493731,146.13295740398623588510,8.72303
ERR11865278,NODE_532_length_5121_cov_3.178815,gene:plasmid:139560,Leuconostoc mesenteroides,Drugs,Oxazolidinone,Oxazolidinone-resistant_23S_rRNA_mutation,O23S,Authorized for use in humans only,3.178815,2493731,146.13295740398623588510,8.72303
ERR11865278,NODE_568_length_4813_cov_10.290653,gene:plasmid:139560;gene:plasmid:131185,Acetobacter orientalis,Drugs,Aminoglycosides,Aminoglycoside-resistant_16S_ribosomal_subunit_protein,A16S,CIA,10.290653,2493731,146.13295740398623588510,28.2387
ERR11865284,NODE_166_length_9815_cov_3.523121,gene:plasmid:117290,Leuconostoc mesenteroides,Drugs,Aminoglycosides,Aminoglycoside-resistant_16S_ribosomal_subunit_protein,A16S,CIA,3.523121,1530862,147.83613676477696879274,15.5672
ERR11865286,NODE_2_length_57893_cov_3.452498,gene:plasmid:131182,Leuconostoc mesenteroides,Drugs,Aminoglycosides,Aminoglycoside-resistant_16S_ribosomal_subunit_protein,A16S,CIA,3.452498,2246899,148.14358010751707130583,10.3721
ERR11865286,NODE_2_length_57893_cov_3.452498,gene:plasmid:131182,Leuconostoc mesenteroides,Drugs,Oxazolidinone,Oxazolidinone-resistant_23S_rRNA_mutation,O23S,Authorized for use in humans only,3.452498,2246899,148.14358010751707130583,10.3721
ERR11865288,NODE_281_length_4144_cov_1.973861,gene:plasmid:139560,Leuconostoc mesenteroides,Drugs,Aminoglycosides,Aminoglycoside-resistant_16S_ribosomal_subunit_protein,A16S,CIA,1.973861,1685420,149.50812557107427228821,7.83328
ERR11865288,NODE_2_length_164853_cov_24.453153,ICEberg|404|Tn5301|GenBank|S54034|1..515,Lactococcus cremoris,Drugs,Multi-drug_resistance,Multi-drug_ABC_efflux_pumps,LMRD,HIA,24.453153,1685420,149.50812557107427228821,97.0425
ERR11865290,NODE_1427_length_2415_cov_5.556818,gene:plasmid:139560,Leuconostoc mesenteroides,Drugs,Aminoglycosides,Aminoglycoside-resistant_16S_ribosomal_subunit_protein,A16S,CIA,5.556818,2315434,149.17973649864345086061,16.0873
ERR11865290,NODE_1_length_164133_cov_29.451575,ICEberg|404|Tn5301|GenBank|S54034|1..515,Lactococcus cremoris,Drugs,Multi-drug_resistance,Multi-drug_ABC_efflux_pumps,LMRD,HIA,29.451575,2315434,149.17973649864345086061,85.2641
ERR11865292,NODE_32_length_47486_cov_3.195908,gene:plasmid:123887,Escherichia coli,Drugs,Rifampin,Rifampin-resistant_beta-subunit_of_RNA_polymerase_RpoB,RPOB,CIA,3.195908,892730,149.12388516124696156732,24.0064
ERR11865292,NODE_32_length_47486_cov_3.195908,gene:plasmid:123887,Pseudomonas helleri,Drugs,Rifampin,Rifampin-resistant_beta-subunit_of_RNA_polymerase_RpoB,RPOB,CIA,3.195908,892730,149.12388516124696156732,24.0064
ERR11865292,NODE_4_length_85389_cov_2.866048,gene:plasmid:124575,Pseudomonas helleri,Multi-compound,Biocide_and_metal_resistance,Biocide_and_metal_resistance_protein,RUVB,0,2.866048,892730,149.12388516124696156732,21.5286
ERR11865292,NODE_252_length_11150_cov_2.269709,gene:proph:184195;gene:proph:184194,Pseudomonas helleri,Biocides,Multi-biocide_resistance,Multi-biocide_RND_efflux_pump,EMHB,0,2.269709,892730,149.12388516124696156732,17.0492
ERR11865292,NODE_252_length_11150_cov_2.269709,gene:proph:184195;gene:proph:184194,Pseudomonas helleri,Multi-compound,Drug_and_biocide_resistance,Drug_and_biocide_RND_efflux_pumps,EMHC,0,2.269709,892730,149.12388516124696156732,17.0492
ERR11865294,NODE_162_length_15117_cov_1.687392,gene:plasmid:123887,Acinetobacter sp. TTH0-4,Drugs,Rifampin,Rifampin-resistant_beta-subunit_of_RNA_polymerase_RpoB,RPOB,CIA,1.687392,1931945,148.66013421707139696005,5.87525
ERR11865294,NODE_485_length_7181_cov_1.282535,gene:plasmid:89528,Pseudomonas helleri,Drugs,Multi-drug_resistance,Multi-drug_RND_efflux_pumps,OPMH,NA,1.282535,1931945,148.66013421707139696005,4.4656
ERR11865294,NODE_270_length_11115_cov_1.055970,gene:proph:184195;gene:proph:184194,Pseudomonas helleri,Biocides,Multi-biocide_resistance,Multi-biocide_RND_efflux_pump,EMHB,0,1.055970,1931945,148.66013421707139696005,3.67673
ERR11865294,NODE_270_length_11115_cov_1.055970,gene:proph:184195;gene:proph:184194,Pseudomonas helleri,Multi-compound,Drug_and_biocide_resistance,Drug_and_biocide_RND_efflux_pumps,EMHC,0,1.055970,1931945,148.66013421707139696005,3.67673
ERR11865294,NODE_9_length_81020_cov_8.649228,ICEberg|404|Tn5301|GenBank|S54034|1..515,Lactococcus cremoris,Drugs,Multi-drug_resistance,Multi-drug_ABC_efflux_pumps,LMRD,HIA,8.649228,1931945,148.66013421707139696005,30.1154
ERR11865296,NODE_189_length_8252_cov_2.815015,gene:plasmid:131373,Leuconostoc mesenteroides,Drugs,Aminoglycosides,Aminoglycoside-resistant_16S_ribosomal_subunit_protein,A16S,CIA,2.815015,1504784,149.13345902136120532913,12.5439
ERR11865296,NODE_189_length_8252_cov_2.815015,gene:plasmid:131373,Leuconostoc mesenteroides,Drugs,Oxazolidinone,Oxazolidinone-resistant_23S_rRNA_mutation,O23S,Authorized for use in humans only,2.815015,1504784,149.13345902136120532913,12.5439
ERR11865296,NODE_226_length_6615_cov_2.165228,gene:plasmid:139560;gene:plasmid:117293,Acetobacter ghanensis,Drugs,MLS,Macrolide-resistant_23S_rRNA_mutation,MLS23S,CIA ?,2.165228,1504784,149.13345902136120532913,9.64838
ERR11865296,NODE_226_length_6615_cov_2.165228,gene:plasmid:139560;gene:plasmid:117293,Acetobacter ghanensis,Drugs,Aminoglycosides,Aminoglycoside-resistant_16S_ribosomal_subunit_protein,A16S,CIA,2.165228,1504784,149.13345902136120532913,9.64838
ERR11865296,NODE_5_length_65696_cov_17.842654,gene:vir:1131;gene:proph:162945;gene:proph:162923;gene:proph:163023;gene:proph:183081;gene:vir:3400;gene:proph:162961;gene:proph:162946;gene:proph:162929;gene:vir:3406;gene:vir:3407;gene:proph:183063;gene:proph:162928;gene:proph:183065;gene:proph:184310,Lactococcus lactis,Drugs,Multi-drug_resistance,Multi-drug_ABC_efflux_pumps,LMRD,HIA,17.842654,1504784,149.13345902136120532913,79.5079
ERR11865298,NODE_817_length_4709_cov_12.291139,gene:plasmid:139560,Acetobacter ghanensis,Drugs,Aminoglycosides,Aminoglycoside-resistant_16S_ribosomal_subunit_protein,A16S,CIA,12.291139,2149102,146.00770461336874657415,39.1705
ERR11865298,NODE_817_length_4709_cov_12.291139,gene:plasmid:139560,Leuconostoc mesenteroides,Drugs,Oxazolidinone,Oxazolidinone-resistant_23S_rRNA_mutation,O23S,Authorized for use in humans only,12.291139,2149102,146.00770461336874657415,39.1705
ERR11865298,NODE_147_length_18254_cov_11.336956,gene:proph:163023;gene:proph:183081;gene:proph:183055;gene:proph:162961;gene:proph:162946;gene:proph:162929;gene:vir:3406;gene:proph:183062;gene:proph:183063;gene:proph:162928;gene:proph:183065;gene:proph:184310,Lactococcus lactis,Drugs,Multi-drug_resistance,Multi-drug_ABC_efflux_pumps,LMRD,HIA,11.336956,2149102,146.00770461336874657415,36.1296
ERR11865300,NODE_2_length_164852_cov_20.778340,ICEberg|404|Tn5301|GenBank|S54034|1..515,Lactococcus cremoris,Drugs,Multi-drug_resistance,Multi-drug_ABC_efflux_pumps,LMRD,HIA,20.778340,1411142,149.45082139146875367610,98.524
ERR11865302,NODE_125_length_15826_cov_2.729792,gene:plasmid:139560,Acetobacter ghanensis,Drugs,Aminoglycosides,Aminoglycoside-resistant_16S_ribosomal_subunit_protein,A16S,CIA,2.729792,2301047,149.33409356697190452867,7.94411
ERR11865302,NODE_2_length_164852_cov_32.423834,ICEberg|404|Tn5301|GenBank|S54034|1..515,Lactococcus cremoris,Drugs,Multi-drug_resistance,Multi-drug_ABC_efflux_pumps,LMRD,HIA,32.423834,2301047,149.33409356697190452867,94.3583
ERR11865304,NODE_371_length_6994_cov_1.922528,gene:plasmid:139560;gene:plasmid:131185,Acetobacter orientalis,Drugs,MLS,Macrolide-resistant_23S_rRNA_mutation,MLS23S,CIA ?,1.922528,1329257,148.79368925647937155869,9.72029
ERR11865304,NODE_371_length_6994_cov_1.922528,gene:plasmid:139560;gene:plasmid:131185,other,Drugs,Aminoglycosides,Aminoglycoside-resistant_16S_ribosomal_subunit_protein,A16S,CIA,1.922528,1329257,148.79368925647937155869,9.72029
ERR11865305,NODE_244_length_6807_cov_1.805240,gene:plasmid:139560;gene:plasmid:117293,Acetobacter oryzifermentans,Drugs,MLS,Macrolide-resistant_23S_rRNA_mutation,MLS23S,CIA ?,1.805240,1814503,149.25995658315252165469,6.66552
ERR11865305,NODE_244_length_6807_cov_1.805240,gene:plasmid:139560;gene:plasmid:117293,other,Drugs,Aminoglycosides,Aminoglycoside-resistant_16S_ribosomal_subunit_protein,A16S,CIA,1.805240,1814503,149.25995658315252165469,6.66552
ERR11865306,NODE_328_length_8778_cov_4.689284,gene:plasmid:139560;gene:plasmid:131185,Acetobacter ghanensis,Drugs,MLS,Macrolide-resistant_23S_rRNA_mutation,MLS23S,CIA ?,4.689284,1937505,149.33746287106355854565,16.2067
ERR11865306,NODE_328_length_8778_cov_4.689284,gene:plasmid:139560;gene:plasmid:131185,other,Drugs,MLS,Macrolide-resistant_23S_rRNA_mutation,MLS23S,CIA ?,4.689284,1937505,149.33746287106355854565,16.2067
ERR11865307,NODE_2_length_164045_cov_24.977824,gene:plasmid:135980;gene:plasmid:135959,Lactococcus lactis,Drugs,Multi-drug_resistance,Multi-drug_ABC_efflux_pumps,LMRD,HIA,24.977824,2152089,148.65527355048977993010,78.0754
ERR11865307,NODE_76_length_20435_cov_2.738280,gene:plasmid:139560;gene:plasmid:117293,Acetobacter orientalis,Drugs,MLS,Macrolide-resistant_23S_rRNA_mutation,MLS23S,CIA ?,2.738280,2152089,148.65527355048977993010,8.55928
ERR11865307,NODE_76_length_20435_cov_2.738280,gene:plasmid:139560;gene:plasmid:117293,Acetobacter oryzifermentans,Drugs,Aminoglycosides,Aminoglycoside-resistant_16S_ribosomal_subunit_protein,A16S,CIA,2.738280,2152089,148.65527355048977993010,8.55928
ERR11865308,NODE_203_length_5382_cov_1.965937,gene:plasmid:131182,Leuconostoc mesenteroides,Drugs,Oxazolidinone,Oxazolidinone-resistant_23S_rRNA_mutation,O23S,Authorized for use in humans only,1.965937,1916613,149.52816922352086727993,6.85981
ERR11865308,NODE_331_length_2954_cov_1.169438,gene:plasmid:131185,Acetobacter okinawensis,Drugs,MLS,Macrolide-resistant_23S_rRNA_mutation,MLS23S,CIA ?,1.169438,1916613,149.52816922352086727993,4.08056
ERR11865308,NODE_2_length_164852_cov_30.449713,ICEberg|404|Tn5301|GenBank|S54034|1..515,Lactococcus cremoris,Drugs,Multi-drug_resistance,Multi-drug_ABC_efflux_pumps,LMRD,HIA,30.449713,1916613,149.52816922352086727993,106.249
ERR11865310,NODE_402_length_4775_cov_1.873494,gene:plasmid:131373,Leuconostoc mesenteroides,Drugs,Aminoglycosides,Aminoglycoside-resistant_16S_ribosomal_subunit_protein,A16S,CIA,1.873494,2368028,148.78186364350421532177,5.3176
ERR11865310,NODE_402_length_4775_cov_1.873494,gene:plasmid:131373,Leuconostoc mesenteroides,Drugs,Oxazolidinone,Oxazolidinone-resistant_23S_rRNA_mutation,O23S,Authorized for use in humans only,1.873494,2368028,148.78186364350421532177,5.3176
ERR11865310,NODE_30_length_54006_cov_2.303718,gene:plasmid:138875;gene:plasmid:139560;gene:plasmid:131185,Acetobacter orientalis,Drugs,MLS,Macrolide-resistant_23S_rRNA_mutation,MLS23S,CIA ?,2.303718,2368028,148.78186364350421532177,6.53872
ERR11865310,NODE_30_length_54006_cov_2.303718,gene:plasmid:138875;gene:plasmid:139560;gene:plasmid:131185,Acetobacter orientalis,Drugs,Aminoglycosides,Aminoglycoside-resistant_16S_ribosomal_subunit_protein,A16S,CIA,2.303718,2368028,148.78186364350421532177,6.53872
ERR11865310,NODE_347_length_5849_cov_4.253932,gene:plasmid:139560,Acetobacter ghanensis,Drugs,MLS,Macrolide-resistant_23S_rRNA_mutation,MLS23S,CIA ?,4.253932,2368028,148.78186364350421532177,12.0741
ERR11865310,NODE_2_length_164868_cov_30.231916,ICEberg|404|Tn5301|GenBank|S54034|1..515,Lactococcus cremoris,Drugs,Multi-drug_resistance,Multi-drug_ABC_efflux_pumps,LMRD,HIA,30.231916,2368028,148.78186364350421532177,85.8082
ERR11865312,NODE_156_length_2751_cov_0.762957,gene:plasmid:131185,Pseudomonas helleri,Drugs,MLS,Macrolide-resistant_23S_rRNA_mutation,MLS23S,CIA ?,0.762957,1768399,147.49160002917893529684,2.92518
ERR11865312,NODE_2_length_164853_cov_28.547491,ICEberg|404|Tn5301|GenBank|S54034|1..515,Lactococcus cremoris,Drugs,Multi-drug_resistance,Multi-drug_ABC_efflux_pumps,LMRD,HIA,28.547491,1768399,147.49160002917893529684,109.451
ERR11865314,NODE_231_length_7128_cov_5.281531,gene:plasmid:139560;gene:plasmid:131185,Acetobacter orientalis,Drugs,MLS,Macrolide-resistant_23S_rRNA_mutation,MLS23S,CIA ?,5.281531,2584341,146.56925343830400090390,13.9434
ERR11865314,NODE_231_length_7128_cov_5.281531,gene:plasmid:139560;gene:plasmid:131185,Acetobacter orientalis,Drugs,Oxazolidinone,Oxazolidinone-resistant_23S_rRNA_mutation,O23S,Authorized for use in humans only,5.281531,2584341,146.56925343830400090390,13.9434
ERR11865316,NODE_707_length_3994_cov_1.186967,gene:plasmid:139560,Acetobacter orientalis,Drugs,MLS,Macrolide-resistant_23S_rRNA_mutation,MLS23S,CIA ?,1.186967,1045111,149.30068767815093325015,7.60702
ERR11865318,NODE_663_length_4550_cov_8.597558,gene:plasmid:139560;gene:plasmid:131376,Acetobacter orientalis,Drugs,Aminoglycosides,Aminoglycoside-resistant_16S_ribosomal_subunit_protein,A16S,CIA,8.597558,2080456,148.76493470662200979016,27.779
ERR11865322,NODE_233_length_15139_cov_1.698774,gene:plasmid:123887,Escherichia coli,Drugs,Rifampin,Rifampin-resistant_beta-subunit_of_RNA_polymerase_RpoB,RPOB,CIA,1.698774,2180727,148.94172768989424169095,5.2302
ERR11865322,NODE_1_length_78408_cov_1.842491,gene:plasmid:124575,Pseudomonas helleri,Multi-compound,Biocide_and_metal_resistance,Biocide_and_metal_resistance_protein,RUVB,0,1.842491,2180727,148.94172768989424169095,5.67267
ERR11865322,NODE_731_length_5784_cov_3.541630,gene:plasmid:139560;gene:plasmid:117293,Acetobacter ghanensis,Drugs,MLS,Macrolide-resistant_23S_rRNA_mutation,MLS23S,CIA ?,3.541630,2180727,148.94172768989424169095,10.904
ERR11865322,NODE_731_length_5784_cov_3.541630,gene:plasmid:139560;gene:plasmid:117293,Acetobacter ghanensis,Drugs,Aminoglycosides,Aminoglycoside-resistant_16S_ribosomal_subunit_protein,A16S,CIA,3.541630,2180727,148.94172768989424169095,10.904
ERR11865322,NODE_799_length_5245_cov_1.707698,gene:plasmid:89528,Pseudomonas helleri,Drugs,Multi-drug_resistance,Multi-drug_RND_efflux_pumps,OPMH,NA,1.707698,2180727,148.94172768989424169095,5.25767
ERR11865322,NODE_334_length_11128_cov_1.478684,gene:proph:184195;gene:proph:184194,Pseudomonas helleri,Biocides,Multi-biocide_resistance,Multi-biocide_RND_efflux_pump,EMHB,0,1.478684,2180727,148.94172768989424169095,4.55258
ERR11865322,NODE_334_length_11128_cov_1.478684,gene:proph:184195;gene:proph:184194,Pseudomonas helleri,Multi-compound,Drug_and_biocide_resistance,Drug_and_biocide_RND_efflux_pumps,EMHC,0,1.478684,2180727,148.94172768989424169095,4.55258
ERR11865324,NODE_20_length_78217_cov_3.312883,gene:plasmid:124575,Pseudomonas helleri,Multi-compound,Biocide_and_metal_resistance,Biocide_and_metal_resistance_protein,RUVB,0,3.312883,1225786,148.94868517016836544062,18.1449
ERR11865324,NODE_7_length_126143_cov_2.307175,gene:plasmid:21021;gene:proph:184236;gene:proph:175950;gene:proph:175953;gene:proph:175954;gene:proph:175955;gene:proph:184195;gene:proph:184194,Pseudomonas lundensis,Biocides,Multi-biocide_resistance,Multi-biocide_RND_efflux_pump,EMHB,0,2.307175,1225786,148.94868517016836544062,12.6366
ERR11865324,NODE_7_length_126143_cov_2.307175,gene:plasmid:21021;gene:proph:184236;gene:proph:175950;gene:proph:175953;gene:proph:175954;gene:proph:175955;gene:proph:184195;gene:proph:184194,Pseudomonas lundensis,Multi-compound,Drug_and_biocide_resistance,Drug_and_biocide_RND_efflux_pumps,EMHC,0,2.307175,1225786,148.94868517016836544062,12.6366
ERR11865324,NODE_7_length_126143_cov_2.307175,gene:plasmid:21021;gene:proph:184236;gene:proph:175950;gene:proph:175953;gene:proph:175954;gene:proph:175955;gene:proph:184195;gene:proph:184194,Pseudomonas lundensis,Biocides,Peroxide_resistance,peroxide_resistance_protein,SODB,0,2.307175,1225786,148.94868517016836544062,12.6366
ERR11865324,NODE_154_length_28361_cov_3.113622,gene:plasmid:89528,Pseudomonas helleri,Drugs,Multi-drug_resistance,Multi-drug_RND_efflux_pumps,OPMH,NA,3.113622,1225786,148.94868517016836544062,17.0535
ERR11865324,NODE_154_length_28361_cov_3.113622,gene:plasmid:89528,Pseudomonas helleri,Drugs,Multi-drug_resistance,Multi-drug_RND_efflux_pumps,OPMH,NA,3.113622,1225786,148.94868517016836544062,17.0535
ERR11865324,NODE_154_length_28361_cov_3.113622,gene:plasmid:89528,Pseudomonas helleri,Drugs,Fluoroquinolones,Fluoroquinolone-resistant_DNA_topoisomerases,PARC,HPCIA,3.113622,1225786,148.94868517016836544062,17.0535
ERR11865324,NODE_377_length_11107_cov_2.280601,gene:proph:184195;gene:proph:184194,Pseudomonas helleri,Biocides,Multi-biocide_resistance,Multi-biocide_RND_efflux_pump,EMHB,0,2.280601,1225786,148.94868517016836544062,12.491
ERR11865324,NODE_377_length_11107_cov_2.280601,gene:proph:184195;gene:proph:184194,Pseudomonas helleri,Multi-compound,Drug_and_biocide_resistance,Drug_and_biocide_RND_efflux_pumps,EMHC,0,2.280601,1225786,148.94868517016836544062,12.491
ERR11865326,NODE_240_length_15493_cov_2.225303,gene:plasmid:123887,Citrobacter freundii,Drugs,Rifampin,Rifampin-resistant_beta-subunit_of_RNA_polymerase_RpoB,RPOB,CIA,2.225303,2457326,148.27411218535920752883,6.10747
ERR11865326,NODE_13_length_85350_cov_2.824437,gene:plasmid:124575,Pseudomonas helleri,Multi-compound,Biocide_and_metal_resistance,Biocide_and_metal_resistance_protein,RUVB,0,2.824437,2457326,148.27411218535920752883,7.75182
ERR11865326,NODE_514_length_5279_cov_1.271157,gene:plasmid:131373,Leuconostoc mesenteroides,Drugs,Oxazolidinone,Oxazolidinone-resistant_23S_rRNA_mutation,O23S,Authorized for use in humans only,1.271157,2457326,148.27411218535920752883,3.48876
ERR11865326,NODE_74_length_37582_cov_1.640315,gene:plasmid:85748,Pseudomonas helleri,Multi-compound,Drug_and_biocide_resistance,Drug_and_biocide_RND_efflux_pumps,MEXE,HPCIA,1.640315,2457326,148.27411218535920752883,4.50193
ERR11865326,NODE_74_length_37582_cov_1.640315,gene:plasmid:85748,Pseudomonas helleri,Multi-compound,Drug_and_biocide_resistance,Drug_and_biocide_RND_efflux_pumps,MEXF,HPCIA,1.640315,2457326,148.27411218535920752883,4.50193
ERR11865326,NODE_94_length_33288_cov_2.705166,gene:plasmid:89528,Pseudomonas helleri,Drugs,Aminocoumarins,Aminocoumarin-resistant_DNA_topoisomerases,PARE,Not medically important,2.705166,2457326,148.27411218535920752883,7.42448
ERR11865326,NODE_94_length_33288_cov_2.705166,gene:plasmid:89528,Pseudomonas helleri,Drugs,Multi-drug_resistance,Multi-drug_RND_efflux_pumps,OPMH,NA,2.705166,2457326,148.27411218535920752883,7.42448
ERR11865326,NODE_94_length_33288_cov_2.705166,gene:plasmid:89528,Pseudomonas helleri,Drugs,Fluoroquinolones,Fluoroquinolone-resistant_DNA_topoisomerases,PARC,HPCIA,2.705166,2457326,148.27411218535920752883,7.42448
ERR11865326,NODE_300_length_11199_cov_2.389812,gene:proph:184195;gene:proph:184194,Pseudomonas helleri,Biocides,Multi-biocide_resistance,Multi-biocide_RND_efflux_pump,EMHB,0,2.389812,2457326,148.27411218535920752883,6.55897
ERR11865326,NODE_300_length_11199_cov_2.389812,gene:proph:184195;gene:proph:184194,Pseudomonas helleri,Multi-compound,Drug_and_biocide_resistance,Drug_and_biocide_RND_efflux_pumps,EMHC,0,2.389812,2457326,148.27411218535920752883,6.55897
ERR11865326,NODE_2_length_123987_cov_30.665703,ICEberg|404|Tn5301|GenBank|S54034|1..515,Lactococcus cremoris,Drugs,Multi-drug_resistance,Multi-drug_ABC_efflux_pumps,LMRD,HIA,30.665703,2457326,148.27411218535920752883,84.1637
ERR11865328,NODE_489_length_4262_cov_2.107134,gene:plasmid:10524;gene:plasmid:10528,Acinetobacter lwoffii,Drugs,Aminoglycosides,Aminoglycoside_O-nucleotidyltransferases,ANT3-DPRIME,CIA,2.107134,535869,148.19435906910084367634,26.5339
ERR11865328,NODE_133_length_8568_cov_0.938277,gene:plasmid:123887,Citrobacter freundii,Drugs,Rifampin,Rifampin-resistant_beta-subunit_of_RNA_polymerase_RpoB,RPOB,CIA,0.938277,535869,148.19435906910084367634,11.8152
ERR11865328,NODE_263_length_5984_cov_1.051562,gene:plasmid:89528,Pseudomonas helleri,Drugs,Aminocoumarins,Aminocoumarin-resistant_DNA_topoisomerases,PARE,Not medically important,1.051562,535869,148.19435906910084367634,13.2417
ERR11865332,NODE_408_length_8085_cov_1.637095,gene:plasmid:123887,Pseudomonas helleri,Drugs,Rifampin,Rifampin-resistant_beta-subunit_of_RNA_polymerase_RpoB,RPOB,CIA,1.637095,790544,147.96498993098423364164,13.9955
ERR11865332,NODE_2_length_75982_cov_1.580291,gene:plasmid:124575,Pseudomonas helleri,Multi-compound,Biocide_and_metal_resistance,Biocide_and_metal_resistance_protein,RUVB,0,1.580291,790544,147.96498993098423364164,13.5099
ERR11865332,NODE_113_length_17412_cov_1.174313,gene:proph:184195;gene:proph:184194,Pseudomonas lundensis,Biocides,Multi-biocide_resistance,Multi-biocide_RND_efflux_pump,EMHB,0,1.174313,790544,147.96498993098423364164,10.0392
ERR11865332,NODE_113_length_17412_cov_1.174313,gene:proph:184195;gene:proph:184194,Pseudomonas lundensis,Multi-compound,Drug_and_biocide_resistance,Drug_and_biocide_RND_efflux_pumps,EMHC,0,1.174313,790544,147.96498993098423364164,10.0392
ERR11865334,NODE_226_length_13682_cov_1.377278,gene:plasmid:123887,Escherichia coli,Drugs,Rifampin,Rifampin-resistant_beta-subunit_of_RNA_polymerase_RpoB,RPOB,CIA,1.377278,2341531,148.44138300966333565517,3.96248
ERR11865334,NODE_12_length_67096_cov_1.621810,gene:plasmid:124575,Pseudomonas helleri,Multi-compound,Biocide_and_metal_resistance,Biocide_and_metal_resistance_protein,RUVB,0,1.621810,2341531,148.44138300966333565517,4.666
ERR11865334,NODE_1397_length_2944_cov_1.181754,gene:plasmid:131182,Leuconostoc mesenteroides,Drugs,Oxazolidinone,Oxazolidinone-resistant_23S_rRNA_mutation,O23S,Authorized for use in humans only,1.181754,2341531,148.44138300966333565517,3.39995
ERR11865334,NODE_7_length_79412_cov_1.599231,gene:plasmid:89528;gene:plasmid:125744,Pseudomonas helleri,Drugs,Aminocoumarins,Aminocoumarin-resistant_DNA_topoisomerases,PARE,Not medically important,1.599231,2341531,148.44138300966333565517,4.60104
ERR11865334,NODE_7_length_79412_cov_1.599231,gene:plasmid:89528;gene:plasmid:125744,Pseudomonas helleri,Drugs,Multi-drug_resistance,Multi-drug_RND_efflux_pumps,OPMH,NA,1.599231,2341531,148.44138300966333565517,4.60104
ERR11865334,NODE_7_length_79412_cov_1.599231,gene:plasmid:89528;gene:plasmid:125744,Pseudomonas helleri,Drugs,Fluoroquinolones,Fluoroquinolone-resistant_DNA_topoisomerases,PARC,HPCIA,1.599231,2341531,148.44138300966333565517,4.60104
ERR11865334,NODE_303_length_11150_cov_1.436814,gene:proph:184195;gene:proph:184194,Pseudomonas helleri,Biocides,Multi-biocide_resistance,Multi-biocide_RND_efflux_pump,EMHB,0,1.436814,2341531,148.44138300966333565517,4.13376
ERR11865334,NODE_303_length_11150_cov_1.436814,gene:proph:184195;gene:proph:184194,Pseudomonas helleri,Multi-compound,Drug_and_biocide_resistance,Drug_and_biocide_RND_efflux_pumps,EMHC,0,1.436814,2341531,148.44138300966333565517,4.13376
ERR11865334,NODE_1_length_165079_cov_30.540442,ICEberg|404|Tn5301|GenBank|S54034|1..515,Lactococcus lactis,Drugs,Multi-drug_resistance,Multi-drug_ABC_efflux_pumps,LMRD,HIA,30.540442,2341531,148.44138300966333565517,87.8659
ERR11865335,NODE_261_length_4915_cov_1.388680,gene:plasmid:117290,Leuconostoc mesenteroides,Drugs,Aminoglycosides,Aminoglycoside-resistant_16S_ribosomal_subunit_protein,A16S,CIA,1.388680,1901267,148.50446044663900441126,4.91835
ERR11865335,NODE_2_length_153226_cov_29.093247,ICEberg|404|Tn5301|GenBank|S54034|1..515,Lactococcus cremoris,Drugs,Multi-drug_resistance,Multi-drug_ABC_efflux_pumps,LMRD,HIA,29.093247,1901267,148.50446044663900441126,103.041
ERR11865338,NODE_1527_length_2385_cov_0.668733,gene:plasmid:87053,Enterococcus faecium,Drugs,Phenicol,Chloramphenicol_acetyltransferases,CATA,HIA,0.668733,1778425,147.50021395335760574665,2.54932
ERR11865338,NODE_7_length_79748_cov_22.979905,ICEberg|404|Tn5301|GenBank|S54034|1..515,Lactococcus lactis,Drugs,Multi-drug_resistance,Multi-drug_ABC_efflux_pumps,LMRD,HIA,22.979905,1778425,147.50021395335760574665,87.6032
ERR11865340,NODE_108_length_15192_cov_1.677398,gene:plasmid:123887,Duffyella gerundensis,Drugs,Rifampin,Rifampin-resistant_beta-subunit_of_RNA_polymerase_RpoB,RPOB,CIA,1.677398,624719,148.57405489508082834042,18.0721
ERR11865340,NODE_1_length_78276_cov_1.666752,gene:plasmid:124575,Pseudomonas helleri,Multi-compound,Biocide_and_metal_resistance,Biocide_and_metal_resistance_protein,RUVB,0,1.666752,624719,148.57405489508082834042,17.9574
ERR11865340,NODE_167_length_11117_cov_1.208371,gene:proph:184195;gene:proph:184194,Pseudomonas helleri,Biocides,Multi-biocide_resistance,Multi-biocide_RND_efflux_pump,EMHB,0,1.208371,624719,148.57405489508082834042,13.0188
ERR11865340,NODE_167_length_11117_cov_1.208371,gene:proph:184195;gene:proph:184194,Pseudomonas helleri,Multi-compound,Drug_and_biocide_resistance,Drug_and_biocide_RND_efflux_pumps,EMHC,0,1.208371,624719,148.57405489508082834042,13.0188
ERR11865342,NODE_500_length_4379_cov_1.556444,gene:plasmid:139560,Leuconostoc mesenteroides,Drugs,Aminoglycosides,Aminoglycoside-resistant_16S_ribosomal_subunit_protein,A16S,CIA,1.556444,2363775,148.60382904464257384903,4.43096
ERR11865342,NODE_500_length_4379_cov_1.556444,gene:plasmid:139560,Leuconostoc mesenteroides,Drugs,Oxazolidinone,Oxazolidinone-resistant_23S_rRNA_mutation,O23S,Authorized for use in humans only,1.556444,2363775,148.60382904464257384903,4.43096
ERR11865344,NODE_1_length_889486_cov_19.175962,gene:plasmid:115792;gene:plasmid:120653;gene:plasmid:120658;gene:plasmid:120659;gene:plasmid:155304,Leuconostoc mesenteroides,Drugs,Elfamycins,EF-Tu_inhibition,TUFAB,NA,19.175962,1172412,147.75966725007932365073,110.693
ERR11865344,NODE_24_length_5339_cov_120.308327,gene:plasmid:131373,Leuconostoc falkenbergense,Drugs,Aminoglycosides,Aminoglycoside-resistant_16S_ribosomal_subunit_protein,A16S,CIA,120.308327,1172412,147.75966725007932365073,694.48
ERR11865344,NODE_24_length_5339_cov_120.308327,gene:plasmid:131373,Leuconostoc mesenteroides,Drugs,Oxazolidinone,Oxazolidinone-resistant_23S_rRNA_mutation,O23S,Authorized for use in humans only,120.308327,1172412,147.75966725007932365073,694.48
ERR11865346,NODE_723_length_4144_cov_0.773712,gene:plasmid:10528;gene:plasmid:10524,Proteus mirabilis,Drugs,Aminoglycosides,Aminoglycoside_O-nucleotidyltransferases,ANT3-DPRIME,CIA,0.773712,2898242,147.60929246073999341669,1.80855
ERR11865346,NODE_562_length_5339_cov_54.400806,gene:plasmid:117290,Leuconostoc mesenteroides,Drugs,Aminoglycosides,Aminoglycoside-resistant_16S_ribosomal_subunit_protein,A16S,CIA,54.400806,2898242,147.60929246073999341669,127.162
ERR11865346,NODE_562_length_5339_cov_54.400806,gene:plasmid:117290,Leuconostoc mesenteroides,Drugs,Oxazolidinone,Oxazolidinone-resistant_23S_rRNA_mutation,O23S,Authorized for use in humans only,54.400806,2898242,147.60929246073999341669,127.162
ERR11865346,NODE_362_length_7726_cov_1.352941,gene:plasmid:123887,Pseudomonas helleri,Drugs,Rifampin,Rifampin-resistant_beta-subunit_of_RNA_polymerase_RpoB,RPOB,CIA,1.352941,2898242,147.60929246073999341669,3.1625
ERR11865346,NODE_122_length_20106_cov_1.255418,gene:plasmid:89528,Pseudomonas helleri,Drugs,Aminocoumarins,Aminocoumarin-resistant_DNA_topoisomerases,PARE,Not medically important,1.255418,2898242,147.60929246073999341669,2.93454
ERR11865346,NODE_122_length_20106_cov_1.255418,gene:plasmid:89528,Pseudomonas helleri,Drugs,Multi-drug_resistance,Multi-drug_RND_efflux_pumps,OPMH,NA,1.255418,2898242,147.60929246073999341669,2.93454
ERR11865346,NODE_122_length_20106_cov_1.255418,gene:plasmid:89528,Pseudomonas helleri,Drugs,Fluoroquinolones,Fluoroquinolone-resistant_DNA_topoisomerases,PARC,HPCIA,1.255418,2898242,147.60929246073999341669,2.93454
ERR11865346,NODE_3_length_152974_cov_17.307981,ICEberg|404|Tn5301|GenBank|S54034|1..515,Lactococcus lactis,Drugs,Multi-drug_resistance,Multi-drug_ABC_efflux_pumps,LMRD,HIA,17.307981,2898242,147.60929246073999341669,40.4574
ERR11865348,NODE_371_length_10167_cov_4.314641,gene:plasmid:139560;gene:plasmid:131376,Acetobacter orientalis,Drugs,MLS,Macrolide-resistant_23S_rRNA_mutation,MLS23S,CIA ?,4.314641,1565096,148.92089878192775395247,18.5118
ERR11865348,NODE_371_length_10167_cov_4.314641,gene:plasmid:139560;gene:plasmid:131376,Komagataeibacter piraceti,Drugs,Aminoglycosides,Aminoglycoside-resistant_16S_ribosomal_subunit_protein,A16S,CIA,4.314641,1565096,148.92089878192775395247,18.5118
ERR11865350,NODE_450_length_4538_cov_1.802766,gene:plasmid:131182,Leuconostoc mesenteroides,Drugs,Oxazolidinone,Oxazolidinone-resistant_23S_rRNA_mutation,O23S,Authorized for use in humans only,1.802766,2760314,144.32923971693075497932,4.52508
ERR11865350,NODE_77_length_27009_cov_4.859051,gene:plasmid:139560;gene:plasmid:131376,Acetobacter ghanensis,Drugs,MLS,Macrolide-resistant_23S_rRNA_mutation,MLS23S,CIA ?,4.859051,2760314,144.32923971693075497932,12.1966
ERR11865350,NODE_77_length_27009_cov_4.859051,gene:plasmid:139560;gene:plasmid:131376,Acetobacter ghanensis,Drugs,Aminoglycosides,Aminoglycoside-resistant_16S_ribosomal_subunit_protein,A16S,CIA,4.859051,2760314,144.32923971693075497932,12.1966
ERR11865350,NODE_623_length_3190_cov_0.864512,gene:plasmid:16015,other,Drugs,Sulfonamides,Sulfonamide-resistant_dihydropteroate_synthases,SULI,HIA,0.864512,2760314,144.32923971693075497932,2.16999
ERR11865350,NODE_623_length_3190_cov_0.864512,gene:plasmid:16015,other,Drugs,Aminoglycosides,Aminoglycoside_O-nucleotidyltransferases,ANT3-DPRIME,CIA,0.864512,2760314,144.32923971693075497932,2.16999
ERR11865350,NODE_623_length_3190_cov_0.864512,gene:plasmid:16015,other,Multi-compound,Drug_and_biocide_resistance,Drug_and_biocide_SMR_efflux_pumps,QACEDELTA1,0,0.864512,2760314,144.32923971693075497932,2.16999
ERR11865350,NODE_550_length_3668_cov_0.780570,gene:proph:176833,Acinetobacter sp. CE-15,Drugs,Elfamycins,EF-Tu_inhibition,TUFAB,NA,0.780570,2760314,144.32923971693075497932,1.95929
ERR11865352,NODE_59_length_19909_cov_2.236326,gene:plasmid:139560,Acetobacter ghanensis,Drugs,Aminoglycosides,Aminoglycoside-resistant_16S_ribosomal_subunit_protein,A16S,CIA,2.236326,2070271,146.83003964215312874498,7.35687
ERR11865352,NODE_59_length_19909_cov_2.236326,gene:plasmid:139560,Leuconostoc mesenteroides,Drugs,Oxazolidinone,Oxazolidinone-resistant_23S_rRNA_mutation,O23S,Authorized for use in humans only,2.236326,2070271,146.83003964215312874498,7.35687
ERR11865352,NODE_43_length_26711_cov_2.345659,gene:proph:176833,Acinetobacter johnsonii,Drugs,Elfamycins,EF-Tu_inhibition,TUFAB,NA,2.345659,2070271,146.83003964215312874498,7.71654
ERR11865352,NODE_43_length_26711_cov_2.345659,gene:proph:176833,Acinetobacter sp. CE-15,Drugs,Rifampin,Rifampin-resistant_beta-subunit_of_RNA_polymerase_RpoB,RPOB,CIA,2.345659,2070271,146.83003964215312874498,7.71654
ERR11865352,NODE_2_length_153266_cov_30.620025,gene:proph:183052;gene:proph:162923;gene:vir:3401;gene:proph:183058;gene:proph:183059;gene:proph:162954;gene:proph:163039;gene:proph:183231;gene:proph:162936,Lactococcus cremoris,Drugs,Multi-drug_resistance,Multi-drug_ABC_efflux_pumps,LMRD,HIA,30.620025,2070271,146.83003964215312874498,100.731
ERR11865354,NODE_39_length_17294_cov_3.171958,gene:plasmid:117290,Leuconostoc mesenteroides,Drugs,Aminoglycosides,Aminoglycoside-resistant_16S_ribosomal_subunit_protein,A16S,CIA,3.171958,2150123,147.03883870829715323262,10.033
ERR11865354,NODE_39_length_17294_cov_3.171958,gene:plasmid:117290,Leuconostoc mesenteroides,Drugs,Oxazolidinone,Oxazolidinone-resistant_23S_rRNA_mutation,O23S,Authorized for use in humans only,3.171958,2150123,147.03883870829715323262,10.033
ERR11865354,NODE_2_length_153266_cov_33.423086,gene:vir:3397;gene:proph:162923;gene:proph:183056;gene:proph:183058;gene:proph:183059;gene:proph:162954;gene:proph:163039;gene:vir:1019;gene:proph:162936,Lactococcus lactis,Drugs,Multi-drug_resistance,Multi-drug_ABC_efflux_pumps,LMRD,HIA,33.423086,2150123,147.03883870829715323262,105.719
ERR11865360,NODE_429_length_5592_cov_13.092406,gene:plasmid:139560;gene:plasmid:117293,Acetobacter ghanensis,Drugs,MLS,Macrolide-resistant_23S_rRNA_mutation,MLS23S,CIA ?,13.092406,2565535,148.74361332041854817806,34.3086
ERR11865360,NODE_429_length_5592_cov_13.092406,gene:plasmid:139560;gene:plasmid:117293,Acetobacter ghanensis,Drugs,Aminoglycosides,Aminoglycoside-resistant_16S_ribosomal_subunit_protein,A16S,CIA,13.092406,2565535,148.74361332041854817806,34.3086
ERR11865362,NODE_646_length_3877_cov_56.351200,gene:plasmid:139560,Leuconostoc mesenteroides,Drugs,Aminoglycosides,Aminoglycoside-resistant_16S_ribosomal_subunit_protein,A16S,CIA,56.351200,2542251,144.01140564011972067274,153.917
ERR11865364,NODE_5_length_188282_cov_8.230055,gene:plasmid:123887,Pantoea agglomerans,Drugs,Rifampin,Rifampin-resistant_beta-subunit_of_RNA_polymerase_RpoB,RPOB,CIA,8.230055,1409069,149.34533865978174241289,39.1092
ERR11865364,NODE_5_length_188282_cov_8.230055,gene:plasmid:123887,Pseudomonas sp.TH21,Drugs,Rifampin,Rifampin-resistant_beta-subunit_of_RNA_polymerase_RpoB,RPOB,CIA,8.230055,1409069,149.34533865978174241289,39.1092
ERR11865364,NODE_17_length_114373_cov_3.295993,gene:plasmid:154779,Pseudomonas helleri,Drugs,Cationic_antimicrobial_peptides,Polymyxin_B_resistance_regulator,ARNA,HPCIA,3.295993,1409069,149.34533865978174241289,15.6625
ERR11865364,NODE_4_length_217547_cov_8.951559,gene:plasmid:27818;gene:plasmid:89528,Pseudomonas helleri,Drugs,Aminocoumarins,Aminocoumarin-resistant_DNA_topoisomerases,PARE,Not medically important,8.951559,1409069,149.34533865978174241289,42.5378
ERR11865364,NODE_4_length_217547_cov_8.951559,gene:plasmid:27818;gene:plasmid:89528,Pseudomonas helleri,Drugs,Multi-drug_resistance,Multi-drug_RND_efflux_pumps,OPMH,NA,8.951559,1409069,149.34533865978174241289,42.5378
ERR11865364,NODE_4_length_217547_cov_8.951559,gene:plasmid:27818;gene:plasmid:89528,Pseudomonas helleri,Drugs,Fluoroquinolones,Fluoroquinolone-resistant_DNA_topoisomerases,PARC,HPCIA,8.951559,1409069,149.34533865978174241289,42.5378
ERR11865364,NODE_4_length_217547_cov_8.951559,gene:plasmid:27818;gene:plasmid:89528,Pseudomonas helleri,Multi-compound,Biocide_and_metal_resistance,Biocide_and_metal_resistance_protein,RUVB,0,8.951559,1409069,149.34533865978174241289,42.5378
ERR11865364,NODE_32_length_66363_cov_6.482653,gene:proph:175953;gene:proph:184195;gene:proph:184236,Pseudomonas helleri,Biocides,Multi-biocide_resistance,Multi-biocide_RND_efflux_pump,EMHB,0,6.482653,1409069,149.34533865978174241289,30.8055
ERR11865364,NODE_32_length_66363_cov_6.482653,gene:proph:175953;gene:proph:184195;gene:proph:184236,Pseudomonas helleri,Multi-compound,Drug_and_biocide_resistance,Drug_and_biocide_RND_efflux_pumps,EMHC,0,6.482653,1409069,149.34533865978174241289,30.8055
ERR11865364,NODE_311_length_9089_cov_3.201294,gene:proph:176833,Hafnia paralvei,Multi-compound,Drug_and_biocide_resistance,Drug_and_biocide_RND_efflux_pumps,ACRB,Authorized for use in humans only ?,3.201294,1409069,149.34533865978174241289,15.2125
ERR11865367,NODE_164_length_10172_cov_0.893280,gene:plasmid:123887,Pantoea septica,Drugs,Rifampin,Rifampin-resistant_beta-subunit_of_RNA_polymerase_RpoB,RPOB,CIA,0.893280,1178896,148.89030754197147161412,5.08916
ERR11865367,NODE_430_length_5743_cov_0.934117,gene:plasmid:89528,Pseudomonas helleri,Drugs,Multi-drug_resistance,Multi-drug_RND_efflux_pumps,OPMH,NA,0.934117,1178896,148.89030754197147161412,5.32181
ERR11865367,NODE_372_length_6243_cov_0.795128,gene:proph:184194,Pseudomonas fragi,Multi-compound,Drug_and_biocide_resistance,Drug_and_biocide_RND_efflux_pumps,EMHC,0,0.795128,1178896,148.89030754197147161412,4.52997
ERR11865371,NODE_140_length_4634_cov_1.497005,gene:plasmid:139560,Leuconostoc mesenteroides,Drugs,Oxazolidinone,Oxazolidinone-resistant_23S_rRNA_mutation,O23S,Authorized for use in humans only,1.497005,2129599,148.29195825129519688917,4.74032
ERR11865373,NODE_4_length_164046_cov_35.115716,gene:plasmid:135980;gene:plasmid:135959,Lactococcus lactis,Drugs,Multi-drug_resistance,Multi-drug_ABC_efflux_pumps,LMRD,HIA,35.115716,2465264,147.75913695247243297269,96.4015
ERR11865375,NODE_236_length_5125_cov_2.280512,gene:plasmid:131182,Leuconostoc citreum,Drugs,Aminoglycosides,Aminoglycoside-resistant_16S_ribosomal_subunit_protein,A16S,CIA,2.280512,2530111,147.89650177403283887544,6.09446
ERR11865375,NODE_236_length_5125_cov_2.280512,gene:plasmid:131182,Leuconostoc falkenbergense,Drugs,Oxazolidinone,Oxazolidinone-resistant_23S_rRNA_mutation,O23S,Authorized for use in humans only,2.280512,2530111,147.89650177403283887544,6.09446
ERR11865375,NODE_3_length_164046_cov_31.107535,gene:plasmid:135980;gene:plasmid:135959,Lactococcus lactis,Drugs,Multi-drug_resistance,Multi-drug_ABC_efflux_pumps,LMRD,HIA,31.107535,2530111,147.89650177403283887544,83.132
ERR11865377,NODE_465_length_5629_cov_12.865867,gene:plasmid:139560;gene:plasmid:131185,Acetobacter pasteurianus,Drugs,MLS,Macrolide-resistant_23S_rRNA_mutation,MLS23S,CIA ?,12.865867,2091479,149.01856724356304796749,41.2805
ERR11865377,NODE_465_length_5629_cov_12.865867,gene:plasmid:139560;gene:plasmid:131185,other,Drugs,Aminoglycosides,Aminoglycoside-resistant_16S_ribosomal_subunit_protein,A16S,CIA,12.865867,2091479,149.01856724356304796749,41.2805
ERR11865379,NODE_391_length_5648_cov_18.712733,gene:plasmid:139560;gene:plasmid:117293,Acetobacter ghanensis,Drugs,MLS,Macrolide-resistant_23S_rRNA_mutation,MLS23S,CIA ?,18.712733,2877769,147.69710668229451356241,44.026
ERR11865379,NODE_391_length_5648_cov_18.712733,gene:plasmid:139560;gene:plasmid:117293,Acetobacter ghanensis,Drugs,Aminoglycosides,Aminoglycoside-resistant_16S_ribosomal_subunit_protein,A16S,CIA,18.712733,2877769,147.69710668229451356241,44.026
ERR11865379,NODE_392_length_5592_cov_20.642452,gene:plasmid:139560;gene:plasmid:131185,Acetobacter orientalis,Drugs,MLS,Macrolide-resistant_23S_rRNA_mutation,MLS23S,CIA ?,20.642452,2877769,147.69710668229451356241,48.5661
ERR11865379,NODE_392_length_5592_cov_20.642452,gene:plasmid:139560;gene:plasmid:131185,other,Drugs,Aminoglycosides,Aminoglycoside-resistant_16S_ribosomal_subunit_protein,A16S,CIA,20.642452,2877769,147.69710668229451356241,48.5661
ERR11865385,NODE_61_length_16884_cov_5.519723,gene:plasmid:131373,Leuconostoc falkenbergense,Drugs,Aminoglycosides,Aminoglycoside-resistant_16S_ribosomal_subunit_protein,A16S,CIA,5.519723,1045456,149.42737331843712217443,35.3331
ERR11865385,NODE_61_length_16884_cov_5.519723,gene:plasmid:131373,Leuconostoc mesenteroides,Drugs,Oxazolidinone,Oxazolidinone-resistant_23S_rRNA_mutation,O23S,Authorized for use in humans only,5.519723,1045456,149.42737331843712217443,35.3331
ERR11865387,NODE_108_length_7991_cov_17.490336,gene:plasmid:117290,Leuconostoc mesenteroides,Drugs,Aminoglycosides,Aminoglycoside-resistant_16S_ribosomal_subunit_protein,A16S,CIA,17.490336,2272632,148.92264739737889812340,51.6783
ERR11865387,NODE_108_length_7991_cov_17.490336,gene:plasmid:117290,Leuconostoc mesenteroides,Drugs,Oxazolidinone,Oxazolidinone-resistant_23S_rRNA_mutation,O23S,Authorized for use in humans only,17.490336,2272632,148.92264739737889812340,51.6783
ERR11865387,NODE_1_length_491865_cov_33.043887,gene:proph:183526;gene:vir:1043;gene:vir:1042;gene:proph:183088;gene:proph:162939;gene:proph:162942;gene:proph:162944;gene:proph:162958;gene:vir:1105;gene:proph:162935;gene:vir:1102;gene:proph:183095;gene:proph:162937;gene:proph:183098;gene:plasmid:87093;gene:plasmid:135980;gene:plasmid:135959;gene:proph:184306;gene:proph:183085;gene:vir:3398;gene:proph:183082;gene:proph:162960;gene:proph:162952;gene:proph:162961;gene:vir:1121;gene:vir:1122;gene:vir:1123;gene:proph:162927;gene:vir:1125;gene:vir:1126;gene:vir:1048;gene:vir:1049;gene:proph:183100;gene:proph:162997;gene:proph:162996;gene:vir:992;gene:proph:184398;gene:proph:184397;gene:vir:3940;gene:vir:1619;gene:proph:183252;gene:vir:999;gene:proph:163000;gene:proph:183109;gene:vir:94750;gene:vir:723;gene:vir:1008;gene:vir:4038,Lactococcus cremoris,Drugs,Multi-drug_resistance,Multi-drug_ABC_efflux_pumps,LMRD,HIA,33.043887,2272632,148.92264739737889812340,97.634
ERR11865389,NODE_152_length_9156_cov_3.603278,gene:plasmid:139560;gene:plasmid:131376,Acetobacter ghanensis,Drugs,MLS,Macrolide-resistant_23S_rRNA_mutation,MLS23S,CIA ?,3.603278,1830900,148.83752416844174995903,13.2227
ERR11865389,NODE_152_length_9156_cov_3.603278,gene:plasmid:139560;gene:plasmid:131376,Acetobacter ghanensis,Drugs,Aminoglycosides,Aminoglycoside-resistant_16S_ribosomal_subunit_protein,A16S,CIA,3.603278,1830900,148.83752416844174995903,13.2227
ERR11865391,NODE_459_length_5592_cov_11.909058,gene:plasmid:139560;gene:plasmid:131185,Acetobacter ghanensis,Drugs,MLS,Macrolide-resistant_23S_rRNA_mutation,MLS23S,CIA ?,11.909058,1922871,147.59236319025041201411,41.9627
ERR11865391,NODE_459_length_5592_cov_11.909058,gene:plasmid:139560;gene:plasmid:131185,Acetobacter ghanensis,Drugs,Aminoglycosides,Aminoglycoside-resistant_16S_ribosomal_subunit_protein,A16S,CIA,11.909058,1922871,147.59236319025041201411,41.9627
ERR11865391,NODE_358_length_8203_cov_7.619985,gene:plasmid:139560;gene:plasmid:131185,Acetobacter persici,Drugs,Oxazolidinone,Oxazolidinone-resistant_23S_rRNA_mutation,O23S,Authorized for use in humans only,7.619985,1922871,147.59236319025041201411,26.8497
ERR11865393,NODE_2_length_156671_cov_24.038807,gene:plasmid:135980,Lactococcus lactis,Drugs,Multi-drug_resistance,Multi-drug_ABC_efflux_pumps,LMRD,HIA,24.038807,1787133,148.58155380713131031657,90.5297
ERR11865395,NODE_9_length_85698_cov_2.326512,gene:plasmid:139560;gene:plasmid:131185,Acetobacter orientalis,Drugs,MLS,Macrolide-resistant_23S_rRNA_mutation,MLS23S,CIA ?,2.326512,2240822,148.10841244864607719845,7.01
ERR11865395,NODE_9_length_85698_cov_2.326512,gene:plasmid:139560;gene:plasmid:131185,Acetobacter orientalis,Drugs,Aminoglycosides,Aminoglycoside-resistant_16S_ribosomal_subunit_protein,A16S,CIA,2.326512,2240822,148.10841244864607719845,7.01
ERR11865397,NODE_152_length_5344_cov_40.032969,gene:plasmid:131373,Leuconostoc mesenteroides,Drugs,Aminoglycosides,Aminoglycoside-resistant_16S_ribosomal_subunit_protein,A16S,CIA,40.032969,1571664,147.67185416221278848405,172.489
ERR11865397,NODE_152_length_5344_cov_40.032969,gene:plasmid:131373,Leuconostoc mesenteroides,Drugs,Oxazolidinone,Oxazolidinone-resistant_23S_rRNA_mutation,O23S,Authorized for use in humans only,40.032969,1571664,147.67185416221278848405,172.489
ERR11865399,NODE_47_length_21993_cov_6.383701,gene:plasmid:131373,Leuconostoc mesenteroides,Drugs,Aminoglycosides,Aminoglycoside-resistant_16S_ribosomal_subunit_protein,A16S,CIA,6.383701,3131556,145.95227260824970078772,13.9669
ERR11865399,NODE_47_length_21993_cov_6.383701,gene:plasmid:131373,Leuconostoc mesenteroides,Drugs,Oxazolidinone,Oxazolidinone-resistant_23S_rRNA_mutation,O23S,Authorized for use in humans only,6.383701,3131556,145.95227260824970078772,13.9669
ERR11865399,NODE_1_length_302269_cov_42.669209,gene:proph:184332;gene:proph:183180;gene:proph:183265;gene:vir:1043;gene:vir:1042;gene:plasmid:135980;gene:plasmid:135959;gene:plasmid:87093;gene:vir:1048;gene:vir:1049;gene:proph:183100;gene:proph:162997;gene:proph:162996;gene:proph:184398;gene:proph:184397;gene:vir:3940;gene:vir:1619;gene:proph:183252;gene:proph:183251;gene:proph:163000;gene:proph:183109;gene:vir:94750;gene:vir:723;gene:vir:1008;gene:vir:4038;gene:proph:184362;gene:proph:162987;gene:vir:952;gene:proph:183179;gene:proph:183181;gene:vir:3961;gene:vir:1017;gene:vir:729;gene:vir:3962;gene:vir:3963;gene:proph:184335;gene:vir:3965;gene:proph:184331;gene:vir:3613;gene:proph:184329;gene:vir:3615;gene:proph:184327;gene:vir:98409;gene:vir:3618;gene:proph:184324;gene:proph:184323;gene:vir:3975;gene:vir:3977;gene:proph:184319;gene:proph:183212;gene:proph:184391,Lactococcus lactis,Drugs,Multi-drug_resistance,Multi-drug_ABC_efflux_pumps,LMRD,HIA,42.669209,3131556,145.95227260824970078772,93.3563
ERR11865401,NODE_1_length_232033_cov_24.610730,gene:proph:184332;gene:proph:183180;gene:proph:183265;gene:vir:1043;gene:vir:1042;gene:plasmid:135980;gene:plasmid:135959;gene:vir:1048;gene:proph:183099;gene:proph:183100;gene:proph:162997;gene:proph:162996;gene:proph:184398;gene:proph:184397;gene:vir:3940;gene:vir:1619;gene:proph:183252;gene:vir:999;gene:proph:163000;gene:vir:1059;gene:vir:94750;gene:vir:723;gene:vir:1008;gene:vir:4038;gene:proph:184362;gene:proph:162987;gene:proph:183178;gene:vir:953;gene:proph:183181;gene:vir:3961;gene:vir:1017;gene:vir:729;gene:vir:3962;gene:vir:3963;gene:proph:184335;gene:vir:3965;gene:proph:184331;gene:vir:3613;gene:proph:184329;gene:vir:3615;gene:proph:184327;gene:vir:98409;gene:vir:3618;gene:proph:184324;gene:proph:184323;gene:vir:3975;gene:vir:3977;gene:proph:184319;gene:proph:183212;gene:vir:4010,Lactococcus lactis,Drugs,Multi-drug_resistance,Multi-drug_ABC_efflux_pumps,LMRD,HIA,24.610730,1730281,147.35104182499836731721,96.5283
ERR11865403,NODE_245_length_5648_cov_18.463141,gene:plasmid:139560;gene:plasmid:131376,Acetobacter orientalis,Drugs,MLS,Macrolide-resistant_23S_rRNA_mutation,MLS23S,CIA ?,18.463141,2415816,146.05183548747090010166,52.3281
ERR11865403,NODE_245_length_5648_cov_18.463141,gene:plasmid:139560;gene:plasmid:131376,Acetobacter okinawensis,Drugs,Aminoglycosides,Aminoglycoside-resistant_16S_ribosomal_subunit_protein,A16S,CIA,18.463141,2415816,146.05183548747090010166,52.3281
ERR11865403,NODE_1_length_274553_cov_26.776220,gene:proph:184332;gene:proph:183180;gene:proph:183526;gene:vir:1043;gene:vir:1042;gene:plasmid:135980;gene:plasmid:135959;gene:vir:1048;gene:proph:183099;gene:vir:1050;gene:proph:162997;gene:proph:162996;gene:vir:712;gene:proph:184398;gene:proph:184397;gene:vir:3940;gene:vir:1619;gene:proph:183252;gene:vir:999;gene:proph:163000;gene:proph:183109;gene:vir:94750;gene:vir:723;gene:vir:1008;gene:vir:4038;gene:proph:184362;gene:proph:162987;gene:proph:183178;gene:proph:183179;gene:proph:183181;gene:vir:3961;gene:vir:1017;gene:vir:729;gene:vir:3962;gene:vir:3963;gene:proph:184335;gene:vir:3965;gene:proph:184331;gene:vir:3613;gene:proph:184329;gene:vir:3615;gene:proph:184327;gene:vir:98409;gene:vir:3618;gene:proph:184324;gene:proph:184323;gene:proph:184322;gene:vir:3977;gene:proph:184319;gene:vir:1038;gene:proph:184391,Lactococcus lactis,Drugs,Multi-drug_resistance,Multi-drug_ABC_efflux_pumps,LMRD,HIA,26.776220,2415816,146.05183548747090010166,75.8889
ERR11865405,NODE_245_length_7691_cov_2.237441,gene:plasmid:139560;gene:plasmid:131376,Acetobacter ghanensis,Drugs,MLS,Macrolide-resistant_23S_rRNA_mutation,MLS23S,CIA ?,2.237441,1896767,146.41532354791073442336,8.05659
ERR11865405,NODE_245_length_7691_cov_2.237441,gene:plasmid:139560;gene:plasmid:131376,Acetobacter ghanensis,Drugs,Aminoglycosides,Aminoglycoside-resistant_16S_ribosomal_subunit_protein,A16S,CIA,2.237441,1896767,146.41532354791073442336,8.05659
ERR11865407,NODE_313_length_6563_cov_4.098664,gene:plasmid:139560;gene:plasmid:131376,Acetobacter ghanensis,Drugs,MLS,Macrolide-resistant_23S_rRNA_mutation,MLS23S,CIA ?,4.098664,2945424,135.99862566475998022695,10.232
ERR11865407,NODE_313_length_6563_cov_4.098664,gene:plasmid:139560;gene:plasmid:131376,Acetobacter ghanensis,Drugs,Aminoglycosides,Aminoglycoside-resistant_16S_ribosomal_subunit_protein,A16S,CIA,4.098664,2945424,135.99862566475998022695,10.232
ERR11865407,NODE_1_length_146101_cov_28.369374,ICEberg|404|Tn5301|GenBank|S54034|1..515,Lactococcus cremoris,Drugs,Multi-drug_resistance,Multi-drug_ABC_efflux_pumps,LMRD,HIA,28.369374,2945424,135.99862566475998022695,70.8219
ERR11865411,NODE_142_length_5344_cov_34.428024,gene:plasmid:131373,Leuconostoc mesenteroides,Drugs,Aminoglycosides,Aminoglycoside-resistant_16S_ribosomal_subunit_protein,A16S,CIA,34.428024,2889352,143.98475955854461484789,82.7552
ERR11865411,NODE_142_length_5344_cov_34.428024,gene:plasmid:131373,Leuconostoc mesenteroides,Drugs,Oxazolidinone,Oxazolidinone-resistant_23S_rRNA_mutation,O23S,Authorized for use in humans only,34.428024,2889352,143.98475955854461484789,82.7552
ERR11865411,NODE_3_length_164047_cov_33.773932,gene:plasmid:135980;gene:plasmid:135959,Lactococcus lactis,Drugs,Multi-drug_resistance,Multi-drug_ABC_efflux_pumps,LMRD,HIA,33.773932,2889352,143.98475955854461484789,81.1829
ERR11865413,NODE_11_length_78351_cov_4.084271,gene:plasmid:124575,Pseudomonas helleri,Multi-compound,Biocide_and_metal_resistance,Biocide_and_metal_resistance_protein,RUVB,0,4.084271,1814205,144.96254668022632502942,15.53
ERR11865413,NODE_191_length_20774_cov_3.024943,gene:plasmid:89528,Pseudomonas helleri,Drugs,Multi-drug_resistance,Multi-drug_RND_efflux_pumps,OPMH,NA,3.024943,1814205,144.96254668022632502942,11.502
ERR11865413,NODE_10_length_78724_cov_2.111378,gene:proph:175950;gene:proph:175953;gene:proph:175954;gene:proph:184195;gene:proph:184194;gene:proph:184236;gene:proph:175955,Pseudomonas lundensis,Biocides,Multi-biocide_resistance,Multi-biocide_RND_efflux_pump,EMHB,0,2.111378,1814205,144.96254668022632502942,8.0283
ERR11865413,NODE_10_length_78724_cov_2.111378,gene:proph:175950;gene:proph:175953;gene:proph:175954;gene:proph:184195;gene:proph:184194;gene:proph:184236;gene:proph:175955,Pseudomonas lundensis,Multi-compound,Drug_and_biocide_resistance,Drug_and_biocide_RND_efflux_pumps,EMHC,0,2.111378,1814205,144.96254668022632502942,8.0283
ERR11865413,NODE_435_length_11109_cov_2.599253,gene:proph:184195;gene:proph:184194,Pseudomonas helleri,Biocides,Multi-biocide_resistance,Multi-biocide_RND_efflux_pump,EMHB,0,2.599253,1814205,144.96254668022632502942,9.8834
ERR11865413,NODE_435_length_11109_cov_2.599253,gene:proph:184195;gene:proph:184194,Pseudomonas helleri,Multi-compound,Drug_and_biocide_resistance,Drug_and_biocide_RND_efflux_pumps,EMHC,0,2.599253,1814205,144.96254668022632502942,9.8834
ERR11865415,NODE_249_length_15202_cov_1.959867,gene:plasmid:123887,Citrobacter freundii,Drugs,Rifampin,Rifampin-resistant_beta-subunit_of_RNA_polymerase_RpoB,RPOB,CIA,1.959867,2953744,145.36659304259272299833,4.56446
ERR11865415,NODE_22_length_61086_cov_2.354861,gene:plasmid:124575,Pseudomonas helleri,Multi-compound,Biocide_and_metal_resistance,Biocide_and_metal_resistance_protein,RUVB,0,2.354861,2953744,145.36659304259272299833,5.48438
ERR11865415,NODE_326_length_12448_cov_2.190812,gene:plasmid:89528,Pseudomonas helleri,Drugs,Aminocoumarins,Aminocoumarin-resistant_DNA_topoisomerases,PARE,Not medically important,2.190812,2953744,145.36659304259272299833,5.10232
ERR11865415,NODE_370_length_11140_cov_1.892672,gene:proph:184195;gene:proph:184194,Pseudomonas helleri,Biocides,Multi-biocide_resistance,Multi-biocide_RND_efflux_pump,EMHB,0,1.892672,2953744,145.36659304259272299833,4.40796
ERR11865415,NODE_370_length_11140_cov_1.892672,gene:proph:184195;gene:proph:184194,Pseudomonas helleri,Multi-compound,Drug_and_biocide_resistance,Drug_and_biocide_RND_efflux_pumps,EMHC,0,1.892672,2953744,145.36659304259272299833,4.40796
ERR11865415,NODE_6_length_99133_cov_22.536836,ICEberg|404|Tn5301|GenBank|S54034|1..515,Lactococcus cremoris,Drugs,Multi-drug_resistance,Multi-drug_ABC_efflux_pumps,LMRD,HIA,22.536836,2953744,145.36659304259272299833,52.4875
ERR11865417,NODE_530_length_3579_cov_4.647451,gene:plasmid:139560,Acetobacter ghanensis,Drugs,MLS,Macrolide-resistant_23S_rRNA_mutation,MLS23S,CIA ?,4.647451,2550685,142.18151672981963668583,12.8149
ERR11865417,NODE_2_length_133599_cov_19.300872,gene:proph:181670,Streptococcus thermophilus,Drugs,Rifampin,Rifampin-resistant_beta-subunit_of_RNA_polymerase_RpoB,RPOB,CIA,19.300872,2550685,142.18151672981963668583,53.2203
ERR11865419,NODE_865_length_3146_cov_15.426300,gene:plasmid:139560,Leuconostoc mesenteroides,Drugs,Aminoglycosides,Aminoglycoside-resistant_16S_ribosomal_subunit_protein,A16S,CIA,15.426300,3009884,143.99788995190512325391,35.5923
ERR11865423,NODE_1_length_273985_cov_45.414394,gene:proph:184332;gene:vir:983;gene:vir:1043;gene:vir:1042;gene:plasmid:135980;gene:plasmid:135959;gene:vir:1048;gene:vir:1049;gene:proph:183100;gene:proph:162997;gene:proph:162996;gene:proph:184398;gene:proph:184397;gene:vir:3940;gene:vir:1619;gene:vir:998;gene:vir:999;gene:proph:163000;gene:vir:1059;gene:vir:94750;gene:vir:723;gene:proph:183242;gene:vir:4038;gene:proph:184362;gene:proph:162987;gene:proph:183178;gene:vir:953;gene:proph:183181;gene:vir:3961;gene:vir:1017;gene:vir:729;gene:vir:3962;gene:vir:3963;gene:proph:184335;gene:vir:3965;gene:proph:184331;gene:vir:3613;gene:proph:184329;gene:vir:3615;gene:proph:184327;gene:vir:98409;gene:vir:3618;gene:proph:184324;gene:proph:184323;gene:proph:184322;gene:vir:3977;gene:proph:184319;gene:proph:183212;gene:proph:184391,Lactococcus lactis,Drugs,Multi-drug_resistance,Multi-drug_ABC_efflux_pumps,LMRD,HIA,45.414394,2962363,145.81211114235493759542,105.138
ERR11865425,NODE_3_length_160258_cov_27.134509,gene:plasmid:135980;gene:plasmid:135959,Lactococcus lactis,Drugs,Multi-drug_resistance,Multi-drug_ABC_efflux_pumps,LMRD,HIA,27.134509,2773189,147.48452521627627976311,66.3431
ERR11865427,NODE_2_length_164112_cov_15.992152,gene:plasmid:135980;gene:plasmid:135959,Lactococcus lactis,Drugs,Multi-drug_resistance,Multi-drug_ABC_efflux_pumps,LMRD,HIA,15.992152,2064082,144.63020025367209248469,53.5699
ERR11865427,NODE_160_length_6335_cov_2.153834,gene:plasmid:139560;gene:plasmid:131376,Acetobacter orientalis,Drugs,MLS,Macrolide-resistant_23S_rRNA_mutation,MLS23S,CIA ?,2.153834,2064082,144.63020025367209248469,7.21483
ERR11865427,NODE_160_length_6335_cov_2.153834,gene:plasmid:139560;gene:plasmid:131376,Acetobacter orientalis,Drugs,Aminoglycosides,Aminoglycoside-resistant_16S_ribosomal_subunit_protein,A16S,CIA,2.153834,2064082,144.63020025367209248469,7.21483
ERR11865429,NODE_2_length_234517_cov_43.467610,gene:plasmid:135980;gene:plasmid:135959;gene:plasmid:132172,Lactococcus lactis,Drugs,Multi-drug_resistance,Multi-drug_ABC_efflux_pumps,LMRD,HIA,43.467610,2648907,148.31824597843563401810,110.638
ERR11865431,NODE_1_length_164319_cov_40.661622,gene:plasmid:135980;gene:plasmid:135959,Lactococcus lactis,Drugs,Multi-drug_resistance,Multi-drug_ABC_efflux_pumps,LMRD,HIA,40.661622,2887119,143.52177932395581893229,98.1301
ERR11865433,NODE_190_length_8373_cov_4.463619,gene:plasmid:139560;gene:plasmid:117293,Acetobacter orientalis,Drugs,MLS,Macrolide-resistant_23S_rRNA_mutation,MLS23S,CIA ?,4.463619,2383968,148.52247303655082618558,12.6065
ERR11865433,NODE_190_length_8373_cov_4.463619,gene:plasmid:139560;gene:plasmid:117293,Acetobacter orientalis,Drugs,Aminoglycosides,Aminoglycoside-resistant_16S_ribosomal_subunit_protein,A16S,CIA,4.463619,2383968,148.52247303655082618558,12.6065
ERR11865435,NODE_1119_length_2716_cov_6.251062,gene:plasmid:139560,Acetobacter ghanensis,Drugs,Aminoglycosides,Aminoglycoside-resistant_16S_ribosomal_subunit_protein,A16S,CIA,6.251062,3004125,147.46165322681313194357,14.111
ERR11865437,NODE_130_length_15116_cov_1.740610,gene:plasmid:123887,Pseudomonas taetrolens,Drugs,Elfamycins,EF-Tu_inhibition,TUFAB,NA,1.740610,1049559,147.94082276460875472460,11.21
ERR11865437,NODE_13_length_45680_cov_1.763528,gene:plasmid:89528,Pseudomonas helleri,Drugs,Aminocoumarins,Aminocoumarin-resistant_DNA_topoisomerases,PARE,Not medically important,1.763528,1049559,147.94082276460875472460,11.3576
ERR11865437,NODE_227_length_10325_cov_1.299078,gene:proph:184195;gene:proph:184194,Pseudomonas helleri,Biocides,Multi-biocide_resistance,Multi-biocide_RND_efflux_pump,EMHB,0,1.299078,1049559,147.94082276460875472460,8.36643
ERR11865439,NODE_839_length_4146_cov_0.988554,gene:plasmid:10528;gene:plasmid:10524,Proteus mirabilis,Drugs,Aminoglycosides,Aminoglycoside_O-nucleotidyltransferases,ANT3-DPRIME,CIA,0.988554,3044584,148.22767543940321567741,2.1905
ERR11865439,NODE_253_length_15111_cov_1.363054,gene:plasmid:123887,Citrobacter freundii,Drugs,Rifampin,Rifampin-resistant_beta-subunit_of_RNA_polymerase_RpoB,RPOB,CIA,1.363054,3044584,148.22767543940321567741,3.02034
ERR11865439,NODE_67_length_32483_cov_1.841173,gene:plasmid:89528,Pseudomonas helleri,Drugs,Multi-drug_resistance,Multi-drug_RND_efflux_pumps,OPMH,NA,1.841173,3044584,148.22767543940321567741,4.07979
ERR11865439,NODE_139_length_22041_cov_2.658848,gene:proph:184195;gene:proph:184194,Pseudomonas helleri,Biocides,Multi-biocide_resistance,Multi-biocide_RND_efflux_pump,EMHB,0,2.658848,3044584,148.22767543940321567741,5.89164
ERR11865439,NODE_139_length_22041_cov_2.658848,gene:proph:184195;gene:proph:184194,Pseudomonas helleri,Multi-compound,Drug_and_biocide_resistance,Drug_and_biocide_RND_efflux_pumps,EMHC,0,2.658848,3044584,148.22767543940321567741,5.89164
ERR11865439,NODE_2_length_152974_cov_32.470883,ICEberg|404|Tn5301|GenBank|S54034|1..515,Lactococcus cremoris,Drugs,Multi-drug_resistance,Multi-drug_ABC_efflux_pumps,LMRD,HIA,32.470883,3044584,148.22767543940321567741,71.951
ERR11865441,NODE_301_length_3065_cov_1.690265,gene:plasmid:117290,Leuconostoc mesenteroides,Drugs,Oxazolidinone,Oxazolidinone-resistant_23S_rRNA_mutation,O23S,Authorized for use in humans only,1.690265,2251823,148.69771514013312769254,5.04796
ERR11865441,NODE_2_length_245175_cov_30.768751,ICEberg|404|Tn5301|GenBank|S54034|1..515,Lactococcus cremoris,Drugs,Multi-drug_resistance,Multi-drug_ABC_efflux_pumps,LMRD,HIA,30.768751,2251823,148.69771514013312769254,91.8906
ERR11865443,NODE_127_length_5258_cov_13.306568,gene:plasmid:117290,Leuconostoc mesenteroides,Drugs,Aminoglycosides,Aminoglycoside-resistant_16S_ribosomal_subunit_protein,A16S,CIA,13.306568,2883420,147.24191931803205915197,31.342
ERR11865443,NODE_127_length_5258_cov_13.306568,gene:plasmid:117290,Leuconostoc mesenteroides,Drugs,Oxazolidinone,Oxazolidinone-resistant_23S_rRNA_mutation,O23S,Authorized for use in humans only,13.306568,2883420,147.24191931803205915197,31.342
ERR11865443,NODE_118_length_6057_cov_1.300843,gene:plasmid:139560;gene:plasmid:131185,Acetobacter ghanensis,Drugs,MLS,Macrolide-resistant_23S_rRNA_mutation,MLS23S,CIA ?,1.300843,2883420,147.24191931803205915197,3.06398
ERR11865443,NODE_118_length_6057_cov_1.300843,gene:plasmid:139560;gene:plasmid:131185,other,Drugs,MLS,Macrolide-resistant_23S_rRNA_mutation,MLS23S,CIA ?,1.300843,2883420,147.24191931803205915197,3.06398
ERR11865443,NODE_1_length_302269_cov_43.083265,gene:proph:184332;gene:proph:183180;gene:vir:983;gene:vir:1043;gene:vir:1042;gene:plasmid:135980;gene:plasmid:135959;gene:plasmid:87093;gene:vir:1048;gene:proph:183099;gene:vir:1050;gene:proph:162997;gene:proph:162996;gene:proph:184398;gene:proph:184397;gene:vir:3940;gene:vir:1619;gene:vir:998;gene:proph:183251;gene:proph:163000;gene:proph:183109;gene:vir:94750;gene:vir:723;gene:vir:1008;gene:vir:4038;gene:proph:184362;gene:proph:162987;gene:vir:952;gene:vir:953;gene:proph:183181;gene:vir:3961;gene:vir:1017;gene:vir:729;gene:vir:3962;gene:vir:3963;gene:proph:184335;gene:vir:3965;gene:proph:184331;gene:vir:3613;gene:proph:184329;gene:vir:3615;gene:proph:184327;gene:vir:98409;gene:vir:3618;gene:proph:184324;gene:proph:184323;gene:proph:184322;gene:vir:3977;gene:proph:184319;gene:proph:183212;gene:proph:184391,Lactococcus lactis,Drugs,Multi-drug_resistance,Multi-drug_ABC_efflux_pumps,LMRD,HIA,43.083265,2883420,147.24191931803205915197,101.477
ERR11865445,NODE_277_length_5452_cov_64.181408,gene:plasmid:139560;gene:plasmid:131376,Acetobacter orientalis,Drugs,MLS,Macrolide-resistant_23S_rRNA_mutation,MLS23S,CIA ?,64.181408,2722950,147.68135441341192456710,159.604
ERR11865445,NODE_277_length_5452_cov_64.181408,gene:plasmid:139560;gene:plasmid:131376,Acetobacter orientalis,Drugs,Aminoglycosides,Aminoglycoside-resistant_16S_ribosomal_subunit_protein,A16S,CIA,64.181408,2722950,147.68135441341192456710,159.604
ERR11865445,NODE_8_length_133590_cov_10.989727,gene:proph:181670,Streptococcus thermophilus,Drugs,Rifampin,Rifampin-resistant_beta-subunit_of_RNA_polymerase_RpoB,RPOB,CIA,10.989727,2722950,147.68135441341192456710,27.3289
ERR11865447,NODE_5_length_160265_cov_6.368257,gene:plasmid:135980;gene:plasmid:135959,Lactococcus lactis,Drugs,Multi-drug_resistance,Multi-drug_ABC_efflux_pumps,LMRD,HIA,6.368257,3359723,148.08604429591368097905,12.7998
ERR11865447,NODE_291_length_5452_cov_163.211643,gene:plasmid:139560;gene:plasmid:117293,Acetobacter ghanensis,Drugs,MLS,Macrolide-resistant_23S_rRNA_mutation,MLS23S,CIA ?,163.211643,3359723,148.08604429591368097905,328.045
ERR11865447,NODE_291_length_5452_cov_163.211643,gene:plasmid:139560;gene:plasmid:117293,Acetobacter orientalis,Drugs,Aminoglycosides,Aminoglycoside-resistant_16S_ribosomal_subunit_protein,A16S,CIA,163.211643,3359723,148.08604429591368097905,328.045
ERR11865449,NODE_133_length_9861_cov_2.380316,gene:plasmid:131182,Leuconostoc mesenteroides,Drugs,Aminoglycosides,Aminoglycoside-resistant_16S_ribosomal_subunit_protein,A16S,CIA,2.380316,2712053,147.96386058827021448327,5.93172
ERR11865449,NODE_133_length_9861_cov_2.380316,gene:plasmid:131182,Leuconostoc mesenteroides,Drugs,Oxazolidinone,Oxazolidinone-resistant_23S_rRNA_mutation,O23S,Authorized for use in humans only,2.380316,2712053,147.96386058827021448327,5.93172
ERR11865449,NODE_209_length_5156_cov_2.129250,gene:plasmid:139560,Comamonas terrigena,Drugs,MLS,Macrolide-resistant_23S_rRNA_mutation,MLS23S,CIA ?,2.129250,2712053,147.96386058827021448327,5.30607
ERR11865449,NODE_6_length_101787_cov_35.244501,gene:vir:1138;gene:proph:162954;gene:vir:1139;gene:vir:1141;gene:vir:1142;gene:vir:1143;gene:vir:1144,Lactococcus cremoris,Drugs,Multi-drug_resistance,Multi-drug_ABC_efflux_pumps,LMRD,HIA,35.244501,2712053,147.96386058827021448327,87.8289
ERR11865451,NODE_508_length_5029_cov_22.177683,gene:plasmid:117290,Leuconostoc mesenteroides,Drugs,Aminoglycosides,Aminoglycoside-resistant_16S_ribosomal_subunit_protein,A16S,CIA,22.177683,3634874,147.65501967881142510029,41.3217
ERR11865451,NODE_508_length_5029_cov_22.177683,gene:plasmid:117290,Leuconostoc mesenteroides,Drugs,Oxazolidinone,Oxazolidinone-resistant_23S_rRNA_mutation,O23S,Authorized for use in humans only,22.177683,3634874,147.65501967881142510029,41.3217
ERR11865451,NODE_448_length_5592_cov_24.825984,gene:plasmid:139560;gene:plasmid:131376,Acetobacter ghanensis,Drugs,MLS,Macrolide-resistant_23S_rRNA_mutation,MLS23S,CIA ?,24.825984,3634874,147.65501967881142510029,46.2561
ERR11865451,NODE_448_length_5592_cov_24.825984,gene:plasmid:139560;gene:plasmid:131376,Acetobacter ghanensis,Drugs,Aminoglycosides,Aminoglycoside-resistant_16S_ribosomal_subunit_protein,A16S,CIA,24.825984,3634874,147.65501967881142510029,46.2561
ERR11865451,NODE_14_length_101787_cov_27.239878,gene:vir:1138;gene:proph:162954;gene:vir:1139;gene:vir:1141;gene:vir:1142;gene:vir:1143;gene:vir:1144,Lactococcus cremoris,Drugs,Multi-drug_resistance,Multi-drug_ABC_efflux_pumps,LMRD,HIA,27.239878,3634874,147.65501967881142510029,50.7537
ERR11865455,NODE_513_length_4550_cov_38.778431,gene:plasmid:139560;gene:plasmid:131185,Acetobacter ghanensis,Drugs,Aminoglycosides,Aminoglycoside-resistant_16S_ribosomal_subunit_protein,A16S,CIA,38.778431,3341270,146.90759621341585684485,79.0013
ERR11865457,NODE_650_length_3122_cov_26.705509,gene:plasmid:139560,Acetobacter okinawensis,Drugs,MLS,Macrolide-resistant_23S_rRNA_mutation,MLS23S,CIA ?,26.705509,2831867,147.84488078006488299062,63.7855
ERR11865457,NODE_656_length_3014_cov_25.335296,gene:plasmid:139560,Acetobacter okinawensis,Drugs,MLS,Macrolide-resistant_23S_rRNA_mutation,MLS23S,CIA ?,25.335296,2831867,147.84488078006488299062,60.5127
ERR11865459,NODE_2_length_229535_cov_29.880628,gene:proph:184332;gene:proph:183180;gene:vir:983;gene:vir:1043;gene:vir:1042;gene:plasmid:135980;gene:plasmid:135959;gene:vir:1048;gene:proph:183099;gene:proph:183100;gene:proph:162997;gene:proph:162996;gene:proph:184398;gene:proph:184397;gene:vir:3940;gene:vir:1619;gene:proph:183252;gene:vir:999;gene:proph:163000;gene:proph:183109;gene:vir:94750;gene:vir:723;gene:proph:183242;gene:vir:4038;gene:proph:184362;gene:proph:162987;gene:vir:952;gene:proph:183179;gene:proph:183181;gene:vir:3961;gene:vir:1017;gene:vir:729;gene:vir:3962;gene:vir:3963;gene:proph:184335;gene:vir:3965;gene:proph:184331;gene:vir:3613;gene:proph:184329;gene:vir:3615;gene:proph:184327;gene:vir:98409;gene:vir:3618;gene:proph:184324;gene:proph:184323;gene:vir:3975;gene:vir:3977;gene:proph:184319;gene:proph:183212,Lactococcus lactis,Drugs,Multi-drug_resistance,Multi-drug_ABC_efflux_pumps,LMRD,HIA,29.880628,2944676,147.28541578088726909174,68.8958
ERR11865461,NODE_350_length_5937_cov_2.555250,gene:plasmid:131373,Leuconostoc mesenteroides,Drugs,Aminoglycosides,Aminoglycoside-resistant_16S_ribosomal_subunit_protein,A16S,CIA,2.555250,2766969,147.56038105233560621748,6.25834
ERR11865461,NODE_271_length_7079_cov_1.703826,gene:plasmid:139560;gene:plasmid:117293,Acetobacter ghanensis,Drugs,MLS,Macrolide-resistant_23S_rRNA_mutation,MLS23S,CIA ?,1.703826,2766969,147.56038105233560621748,4.17303
ERR11865461,NODE_271_length_7079_cov_1.703826,gene:plasmid:139560;gene:plasmid:117293,Acetobacter ghanensis,Drugs,Aminoglycosides,Aminoglycoside-resistant_16S_ribosomal_subunit_protein,A16S,CIA,1.703826,2766969,147.56038105233560621748,4.17303
ERR11865463,NODE_64_length_32158_cov_2.257501,gene:plasmid:131182,Leuconostoc mesenteroides,Drugs,Aminoglycosides,Aminoglycoside-resistant_16S_ribosomal_subunit_protein,A16S,CIA,2.257501,2872684,146.91890371513191148069,5.34887
ERR11865463,NODE_1013_length_3538_cov_11.781589,gene:plasmid:139560,Acetobacter ghanensis,Drugs,MLS,Macrolide-resistant_23S_rRNA_mutation,MLS23S,CIA ?,11.781589,2872684,146.91890371513191148069,27.915
ERR11865463,NODE_892_length_3959_cov_17.699374,gene:plasmid:139560;gene:plasmid:131185,Acetobacter okinawensis,Drugs,Aminoglycosides,Aminoglycoside-resistant_16S_ribosomal_subunit_protein,A16S,CIA,17.699374,2872684,146.91890371513191148069,41.9365
ERR11865465,NODE_202_length_7094_cov_5.936558,gene:plasmid:139560,Leuconostoc mesenteroides,Drugs,Aminoglycosides,Aminoglycoside-resistant_16S_ribosomal_subunit_protein,A16S,CIA,5.936558,1526535,147.75446091966446887886,26.3201
ERR11865465,NODE_202_length_7094_cov_5.936558,gene:plasmid:139560,Leuconostoc mesenteroides,Drugs,Oxazolidinone,Oxazolidinone-resistant_23S_rRNA_mutation,O23S,Authorized for use in humans only,5.936558,1526535,147.75446091966446887886,26.3201
ERR11865467,NODE_251_length_6769_cov_8.247666,gene:plasmid:131182,Leuconostoc mesenteroides,Drugs,Aminoglycosides,Aminoglycoside-resistant_16S_ribosomal_subunit_protein,A16S,CIA,8.247666,2952996,147.57758222496745677948,18.9255
ERR11865467,NODE_251_length_6769_cov_8.247666,gene:plasmid:131182,Leuconostoc mesenteroides,Drugs,Oxazolidinone,Oxazolidinone-resistant_23S_rRNA_mutation,O23S,Authorized for use in humans only,8.247666,2952996,147.57758222496745677948,18.9255
ERR11865467,NODE_4_length_164358_cov_38.545603,gene:plasmid:135980;gene:plasmid:135959,Lactococcus lactis,Drugs,Multi-drug_resistance,Multi-drug_ABC_efflux_pumps,LMRD,HIA,38.545603,2952996,147.57758222496745677948,88.4487
ERR11865469,NODE_3012_length_1972_cov_80.457995,gene:plasmid:145499,other,Drugs,betalactams,Class_A_betalactamases,TEM,Authorized for use in humans only,80.457995,1033879,148.56452060637656824444,523.823
ERR11865471,NODE_1411_length_1972_cov_83.545799,gene:plasmid:145499,other,Drugs,betalactams,Class_A_betalactamases,TEM,Authorized for use in humans only,83.545799,3253371,147.31755615944200646037,174.316
ERR11865473,NODE_4_length_164047_cov_22.434108,gene:plasmid:135980;gene:plasmid:135959,Lactococcus lactis,Drugs,Multi-drug_resistance,Multi-drug_ABC_efflux_pumps,LMRD,HIA,22.434108,2988300,148.72109426764381086236,50.4792
ERR11865473,NODE_678_length_4169_cov_1.565562,gene:plasmid:139560,Acetobacter ghanensis,Drugs,Aminoglycosides,Aminoglycoside-resistant_16S_ribosomal_subunit_protein,A16S,CIA,1.565562,2988300,148.72109426764381086236,3.52268
ERR11865473,NODE_646_length_4336_cov_47.799240,gene:plasmid:145499,other,Drugs,betalactams,Class_A_betalactamases,TEM,Authorized for use in humans only,47.799240,2988300,148.72109426764381086236,107.553
ERR11865475,NODE_4_length_164046_cov_26.203424,gene:plasmid:135980;gene:plasmid:135959,Lactococcus lactis,Drugs,Multi-drug_resistance,Multi-drug_ABC_efflux_pumps,LMRD,HIA,26.203424,3179919,147.54265784757410487499,55.8502
ERR11865475,NODE_639_length_3959_cov_15.030271,gene:plasmid:139560;gene:plasmid:131376,Acetobacter okinawensis,Drugs,Aminoglycosides,Aminoglycoside-resistant_16S_ribosomal_subunit_protein,A16S,CIA,15.030271,3179919,147.54265784757410487499,32.0356
ERR11865475,NODE_804_length_2858_cov_9.175394,gene:plasmid:19384;gene:plasmid:145499,other,Drugs,betalactams,Class_A_betalactamases,TEM,Authorized for use in humans only,9.175394,3179919,147.54265784757410487499,19.5565
ERR11865477,NODE_9_length_132138_cov_40.385938,gene:plasmid:135980,Lactococcus lactis,Drugs,Multi-drug_resistance,Multi-drug_ABC_efflux_pumps,LMRD,HIA,40.385938,2812138,148.51536268845981242741,96.699
ERR11865477,NODE_52_length_2798_cov_11.372145,gene:plasmid:145499,other,Drugs,betalactams,Class_A_betalactamases,TEM,Authorized for use in humans only,11.372145,2812138,148.51536268845981242741,27.2292
ERR11865479,NODE_9_length_105187_cov_25.393413,gene:plasmid:135980,Lactococcus lactis,Drugs,Multi-drug_resistance,Multi-drug_ABC_efflux_pumps,LMRD,HIA,25.393413,1936168,141.05259409307456790939,92.9816
ERR11865479,NODE_57_length_2810_cov_15.685054,gene:plasmid:145499,Escherichia coli,Drugs,betalactams,Class_A_betalactamases,TEM,Authorized for use in humans only,15.685054,1936168,141.05259409307456790939,57.4331
ERR11865481,NODE_268_length_7174_cov_4.469562,gene:plasmid:139560;gene:plasmid:131376,Acetobacter okinawensis,Drugs,MLS,Macrolide-resistant_23S_rRNA_mutation,MLS23S,CIA ?,4.469562,3014810,147.81326717106550661567,10.0298
ERR11865481,NODE_268_length_7174_cov_4.469562,gene:plasmid:139560;gene:plasmid:131376,Acetobacter ghanensis,Drugs,Aminoglycosides,Aminoglycoside-resistant_16S_ribosomal_subunit_protein,A16S,CIA,4.469562,3014810,147.81326717106550661567,10.0298
ERR11865481,NODE_468_length_4484_cov_2.770484,gene:plasmid:139562,Pseudomonas helleri,Drugs,MLS,Macrolide-resistant_23S_rRNA_mutation,MLS23S,CIA ?,2.770484,3014810,147.81326717106550661567,6.21702
ERR11865481,NODE_2_length_171254_cov_37.901079,ICEberg|404|Tn5301|GenBank|S54034|1..515,Lactococcus cremoris,Drugs,Multi-drug_resistance,Multi-drug_ABC_efflux_pumps,LMRD,HIA,37.901079,3014810,147.81326717106550661567,85.0508
ERR11865483,NODE_288_length_5612_cov_14.456153,gene:plasmid:139560;gene:plasmid:131376,Acetobacter ghanensis,Drugs,MLS,Macrolide-resistant_23S_rRNA_mutation,MLS23S,CIA ?,14.456153,3282276,147.97562027081208283520,29.7637
ERR11865483,NODE_288_length_5612_cov_14.456153,gene:plasmid:139560;gene:plasmid:131376,Acetobacter ghanensis,Drugs,Aminoglycosides,Aminoglycoside-resistant_16S_ribosomal_subunit_protein,A16S,CIA,14.456153,3282276,147.97562027081208283520,29.7637
ERR11865483,NODE_1_length_158828_cov_36.360571,ICEberg|404|Tn5301|GenBank|S54034|1..515,Lactococcus cremoris,Drugs,Multi-drug_resistance,Multi-drug_ABC_efflux_pumps,LMRD,HIA,36.360571,3282276,147.97562027081208283520,74.8627
ERR11865485,NODE_61_length_9458_cov_3.024006,gene:plasmid:131373,Leuconostoc mesenteroides,Drugs,Aminoglycosides,Aminoglycoside-resistant_16S_ribosomal_subunit_protein,A16S,CIA,3.024006,2537170,147.98916509339145583465,8.05384
ERR11865485,NODE_61_length_9458_cov_3.024006,gene:plasmid:131373,Leuconostoc mesenteroides,Drugs,Oxazolidinone,Oxazolidinone-resistant_23S_rRNA_mutation,O23S,Authorized for use in humans only,3.024006,2537170,147.98916509339145583465,8.05384
ERR11865485,NODE_86_length_6827_cov_2.610448,gene:plasmid:139560;gene:plasmid:131376,Acetobacter okinawensis,Drugs,MLS,Macrolide-resistant_23S_rRNA_mutation,MLS23S,CIA ?,2.610448,2537170,147.98916509339145583465,6.95241
ERR11865485,NODE_86_length_6827_cov_2.610448,gene:plasmid:139560;gene:plasmid:131376,Acetobacter ghanensis,Drugs,Aminoglycosides,Aminoglycoside-resistant_16S_ribosomal_subunit_protein,A16S,CIA,2.610448,2537170,147.98916509339145583465,6.95241
ERR11865485,NODE_1_length_231049_cov_38.837192,ICEberg|404|Tn5301|GenBank|S54034|1..515,Lactococcus lactis,Drugs,Multi-drug_resistance,Multi-drug_ABC_efflux_pumps,LMRD,HIA,38.837192,2537170,147.98916509339145583465,103.435
ERR11865487,NODE_552_length_5519_cov_19.011684,gene:plasmid:117290,Leuconostoc mesenteroides,Drugs,Aminoglycosides,Aminoglycoside-resistant_16S_ribosomal_subunit_protein,A16S,CIA,19.011684,3203307,148.47836501465516730054,39.9723
ERR11865487,NODE_552_length_5519_cov_19.011684,gene:plasmid:117290,Leuconostoc mesenteroides,Drugs,Oxazolidinone,Oxazolidinone-resistant_23S_rRNA_mutation,O23S,Authorized for use in humans only,19.011684,3203307,148.47836501465516730054,39.9723
ERR11865487,NODE_550_length_5592_cov_33.228362,gene:plasmid:139560;gene:plasmid:117293,Acetobacter ghanensis,Drugs,MLS,Macrolide-resistant_23S_rRNA_mutation,MLS23S,CIA ?,33.228362,3203307,148.47836501465516730054,69.863
ERR11865487,NODE_550_length_5592_cov_33.228362,gene:plasmid:139560;gene:plasmid:117293,Acetobacter ghanensis,Drugs,Aminoglycosides,Aminoglycoside-resistant_16S_ribosomal_subunit_protein,A16S,CIA,33.228362,3203307,148.47836501465516730054,69.863
ERR11865487,NODE_2_length_231049_cov_33.030655,ICEberg|404|Tn5301|GenBank|S54034|1..515,Lactococcus cremoris,Drugs,Multi-drug_resistance,Multi-drug_ABC_efflux_pumps,LMRD,HIA,33.030655,3203307,148.47836501465516730054,69.4473
ERR11865489,NODE_7_length_133542_cov_25.507244,gene:plasmid:135980,Lactococcus lactis,Drugs,Multi-drug_resistance,Multi-drug_ABC_efflux_pumps,LMRD,HIA,25.507244,1801856,148.27034180311856219364,95.4749
ERR11865491,NODE_98_length_10752_cov_3.568753,gene:plasmid:139560;gene:plasmid:131376,Acetobacter orientalis,Drugs,MLS,Macrolide-resistant_23S_rRNA_mutation,MLS23S,CIA ?,3.568753,3073752,147.41241973978382120613,7.87614
ERR11865491,NODE_98_length_10752_cov_3.568753,gene:plasmid:139560;gene:plasmid:131376,Acetobacter orientalis,Drugs,Aminoglycosides,Aminoglycoside-resistant_16S_ribosomal_subunit_protein,A16S,CIA,3.568753,3073752,147.41241973978382120613,7.87614
ERR11865491,NODE_1_length_277799_cov_45.285463,gene:proph:184332;gene:proph:183180;gene:proph:183265;gene:vir:1043;gene:vir:1042;gene:plasmid:135980;gene:plasmid:135959;gene:vir:1048;gene:proph:183099;gene:proph:183100;gene:proph:162997;gene:proph:162996;gene:vir:712;gene:proph:184398;gene:proph:184397;gene:vir:3940;gene:vir:1619;gene:proph:183252;gene:vir:999;gene:proph:163000;gene:vir:1059;gene:vir:94750;gene:vir:723;gene:proph:183242;gene:vir:4038;gene:proph:184362;gene:proph:162987;gene:vir:952;gene:proph:183179;gene:vir:955;gene:vir:3961;gene:vir:1017;gene:vir:729;gene:vir:3962;gene:vir:3963;gene:proph:184335;gene:vir:3965;gene:proph:184331;gene:vir:3613;gene:proph:184329;gene:vir:3615;gene:proph:184327;gene:vir:98409;gene:vir:3618;gene:proph:184324;gene:proph:184323;gene:vir:3975;gene:vir:3977;gene:proph:184319;gene:proph:183212;gene:proph:184391,Lactococcus lactis,Drugs,Multi-drug_resistance,Multi-drug_ABC_efflux_pumps,LMRD,HIA,45.285463,3073752,147.41241973978382120613,99.9438
ERR11865493,NODE_230_length_3622_cov_0.990272,gene:plasmid:131373,Leuconostoc mesenteroides,Drugs,Aminoglycosides,Aminoglycoside-resistant_16S_ribosomal_subunit_protein,A16S,CIA,0.990272,1791436,148.80852511616379262223,3.71471
ERR11865493,NODE_312_length_2460_cov_16.690527,gene:plasmid:145499,other,Drugs,betalactams,Class_A_betalactamases,TEM,Authorized for use in humans only,16.690527,1791436,148.80852511616379262223,62.6096
ERR11865493,NODE_1_length_173406_cov_8.262507,gene:plasmid:87093;gene:plasmid:135980,Lactococcus lactis,Drugs,Multi-drug_resistance,Multi-drug_ABC_efflux_pumps,LMRD,HIA,8.262507,1791436,148.80852511616379262223,30.9944
ERR11865495,NODE_340_length_5339_cov_23.585188,gene:plasmid:139560,Leuconostoc mesenteroides,Drugs,Aminoglycosides,Aminoglycoside-resistant_16S_ribosomal_subunit_protein,A16S,CIA,23.585188,3815992,148.64476995758900962056,41.5798
ERR11865495,NODE_340_length_5339_cov_23.585188,gene:plasmid:139560,Leuconostoc mesenteroides,Drugs,Oxazolidinone,Oxazolidinone-resistant_23S_rRNA_mutation,O23S,Authorized for use in humans only,23.585188,3815992,148.64476995758900962056,41.5798
ERR11865495,NODE_52_length_45437_cov_3.248797,gene:plasmid:139560;gene:plasmid:117293,Acetobacter okinawensis,Drugs,MLS,Macrolide-resistant_23S_rRNA_mutation,MLS23S,CIA ?,3.248797,3815992,148.64476995758900962056,5.72751
ERR11865495,NODE_52_length_45437_cov_3.248797,gene:plasmid:139560;gene:plasmid:117293,Acetobacter orientalis,Drugs,Aminoglycosides,Aminoglycoside-resistant_16S_ribosomal_subunit_protein,A16S,CIA,3.248797,3815992,148.64476995758900962056,5.72751
ERR11865495,NODE_402_length_3476_cov_4.568827,gene:plasmid:145499;gene:plasmid:19384,other,Drugs,betalactams,Class_A_betalactamases,TEM,Authorized for use in humans only,4.568827,3815992,148.64476995758900962056,8.05467
ERR11865495,NODE_1_length_318996_cov_42.561861,gene:vir:3394;gene:vir:3393;gene:vir:3392;gene:vir:3390;gene:proph:184332;gene:proph:183180;gene:vir:3930;gene:vir:1043;gene:vir:1042;gene:plasmid:135980;gene:plasmid:87093;gene:plasmid:135959;gene:vir:1048;gene:vir:1049;gene:proph:183100;gene:proph:162997;gene:proph:162996;gene:proph:184398;gene:proph:184397;gene:vir:3940;gene:vir:1619;gene:proph:183252;gene:vir:999;gene:proph:163000;gene:vir:1059;gene:vir:94750;gene:vir:723;gene:vir:1008;gene:vir:4038;gene:proph:184362;gene:proph:162987;gene:proph:183178;gene:vir:953;gene:proph:183181;gene:vir:3961;gene:vir:1017;gene:vir:729;gene:vir:3962;gene:vir:3963;gene:proph:184335;gene:vir:3965;gene:proph:184331;gene:vir:3613;gene:proph:184329;gene:vir:3615;gene:proph:184327;gene:vir:98409;gene:vir:3618;gene:proph:184324;gene:proph:184323;gene:vir:3975;gene:vir:3977;gene:proph:184319;gene:vir:1038;gene:proph:184391;gene:proph:183050;gene:vir:3396;gene:proph:162945;gene:vir:3398;gene:proph:184301;gene:proph:184300;gene:vir:1119;gene:vir:3402;gene:proph:183058;gene:proph:183059;gene:proph:162954,Lactococcus phage D2950,Drugs,Multi-drug_resistance,Multi-drug_ABC_efflux_pumps,LMRD,HIA,42.561861,3815992,148.64476995758900962056,75.0349
ERR11865497,NODE_86_length_11059_cov_3.336718,gene:plasmid:131373,Leuconostoc mesenteroides,Drugs,Aminoglycosides,Aminoglycoside-resistant_16S_ribosomal_subunit_protein,A16S,CIA,3.336718,2313212,148.80329515842041282856,9.69374
ERR11865497,NODE_86_length_11059_cov_3.336718,gene:plasmid:131373,Leuconostoc mesenteroides,Drugs,Oxazolidinone,Oxazolidinone-resistant_23S_rRNA_mutation,O23S,Authorized for use in humans only,3.336718,2313212,148.80329515842041282856,9.69374
ERR11865497,NODE_828_length_2437_cov_21.696104,gene:plasmid:145499,other,Drugs,betalactams,Class_A_betalactamases,TEM,Authorized for use in humans only,21.696104,2313212,148.80329515842041282856,63.0309
ERR11865499,NODE_369_length_5258_cov_17.077568,gene:plasmid:139560,Leuconostoc mesenteroides,Drugs,Aminoglycosides,Aminoglycoside-resistant_16S_ribosomal_subunit_protein,A16S,CIA,17.077568,3006348,148.65161917382817957202,38.2135
ERR11865499,NODE_369_length_5258_cov_17.077568,gene:plasmid:139560,Leuconostoc mesenteroides,Drugs,Oxazolidinone,Oxazolidinone-resistant_23S_rRNA_mutation,O23S,Authorized for use in humans only,17.077568,3006348,148.65161917382817957202,38.2135
ERR11865499,NODE_713_length_2460_cov_15.273468,gene:plasmid:145499,other,Drugs,betalactams,Class_A_betalactamases,TEM,Authorized for use in humans only,15.273468,3006348,148.65161917382817957202,34.1766
ERR11865501,NODE_2_length_122737_cov_5.342362,gene:plasmid:135980;gene:plasmid:135959,Lactococcus lactis,Drugs,Multi-drug_resistance,Multi-drug_ABC_efflux_pumps,LMRD,HIA,5.342362,725665,149.33190797406516781159,49.2997
ERR11865501,NODE_707_length_1972_cov_24.347425,gene:plasmid:145499,other,Drugs,betalactams,Class_A_betalactamases,TEM,Authorized for use in humans only,24.347425,725665,149.33190797406516781159,224.68
ERR11865503,NODE_7_length_132923_cov_33.270174,gene:plasmid:135980,Lactococcus lactis,Drugs,Multi-drug_resistance,Multi-drug_ABC_efflux_pumps,LMRD,HIA,33.270174,2675365,148.86790512696398435353,83.5355
ERR11865503,NODE_583_length_2893_cov_12.599422,gene:plasmid:145499,other,Drugs,betalactams,Class_A_betalactamases,TEM,Authorized for use in humans only,12.599422,2675365,148.86790512696398435353,31.6349
ERR11865508,NODE_109_length_18573_cov_7.193646,gene:plasmid:117290,Leuconostoc mesenteroides,Drugs,Aminoglycosides,Aminoglycoside-resistant_16S_ribosomal_subunit_protein,A16S,CIA,7.193646,3051471,148.75443613916042459521,15.8478
ERR11865508,NODE_109_length_18573_cov_7.193646,gene:plasmid:117290,Leuconostoc mesenteroides,Drugs,Oxazolidinone,Oxazolidinone-resistant_23S_rRNA_mutation,O23S,Authorized for use in humans only,7.193646,3051471,148.75443613916042459521,15.8478
ERR11865508,NODE_325_length_6938_cov_9.640435,gene:plasmid:139560;gene:plasmid:131376,Acetobacter orientalis,Drugs,MLS,Macrolide-resistant_23S_rRNA_mutation,MLS23S,CIA ?,9.640435,3051471,148.75443613916042459521,21.2382
ERR11865508,NODE_325_length_6938_cov_9.640435,gene:plasmid:139560;gene:plasmid:131376,Acetobacter orientalis,Drugs,Aminoglycosides,Aminoglycoside-resistant_16S_ribosomal_subunit_protein,A16S,CIA,9.640435,3051471,148.75443613916042459521,21.2382
ERR11865508,NODE_519_length_3374_cov_4.303665,gene:plasmid:145499;gene:plasmid:19384,other,Drugs,betalactams,Class_A_betalactamases,TEM,Authorized for use in humans only,4.303665,3051471,148.75443613916042459521,9.48111
ERR11865508,NODE_1_length_307930_cov_41.440308,gene:proph:184332;gene:proph:183180;gene:proph:183265;gene:vir:1043;gene:vir:1042;gene:plasmid:135980;gene:plasmid:87093;gene:plasmid:135959;gene:vir:1048;gene:proph:183099;gene:vir:1050;gene:proph:162997;gene:proph:162996;gene:vir:712;gene:proph:184398;gene:proph:184397;gene:vir:3940;gene:vir:1619;gene:vir:998;gene:proph:183251;gene:proph:163000;gene:proph:183109;gene:vir:94750;gene:vir:723;gene:vir:1008;gene:vir:4038;gene:proph:184362;gene:proph:162987;gene:proph:183178;gene:vir:953;gene:vir:955;gene:vir:3961;gene:vir:1017;gene:vir:729;gene:vir:3962;gene:vir:3963;gene:proph:184335;gene:vir:3965;gene:proph:184331;gene:vir:3613;gene:proph:184329;gene:vir:3615;gene:proph:184327;gene:vir:98409;gene:vir:3618;gene:proph:184324;gene:proph:184323;gene:proph:184322;gene:vir:3977;gene:proph:184319;gene:vir:1038;gene:proph:184391,Lactococcus lactis,Drugs,Multi-drug_resistance,Multi-drug_ABC_efflux_pumps,LMRD,HIA,41.440308,3051471,148.75443613916042459521,91.2943
ERR11865509,NODE_758_length_5344_cov_92.012651,gene:plasmid:131182,Leuconostoc mesenteroides,Drugs,Aminoglycosides,Aminoglycoside-resistant_16S_ribosomal_subunit_protein,A16S,CIA,92.012651,2569687,147.29998478413907997355,243.089
ERR11865509,NODE_758_length_5344_cov_92.012651,gene:plasmid:131182,Leuconostoc mesenteroides,Drugs,Oxazolidinone,Oxazolidinone-resistant_23S_rRNA_mutation,O23S,Authorized for use in humans only,92.012651,2569687,147.29998478413907997355,243.089
ERR11865509,NODE_706_length_5592_cov_11.436962,gene:plasmid:139560;gene:plasmid:131376,Acetobacter ghanensis,Drugs,MLS,Macrolide-resistant_23S_rRNA_mutation,MLS23S,CIA ?,11.436962,2569687,147.29998478413907997355,30.2154
ERR11865509,NODE_706_length_5592_cov_11.436962,gene:plasmid:139560;gene:plasmid:131376,Acetobacter ghanensis,Drugs,Aminoglycosides,Aminoglycoside-resistant_16S_ribosomal_subunit_protein,A16S,CIA,11.436962,2569687,147.29998478413907997355,30.2154
ERR11865509,NODE_24_length_50167_cov_18.342226,gene:plasmid:155304,Leuconostoc mesenteroides,Drugs,Elfamycins,EF-Tu_inhibition,TUFAB,NA,18.342226,2569687,147.29998478413907997355,48.4584
ERR11865509,NODE_1797_length_2842_cov_6.547330,gene:plasmid:19384;gene:plasmid:145499,other,Drugs,betalactams,Class_A_betalactamases,TEM,Authorized for use in humans only,6.547330,2569687,147.29998478413907997355,17.2974
ERR11865511,NODE_688_length_4795_cov_69.694302,gene:plasmid:131182,Leuconostoc mesenteroides,Drugs,Aminoglycosides,Aminoglycoside-resistant_16S_ribosomal_subunit_protein,A16S,CIA,69.694302,2855099,149.06932053844717818891,163.752
ERR11865511,NODE_688_length_4795_cov_69.694302,gene:plasmid:131182,Leuconostoc mesenteroides,Drugs,Oxazolidinone,Oxazolidinone-resistant_23S_rRNA_mutation,O23S,Authorized for use in humans only,69.694302,2855099,149.06932053844717818891,163.752
ERR11865511,NODE_603_length_5656_cov_9.478568,gene:plasmid:139560;gene:plasmid:131376,Acetobacter ghanensis,Drugs,MLS,Macrolide-resistant_23S_rRNA_mutation,MLS23S,CIA ?,9.478568,2855099,149.06932053844717818891,22.2707
ERR11865511,NODE_603_length_5656_cov_9.478568,gene:plasmid:139560;gene:plasmid:131376,Acetobacter ghanensis,Drugs,Aminoglycosides,Aminoglycoside-resistant_16S_ribosomal_subunit_protein,A16S,CIA,9.478568,2855099,149.06932053844717818891,22.2707
ERR11865511,NODE_1065_length_2540_cov_3.323663,gene:plasmid:145499,other,Drugs,betalactams,Class_A_betalactamases,TEM,Authorized for use in humans only,3.323663,2855099,149.06932053844717818891,7.80922
ERR11865511,NODE_1_length_294546_cov_7.013661,ICEberg|404|Tn5301|GenBank|S54034|1..515,Lactococcus cremoris,Drugs,Multi-drug_resistance,Multi-drug_ABC_efflux_pumps,LMRD,HIA,7.013661,2855099,149.06932053844717818891,16.4792
ERR11865540,NODE_90_length_18146_cov_1.971253,gene:plasmid:139560,Leuconostoc mesenteroides,Drugs,Aminoglycosides,Aminoglycoside-resistant_16S_ribosomal_subunit_protein,A16S,CIA,1.971253,2184025,149.52204026968555762869,6.03642
ERR11865540,NODE_90_length_18146_cov_1.971253,gene:plasmid:139560,Leuconostoc mesenteroides,Drugs,Oxazolidinone,Oxazolidinone-resistant_23S_rRNA_mutation,O23S,Authorized for use in humans only,1.971253,2184025,149.52204026968555762869,6.03642
ERR11865540,NODE_233_length_5648_cov_9.864155,gene:plasmid:139560;gene:plasmid:117293,Acetobacter ghanensis,Drugs,MLS,Macrolide-resistant_23S_rRNA_mutation,MLS23S,CIA ?,9.864155,2184025,149.52204026968555762869,30.2063
ERR11865540,NODE_233_length_5648_cov_9.864155,gene:plasmid:139560;gene:plasmid:117293,Acetobacter orientalis,Drugs,Aminoglycosides,Aminoglycoside-resistant_16S_ribosomal_subunit_protein,A16S,CIA,9.864155,2184025,149.52204026968555762869,30.2063
ERR11865542,NODE_381_length_4262_cov_12.306651,gene:plasmid:10524;gene:plasmid:10528,Acinetobacter lwoffii,Drugs,Aminoglycosides,Aminoglycoside_O-nucleotidyltransferases,ANT3-DPRIME,CIA,12.306651,335719,147.47013722786020451627,248.576
ERR11865542,NODE_21_length_20976_cov_6.583625,gene:plasmid:139562;gene:plasmid:139559,Acinetobacter sp. TTH0-4,Drugs,MLS,Macrolide-resistant_23S_rRNA_mutation,MLS23S,CIA ?,6.583625,335719,147.47013722786020451627,132.98
ERR11865542,NODE_21_length_20976_cov_6.583625,gene:plasmid:139562;gene:plasmid:139559,Acinetobacter sp. TTH0-4,Drugs,Aminoglycosides,Aminoglycoside-resistant_16S_ribosomal_subunit_protein,A16S,CIA,6.583625,335719,147.47013722786020451627,132.98
ERR11865542,NODE_81_length_12336_cov_1.401179,gene:plasmid:21818,Escherichia coli,Biocides,Acid_resistance,Acid_resistance_protein,HDEB,0,1.401179,335719,147.47013722786020451627,28.3018
ERR11865544,NODE_89_length_11072_cov_4.765738,gene:plasmid:131373,Leuconostoc lactis,Drugs,MLS,Macrolide-resistant_23S_rRNA_mutation,MLS23S,CIA ?,4.765738,2611474,147.84703581195906985863,12.3433
ERR11865544,NODE_89_length_11072_cov_4.765738,gene:plasmid:131373,Leuconostoc falkenbergense,Drugs,Oxazolidinone,Oxazolidinone-resistant_23S_rRNA_mutation,O23S,Authorized for use in humans only,4.765738,2611474,147.84703581195906985863,12.3433
ERR11865544,NODE_1_length_182698_cov_40.747594,gene:vir:3930;gene:vir:1043;gene:vir:1042;gene:plasmid:135980;gene:plasmid:135959;gene:vir:1047;gene:vir:94743;gene:proph:162966;gene:vir:1050;gene:vir:709;gene:vir:711;gene:vir:930;gene:vir:7383;gene:vir:7384;gene:vir:94733;gene:vir:1058;gene:proph:183109;gene:vir:1060;gene:vir:1061,Lactococcus lactis,Drugs,Multi-drug_resistance,Multi-drug_ABC_efflux_pumps,LMRD,HIA,40.747594,2611474,147.84703581195906985863,105.537
ERR11865546,NODE_516_length_4308_cov_1.667304,gene:plasmid:131373,Leuconostoc falkenbergense,Drugs,Oxazolidinone,Oxazolidinone-resistant_23S_rRNA_mutation,O23S,Authorized for use in humans only,1.667304,1254965,147.79314164140035777890,8.98936
ERR11865546,NODE_3_length_107959_cov_10.938293,gene:plasmid:135980,Lactococcus lactis,Drugs,Multi-drug_resistance,Multi-drug_ABC_efflux_pumps,LMRD,HIA,10.938293,1254965,147.79314164140035777890,58.9744
ERR11865548,NODE_208_length_10774_cov_4.871419,gene:plasmid:131373,Leuconostoc citreum,Drugs,MLS,Macrolide-resistant_23S_rRNA_mutation,MLS23S,CIA ?,4.871419,2545835,148.52353117935765672166,12.8834
ERR11865548,NODE_208_length_10774_cov_4.871419,gene:plasmid:131373,Leuconostoc falkenbergense,Drugs,Oxazolidinone,Oxazolidinone-resistant_23S_rRNA_mutation,O23S,Authorized for use in humans only,4.871419,2545835,148.52353117935765672166,12.8834
ERR11865548,NODE_1_length_182698_cov_33.558774,gene:vir:3930;gene:vir:1043;gene:vir:1042;gene:plasmid:135980;gene:plasmid:135959;gene:vir:1047;gene:vir:94743;gene:proph:162966;gene:vir:1050;gene:vir:709;gene:vir:711;gene:vir:930;gene:vir:7383;gene:vir:7384;gene:vir:94733;gene:vir:1058;gene:vir:1059;gene:proph:183110;gene:vir:1061,Lactococcus lactis,Drugs,Multi-drug_resistance,Multi-drug_ABC_efflux_pumps,LMRD,HIA,33.558774,2545835,148.52353117935765672166,88.7525
ERR11865552,NODE_66_length_6839_cov_1.783820,gene:plasmid:117290,Leuconostoc citreum,Drugs,Aminoglycosides,Aminoglycoside-resistant_16S_ribosomal_subunit_protein,A16S,CIA,1.783820,2354659,148.53820192223162674510,5.10017
ERR11865552,NODE_66_length_6839_cov_1.783820,gene:plasmid:117290,Leuconostoc falkenbergense,Drugs,Oxazolidinone,Oxazolidinone-resistant_23S_rRNA_mutation,O23S,Authorized for use in humans only,1.783820,2354659,148.53820192223162674510,5.10017
ERR11865552,NODE_1_length_182698_cov_35.295638,gene:vir:3930;gene:vir:1043;gene:vir:1042;gene:plasmid:135980;gene:plasmid:135959;gene:vir:1047;gene:vir:94743;gene:proph:162966;gene:proph:183100;gene:vir:709;gene:vir:711;gene:vir:930;gene:vir:7383;gene:vir:7384;gene:vir:94733;gene:vir:1058;gene:vir:1059;gene:proph:183110;gene:vir:942,Lactococcus lactis,Drugs,Multi-drug_resistance,Multi-drug_ABC_efflux_pumps,LMRD,HIA,35.295638,2354659,148.53820192223162674510,100.915
ERR11865554,NODE_170_length_7704_cov_1.849545,gene:plasmid:131373,Stenotrophomonas riyadhensis,Drugs,MLS,Macrolide-resistant_23S_rRNA_mutation,MLS23S,CIA ?,1.849545,560122,148.90773260111190062165,22.1751
ERR11865554,NODE_170_length_7704_cov_1.849545,gene:plasmid:131373,Leuconostoc falkenbergense,Drugs,Oxazolidinone,Oxazolidinone-resistant_23S_rRNA_mutation,O23S,Authorized for use in humans only,1.849545,560122,148.90773260111190062165,22.1751
ERR11865554,NODE_13_length_71016_cov_5.331885,gene:plasmid:135980,Lactococcus lactis,Drugs,Multi-drug_resistance,Multi-drug_ABC_efflux_pumps,LMRD,HIA,5.331885,560122,148.90773260111190062165,63.9265
ERR11865556,NODE_93_length_11407_cov_3.199468,gene:plasmid:117290,Leuconostoc falkenbergense,Drugs,Aminoglycosides,Aminoglycoside-resistant_16S_ribosomal_subunit_protein,A16S,CIA,3.199468,2554589,148.62745709779537921755,8.4267
ERR11865556,NODE_93_length_11407_cov_3.199468,gene:plasmid:117290,Leuconostoc falkenbergense,Drugs,Oxazolidinone,Oxazolidinone-resistant_23S_rRNA_mutation,O23S,Authorized for use in humans only,3.199468,2554589,148.62745709779537921755,8.4267
ERR11865558,NODE_1_length_182698_cov_19.366800,gene:vir:3930;gene:vir:1043;gene:vir:1042;gene:plasmid:135980;gene:plasmid:135959;gene:vir:1047;gene:vir:94743;gene:proph:162966;gene:vir:1050;gene:vir:709;gene:vir:711;gene:vir:930;gene:vir:7383;gene:vir:7384;gene:vir:94733;gene:vir:1058;gene:vir:1059;gene:proph:183110;gene:vir:1061,Lactococcus lactis,Drugs,Multi-drug_resistance,Multi-drug_ABC_efflux_pumps,LMRD,HIA,19.366800,1251017,148.75535903988514944241,104.069
ERR11865560,NODE_168_length_5648_cov_9.557870,gene:plasmid:139560;gene:plasmid:131185,Acetobacter orientalis,Drugs,MLS,Macrolide-resistant_23S_rRNA_mutation,MLS23S,CIA ?,9.557870,2406348,148.72029814474049472478,26.7075
ERR11865560,NODE_168_length_5648_cov_9.557870,gene:plasmid:139560;gene:plasmid:131185,Acetobacter orientalis,Drugs,Aminoglycosides,Aminoglycoside-resistant_16S_ribosomal_subunit_protein,A16S,CIA,9.557870,2406348,148.72029814474049472478,26.7075
ERR11865560,NODE_1_length_182698_cov_37.015457,gene:vir:3930;gene:vir:1043;gene:vir:1042;gene:plasmid:135980;gene:plasmid:135959;gene:vir:1047;gene:vir:94743;gene:proph:162966;gene:proph:183100;gene:vir:709;gene:vir:711;gene:vir:930;gene:vir:7383;gene:vir:7384;gene:vir:94733;gene:vir:1058;gene:vir:1059;gene:vir:1060;gene:vir:942,Lactococcus lactis,Drugs,Multi-drug_resistance,Multi-drug_ABC_efflux_pumps,LMRD,HIA,37.015457,2406348,148.72029814474049472478,103.432
ERR14783384,NODE_41_length_131134_cov_96.647401,gene:plasmid:123887;gene:plasmid:139212,Pseudomonas bubulae,Drugs,Elfamycins,EF-Tu_inhibition,TUFAB,NA,96.647401,17662289,148.77332937990087241806,36.7805
ERR14783384,NODE_41_length_131134_cov_96.647401,gene:plasmid:123887;gene:plasmid:139212,Pseudomonas bubulae,Drugs,Rifampin,Rifampin-resistant_beta-subunit_of_RNA_polymerase_RpoB,RPOB,CIA,96.647401,17662289,148.77332937990087241806,36.7805
ERR14783384,NODE_94_length_77434_cov_21.746220,gene:plasmid:125744,Pseudomonas fragi,Multi-compound,Biocide_and_metal_resistance,Biocide_and_metal_resistance_protein,RUVB,0,21.746220,17662289,148.77332937990087241806,8.27583
ERR14783384,NODE_65_length_101534_cov_18.979242,gene:plasmid:125744;gene:plasmid:89528,Pseudomonas helleri,Drugs,Aminocoumarins,Aminocoumarin-resistant_DNA_topoisomerases,PARE,Not medically important,18.979242,17662289,148.77332937990087241806,7.22282
ERR14783384,NODE_3_length_479119_cov_104.142762,gene:plasmid:145291,Pseudomonas bubulae,Biocides,Phenolic_compound_resistance,Phenolic_RND_efflux_pump,TRIC,0,104.142762,17662289,148.77332937990087241806,39.633
ERR14783384,NODE_43_length_122839_cov_5.652780,gene:plasmid:146728;gene:plasmid:22247,Pseudomonas sp. WC2401,Drugs,Cationic_antimicrobial_peptides,Polymyxin_B_resistance_regulator,ARNA,HPCIA,5.652780,17662289,148.77332937990087241806,2.15125
ERR14783384,NODE_64_length_102752_cov_7.709749,gene:plasmid:154779,Pseudomonas helleri,Drugs,Cationic_antimicrobial_peptides,Polymyxin_B_resistance_regulator,ARNA,HPCIA,7.709749,17662289,148.77332937990087241806,2.93405
ERR14783384,NODE_8_length_258542_cov_92.085220,gene:plasmid:20845;gene:plasmid:125744,Pseudomonas bubulae,Drugs,Aminocoumarins,Aminocoumarin-resistant_DNA_topoisomerases,PARE,Not medically important,92.085220,17662289,148.77332937990087241806,35.0443
ERR14783384,NODE_8_length_258542_cov_92.085220,gene:plasmid:20845;gene:plasmid:125744,Pseudomonas bubulae,Drugs,Fluoroquinolones,Fluoroquinolone-resistant_DNA_topoisomerases,PARC,HPCIA,92.085220,17662289,148.77332937990087241806,35.0443
ERR14783384,NODE_8_length_258542_cov_92.085220,gene:plasmid:20845;gene:plasmid:125744,Pseudomonas bubulae,Multi-compound,Biocide_and_metal_resistance,Biocide_and_metal_resistance_protein,RUVB,0,92.085220,17662289,148.77332937990087241806,35.0443
ERR14783384,NODE_2_length_553249_cov_45.790290,gene:plasmid:21828;gene:plasmid:88994,Pseudomonas bubulae,Drugs,Multi-drug_resistance,Multi-drug_RND_efflux_pumps,MUXB,CIA,45.790290,17662289,148.77332937990087241806,17.4261
ERR14783384,NODE_45_length_122286_cov_19.613127,gene:plasmid:27818,Pseudomonas helleri,Multi-compound,Biocide_and_metal_resistance,Biocide_and_metal_resistance_protein,RUVB,0,19.613127,17662289,148.77332937990087241806,7.46405
ERR14783384,NODE_284_length_33406_cov_13.886475,gene:plasmid:28516,Pseudomonas putida,Drugs,Aminocoumarins,Aminocoumarin-resistant_DNA_topoisomerases,PARE,Not medically important,13.886475,17662289,148.77332937990087241806,5.2847
ERR14783384,NODE_284_length_33406_cov_13.886475,gene:plasmid:28516,Pseudomonas fragi,Drugs,Fluoroquinolones,Fluoroquinolone-resistant_DNA_topoisomerases,PARC,HPCIA,13.886475,17662289,148.77332937990087241806,5.2847
ERR14783384,NODE_57_length_107381_cov_7.385039,gene:plasmid:85748,Pseudomonas fragi,Multi-compound,Drug_and_biocide_resistance,Drug_and_biocide_RND_efflux_pumps,MEXE,HPCIA,7.385039,17662289,148.77332937990087241806,2.81048
ERR14783384,NODE_57_length_107381_cov_7.385039,gene:plasmid:85748,Pseudomonas fragi,Multi-compound,Drug_and_biocide_resistance,Drug_and_biocide_RND_efflux_pumps,MEXF,HPCIA,7.385039,17662289,148.77332937990087241806,2.81048
ERR14783384,NODE_7_length_284794_cov_55.275311,gene:proph:169464;gene:proph:179985;gene:proph:179984,Pseudomonas bubulae,Drugs,Fluoroquinolones,Fluoroquinolone-resistant_DNA_topoisomerases,GYRA,HPCIA,55.275311,17662289,148.77332937990087241806,21.0358
ERR14783384,NODE_9_length_258531_cov_9.033192,gene:proph:178296,Pseudomonas sp. WC2401,Drugs,Multi-drug_resistance,Multi-drug_RND_efflux_pumps,MUXB,CIA,9.033192,17662289,148.77332937990087241806,3.43771
ERR14783384,NODE_376_length_24690_cov_41.969181,gene:proph:184195;gene:proph:184194;gene:proph:184236,Pseudomonas sp. WC2401,Biocides,Multi-biocide_resistance,Multi-biocide_RND_efflux_pump,EMHB,0,41.969181,17662289,148.77332937990087241806,15.972
ERR14783384,NODE_376_length_24690_cov_41.969181,gene:proph:184195;gene:proph:184194;gene:proph:184236,Pseudomonas sp. WC2401,Multi-compound,Drug_and_biocide_resistance,Drug_and_biocide_RND_efflux_pumps,EMHC,0,41.969181,17662289,148.77332937990087241806,15.972
ERR14783384,NODE_16_length_203592_cov_68.501187,gene:proph:184236;gene:proph:175955;gene:proph:175950;gene:proph:175953;gene:proph:175954;gene:proph:184195;gene:proph:184194,Pseudomonas bubulae,Biocides,Multi-biocide_resistance,Multi-biocide_RND_efflux_pump,EMHB,0,68.501187,17662289,148.77332937990087241806,26.0691
ERR14783384,NODE_16_length_203592_cov_68.501187,gene:proph:184236;gene:proph:175955;gene:proph:175950;gene:proph:175953;gene:proph:175954;gene:proph:184195;gene:proph:184194,Pseudomonas bubulae,Multi-compound,Drug_and_biocide_resistance,Drug_and_biocide_RND_efflux_pumps,EMHC,0,68.501187,17662289,148.77332937990087241806,26.0691
ERR14783384,NODE_16_length_203592_cov_68.501187,gene:proph:184236;gene:proph:175955;gene:proph:175950;gene:proph:175953;gene:proph:175954;gene:proph:184195;gene:proph:184194,Pseudomonas bubulae,Biocides,Peroxide_resistance,peroxide_resistance_protein,SODB,0,68.501187,17662289,148.77332937990087241806,26.0691
ERR14783384,NODE_52_length_114409_cov_13.654408,gene:proph:184430;gene:proph:175953;gene:proph:184195;gene:proph:184194;gene:proph:184236;gene:proph:175955;gene:proph:184449,Pseudomonas helleri,Biocides,Multi-biocide_resistance,Multi-biocide_RND_efflux_pump,EMHB,0,13.654408,17662289,148.77332937990087241806,5.19638
ERR14783384,NODE_52_length_114409_cov_13.654408,gene:proph:184430;gene:proph:175953;gene:proph:184195;gene:proph:184194;gene:proph:184236;gene:proph:175955;gene:proph:184449,Pseudomonas helleri,Multi-compound,Drug_and_biocide_resistance,Drug_and_biocide_RND_efflux_pumps,EMHC,0,13.654408,17662289,148.77332937990087241806,5.19638
ERR14783385,NODE_30_length_131445_cov_229.100854,gene:plasmid:123887;gene:plasmid:139212,Pseudomonas bubulae,Drugs,Elfamycins,EF-Tu_inhibition,TUFAB,NA,229.100854,32349634,147.08614490043380398059,48.1488
ERR14783385,NODE_30_length_131445_cov_229.100854,gene:plasmid:123887;gene:plasmid:139212,Pseudomonas bubulae,Drugs,Rifampin,Rifampin-resistant_beta-subunit_of_RNA_polymerase_RpoB,RPOB,CIA,229.100854,32349634,147.08614490043380398059,48.1488
ERR14783385,NODE_23_length_153442_cov_15.665610,gene:plasmid:137265;gene:plasmid:85748,Pseudomonas fragi,Multi-compound,Drug_and_biocide_resistance,Drug_and_biocide_RND_efflux_pumps,MEXE,HPCIA,15.665610,32349634,147.08614490043380398059,3.29235
ERR14783385,NODE_23_length_153442_cov_15.665610,gene:plasmid:137265;gene:plasmid:85748,Pseudomonas fragi,Multi-compound,Drug_and_biocide_resistance,Drug_and_biocide_RND_efflux_pumps,MEXF,HPCIA,15.665610,32349634,147.08614490043380398059,3.29235
ERR14783385,NODE_4_length_508296_cov_243.725379,gene:plasmid:145291,Pseudomonas bubulae,Biocides,Phenolic_compound_resistance,Phenolic_RND_efflux_pump,TRIC,0,243.725379,32349634,147.08614490043380398059,51.2224
ERR14783385,NODE_51_length_102421_cov_17.964758,gene:plasmid:154779,Pseudomonas helleri,Drugs,Cationic_antimicrobial_peptides,Polymyxin_B_resistance_regulator,ARNA,HPCIA,17.964758,32349634,147.08614490043380398059,3.77555
ERR14783385,NODE_1_length_906507_cov_102.557026,gene:plasmid:21828,Pseudomonas bubulae,Multi-compound,Drug_and_biocide_resistance,Drug_and_biocide_RND_efflux_pumps,MEXE,HPCIA,102.557026,32349634,147.08614490043380398059,21.5538
ERR14783385,NODE_1_length_906507_cov_102.557026,gene:plasmid:21828,Pseudomonas bubulae,Multi-compound,Drug_and_biocide_resistance,Drug_and_biocide_RND_efflux_pumps,MEXF,HPCIA,102.557026,32349634,147.08614490043380398059,21.5538
ERR14783385,NODE_12_length_270680_cov_12.866333,gene:plasmid:22247,Pseudomonas fragi,Drugs,Cationic_antimicrobial_peptides,Polymyxin_B_resistance_regulator,ARNA,HPCIA,12.866333,32349634,147.08614490043380398059,2.70404
ERR14783385,NODE_3_length_558099_cov_136.910576,gene:plasmid:26949;gene:plasmid:26360;gene:proph:173746;gene:proph:169464;gene:proph:179985;gene:proph:179984,Pseudomonas fragi,Drugs,Fluoroquinolones,Fluoroquinolone-resistant_DNA_topoisomerases,GYRA,HPCIA,136.910576,32349634,147.08614490043380398059,28.7737
ERR14783385,NODE_3_length_558099_cov_136.910576,gene:plasmid:26949;gene:plasmid:26360;gene:proph:173746;gene:proph:169464;gene:proph:179985;gene:proph:179984,Pseudomonas fragi,Drugs,Multi-drug_resistance,Multi-drug_RND_efflux_pumps,MUXB,CIA,136.910576,32349634,147.08614490043380398059,28.7737
ERR14783385,NODE_52_length_102398_cov_44.309267,gene:plasmid:27818,Pseudomonas helleri,Multi-compound,Biocide_and_metal_resistance,Biocide_and_metal_resistance_protein,RUVB,0,44.309267,32349634,147.08614490043380398059,9.31222
ERR14783385,NODE_2_length_573961_cov_220.955466,gene:plasmid:27818;gene:plasmid:125744;gene:plasmid:20845,Pseudomonas bubulae,Drugs,Aminocoumarins,Aminocoumarin-resistant_DNA_topoisomerases,PARE,Not medically important,220.955466,32349634,147.08614490043380398059,46.4369
ERR14783385,NODE_2_length_573961_cov_220.955466,gene:plasmid:27818;gene:plasmid:125744;gene:plasmid:20845,Pseudomonas bubulae,Drugs,Fluoroquinolones,Fluoroquinolone-resistant_DNA_topoisomerases,PARC,HPCIA,220.955466,32349634,147.08614490043380398059,46.4369
ERR14783385,NODE_2_length_573961_cov_220.955466,gene:plasmid:27818;gene:plasmid:125744;gene:plasmid:20845,Pseudomonas bubulae,Multi-compound,Biocide_and_metal_resistance,Biocide_and_metal_resistance_protein,RUVB,0,220.955466,32349634,147.08614490043380398059,46.4369
ERR14783385,NODE_272_length_33406_cov_28.978455,gene:plasmid:28516,Pseudomonas fragi,Drugs,Multi-drug_resistance,Multi-drug_RND_efflux_pumps,OPMH,NA,28.978455,32349634,147.08614490043380398059,6.09024
ERR14783385,NODE_272_length_33406_cov_28.978455,gene:plasmid:28516,Pseudomonas fragi,Drugs,Fluoroquinolones,Fluoroquinolone-resistant_DNA_topoisomerases,PARC,HPCIA,28.978455,32349634,147.08614490043380398059,6.09024
ERR14783385,NODE_7_length_409206_cov_181.922577,gene:proph:175950;gene:proph:175953;gene:proph:175954;gene:proph:184195;gene:proph:184194;gene:plasmid:22676;gene:plasmid:154897;gene:proph:184236;gene:proph:175955,Pseudomonas bubulae,Biocides,Multi-biocide_resistance,Multi-biocide_RND_efflux_pump,EMHB,0,181.922577,32349634,147.08614490043380398059,38.2336
ERR14783385,NODE_7_length_409206_cov_181.922577,gene:proph:175950;gene:proph:175953;gene:proph:175954;gene:proph:184195;gene:proph:184194;gene:plasmid:22676;gene:plasmid:154897;gene:proph:184236;gene:proph:175955,Pseudomonas bubulae,Multi-compound,Drug_and_biocide_resistance,Drug_and_biocide_RND_efflux_pumps,EMHC,0,181.922577,32349634,147.08614490043380398059,38.2336
ERR14783385,NODE_10_length_303933_cov_19.780580,gene:proph:178296,Pseudomonas sp. WC2401,Drugs,Multi-drug_resistance,Multi-drug_RND_efflux_pumps,MUXB,CIA,19.780580,32349634,147.08614490043380398059,4.15717
ERR14783385,NODE_367_length_24690_cov_99.003216,gene:proph:184195;gene:proph:184194;gene:proph:184236,Pseudomonas sp. WC2401,Biocides,Multi-biocide_resistance,Multi-biocide_RND_efflux_pump,EMHB,0,99.003216,32349634,147.08614490043380398059,20.8069
ERR14783385,NODE_367_length_24690_cov_99.003216,gene:proph:184195;gene:proph:184194;gene:proph:184236,Pseudomonas sp. WC2401,Multi-compound,Drug_and_biocide_resistance,Drug_and_biocide_RND_efflux_pumps,EMHC,0,99.003216,32349634,147.08614490043380398059,20.8069
ERR14783385,NODE_16_length_198358_cov_31.230731,gene:proph:184430;gene:proph:175953;gene:proph:184195;gene:proph:184194;gene:proph:184236;gene:proph:175955;gene:proph:184449,Pseudomonas helleri,Biocides,Multi-biocide_resistance,Multi-biocide_RND_efflux_pump,EMHB,0,31.230731,32349634,147.08614490043380398059,6.56358
ERR14783385,NODE_16_length_198358_cov_31.230731,gene:proph:184430;gene:proph:175953;gene:proph:184195;gene:proph:184194;gene:proph:184236;gene:proph:175955;gene:proph:184449,Pseudomonas helleri,Multi-compound,Drug_and_biocide_resistance,Drug_and_biocide_RND_efflux_pumps,EMHC,0,31.230731,32349634,147.08614490043380398059,6.56358
ERR14783386,NODE_288_length_33629_cov_92.311146,gene:plasmid:123887,Pseudomonas helleri,Drugs,Rifampin,Rifampin-resistant_beta-subunit_of_RNA_polymerase_RpoB,RPOB,CIA,92.311146,26214735,147.63938422417773820715,23.851
ERR14783386,NODE_288_length_33629_cov_92.311146,gene:plasmid:123887,Pseudomonas lundensis,Drugs,Rifampin,Rifampin-resistant_beta-subunit_of_RNA_polymerase_RpoB,RPOB,CIA,92.311146,26214735,147.63938422417773820715,23.851
ERR14783386,NODE_53_length_135499_cov_66.622891,gene:plasmid:125744;gene:plasmid:89528,Pseudomonas helleri,Drugs,Multi-drug_resistance,Multi-drug_RND_efflux_pumps,OPMH,NA,66.622891,26214735,147.63938422417773820715,17.2138
ERR14783386,NODE_53_length_135499_cov_66.622891,gene:plasmid:125744;gene:plasmid:89528,Pseudomonas helleri,Drugs,Multi-drug_resistance,Multi-drug_RND_efflux_pumps,OPMH,NA,66.622891,26214735,147.63938422417773820715,17.2138
ERR14783386,NODE_53_length_135499_cov_66.622891,gene:plasmid:125744;gene:plasmid:89528,Pseudomonas helleri,Drugs,Fluoroquinolones,Fluoroquinolone-resistant_DNA_topoisomerases,PARC,HPCIA,66.622891,26214735,147.63938422417773820715,17.2138
ERR14783386,NODE_79_length_102421_cov_29.374626,gene:plasmid:154779,Pseudomonas helleri,Drugs,Cationic_antimicrobial_peptides,Polymyxin_B_resistance_regulator,ARNA,HPCIA,29.374626,26214735,147.63938422417773820715,7.5897
ERR14783386,NODE_64_length_120846_cov_69.343550,gene:plasmid:27818,Pseudomonas helleri,Multi-compound,Biocide_and_metal_resistance,Biocide_and_metal_resistance_protein,RUVB,0,69.343550,26214735,147.63938422417773820715,17.9167
ERR14783386,NODE_205_length_45611_cov_6.745229,gene:plasmid:28516,Pseudomonas fragi,Drugs,Aminocoumarins,Aminocoumarin-resistant_DNA_topoisomerases,PARE,Not medically important,6.745229,26214735,147.63938422417773820715,1.74281
ERR14783386,NODE_205_length_45611_cov_6.745229,gene:plasmid:28516,Pseudomonas putida,Drugs,Aminocoumarins,Aminocoumarin-resistant_DNA_topoisomerases,PARE,Not medically important,6.745229,26214735,147.63938422417773820715,1.74281
ERR14783386,NODE_205_length_45611_cov_6.745229,gene:plasmid:28516,Pseudomonas fragi,Drugs,Fluoroquinolones,Fluoroquinolone-resistant_DNA_topoisomerases,PARC,HPCIA,6.745229,26214735,147.63938422417773820715,1.74281
ERR14783386,NODE_1_length_440318_cov_21.795332,gene:plasmid:83370,Pseudomonas bubulae,Biocides,Phenolic_compound_resistance,Phenolic_RND_efflux_pump,TRIC,0,21.795332,26214735,147.63938422417773820715,5.63139
ERR14783386,NODE_32_length_166579_cov_16.938931,gene:proph:175950;gene:proph:175953;gene:proph:175954;gene:proph:184195;gene:proph:184194;gene:proph:184236;gene:proph:175955,Pseudomonas fragi,Biocides,Multi-biocide_resistance,Multi-biocide_RND_efflux_pump,EMHB,0,16.938931,26214735,147.63938422417773820715,4.37661
ERR14783386,NODE_32_length_166579_cov_16.938931,gene:proph:175950;gene:proph:175953;gene:proph:175954;gene:proph:184195;gene:proph:184194;gene:proph:184236;gene:proph:175955,Pseudomonas fragi,Multi-compound,Drug_and_biocide_resistance,Drug_and_biocide_RND_efflux_pumps,EMHC,0,16.938931,26214735,147.63938422417773820715,4.37661
ERR14783386,NODE_44_length_148194_cov_53.136182,gene:proph:184430;gene:proph:175953;gene:proph:184195;gene:proph:184194;gene:proph:184236;gene:proph:175955;gene:proph:184449,Pseudomonas helleri,Biocides,Multi-biocide_resistance,Multi-biocide_RND_efflux_pump,EMHB,0,53.136182,26214735,147.63938422417773820715,13.7291
ERR14783386,NODE_44_length_148194_cov_53.136182,gene:proph:184430;gene:proph:175953;gene:proph:184195;gene:proph:184194;gene:proph:184236;gene:proph:175955;gene:proph:184449,Pseudomonas helleri,Multi-compound,Drug_and_biocide_resistance,Drug_and_biocide_RND_efflux_pumps,EMHC,0,53.136182,26214735,147.63938422417773820715,13.7291
ERR14783390,NODE_75_length_56059_cov_6.088322,gene:plasmid:123158,Bacillus tropicus,Drugs,Nucleosides,Streptothricin_acetyltransferase,SAT,CIA,6.088322,5589849,143.92262581690489313754,7.56778
ERR14783390,NODE_68_length_58554_cov_26.086484,gene:plasmid:141403,Bacillus cereus,Drugs,Rifampin,Rifampin-resistant_beta-subunit_of_RNA_polymerase_RpoB,RPOB,CIA,26.086484,5589849,143.92262581690489313754,32.4255
ERR14783390,NODE_68_length_58554_cov_26.086484,gene:plasmid:141403,Bacillus mycoides,Drugs,Oxazolidinone,Oxazolidinone-resistant_23S_rRNA_mutation,O23S,Authorized for use in humans only,26.086484,5589849,143.92262581690489313754,32.4255
ERR14783390,NODE_68_length_58554_cov_26.086484,gene:plasmid:141403,Bacillus tropicus,Drugs,Lipopeptides,Daptomycin-resistant_beta-subunit_of_RNA_polymerase_RpoC,RPOCL,Authorized for use in humans only,26.086484,5589849,143.92262581690489313754,32.4255
ERR14783390,NODE_243_length_26236_cov_4.815772,gene:proph:172890;gene:vir:105016;gene:vir:6171;gene:vir:6173;gene:proph:182328;gene:proph:182329,Bacillus albus,Drugs,betalactams,Class_B_betalactamases,BC,Authorized for use in humans only,4.815772,5589849,143.92262581690489313754,5.986
ERR14783391,NODE_1_length_777738_cov_17.185089,gene:plasmid:122188;gene:plasmid:122777;gene:plasmid:122162;gene:plasmid:122860;gene:plasmid:122777,Bacillus thuringiensis,Drugs,betalactams,Class_A_betalactamases,BLA1,Authorized for use in humans only ,17.185089,8026561,146.08043257878436356491,14.6565
ERR14783391,NODE_4_length_465217_cov_22.637507,gene:plasmid:123128;gene:plasmid:151379;gene:plasmid:138523;gene:plasmid:122720;gene:plasmid:123153;gene:plasmid:122880;gene:plasmid:122716;gene:plasmid:122717;gene:plasmid:122719;gene:plasmid:122722;gene:plasmid:122910;gene:plasmid:12587;gene:plasmid:122037;gene:plasmid:123138;gene:proph:182251;gene:plasmid:154206;gene:plasmid:122050;gene:plasmid:122054;gene:plasmid:122055;gene:proph:161065;gene:proph:172331;gene:plasmid:122796;gene:plasmid:122797;gene:plasmid:122798;gene:plasmid:122802;gene:plasmid:122806;gene:plasmid:122807;gene:plasmid:122808;gene:plasmid:122809;gene:proph:182237;gene:plasmid:122087;gene:plasmid:122720;gene:plasmid:122811;gene:plasmid:12550;gene:plasmid:12551;gene:plasmid:122035;gene:plasmid:122034;gene:plasmid:122959;gene:plasmid:122029;gene:plasmid:122028;gene:plasmid:154259;gene:plasmid:12560;gene:plasmid:12561;gene:plasmid:12562;gene:plasmid:12814;gene:plasmid:122022;gene:plasmid:12824;gene:plasmid:123068;gene:plasmid:154296;gene:plasmid:122959;gene:plasmid:154188;gene:plasmid:154189;gene:plasmid:12831;gene:plasmid:154184;gene:plasmid:12832;gene:plasmid:154292;gene:plasmid:154293;gene:plasmid:12582;gene:plasmid:12840;gene:plasmid:123029;gene:plasmid:151379;gene:plasmid:122721;gene:plasmid:122718;gene:plasmid:122745;gene:plasmid:123155;gene:plasmid:122879;gene:plasmid:122881;gene:plasmid:122882;gene:plasmid:122883;gene:plasmid:122884;gene:plasmid:122885;gene:plasmid:122814;gene:plasmid:122815;gene:plasmid:123152;gene:plasmid:154248;gene:plasmid:122104;gene:plasmid:122107;gene:plasmid:154155;gene:plasmid:123068;gene:plasmid:154264;gene:plasmid:12637;gene:plasmid:122863;gene:plasmid:122864;gene:plasmid:122865;gene:plasmid:122867;gene:plasmid:122924;gene:plasmid:123126;gene:plasmid:123124;gene:plasmid:151379,Bacillus sp. N5-665,Drugs,betalactams,Class_A_betalactamases,BLAZ,Authorized for use in humans only ,22.637507,8026561,146.08043257878436356491,19.3067
ERR14783391,NODE_4_length_465217_cov_22.637507,gene:plasmid:123128;gene:plasmid:151379;gene:plasmid:138523;gene:plasmid:122720;gene:plasmid:123153;gene:plasmid:122880;gene:plasmid:122716;gene:plasmid:122717;gene:plasmid:122719;gene:plasmid:122722;gene:plasmid:122910;gene:plasmid:12587;gene:plasmid:122037;gene:plasmid:123138;gene:proph:182251;gene:plasmid:154206;gene:plasmid:122050;gene:plasmid:122054;gene:plasmid:122055;gene:proph:161065;gene:proph:172331;gene:plasmid:122796;gene:plasmid:122797;gene:plasmid:122798;gene:plasmid:122802;gene:plasmid:122806;gene:plasmid:122807;gene:plasmid:122808;gene:plasmid:122809;gene:proph:182237;gene:plasmid:122087;gene:plasmid:122720;gene:plasmid:122811;gene:plasmid:12550;gene:plasmid:12551;gene:plasmid:122035;gene:plasmid:122034;gene:plasmid:122959;gene:plasmid:122029;gene:plasmid:122028;gene:plasmid:154259;gene:plasmid:12560;gene:plasmid:12561;gene:plasmid:12562;gene:plasmid:12814;gene:plasmid:122022;gene:plasmid:12824;gene:plasmid:123068;gene:plasmid:154296;gene:plasmid:122959;gene:plasmid:154188;gene:plasmid:154189;gene:plasmid:12831;gene:plasmid:154184;gene:plasmid:12832;gene:plasmid:154292;gene:plasmid:154293;gene:plasmid:12582;gene:plasmid:12840;gene:plasmid:123029;gene:plasmid:151379;gene:plasmid:122721;gene:plasmid:122718;gene:plasmid:122745;gene:plasmid:123155;gene:plasmid:122879;gene:plasmid:122881;gene:plasmid:122882;gene:plasmid:122883;gene:plasmid:122884;gene:plasmid:122885;gene:plasmid:122814;gene:plasmid:122815;gene:plasmid:123152;gene:plasmid:154248;gene:plasmid:122104;gene:plasmid:122107;gene:plasmid:154155;gene:plasmid:123068;gene:plasmid:154264;gene:plasmid:12637;gene:plasmid:122863;gene:plasmid:122864;gene:plasmid:122865;gene:plasmid:122867;gene:plasmid:122924;gene:plasmid:123126;gene:plasmid:123124;gene:plasmid:151379,Bacillus sp. N5-665,Drugs,betalactams,Class_A_betalactamases,BLAZ,Authorized for use in humans only ,22.637507,8026561,146.08043257878436356491,19.3067
ERR14783391,NODE_6_length_347281_cov_18.137138,gene:plasmid:128185,Bacillus paramobilis,Drugs,betalactams,Class_B_betalactamases,BCII,Authorized for use in humans only ,18.137138,8026561,146.08043257878436356491,15.4685
ERR14783391,NODE_3_length_570685_cov_34.346655,gene:plasmid:138538;gene:plasmid:122850;gene:plasmid:127957;gene:plasmid:123038,Bacillus wiedmannii,Drugs,betalactams,Class_A_betalactamases,BLAZ,Authorized for use in humans only ,34.346655,8026561,146.08043257878436356491,29.2929
ERR14783391,NODE_59_length_58445_cov_74.263829,gene:plasmid:141403,Bacillus mycoides,Drugs,Aminoglycosides,Aminoglycoside-resistant_16S_ribosomal_subunit_protein,A16S,CIA,74.263829,8026561,146.08043257878436356491,63.3368
ERR14783391,NODE_59_length_58445_cov_74.263829,gene:plasmid:141403,Bacillus tropicus,Drugs,Rifampin,Rifampin-resistant_beta-subunit_of_RNA_polymerase_RpoB,RPOB,CIA,74.263829,8026561,146.08043257878436356491,63.3368
ERR14783391,NODE_59_length_58445_cov_74.263829,gene:plasmid:141403,Bacillus thuringiensis,Drugs,Lipopeptides,Daptomycin-resistant_beta-subunit_of_RNA_polymerase_RpoC,RPOCL,Authorized for use in humans only,74.263829,8026561,146.08043257878436356491,63.3368
ERR14783393,NODE_2_length_777403_cov_210.512562,gene:plasmid:122188;gene:plasmid:122777;gene:plasmid:122162;gene:plasmid:122860;gene:plasmid:122777,Bacillus thuringiensis,Drugs,betalactams,Class_A_betalactamases,BLA1,Authorized for use in humans only ,210.512562,47105487,145.21330578749774946600,30.7751
ERR14783393,NODE_6_length_285585_cov_203.346440,gene:plasmid:123128;gene:plasmid:151379;gene:plasmid:122720;gene:proph:161065;gene:proph:172895;gene:plasmid:122802;gene:plasmid:123153;gene:plasmid:122087;gene:plasmid:122716;gene:plasmid:122717;gene:plasmid:12550;gene:plasmid:12551;gene:plasmid:122035;gene:plasmid:122029;gene:plasmid:122028;gene:plasmid:12559;gene:plasmid:154260;gene:plasmid:12561;gene:plasmid:122719;gene:plasmid:122722;gene:plasmid:122910;gene:plasmid:154198;gene:plasmid:123068;gene:plasmid:154296;gene:plasmid:122959;gene:plasmid:154188;gene:plasmid:12830;gene:plasmid:154183;gene:plasmid:155256;gene:plasmid:122037;gene:plasmid:12579;gene:plasmid:154292;gene:plasmid:12835;gene:plasmid:154294;gene:plasmid:12585;gene:plasmid:123029;gene:plasmid:151379;gene:proph:182251;gene:plasmid:122721;gene:plasmid:122718;gene:plasmid:154206;gene:plasmid:122050;gene:plasmid:122054;gene:plasmid:122055;gene:plasmid:123152;gene:plasmid:122796;gene:plasmid:122797;gene:plasmid:122798;gene:plasmid:122800;gene:plasmid:122801;gene:plasmid:122806;gene:plasmid:122807;gene:plasmid:122808;gene:plasmid:122809;gene:proph:182237;gene:plasmid:122959;gene:plasmid:122811;gene:plasmid:151379,Bacillus mycoides,Drugs,betalactams,Class_A_betalactamases,BLAZ,Authorized for use in humans only ,203.346440,47105487,145.21330578749774946600,29.7275
ERR14783393,NODE_6_length_285585_cov_203.346440,gene:plasmid:123128;gene:plasmid:151379;gene:plasmid:122720;gene:proph:161065;gene:proph:172895;gene:plasmid:122802;gene:plasmid:123153;gene:plasmid:122087;gene:plasmid:122716;gene:plasmid:122717;gene:plasmid:12550;gene:plasmid:12551;gene:plasmid:122035;gene:plasmid:122029;gene:plasmid:122028;gene:plasmid:12559;gene:plasmid:154260;gene:plasmid:12561;gene:plasmid:122719;gene:plasmid:122722;gene:plasmid:122910;gene:plasmid:154198;gene:plasmid:123068;gene:plasmid:154296;gene:plasmid:122959;gene:plasmid:154188;gene:plasmid:12830;gene:plasmid:154183;gene:plasmid:155256;gene:plasmid:122037;gene:plasmid:12579;gene:plasmid:154292;gene:plasmid:12835;gene:plasmid:154294;gene:plasmid:12585;gene:plasmid:123029;gene:plasmid:151379;gene:proph:182251;gene:plasmid:122721;gene:plasmid:122718;gene:plasmid:154206;gene:plasmid:122050;gene:plasmid:122054;gene:plasmid:122055;gene:plasmid:123152;gene:plasmid:122796;gene:plasmid:122797;gene:plasmid:122798;gene:plasmid:122800;gene:plasmid:122801;gene:plasmid:122806;gene:plasmid:122807;gene:plasmid:122808;gene:plasmid:122809;gene:proph:182237;gene:plasmid:122959;gene:plasmid:122811;gene:plasmid:151379,Bacillus mycoides,Drugs,betalactams,Class_A_betalactamases,BLAZ,Authorized for use in humans only ,203.346440,47105487,145.21330578749774946600,29.7275
ERR14783393,NODE_5_length_347181_cov_210.586128,gene:plasmid:128185,Bacillus thuringiensis,Drugs,betalactams,Class_B_betalactamases,BCII,Authorized for use in humans only ,210.586128,47105487,145.21330578749774946600,30.7859
ERR14783393,NODE_3_length_570685_cov_288.828925,gene:plasmid:138538;gene:plasmid:122850;gene:plasmid:127957;gene:plasmid:123038,Bacillus cereus,Drugs,betalactams,Class_A_betalactamases,BLAZ,Authorized for use in humans only ,288.828925,47105487,145.21330578749774946600,42.2243
ERR14783393,NODE_78_length_58442_cov_413.635291,gene:plasmid:141403,Bacillus mycoides,Drugs,Elfamycins,EF-Tu_inhibition,TUFAB,NA,413.635291,47105487,145.21330578749774946600,60.47
ERR14783393,NODE_78_length_58442_cov_413.635291,gene:plasmid:141403,Bacillus mycoides,Drugs,Rifampin,Rifampin-resistant_beta-subunit_of_RNA_polymerase_RpoB,RPOB,CIA,413.635291,47105487,145.21330578749774946600,60.47
ERR14783393,NODE_78_length_58442_cov_413.635291,gene:plasmid:141403,Bacillus cereus,Drugs,Lipopeptides,Daptomycin-resistant_beta-subunit_of_RNA_polymerase_RpoC,RPOCL,Authorized for use in humans only,413.635291,47105487,145.21330578749774946600,60.47
ERR14783399,NODE_500_length_5576_cov_12.743623,gene:plasmid:131373,Leuconostoc mesenteroides,Drugs,Aminoglycosides,Aminoglycoside-resistant_16S_ribosomal_subunit_protein,A16S,CIA,12.743623,15186660,131.79578491913297591438,6.36692
ERR14783399,NODE_500_length_5576_cov_12.743623,gene:plasmid:131373,Leuconostoc mesenteroides,Drugs,Oxazolidinone,Oxazolidinone-resistant_23S_rRNA_mutation,O23S,Authorized for use in humans only,12.743623,15186660,131.79578491913297591438,6.36692
ERR14783399,NODE_7_length_238437_cov_108.771646,gene:plasmid:135980;gene:plasmid:135959,Lactococcus cremoris,Drugs,Multi-drug_resistance,Multi-drug_ABC_efflux_pumps,LMRD,HIA,108.771646,15186660,131.79578491913297591438,54.344
ERR14783399,NODE_496_length_5592_cov_132.608783,gene:plasmid:139560;gene:plasmid:117293,Acetobacter ghanensis,Drugs,MLS,Macrolide-resistant_23S_rRNA_mutation,MLS23S,CIA ?,132.608783,15186660,131.79578491913297591438,66.2535
ERR14783399,NODE_496_length_5592_cov_132.608783,gene:plasmid:139560;gene:plasmid:117293,other,Drugs,MLS,Macrolide-resistant_23S_rRNA_mutation,MLS23S,CIA ?,132.608783,15186660,131.79578491913297591438,66.2535
ERR14783400,NODE_2255_length_5342_cov_28.739214,gene:plasmid:139560,Acetobacter orientalis,Drugs,Aminoglycosides,Aminoglycoside-resistant_16S_ribosomal_subunit_protein,A16S,CIA,28.739214,20500109,148.46293563609832513573,9.4428
ERR14783400,NODE_2255_length_5342_cov_28.739214,gene:plasmid:139560,Leuconostoc mesenteroides,Drugs,Oxazolidinone,Oxazolidinone-resistant_23S_rRNA_mutation,O23S,Authorized for use in humans only,28.739214,20500109,148.46293563609832513573,9.4428
ERR14783400,NODE_2152_length_5592_cov_159.352790,gene:plasmid:139560;gene:plasmid:131376,Acetobacter ghanensis,Drugs,MLS,Macrolide-resistant_23S_rRNA_mutation,MLS23S,CIA ?,159.352790,20500109,148.46293563609832513573,52.3583
ERR14783400,NODE_2152_length_5592_cov_159.352790,gene:plasmid:139560;gene:plasmid:131376,other,Drugs,MLS,Macrolide-resistant_23S_rRNA_mutation,MLS23S,CIA ?,159.352790,20500109,148.46293563609832513573,52.3583
ERR14783400,NODE_2_length_440936_cov_14.534236,gene:plasmid:17313;gene:plasmid:17312;gene:plasmid:17311;gene:plasmid:17310;gene:plasmid:17309;gene:plasmid:17308;gene:plasmid:17307;gene:plasmid:17306;gene:plasmid:17300;ICEberg|404|Tn5301|GenBank|S54034|1..515;gene:plasmid:135980;gene:plasmid:135959;gene:plasmid:17299,Lactococcus cremoris,Drugs,Multi-drug_resistance,Multi-drug_ABC_efflux_pumps,LMRD,HIA,14.534236,20500109,148.46293563609832513573,4.77549
ERR14783400,NODE_6676_length_1871_cov_0.704128,gene:plasmid:20178,Klebsiella michiganensis,Drugs,Aminoglycosides,Aminoglycoside_O-phosphotransferases,APH3-DPRIME,CIA,0.704128,20500109,148.46293563609832513573,0.231354
ERR14783400,NODE_682_length_15955_cov_4.335102,gene:proph:169512,Klebsiella grimontii,Multi-compound,Drug_and_biocide_resistance,Drug_and_biocide_ABC_efflux_regulator,PHOB,0,4.335102,20500109,148.46293563609832513573,1.42438
ERR14783400,NODE_682_length_15955_cov_4.335102,gene:proph:169512,Klebsiella grimontii,Multi-compound,Drug_and_biocide_resistance,Drug_and_biocide_SMR_efflux_regulator,PHOR,0,4.335102,20500109,148.46293563609832513573,1.42438
ERR14783400,NODE_70_length_66160_cov_8.539155,gene:proph:170051,Klebsiella grimontii,Multi-compound,Drug_and_biocide_resistance,Drug_and_biocide_RND_efflux_regulator,CPXAR,CIA ,8.539155,20500109,148.46293563609832513573,2.8057
ERR14783400,NODE_70_length_66160_cov_8.539155,gene:proph:170051,Klebsiella grimontii,Multi-compound,Drug_and_biocide_resistance,Drug_and_biocide_RND_efflux_regulator,CPXAR,CIA ,8.539155,20500109,148.46293563609832513573,2.8057
ERR14783400,NODE_70_length_66160_cov_8.539155,gene:proph:170051,Klebsiella grimontii,Biocides,Biguanide_resistance,Biguanide_cation_efflux,CEPAB,0,8.539155,20500109,148.46293563609832513573,2.8057
ERR14783400,NODE_922_length_12621_cov_10.411157,gene:proph:176833;gene:proph:176835,Klebsiella grimontii,Drugs,Elfamycins,EF-Tu_inhibition,TUFAB,NA,10.411157,20500109,148.46293563609832513573,3.42078
ERR14783400,NODE_922_length_12621_cov_10.411157,gene:proph:176833;gene:proph:176835,Lelliottia amnigena,Drugs,Elfamycins,EF-Tu_inhibition,TUFAB,NA,10.411157,20500109,148.46293563609832513573,3.42078
ERR14783401,NODE_193_length_5672_cov_1.972227,gene:plasmid:139560;gene:plasmid:131376,Acetobacter ghanensis,Drugs,MLS,Macrolide-resistant_23S_rRNA_mutation,MLS23S,CIA ?,1.972227,1022566,137.72168642415257303685,14.0044
ERR14783401,NODE_193_length_5672_cov_1.972227,gene:plasmid:139560;gene:plasmid:131376,Acetobacter ghanensis,Drugs,Aminoglycosides,Aminoglycoside-resistant_16S_ribosomal_subunit_protein,A16S,CIA,1.972227,1022566,137.72168642415257303685,14.0044
ERR14783401,NODE_1_length_440985_cov_9.114697,gene:plasmid:17313;gene:plasmid:17312;gene:plasmid:17311;gene:plasmid:17310;gene:plasmid:17309;gene:plasmid:17308;gene:plasmid:17307;gene:plasmid:17306;gene:plasmid:17300;ICEberg|404|Tn5301|GenBank|S54034|1..515;gene:plasmid:135980;gene:plasmid:135959;gene:plasmid:17299,Lactococcus cremoris,Drugs,Multi-drug_resistance,Multi-drug_ABC_efflux_pumps,LMRD,HIA,9.114697,1022566,137.72168642415257303685,64.7215
ERR14783402,NODE_8_length_353634_cov_31.221820,gene:plasmid:115548;gene:proph:184192;gene:proph:184193;gene:plasmid:20884,Pseudomonas sp. AC109,Drugs,Fluoroquinolones,Fluoroquinolone-resistant_DNA_topoisomerases,GYRA,HPCIA,31.221820,17798058,146.71423865457680832369,11.9568
ERR14783402,NODE_8_length_353634_cov_31.221820,gene:plasmid:115548;gene:proph:184192;gene:proph:184193;gene:plasmid:20884,Pseudomonas azotoformans,Biocides,Multi-biocide_resistance,Multi-biocide_RND_efflux_pump,EMHA,0,31.221820,17798058,146.71423865457680832369,11.9568
ERR14783402,NODE_8_length_353634_cov_31.221820,gene:plasmid:115548;gene:proph:184192;gene:proph:184193;gene:plasmid:20884,Pseudomonas sp. AC109,Biocides,Multi-biocide_resistance,Multi-biocide_RND_efflux_pump,EMHB,0,31.221820,17798058,146.71423865457680832369,11.9568
ERR14783402,NODE_8_length_353634_cov_31.221820,gene:plasmid:115548;gene:proph:184192;gene:proph:184193;gene:plasmid:20884,Pseudomonas azotoformans,Multi-compound,Drug_and_biocide_resistance,Drug_and_biocide_RND_efflux_pumps,EMHC,0,31.221820,17798058,146.71423865457680832369,11.9568
ERR14783402,NODE_1_length_629312_cov_29.189649,gene:plasmid:116634,Pseudomonas sp. MYb193,Multi-compound,Drug_and_biocide_resistance,Drug_and_biocide_RND_efflux_pumps,EMHC,0,29.189649,17798058,146.71423865457680832369,11.1785
ERR14783402,NODE_1447_length_5342_cov_69.955513,gene:plasmid:117290,Leuconostoc mesenteroides,Drugs,Aminoglycosides,Aminoglycoside-resistant_16S_ribosomal_subunit_protein,A16S,CIA,69.955513,17798058,146.71423865457680832369,26.7903
ERR14783402,NODE_1447_length_5342_cov_69.955513,gene:plasmid:117290,Leuconostoc mesenteroides,Drugs,Oxazolidinone,Oxazolidinone-resistant_23S_rRNA_mutation,O23S,Authorized for use in humans only,69.955513,17798058,146.71423865457680832369,26.7903
ERR14783402,NODE_73_length_80889_cov_4.655395,gene:plasmid:119533;gene:plasmid:28516;gene:plasmid:130030,Pseudomonas putida,Drugs,Aminocoumarins,Aminocoumarin-resistant_DNA_topoisomerases,PARE,Not medically important,4.655395,17798058,146.71423865457680832369,1.78284
ERR14783402,NODE_73_length_80889_cov_4.655395,gene:plasmid:119533;gene:plasmid:28516;gene:plasmid:130030,Pseudomonas putida,Drugs,Multi-drug_resistance,Multi-drug_RND_efflux_pumps,OPMH,NA,4.655395,17798058,146.71423865457680832369,1.78284
ERR14783402,NODE_73_length_80889_cov_4.655395,gene:plasmid:119533;gene:plasmid:28516;gene:plasmid:130030,Pseudomonas putida,Drugs,Fluoroquinolones,Fluoroquinolone-resistant_DNA_topoisomerases,PARC,HPCIA,4.655395,17798058,146.71423865457680832369,1.78284
ERR14783402,NODE_385_length_21920_cov_2.558436,gene:plasmid:124393,Pseudomonas sp. FP2335,Biocides,Peroxide_resistance,peroxide_resistance_protein,SODB,0,2.558436,17798058,146.71423865457680832369,0.979782
ERR14783402,NODE_13_length_289658_cov_4.814220,gene:plasmid:138733;gene:plasmid:86304;gene:plasmid:124575;gene:plasmid:155093;gene:plasmid:154639,Pseudomonas putida,Multi-compound,Biocide_and_metal_resistance,Biocide_and_metal_resistance_protein,RUVB,0,4.814220,17798058,146.71423865457680832369,1.84366
ERR14783402,NODE_13_length_289658_cov_4.814220,gene:plasmid:138733;gene:plasmid:86304;gene:plasmid:124575;gene:plasmid:155093;gene:plasmid:154639,Pseudomonas putida,Biocides,Phenolic_compound_resistance,Phenolic_RND_efflux_pump,TRIC,0,4.814220,17798058,146.71423865457680832369,1.84366
ERR14783402,NODE_1770_length_4277_cov_50.719277,gene:plasmid:139560,Leuconostoc mesenteroides,Drugs,Aminoglycosides,Aminoglycoside-resistant_16S_ribosomal_subunit_protein,A16S,CIA,50.719277,17798058,146.71423865457680832369,19.4235
ERR14783402,NODE_11_length_323270_cov_43.877893,gene:plasmid:145291,Pseudomonas sp. J380,Drugs,Fluoroquinolones,Fluoroquinolone-resistant_DNA_topoisomerases,GYRB,HPCIA,43.877893,17798058,146.71423865457680832369,16.8035
ERR14783402,NODE_145_length_50017_cov_4.279094,gene:plasmid:21089,Pseudomonas putida,Biocides,Peroxide_resistance,peroxide_resistance_protein,SODB,0,4.279094,17798058,146.71423865457680832369,1.63873
ERR14783402,NODE_2_length_584861_cov_35.829201,gene:plasmid:21664;gene:plasmid:154774;gene:plasmid:120282;gene:plasmid:154739;gene:plasmid:20556,Pseudomonas sp. J380,Biocides,Peroxide_resistance,peroxide_resistance_protein,SODB,0,35.829201,17798058,146.71423865457680832369,13.7212
ERR14783402,NODE_25_length_170652_cov_3.060513,gene:plasmid:21758;gene:plasmid:21763,Pseudomonas sp. LPD2,Multi-compound,Drug_and_biocide_resistance,Drug_and_biocide_RND_efflux_pumps,MEXD1,0,3.060513,17798058,146.71423865457680832369,1.17206
ERR14783402,NODE_19_length_232061_cov_38.495542,gene:plasmid:22410,Pseudomonas sp. J380,Drugs,Elfamycins,EF-Tu_inhibition,TUFAB,NA,38.495542,17798058,146.71423865457680832369,14.7423
ERR14783402,NODE_19_length_232061_cov_38.495542,gene:plasmid:22410,Pseudomonas sp. J380,Drugs,Rifampin,Rifampin-resistant_beta-subunit_of_RNA_polymerase_RpoB,RPOB,CIA,38.495542,17798058,146.71423865457680832369,14.7423
ERR14783402,NODE_118_length_60730_cov_3.957906,gene:plasmid:28512;gene:proph:175950,Pseudomonas asiatica,Drugs,Lipopeptides,Colistin-resistant_mutant,PHOP,HPCIA,3.957906,17798058,146.71423865457680832369,1.51573
ERR14783402,NODE_118_length_60730_cov_3.957906,gene:plasmid:28512;gene:proph:175950,Pseudomonas asiatica,Drugs,Lipopeptides,Colistin-resistant_mutant,PHOQ,HPCIA,3.957906,17798058,146.71423865457680832369,1.51573
ERR14783402,NODE_5335_length_1395_cov_0.455836,gene:plasmid:88376,Klebsiella pneumoniae,Drugs,betalactams,Class_A_betalactamases,CTX,Authorized for use in humans only ,0.455836,17798058,146.71423865457680832369,0.174568
ERR14783402,NODE_10_length_325836_cov_39.087498,gene:plasmid:89528;gene:plasmid:20845;gene:plasmid:125744,Pseudomonas sp. AC109,Drugs,Aminocoumarins,Aminocoumarin-resistant_DNA_topoisomerases,PARE,Not medically important,39.087498,17798058,146.71423865457680832369,14.969
ERR14783402,NODE_10_length_325836_cov_39.087498,gene:plasmid:89528;gene:plasmid:20845;gene:plasmid:125744,Pseudomonas sp. AC109,Drugs,Multi-drug_resistance,Multi-drug_RND_efflux_pumps,OPMH,NA,39.087498,17798058,146.71423865457680832369,14.969
ERR14783402,NODE_10_length_325836_cov_39.087498,gene:plasmid:89528;gene:plasmid:20845;gene:plasmid:125744,Pseudomonas sp. AC109,Drugs,Fluoroquinolones,Fluoroquinolone-resistant_DNA_topoisomerases,PARC,HPCIA,39.087498,17798058,146.71423865457680832369,14.969
ERR14783402,NODE_10_length_325836_cov_39.087498,gene:plasmid:89528;gene:plasmid:20845;gene:plasmid:125744,Pseudomonas sp. AC109,Multi-compound,Biocide_and_metal_resistance,Biocide_and_metal_resistance_protein,RUVB,0,39.087498,17798058,146.71423865457680832369,14.969
ERR14783402,NODE_4_length_537025_cov_32.266591,gene:proph:168323;gene:plasmid:21134;gene:plasmid:21133;gene:plasmid:20567,Pseudomonas sp. J380,Drugs,Lipopeptides,Colistin-resistant_mutant,PHOP,HPCIA,32.266591,17798058,146.71423865457680832369,12.3569
ERR14783402,NODE_5_length_532379_cov_25.921094,gene:proph:173726;gene:plasmid:21288;gene:plasmid:137174;gene:plasmid:137265,Pseudomonas sp. TMW 2.1634,Multi-compound,Drug_and_biocide_resistance,Drug_and_biocide_RND_efflux_pumps,MEXE,HPCIA,25.921094,17798058,146.71423865457680832369,9.92678
ERR14783402,NODE_5_length_532379_cov_25.921094,gene:proph:173726;gene:plasmid:21288;gene:plasmid:137174;gene:plasmid:137265,Pseudomonas sp. TMW 2.1634,Multi-compound,Drug_and_biocide_resistance,Drug_and_biocide_RND_efflux_pumps,MEXF,HPCIA,25.921094,17798058,146.71423865457680832369,9.92678
ERR14783402,NODE_5_length_532379_cov_25.921094,gene:proph:173726;gene:plasmid:21288;gene:plasmid:137174;gene:plasmid:137265,Pseudomonas sp. TMW 2.1634,Multi-compound,Drug_and_biocide_resistance,Drug_and_biocide_RND_efflux_pumps,MEXQ,CIA,25.921094,17798058,146.71423865457680832369,9.92678
ERR14783402,NODE_14_length_277839_cov_30.466634,gene:proph:184196;gene:proph:184202;gene:proph:184206;gene:proph:184207;gene:proph:163072;gene:proph:184236;gene:proph:175955;gene:plasmid:145219;gene:proph:175950;gene:proph:175956;gene:proph:184195;gene:proph:184194,Pseudomonas sp. J380,Multi-compound,Drug_and_biocide_resistance,Drug_and_biocide_RND_efflux_pumps,MEXK,CIA,30.466634,17798058,146.71423865457680832369,11.6675
ERR14783408,NODE_1433_length_5219_cov_182.625098,gene:plasmid:139560,Acetobacter orientalis,Drugs,Aminoglycosides,Aminoglycoside-resistant_16S_ribosomal_subunit_protein,A16S,CIA,182.625098,8758122,147.66085674531594787101,141.216
ERR14783408,NODE_1433_length_5219_cov_182.625098,gene:plasmid:139560,Leuconostoc mesenteroides,Drugs,Oxazolidinone,Oxazolidinone-resistant_23S_rRNA_mutation,O23S,Authorized for use in humans only,182.625098,8758122,147.66085674531594787101,141.216
ERR14783408,NODE_1572_length_4848_cov_2.032620,gene:plasmid:139560;gene:plasmid:131376,Acetobacter orientalis,Drugs,Aminoglycosides,Aminoglycoside-resistant_16S_ribosomal_subunit_protein,A16S,CIA,2.032620,8758122,147.66085674531594787101,1.57174
ERR14783408,NODE_1_length_374618_cov_36.835609,gene:plasmid:155304,Leuconostoc mesenteroides,Drugs,Elfamycins,EF-Tu_inhibition,TUFAB,NA,36.835609,8758122,147.66085674531594787101,28.4834
ERR14783408,NODE_223_length_29856_cov_1.467288,gene:plasmid:20019;gene:plasmid:15306,Aeromonas salmonicida,Biocides,Aldehyde_resistance,Aldehyde_degradation,FORMA,HPCIA,1.467288,8758122,147.66085674531594787101,1.13459
ERR14783408,NODE_2279_length_3600_cov_1.163259,gene:proph:176833;gene:proph:176835,Klebsiella grimontii,Drugs,Rifampin,Rifampin-resistant_beta-subunit_of_RNA_polymerase_RpoB,RPOB,CIA,1.163259,8758122,147.66085674531594787101,0.899498
ERR14783409,NODE_1221_length_5219_cov_410.115672,gene:plasmid:117290,Leuconostoc mesenteroides,Drugs,Aminoglycosides,Aminoglycoside-resistant_16S_ribosomal_subunit_protein,A16S,CIA,410.115672,12622191,145.64811315246299156778,223.083
ERR14783409,NODE_1221_length_5219_cov_410.115672,gene:plasmid:117290,Leuconostoc mesenteroides,Drugs,Oxazolidinone,Oxazolidinone-resistant_23S_rRNA_mutation,O23S,Authorized for use in humans only,410.115672,12622191,145.64811315246299156778,223.083
ERR14783409,NODE_1518_length_4339_cov_22.561016,gene:plasmid:131371;gene:plasmid:139560,Acetobacter orientalis,Drugs,MLS,Macrolide-resistant_23S_rRNA_mutation,MLS23S,CIA ?,22.561016,12622191,145.64811315246299156778,12.2721
ERR14783409,NODE_1_length_374908_cov_72.409319,gene:plasmid:155304,Leuconostoc mesenteroides,Drugs,Elfamycins,EF-Tu_inhibition,TUFAB,NA,72.409319,12622191,145.64811315246299156778,39.3872
ERR14783410,NODE_392_length_5219_cov_17.937353,gene:plasmid:117290,Leuconostoc mesenteroides,Drugs,Aminoglycosides,Aminoglycoside-resistant_16S_ribosomal_subunit_protein,A16S,CIA,17.937353,968143,138.94682293834691775905,133.343
ERR14783410,NODE_392_length_5219_cov_17.937353,gene:plasmid:117290,Leuconostoc mesenteroides,Drugs,Oxazolidinone,Oxazolidinone-resistant_23S_rRNA_mutation,O23S,Authorized for use in humans only,17.937353,968143,138.94682293834691775905,133.343
ERR14783410,NODE_1_length_374908_cov_4.013421,gene:plasmid:155304,Leuconostoc mesenteroides,Drugs,Elfamycins,EF-Tu_inhibition,TUFAB,NA,4.013421,968143,138.94682293834691775905,29.835
ERR14783411,NODE_1455_length_5038_cov_18.198738,gene:plasmid:139560,Acetobacter ghanensis,Drugs,Aminoglycosides,Aminoglycoside-resistant_16S_ribosomal_subunit_protein,A16S,CIA,18.198738,30908396,148.81421061125268357503,3.95658
ERR14783411,NODE_1377_length_5219_cov_484.801453,gene:plasmid:139560,Acetobacter okinawensis,Drugs,Aminoglycosides,Aminoglycoside-resistant_16S_ribosomal_subunit_protein,A16S,CIA,484.801453,30908396,148.81421061125268357503,105.401
ERR14783411,NODE_1455_length_5038_cov_18.198738,gene:plasmid:139560,other,Drugs,Aminoglycosides,Aminoglycoside-resistant_16S_ribosomal_subunit_protein,A16S,CIA,18.198738,30908396,148.81421061125268357503,3.95658
ERR14783411,NODE_1377_length_5219_cov_484.801453,gene:plasmid:139560,Leuconostoc mesenteroides,Drugs,Oxazolidinone,Oxazolidinone-resistant_23S_rRNA_mutation,O23S,Authorized for use in humans only,484.801453,30908396,148.81421061125268357503,105.401
ERR14783411,NODE_3_length_374908_cov_108.796294,gene:plasmid:155304,Leuconostoc mesenteroides isolate Leuconostoc_mesenteroides_FME338 genome assembly,Drugs,Elfamycins,EF-Tu_inhibition,TUFAB,NA,108.796294,30908396,148.81421061125268357503,23.6534
ERR14783416,NODE_31_length_150815_cov_230.620255,gene:plasmid:120162;gene:plasmid:21818,Escherichia coli,Drugs,Aminoglycosides,Aminoglycoside-resistant_16S_ribosomal_subunit_protein,RPSL,CIA,230.620255,69922669,146.51847663309305312701,22.5106
ERR14783416,NODE_31_length_150815_cov_230.620255,gene:plasmid:120162;gene:plasmid:21818,Escherichia coli,Multi-compound,Drug_and_biocide_resistance,Drug_and_biocide_RND_efflux_regulator,CRP,Authorized for use in humans only ,230.620255,69922669,146.51847663309305312701,22.5106
ERR14783416,NODE_11_length_279828_cov_188.457567,gene:plasmid:123175;gene:plasmid:88437;gene:plasmid:88436;gene:plasmid:88435,Escherichia coli,Drugs,betalactams,Penicillin_binding_protein,AMPH,HIA,188.457567,69922669,146.51847663309305312701,18.3951
ERR14783416,NODE_11_length_279828_cov_188.457567,gene:plasmid:123175;gene:plasmid:88437;gene:plasmid:88436;gene:plasmid:88435,Escherichia coli,Multi-compound,Drug_and_biocide_resistance,Drug_and_biocide_RND_efflux_pumps,ACRA,Authorized for use in humans only ?,188.457567,69922669,146.51847663309305312701,18.3951
ERR14783416,NODE_11_length_279828_cov_188.457567,gene:plasmid:123175;gene:plasmid:88437;gene:plasmid:88436;gene:plasmid:88435,Escherichia coli,Multi-compound,Drug_and_biocide_resistance,Drug_and_biocide_RND_efflux_pumps,ACRB,Authorized for use in humans only ?,188.457567,69922669,146.51847663309305312701,18.3951
ERR14783416,NODE_11_length_279828_cov_188.457567,gene:plasmid:123175;gene:plasmid:88437;gene:plasmid:88436;gene:plasmid:88435,Escherichia coli,Multi-compound,Drug_and_biocide_resistance,Drug_and_biocide_RND_efflux_regulator,ACRR,Authorized for use in humans only ?,188.457567,69922669,146.51847663309305312701,18.3951
ERR14783416,NODE_11_length_279828_cov_188.457567,gene:plasmid:123175;gene:plasmid:88437;gene:plasmid:88436;gene:plasmid:88435,Escherichia coli,Multi-compound,Biocide_and_metal_resistance,Biocide_and_metal_ABC_efflux_pumps,FETA,0,188.457567,69922669,146.51847663309305312701,18.3951
ERR14783416,NODE_11_length_279828_cov_188.457567,gene:plasmid:123175;gene:plasmid:88437;gene:plasmid:88436;gene:plasmid:88435,Escherichia coli,Multi-compound,Biocide_and_metal_resistance,Biocide_and_metal_ABC_efflux_pumps,FETB,0,188.457567,69922669,146.51847663309305312701,18.3951
ERR14783416,NODE_10_length_294718_cov_222.781921,gene:plasmid:123353,Escherichia coli,Drugs,Cationic_antimicrobial_peptides,Lipid_A_modification,EPTA,NA,222.781921,69922669,146.51847663309305312701,21.7455
ERR14783416,NODE_10_length_294718_cov_222.781921,gene:plasmid:123353,Escherichia coli,Multi-compound,Drug_and_biocide_and_metal_resistance,Drug_and_biocide_and_metal_resistance_regulator,SOXS,NA,222.781921,69922669,146.51847663309305312701,21.7455
ERR14783416,NODE_10_length_294718_cov_222.781921,gene:plasmid:123353,Escherichia coli,Drugs,Lipopeptides,Colistin-resistant_mutant,PMRAR,HPCIA,222.781921,69922669,146.51847663309305312701,21.7455
ERR14783416,NODE_10_length_294718_cov_222.781921,gene:plasmid:123353,Escherichia coli,Drugs,betalactams,Class_C_betalactamases,AMPC,HIA ,222.781921,69922669,146.51847663309305312701,21.7455
ERR14783416,NODE_10_length_294718_cov_222.781921,gene:plasmid:123353,Escherichia coli,Drugs,betalactams,Class_C_betalactamase_regulator,AMPCR,HIA ,222.781921,69922669,146.51847663309305312701,21.7455
ERR14783416,NODE_10_length_294718_cov_222.781921,gene:plasmid:123353,Escherichia coli,Biocides,Acetate_resistance,Acetate_resistance_protein,ICLR,0,222.781921,69922669,146.51847663309305312701,21.7455
ERR14783416,NODE_10_length_294718_cov_222.781921,gene:plasmid:123353,Escherichia coli,Multi-compound,Drug_and_biocide_resistance,Drug_and_biocide_RND_efflux_pumps,MDTN,0,222.781921,69922669,146.51847663309305312701,21.7455
ERR14783416,NODE_10_length_294718_cov_222.781921,gene:plasmid:123353,Escherichia coli,Multi-compound,Drug_and_biocide_resistance,Drug_and_biocide_RND_efflux_pumps,MDTO,0,222.781921,69922669,146.51847663309305312701,21.7455
ERR14783416,NODE_10_length_294718_cov_222.781921,gene:plasmid:123353,Escherichia coli,Multi-compound,Drug_and_biocide_resistance,Drug_and_biocide_RND_efflux_pumps,MDTP,0,222.781921,69922669,146.51847663309305312701,21.7455
ERR14783416,NODE_10_length_294718_cov_222.781921,gene:plasmid:123353,Escherichia coli,Biocides,Multi-biocide_resistance,Multi-biocide_resistance_regulator,SOXRB,0,222.781921,69922669,146.51847663309305312701,21.7455
ERR14783416,NODE_10_length_294718_cov_222.781921,gene:plasmid:123353,Escherichia coli,Biocides,Multi-biocide_resistance,Multi-biocide_SMR_efflux_pump,SUGE,0,222.781921,69922669,146.51847663309305312701,21.7455
ERR14783416,NODE_10_length_294718_cov_222.781921,gene:plasmid:123353,Escherichia coli,Multi-compound,Biocide_and_metal_resistance,Biocide_and_metal_resistance_protein,YJAA,0,222.781921,69922669,146.51847663309305312701,21.7455
ERR14783416,NODE_10_length_294718_cov_222.781921,gene:plasmid:123353,Escherichia coli,Biocides,Multi-biocide_resistance,Multi-biocide_resistance_protein,YJCG,0,222.781921,69922669,146.51847663309305312701,21.7455
ERR14783416,NODE_199_length_30987_cov_229.252560,gene:plasmid:123887,Pseudomonas putida,Drugs,Elfamycins,EF-Tu_inhibition,TUFAB,NA,229.252560,69922669,146.51847663309305312701,22.3771
ERR14783416,NODE_578_length_5534_cov_93.272795,gene:plasmid:131182,Leuconostoc mesenteroides,Drugs,Aminoglycosides,Aminoglycoside-resistant_16S_ribosomal_subunit_protein,A16S,CIA,93.272795,69922669,146.51847663309305312701,9.10426
ERR14783416,NODE_578_length_5534_cov_93.272795,gene:plasmid:131182,Leuconostoc mesenteroides,Drugs,Oxazolidinone,Oxazolidinone-resistant_23S_rRNA_mutation,O23S,Authorized for use in humans only,93.272795,69922669,146.51847663309305312701,9.10426
ERR14783416,NODE_759_length_3538_cov_147.769862,gene:plasmid:139560,Acetobacter ghanensis,Drugs,MLS,Macrolide-resistant_23S_rRNA_mutation,MLS23S,CIA ?,147.769862,69922669,146.51847663309305312701,14.4237
ERR14783416,NODE_749_length_3593_cov_124.202827,gene:plasmid:139560,Acetobacter ghanensis,Drugs,Aminoglycosides,Aminoglycoside-resistant_16S_ribosomal_subunit_protein,A16S,CIA,124.202827,69922669,146.51847663309305312701,12.1233
ERR14783416,NODE_32_length_149845_cov_210.451616,gene:plasmid:142025;gene:proph:163854;gene:proph:177620;gene:proph:177621;gene:plasmid:156052,Escherichia coli,Multi-compound,Drug_and_biocide_resistance,Drug_and_biocide_MFS_efflux_pumps,MDTM,HPCIA,210.451616,69922669,146.51847663309305312701,20.542
ERR14783416,NODE_32_length_149845_cov_210.451616,gene:plasmid:142025;gene:proph:163854;gene:proph:177620;gene:proph:177621;gene:plasmid:156052,Escherichia coli,Multi-compound,Drug_and_biocide_and_metal_resistance,Drug_and_biocide_and_metal_RND_efflux_pumps,ROBA,Authorized for use in humans only ?,210.451616,69922669,146.51847663309305312701,20.542
ERR14783416,NODE_36_length_125769_cov_59.697744,gene:plasmid:15652;gene:plasmid:15651,Enterococcus durans,Drugs,Aminocoumarins,Aminocoumarin-resistant_DNA_topoisomerases,PARE,Not medically important,59.697744,69922669,146.51847663309305312701,5.82703
ERR14783416,NODE_36_length_125769_cov_59.697744,gene:plasmid:15652;gene:plasmid:15651,Enterococcus durans,Drugs,Elfamycins,EF-Tu_inhibition,TUFAB,NA,59.697744,69922669,146.51847663309305312701,5.82703
ERR14783416,NODE_36_length_125769_cov_59.697744,gene:plasmid:15652;gene:plasmid:15651,Enterococcus durans,Drugs,Fluoroquinolones,Fluoroquinolone-resistant_DNA_topoisomerases,PARC,HPCIA,59.697744,69922669,146.51847663309305312701,5.82703
ERR14783416,NODE_37_length_125584_cov_236.982145,gene:plasmid:157741,Escherichia coli,Multi-compound,Drug_and_biocide_resistance,Drug_and_biocide_RND_efflux_regulator,CPXAR,CIA ,236.982145,69922669,146.51847663309305312701,23.1316
ERR14783416,NODE_37_length_125584_cov_236.982145,gene:plasmid:157741,Escherichia coli,Multi-compound,Drug_and_biocide_resistance,Drug_and_biocide_RND_efflux_regulator,CPXAR,CIA ,236.982145,69922669,146.51847663309305312701,23.1316
ERR14783416,NODE_37_length_125584_cov_236.982145,gene:plasmid:157741,Escherichia coli,Multi-compound,Biocide_and_metal_resistance,Biocide_and_metal_resistance_protein,GLPF,0,236.982145,69922669,146.51847663309305312701,23.1316
ERR14783416,NODE_37_length_125584_cov_236.982145,gene:plasmid:157741,Escherichia coli,Biocides,Peroxide_resistance,peroxide_resistance_protein,SODA,0,236.982145,69922669,146.51847663309305312701,23.1316
ERR14783416,NODE_4_length_591678_cov_206.149767,gene:proph:163818;gene:plasmid:123257;gene:plasmid:91947,Escherichia coli,Drugs,Bacitracin,Undecaprenyl_pyrophosphate_phosphatase,BACA,IA,206.149767,69922669,146.51847663309305312701,20.1221
ERR14783416,NODE_4_length_591678_cov_206.149767,gene:proph:163818;gene:plasmid:123257;gene:plasmid:91947,Escherichia coli,Drugs,Fosfomycin,Fosfomycin_target_mutation,MURA,HPCIA,206.149767,69922669,146.51847663309305312701,20.1221
ERR14783416,NODE_4_length_591678_cov_206.149767,gene:proph:163818;gene:plasmid:123257;gene:plasmid:91947,Escherichia coli,Drugs,Fluoroquinolones,Fluoroquinolone-resistant_DNA_topoisomerases,PARC,HPCIA,206.149767,69922669,146.51847663309305312701,20.1221
ERR14783416,NODE_4_length_591678_cov_206.149767,gene:proph:163818;gene:plasmid:123257;gene:plasmid:91947,Escherichia coli,Drugs,Fluoroquinolones,Fluoroquinolone-resistant_DNA_topoisomerases,PAREF,HPCIA,206.149767,69922669,146.51847663309305312701,20.1221
ERR14783416,NODE_4_length_591678_cov_206.149767,gene:proph:163818;gene:plasmid:123257;gene:plasmid:91947,Escherichia coli,Drugs,Sulfonamides,Sulfonamide-resistant_dihydropteroate_synthases,FOLP,HIA,206.149767,69922669,146.51847663309305312701,20.1221
ERR14783416,NODE_4_length_591678_cov_206.149767,gene:proph:163818;gene:plasmid:123257;gene:plasmid:91947,Escherichia coli,Multi-compound,Drug_and_biocide_resistance,Drug_and_biocide_RND_efflux_pumps,ACRE,Authorized for use in humans only ?,206.149767,69922669,146.51847663309305312701,20.1221
ERR14783416,NODE_4_length_591678_cov_206.149767,gene:proph:163818;gene:plasmid:123257;gene:plasmid:91947,Escherichia coli,Multi-compound,Drug_and_biocide_resistance,Drug_and_biocide_RND_efflux_pumps,ACRF,Authorized for use in humans only ?,206.149767,69922669,146.51847663309305312701,20.1221
ERR14783416,NODE_4_length_591678_cov_206.149767,gene:proph:163818;gene:plasmid:123257;gene:plasmid:91947,Escherichia coli,Multi-compound,Drug_and_biocide_resistance,Drug_and_biocide_RND_efflux_regulator,ACRS,Authorized for use in humans only ?,206.149767,69922669,146.51847663309305312701,20.1221
ERR14783416,NODE_4_length_591678_cov_206.149767,gene:proph:163818;gene:plasmid:123257;gene:plasmid:91947,Escherichia coli,Biocides,Multi-biocide_resistance,Multi-biocide_RND_efflux_pump,TOLC,0,206.149767,69922669,146.51847663309305312701,20.1221
ERR14783416,NODE_4_length_591678_cov_206.149767,gene:proph:163818;gene:plasmid:123257;gene:plasmid:91947,Escherichia coli,Multi-compound,Biocide_and_metal_resistance,Biocide_and_metal_resistance_protein,YGIW,0,206.149767,69922669,146.51847663309305312701,20.1221
ERR14783416,NODE_4_length_591678_cov_206.149767,gene:proph:163818;gene:plasmid:123257;gene:plasmid:91947,Escherichia coli,Multi-compound,Biocide_and_metal_resistance,Biocide_and_metal_resistance_protein,YHCN,0,206.149767,69922669,146.51847663309305312701,20.1221
ERR14783416,NODE_4_length_591678_cov_206.149767,gene:proph:163818;gene:plasmid:123257;gene:plasmid:91947,Escherichia coli,Multi-compound,Biocide_and_metal_resistance,Biocide_and_metal_resistance_protein,ZUPT,0,206.149767,69922669,146.51847663309305312701,20.1221
ERR14783416,NODE_17_length_198832_cov_142.279248,gene:proph:163940;gene:proph:182930;gene:proph:179461;gene:proph:159076;gene:proph:159058;gene:proph:179471;gene:plasmid:117772;gene:proph:163947;gene:proph:163927;gene:proph:163921;gene:proph:163942;gene:proph:169106;gene:proph:169101;gene:proph:169100;gene:plasmid:117704;gene:plasmid:117783;gene:proph:177498;gene:proph:163929;gene:proph:159074;gene:proph:163938;gene:proph:159072;gene:proph:159064;gene:proph:163939;gene:proph:159065;gene:proph:159066;gene:proph:159070;gene:proph:159071;gene:proph:179464;gene:proph:159069;gene:proph:159067;gene:proph:159060;gene:proph:163832;gene:proph:163946;gene:proph:163928,Escherichia coli,Multi-compound,Drug_and_biocide_resistance,Drug_and_biocide_MATE_efflux_pumps,MDTK,HPCIA,142.279248,69922669,146.51847663309305312701,13.8877
ERR14783416,NODE_17_length_198832_cov_142.279248,gene:proph:163940;gene:proph:182930;gene:proph:179461;gene:proph:159076;gene:proph:159058;gene:proph:179471;gene:plasmid:117772;gene:proph:163947;gene:proph:163927;gene:proph:163921;gene:proph:163942;gene:proph:169106;gene:proph:169101;gene:proph:169100;gene:plasmid:117704;gene:plasmid:117783;gene:proph:177498;gene:proph:163929;gene:proph:159074;gene:proph:163938;gene:proph:159072;gene:proph:159064;gene:proph:163939;gene:proph:159065;gene:proph:159066;gene:proph:159070;gene:proph:159071;gene:proph:179464;gene:proph:159069;gene:proph:159067;gene:proph:159060;gene:proph:163832;gene:proph:163946;gene:proph:163928,Escherichia coli,Multi-compound,Drug_and_biocide_resistance,Drug_and_biocide_RND_efflux_regulator,MARA,Authorized for use in humans only ?,142.279248,69922669,146.51847663309305312701,13.8877
ERR14783416,NODE_17_length_198832_cov_142.279248,gene:proph:163940;gene:proph:182930;gene:proph:179461;gene:proph:159076;gene:proph:159058;gene:proph:179471;gene:plasmid:117772;gene:proph:163947;gene:proph:163927;gene:proph:163921;gene:proph:163942;gene:proph:169106;gene:proph:169101;gene:proph:169100;gene:plasmid:117704;gene:plasmid:117783;gene:proph:177498;gene:proph:163929;gene:proph:159074;gene:proph:163938;gene:proph:159072;gene:proph:159064;gene:proph:163939;gene:proph:159065;gene:proph:159066;gene:proph:159070;gene:proph:159071;gene:proph:179464;gene:proph:159069;gene:proph:159067;gene:proph:159060;gene:proph:163832;gene:proph:163946;gene:proph:163928,Escherichia coli,Multi-compound,Drug_and_biocide_resistance,Drug_and_biocide_RND_efflux_regulator,MARR,Authorized for use in humans only ?,142.279248,69922669,146.51847663309305312701,13.8877
ERR14783416,NODE_17_length_198832_cov_142.279248,gene:proph:163940;gene:proph:182930;gene:proph:179461;gene:proph:159076;gene:proph:159058;gene:proph:179471;gene:plasmid:117772;gene:proph:163947;gene:proph:163927;gene:proph:163921;gene:proph:163942;gene:proph:169106;gene:proph:169101;gene:proph:169100;gene:plasmid:117704;gene:plasmid:117783;gene:proph:177498;gene:proph:163929;gene:proph:159074;gene:proph:163938;gene:proph:159072;gene:proph:159064;gene:proph:163939;gene:proph:159065;gene:proph:159066;gene:proph:159070;gene:proph:159071;gene:proph:179464;gene:proph:159069;gene:proph:159067;gene:proph:159060;gene:proph:163832;gene:proph:163946;gene:proph:163928,Escherichia coli,Biocides,Acid_resistance,Acid_resistance_protein,ASR,0,142.279248,69922669,146.51847663309305312701,13.8877
ERR14783416,NODE_17_length_198832_cov_142.279248,gene:proph:163940;gene:proph:182930;gene:proph:179461;gene:proph:159076;gene:proph:159058;gene:proph:179471;gene:plasmid:117772;gene:proph:163947;gene:proph:163927;gene:proph:163921;gene:proph:163942;gene:proph:169106;gene:proph:169101;gene:proph:169100;gene:plasmid:117704;gene:plasmid:117783;gene:proph:177498;gene:proph:163929;gene:proph:159074;gene:proph:163938;gene:proph:159072;gene:proph:159064;gene:proph:163939;gene:proph:159065;gene:proph:159066;gene:proph:159070;gene:proph:159071;gene:proph:179464;gene:proph:159069;gene:proph:159067;gene:proph:159060;gene:proph:163832;gene:proph:163946;gene:proph:163928,Escherichia coli,Multi-compound,Drug_and_biocide_resistance,Drug_and_biocide_SMR_efflux_pumps,MDTJ,0,142.279248,69922669,146.51847663309305312701,13.8877
ERR14783416,NODE_17_length_198832_cov_142.279248,gene:proph:163940;gene:proph:182930;gene:proph:179461;gene:proph:159076;gene:proph:159058;gene:proph:179471;gene:plasmid:117772;gene:proph:163947;gene:proph:163927;gene:proph:163921;gene:proph:163942;gene:proph:169106;gene:proph:169101;gene:proph:169100;gene:plasmid:117704;gene:plasmid:117783;gene:proph:177498;gene:proph:163929;gene:proph:159074;gene:proph:163938;gene:proph:159072;gene:proph:159064;gene:proph:163939;gene:proph:159065;gene:proph:159066;gene:proph:159070;gene:proph:159071;gene:proph:179464;gene:proph:159069;gene:proph:159067;gene:proph:159060;gene:proph:163832;gene:proph:163946;gene:proph:163928,Escherichia coli,Biocides,Peroxide_resistance,peroxide_resistance_protein,SODB,0,142.279248,69922669,146.51847663309305312701,13.8877
ERR14783416,NODE_17_length_198832_cov_142.279248,gene:proph:163940;gene:proph:182930;gene:proph:179461;gene:proph:159076;gene:proph:159058;gene:proph:179471;gene:plasmid:117772;gene:proph:163947;gene:proph:163927;gene:proph:163921;gene:proph:163942;gene:proph:169106;gene:proph:169101;gene:proph:169100;gene:plasmid:117704;gene:plasmid:117783;gene:proph:177498;gene:proph:163929;gene:proph:159074;gene:proph:163938;gene:proph:159072;gene:proph:159064;gene:proph:163939;gene:proph:159065;gene:proph:159066;gene:proph:159070;gene:proph:159071;gene:proph:179464;gene:proph:159069;gene:proph:159067;gene:proph:159060;gene:proph:163832;gene:proph:163946;gene:proph:163928,Escherichia coli,Biocides,Peroxide_resistance,peroxide_resistance_protein,YDEI,0,142.279248,69922669,146.51847663309305312701,13.8877
ERR14783416,NODE_24_length_171998_cov_176.588674,gene:proph:177427;gene:proph:177428;gene:proph:179486;gene:vir:4537;gene:vir:4536;gene:proph:176737;gene:proph:179490;gene:vir:4507;gene:vir:4508;gene:vir:4509;gene:proph:181093;gene:proph:159053,Enterobacter hormaechei,Multi-compound,Drug_and_biocide_resistance,Drug_and_biocide_MFS_efflux_pumps,EMRA,HPCIA,176.588674,69922669,146.51847663309305312701,17.2366
ERR14783416,NODE_24_length_171998_cov_176.588674,gene:proph:177427;gene:proph:177428;gene:proph:179486;gene:vir:4537;gene:vir:4536;gene:proph:176737;gene:proph:179490;gene:vir:4507;gene:vir:4508;gene:vir:4509;gene:proph:181093;gene:proph:159053,Enterobacter hormaechei,Multi-compound,Drug_and_biocide_resistance,Drug_and_biocide_MFS_efflux_pumps,EMRB,HPCIA,176.588674,69922669,146.51847663309305312701,17.2366
ERR14783416,NODE_24_length_171998_cov_176.588674,gene:proph:177427;gene:proph:177428;gene:proph:179486;gene:vir:4537;gene:vir:4536;gene:proph:176737;gene:proph:179490;gene:vir:4507;gene:vir:4508;gene:vir:4509;gene:proph:181093;gene:proph:159053,Enterobacter hormaechei,Multi-compound,Drug_and_biocide_resistance,Drug_and_biocide_MFS_efflux_regulator,EMRR,HPCIA,176.588674,69922669,146.51847663309305312701,17.2366
ERR14783416,NODE_24_length_171998_cov_176.588674,gene:proph:177427;gene:proph:177428;gene:proph:179486;gene:vir:4537;gene:vir:4536;gene:proph:176737;gene:proph:179490;gene:vir:4507;gene:vir:4508;gene:vir:4509;gene:proph:181093;gene:proph:159053,Enterobacter hormaechei,Biocides,Multi-biocide_resistance,Multi-biocide_resistance_regulator,RPOS,0,176.588674,69922669,146.51847663309305312701,17.2366
ERR14783416,NODE_24_length_171998_cov_176.588674,gene:proph:177427;gene:proph:177428;gene:proph:179486;gene:vir:4537;gene:vir:4536;gene:proph:176737;gene:proph:179490;gene:vir:4507;gene:vir:4508;gene:vir:4509;gene:proph:181093;gene:proph:159053,Enterobacter hormaechei,Multi-compound,Biocide_and_metal_resistance,Biocide_and_metal_resistance_protein,TEHA,0,176.588674,69922669,146.51847663309305312701,17.2366
ERR14783416,NODE_24_length_171998_cov_176.588674,gene:proph:177427;gene:proph:177428;gene:proph:179486;gene:vir:4537;gene:vir:4536;gene:proph:176737;gene:proph:179490;gene:vir:4507;gene:vir:4508;gene:vir:4509;gene:proph:181093;gene:proph:159053,Enterobacter hormaechei,Multi-compound,Biocide_and_metal_resistance,Biocide_and_metal_resistance_protein,TEHB,0,176.588674,69922669,146.51847663309305312701,17.2366
ERR14783416,NODE_58_length_91625_cov_174.168583,gene:proph:181174;gene:proph:163837;gene:proph:163841;gene:proph:159024;gene:proph:176766;gene:proph:159036;gene:proph:159028;gene:proph:176073;gene:proph:181324;gene:proph:176075;gene:proph:176076;gene:proph:163832;gene:proph:163833;gene:proph:176712;gene:proph:159061,Escherichia coli,Biocides,Paraquat_resistance,Paraquat_resistance_protein,NMPC,0,174.168583,69922669,146.51847663309305312701,17.0004
ERR14783416,NODE_1_length_738832_cov_161.385797,gene:proph:181243;gene:proph:163837;gene:plasmid:151225;gene:plasmid:148202;gene:plasmid:151223;gene:vir:1321;gene:proph:183581,Escherichia coli,Multi-compound,Drug_and_biocide_resistance,Drug_and_biocide_MFS_efflux_pumps,BCR,Not medically important,161.385797,69922669,146.51847663309305312701,15.7527
ERR14783416,NODE_1_length_738832_cov_161.385797,gene:proph:181243;gene:proph:163837;gene:plasmid:151225;gene:plasmid:148202;gene:plasmid:151223;gene:vir:1321;gene:proph:183581,Escherichia coli,Multi-compound,Drug_and_biocide_and_metal_resistance,Drug_and_biocide_and_metal_RND_efflux_pumps,MDTA,Not medically important,161.385797,69922669,146.51847663309305312701,15.7527
ERR14783416,NODE_1_length_738832_cov_161.385797,gene:proph:181243;gene:proph:163837;gene:plasmid:151225;gene:plasmid:148202;gene:plasmid:151223;gene:vir:1321;gene:proph:183581,Escherichia coli,Multi-compound,Drug_and_biocide_and_metal_resistance,Drug_and_biocide_and_metal_RND_efflux_pumps,MDTB,Not medically important,161.385797,69922669,146.51847663309305312701,15.7527
ERR14783416,NODE_1_length_738832_cov_161.385797,gene:proph:181243;gene:proph:163837;gene:plasmid:151225;gene:plasmid:148202;gene:plasmid:151223;gene:vir:1321;gene:proph:183581,Escherichia coli,Multi-compound,Drug_and_biocide_and_metal_resistance,Drug_and_biocide_and_metal_RND_efflux_pumps,MDTC,Not medically important,161.385797,69922669,146.51847663309305312701,15.7527
ERR14783416,NODE_1_length_738832_cov_161.385797,gene:proph:181243;gene:proph:163837;gene:plasmid:151225;gene:plasmid:148202;gene:plasmid:151223;gene:vir:1321;gene:proph:183581,Escherichia coli,Drugs,Multi-drug_resistance,Multi-drug_RND_efflux_regulator,ASMA,NA,161.385797,69922669,146.51847663309305312701,15.7527
ERR14783416,NODE_1_length_738832_cov_161.385797,gene:proph:181243;gene:proph:163837;gene:plasmid:151225;gene:plasmid:148202;gene:plasmid:151223;gene:vir:1321;gene:proph:183581,Escherichia coli,Drugs,Cationic_antimicrobial_peptides,Lipid_A_modification,PMRF,NA,161.385797,69922669,146.51847663309305312701,15.7527
ERR14783416,NODE_1_length_738832_cov_161.385797,gene:proph:181243;gene:proph:163837;gene:plasmid:151225;gene:plasmid:148202;gene:plasmid:151223;gene:vir:1321;gene:proph:183581,Escherichia coli,Multi-compound,Drug_and_biocide_resistance,Drug_and_biocide_ABC_efflux_pumps,YOGI,NA,161.385797,69922669,146.51847663309305312701,15.7527
ERR14783416,NODE_1_length_738832_cov_161.385797,gene:proph:181243;gene:proph:163837;gene:plasmid:151225;gene:plasmid:148202;gene:plasmid:151223;gene:vir:1321;gene:proph:183581,Escherichia coli,Drugs,Fosfomycin,Fosfomycin_target_mutation,GLPT,HPCIA,161.385797,69922669,146.51847663309305312701,15.7527
ERR14783416,NODE_1_length_738832_cov_161.385797,gene:proph:181243;gene:proph:163837;gene:plasmid:151225;gene:plasmid:148202;gene:plasmid:151223;gene:vir:1321;gene:proph:183581,Escherichia coli,Drugs,Fluoroquinolones,Fluoroquinolone-resistant_DNA_topoisomerases,GYRA,HPCIA,161.385797,69922669,146.51847663309305312701,15.7527
ERR14783416,NODE_1_length_738832_cov_161.385797,gene:proph:181243;gene:proph:163837;gene:plasmid:151225;gene:plasmid:148202;gene:plasmid:151223;gene:vir:1321;gene:proph:183581,Escherichia coli,Drugs,Cationic_antimicrobial_peptides,Lipid_A_modification,UGD,HPCIA,161.385797,69922669,146.51847663309305312701,15.7527
ERR14783416,NODE_1_length_738832_cov_161.385797,gene:proph:181243;gene:proph:163837;gene:plasmid:151225;gene:plasmid:148202;gene:plasmid:151223;gene:vir:1321;gene:proph:183581,Escherichia coli,Multi-compound,Drug_and_biocide_resistance,Drug_and_biocide_MFS_efflux_pumps,EMRK,HIA,161.385797,69922669,146.51847663309305312701,15.7527
ERR14783416,NODE_1_length_738832_cov_161.385797,gene:proph:181243;gene:proph:163837;gene:plasmid:151225;gene:plasmid:148202;gene:plasmid:151223;gene:vir:1321;gene:proph:183581,Escherichia coli,Multi-compound,Drug_and_biocide_resistance,Drug_and_biocide_MFS_efflux_pumps,EMRY,HIA,161.385797,69922669,146.51847663309305312701,15.7527
ERR14783416,NODE_1_length_738832_cov_161.385797,gene:proph:181243;gene:proph:163837;gene:plasmid:151225;gene:plasmid:148202;gene:plasmid:151223;gene:vir:1321;gene:proph:183581,Escherichia coli,Multi-compound,Drug_and_biocide_and_metal_resistance,Drug_and_biocide_and_metal_RND_efflux_regulator,BAER,CIA,161.385797,69922669,146.51847663309305312701,15.7527
ERR14783416,NODE_1_length_738832_cov_161.385797,gene:proph:181243;gene:proph:163837;gene:plasmid:151225;gene:plasmid:148202;gene:plasmid:151223;gene:vir:1321;gene:proph:183581,Escherichia coli,Multi-compound,Drug_and_biocide_and_metal_resistance,Drug_and_biocide_and_metal_RND_efflux_regulator,BAES,CIA,161.385797,69922669,146.51847663309305312701,15.7527
ERR14783416,NODE_1_length_738832_cov_161.385797,gene:proph:181243;gene:proph:163837;gene:plasmid:151225;gene:plasmid:148202;gene:plasmid:151223;gene:vir:1321;gene:proph:183581,Escherichia coli,Biocides,Acid_resistance,Acid_resistance_regulator,EVGA,Authorized for use in humans only ?,161.385797,69922669,146.51847663309305312701,15.7527
ERR14783416,NODE_1_length_738832_cov_161.385797,gene:proph:181243;gene:proph:163837;gene:plasmid:151225;gene:plasmid:148202;gene:plasmid:151223;gene:vir:1321;gene:proph:183581,Escherichia coli,Multi-compound,Drug_and_biocide_resistance,Drug_and_biocide_MFS_efflux_regulator,EVGS,Authorized for use in humans only ?,161.385797,69922669,146.51847663309305312701,15.7527
ERR14783416,NODE_1_length_738832_cov_161.385797,gene:proph:181243;gene:proph:163837;gene:plasmid:151225;gene:plasmid:148202;gene:plasmid:151223;gene:vir:1321;gene:proph:183581,Escherichia coli,Multi-compound,Drug_and_biocide_resistance,Drug_and_biocide_SMR_efflux_pumps,KPNO,0,161.385797,69922669,146.51847663309305312701,15.7527
ERR14783416,NODE_1_length_738832_cov_161.385797,gene:proph:181243;gene:proph:163837;gene:plasmid:151225;gene:plasmid:148202;gene:plasmid:151223;gene:vir:1321;gene:proph:183581,Escherichia coli,Multi-compound,Drug_and_biocide_resistance,Drug_and_biocide_SMR_efflux_pumps,MVRC,0,161.385797,69922669,146.51847663309305312701,15.7527
ERR14783416,NODE_1_length_738832_cov_161.385797,gene:proph:181243;gene:proph:163837;gene:plasmid:151225;gene:plasmid:148202;gene:plasmid:151223;gene:vir:1321;gene:proph:183581,Escherichia coli,Multi-compound,Biocide_and_metal_resistance,Biocide_and_metal_resistance_protein,YODB,0,161.385797,69922669,146.51847663309305312701,15.7527
ERR14783416,NODE_35_length_134853_cov_425.888359,gene:proph:181670,Streptococcus thermophilus,Drugs,Rifampin,Rifampin-resistant_beta-subunit_of_RNA_polymerase_RpoB,RPOB,CIA,425.888359,69922669,146.51847663309305312701,41.5705
ERR14783416,NODE_3_length_613030_cov_156.670883,gene:proph:182947;gene:proph:182971;gene:proph:182951;gene:proph:182952;gene:proph:179383;gene:proph:179426;gene:proph:183644;gene:proph:172518;gene:proph:172519;gene:proph:172520;gene:proph:172521;gene:proph:172522;gene:proph:172523;gene:proph:172524;gene:proph:172517;gene:proph:163818;gene:proph:179418;gene:proph:179425;gene:proph:179382;gene:proph:179387;gene:proph:182978;gene:proph:182984;gene:proph:182982,Escherichia coli,Multi-compound,Drug_and_biocide_resistance,Drug_and_biocide_MFS_efflux_pumps,MDTG,HPCIA,156.670883,69922669,146.51847663309305312701,15.2925
ERR14783416,NODE_3_length_613030_cov_156.670883,gene:proph:182947;gene:proph:182971;gene:proph:182951;gene:proph:182952;gene:proph:179383;gene:proph:179426;gene:proph:183644;gene:proph:172518;gene:proph:172519;gene:proph:172520;gene:proph:172521;gene:proph:172522;gene:proph:172523;gene:proph:172524;gene:proph:172517;gene:proph:163818;gene:proph:179418;gene:proph:179425;gene:proph:179382;gene:proph:179387;gene:proph:182978;gene:proph:182984;gene:proph:182982,Escherichia coli,Multi-compound,Drug_and_biocide_resistance,Drug_and_biocide_MFS_efflux_pumps,MDTH,HPCIA,156.670883,69922669,146.51847663309305312701,15.2925
ERR14783416,NODE_3_length_613030_cov_156.670883,gene:proph:182947;gene:proph:182971;gene:proph:182951;gene:proph:182952;gene:proph:179383;gene:proph:179426;gene:proph:183644;gene:proph:172518;gene:proph:172519;gene:proph:172520;gene:proph:172521;gene:proph:172522;gene:proph:172523;gene:proph:172524;gene:proph:172517;gene:proph:163818;gene:proph:179418;gene:proph:179425;gene:proph:179382;gene:proph:179387;gene:proph:182978;gene:proph:182984;gene:proph:182982,Escherichia coli,Multi-compound,Drug_and_biocide_resistance,Drug_and_biocide_MFS_efflux_pumps,MDFA,HIA,156.670883,69922669,146.51847663309305312701,15.2925
ERR14783416,NODE_3_length_613030_cov_156.670883,gene:proph:182947;gene:proph:182971;gene:proph:182951;gene:proph:182952;gene:proph:179383;gene:proph:179426;gene:proph:183644;gene:proph:172518;gene:proph:172519;gene:proph:172520;gene:proph:172521;gene:proph:172522;gene:proph:172523;gene:proph:172524;gene:proph:172517;gene:proph:163818;gene:proph:179418;gene:proph:179425;gene:proph:179382;gene:proph:179387;gene:proph:182978;gene:proph:182984;gene:proph:182982,Escherichia coli,Drugs,Multi-drug_resistance,Multi-drug_ABC_efflux_pumps,MSBA,HIA,156.670883,69922669,146.51847663309305312701,15.2925
ERR14783416,NODE_3_length_613030_cov_156.670883,gene:proph:182947;gene:proph:182971;gene:proph:182951;gene:proph:182952;gene:proph:179383;gene:proph:179426;gene:proph:183644;gene:proph:172518;gene:proph:172519;gene:proph:172520;gene:proph:172521;gene:proph:172522;gene:proph:172523;gene:proph:172524;gene:proph:172517;gene:proph:163818;gene:proph:179418;gene:proph:179425;gene:proph:179382;gene:proph:179387;gene:proph:182978;gene:proph:182984;gene:proph:182982,Escherichia coli,Drugs,Multi-drug_resistance,Multi-drug_RND_efflux_pumps,HNS,Authorized for use in humans only ?,156.670883,69922669,146.51847663309305312701,15.2925
ERR14783416,NODE_3_length_613030_cov_156.670883,gene:proph:182947;gene:proph:182971;gene:proph:182951;gene:proph:182952;gene:proph:179383;gene:proph:179426;gene:proph:183644;gene:proph:172518;gene:proph:172519;gene:proph:172520;gene:proph:172521;gene:proph:172522;gene:proph:172523;gene:proph:172524;gene:proph:172517;gene:proph:163818;gene:proph:179418;gene:proph:179425;gene:proph:179382;gene:proph:179387;gene:proph:182978;gene:proph:182984;gene:proph:182982,Escherichia coli,Drugs,betalactams,Mutant_porin_proteins,OMPA,Authorized for use in humans only ?,156.670883,69922669,146.51847663309305312701,15.2925
ERR14783416,NODE_3_length_613030_cov_156.670883,gene:proph:182947;gene:proph:182971;gene:proph:182951;gene:proph:182952;gene:proph:179383;gene:proph:179426;gene:proph:183644;gene:proph:172518;gene:proph:172519;gene:proph:172520;gene:proph:172521;gene:proph:172522;gene:proph:172523;gene:proph:172524;gene:proph:172517;gene:proph:163818;gene:proph:179418;gene:proph:179425;gene:proph:179382;gene:proph:179387;gene:proph:182978;gene:proph:182984;gene:proph:182982,Escherichia coli,Drugs,betalactams,Mutant_porin_proteins,OMPFB,Authorized for use in humans only ,156.670883,69922669,146.51847663309305312701,15.2925
ERR14783416,NODE_3_length_613030_cov_156.670883,gene:proph:182947;gene:proph:182971;gene:proph:182951;gene:proph:182952;gene:proph:179383;gene:proph:179426;gene:proph:183644;gene:proph:172518;gene:proph:172519;gene:proph:172520;gene:proph:172521;gene:proph:172522;gene:proph:172523;gene:proph:172524;gene:proph:172517;gene:proph:163818;gene:proph:179418;gene:proph:179425;gene:proph:179382;gene:proph:179387;gene:proph:182978;gene:proph:182984;gene:proph:182982,Escherichia coli,Biocides,Multi-biocide_resistance,Multi-biocide_resistance_regulator,ARIR,0,156.670883,69922669,146.51847663309305312701,15.2925
ERR14783416,NODE_3_length_613030_cov_156.670883,gene:proph:182947;gene:proph:182971;gene:proph:182951;gene:proph:182952;gene:proph:179383;gene:proph:179426;gene:proph:183644;gene:proph:172518;gene:proph:172519;gene:proph:172520;gene:proph:172521;gene:proph:172522;gene:proph:172523;gene:proph:172524;gene:proph:172517;gene:proph:163818;gene:proph:179418;gene:proph:179425;gene:proph:179382;gene:proph:179387;gene:proph:182978;gene:proph:182984;gene:proph:182982,Escherichia coli,Biocides,Phenolic_compound_resistance,Triclosan-resistant_mutation,FABG,0,156.670883,69922669,146.51847663309305312701,15.2925
ERR14783416,NODE_3_length_613030_cov_156.670883,gene:proph:182947;gene:proph:182971;gene:proph:182951;gene:proph:182952;gene:proph:179383;gene:proph:179426;gene:proph:183644;gene:proph:172518;gene:proph:172519;gene:proph:172520;gene:proph:172521;gene:proph:172522;gene:proph:172523;gene:proph:172524;gene:proph:172517;gene:proph:163818;gene:proph:179418;gene:proph:179425;gene:proph:179382;gene:proph:179387;gene:proph:182978;gene:proph:182984;gene:proph:182982,Escherichia coli,Biocides,Phenolic_compound_resistance,Phenolic_resistance_protein,FABI,0,156.670883,69922669,146.51847663309305312701,15.2925
ERR14783416,NODE_3_length_613030_cov_156.670883,gene:proph:182947;gene:proph:182971;gene:proph:182951;gene:proph:182952;gene:proph:179383;gene:proph:179426;gene:proph:183644;gene:proph:172518;gene:proph:172519;gene:proph:172520;gene:proph:172521;gene:proph:172522;gene:proph:172523;gene:proph:172524;gene:proph:172517;gene:proph:163818;gene:proph:179418;gene:proph:179425;gene:proph:179382;gene:proph:179387;gene:proph:182978;gene:proph:182984;gene:proph:182982,Escherichia coli,Multi-compound,Biocide_and_metal_resistance,Biocide_and_metal_resistance_protein,YCHH,0,156.670883,69922669,146.51847663309305312701,15.2925
ERR14783416,NODE_917_length_2761_cov_213.581625,gene:proph:183618,Klebsiella pneumoniae,Drugs,betalactams,Class_A_betalactamases,CTX,Authorized for use in humans only ,213.581625,69922669,146.51847663309305312701,20.8475
ERR14783416,NODE_15_length_203818_cov_178.473659,gene:vir:7156;gene:proph:184644;gene:proph:184643;gene:proph:182641;gene:proph:183583;gene:plasmid:134726;gene:plasmid:134726,Escherichia coli,Drugs,Fosfomycin,Fosfomycin_target_mutation,PTSL,HPCIA,178.473659,69922669,146.51847663309305312701,17.4206
ERR14783416,NODE_15_length_203818_cov_178.473659,gene:vir:7156;gene:proph:184644;gene:proph:184643;gene:proph:182641;gene:proph:183583;gene:plasmid:134726;gene:plasmid:134726,Escherichia coli,Multi-compound,Drug_and_biocide_and_metal_resistance,Drug_and_biocide_and_metal_RND_efflux_pumps,ACRD,CIA,178.473659,69922669,146.51847663309305312701,17.4206
ERR14783416,NODE_15_length_203818_cov_178.473659,gene:vir:7156;gene:proph:184644;gene:proph:184643;gene:proph:182641;gene:proph:183583;gene:plasmid:134726;gene:plasmid:134726,Escherichia coli,Drugs,MLS,Macrolide_phosphotransferases,MPHB,CIA,178.473659,69922669,146.51847663309305312701,17.4206
ERR14783416,NODE_15_length_203818_cov_178.473659,gene:vir:7156;gene:proph:184644;gene:proph:184643;gene:proph:182641;gene:proph:183583;gene:plasmid:134726;gene:plasmid:134726,Escherichia coli,Drugs,betalactams,Penicillin_binding_protein,PBP4B,Authorized for use in humans only ?,178.473659,69922669,146.51847663309305312701,17.4206
ERR14783418,NODE_1461_length_2754_cov_0.905976,gene:plasmid:10524,Acinetobacter lwoffii,Drugs,Aminoglycosides,Aminoglycoside_O-nucleotidyltransferases,ANT3-DPRIME,CIA,0.905976,11967513,147.28177533627914170638,0.514001
ERR14783418,NODE_64_length_81774_cov_14.799748,gene:plasmid:123887;gene:plasmid:139212,Pseudomonas bubulae,Drugs,Elfamycins,EF-Tu_inhibition,TUFAB,NA,14.799748,11967513,147.28177533627914170638,8.39656
ERR14783418,NODE_64_length_81774_cov_14.799748,gene:plasmid:123887;gene:plasmid:139212,Pseudomonas bubulae,Drugs,Rifampin,Rifampin-resistant_beta-subunit_of_RNA_polymerase_RpoB,RPOB,CIA,14.799748,11967513,147.28177533627914170638,8.39656
ERR14783418,NODE_1123_length_4277_cov_168.113012,gene:plasmid:139560,Leuconostoc mesenteroides,Drugs,Aminoglycosides,Aminoglycoside-resistant_16S_ribosomal_subunit_protein,A16S,CIA,168.113012,11967513,147.28177533627914170638,95.378
ERR14783418,NODE_17_length_182225_cov_10.590885,gene:plasmid:21134,Pseudomonas bubulae,Biocides,Peroxide_resistance,peroxide_resistance_protein,SODB,0,10.590885,11967513,147.28177533627914170638,6.00868
ERR14783418,NODE_2_length_574312_cov_16.343478,gene:plasmid:90278;gene:plasmid:27818;gene:plasmid:125744;gene:plasmid:20845,Pseudomonas bubulae,Drugs,Aminocoumarins,Aminocoumarin-resistant_DNA_topoisomerases,PARE,Not medically important,16.343478,11967513,147.28177533627914170638,9.27239
ERR14783418,NODE_2_length_574312_cov_16.343478,gene:plasmid:90278;gene:plasmid:27818;gene:plasmid:125744;gene:plasmid:20845,Pseudomonas bubulae,Drugs,Multi-drug_resistance,Multi-drug_RND_efflux_pumps,OPMH,NA,16.343478,11967513,147.28177533627914170638,9.27239
ERR14783418,NODE_2_length_574312_cov_16.343478,gene:plasmid:90278;gene:plasmid:27818;gene:plasmid:125744;gene:plasmid:20845,Pseudomonas bubulae,Multi-compound,Biocide_and_metal_resistance,Biocide_and_metal_resistance_protein,RUVB,0,16.343478,11967513,147.28177533627914170638,9.27239
ERR14783418,NODE_32_length_126025_cov_8.701322,gene:proph:169464,Pseudomonas fragi,Drugs,Fluoroquinolones,Fluoroquinolone-resistant_DNA_topoisomerases,GYRA,HPCIA,8.701322,11967513,147.28177533627914170638,4.93665
ERR14783418,NODE_46_length_99584_cov_11.877837,gene:proph:184194,Pseudomonas helleri,Multi-compound,Drug_and_biocide_resistance,Drug_and_biocide_RND_efflux_pumps,TTGB,NA,11.877837,11967513,147.28177533627914170638,6.73883
ERR14783418,NODE_46_length_99584_cov_11.877837,gene:proph:184194,Pseudomonas fragi,Biocides,Multi-biocide_resistance,Multi-biocide_RND_efflux_pump,EMHB,0,11.877837,11967513,147.28177533627914170638,6.73883
ERR14783424,NODE_98_length_31032_cov_10.132697,gene:plasmid:123887,Klebsiella grimontii,Drugs,Rifampin,Rifampin-resistant_beta-subunit_of_RNA_polymerase_RpoB,RPOB,CIA,10.132697,37098032,141.86385453007318555334,1.92532
ERR14783424,NODE_33_length_121213_cov_130.340973,gene:plasmid:123887,Pseudomonas helleri,Drugs,Rifampin,Rifampin-resistant_beta-subunit_of_RNA_polymerase_RpoB,RPOB,CIA,130.340973,37098032,141.86385453007318555334,24.7661
ERR14783424,NODE_33_length_121213_cov_130.340973,gene:plasmid:123887,Pseudomonas lundensis,Drugs,Rifampin,Rifampin-resistant_beta-subunit_of_RNA_polymerase_RpoB,RPOB,CIA,130.340973,37098032,141.86385453007318555334,24.7661
ERR14783424,NODE_3_length_575845_cov_9.745474,gene:plasmid:124575;gene:proph:179208;gene:proph:165701,Serratia liquefaciens,Drugs,betalactams,Penicillin_binding_protein,AMPH,HIA,9.745474,37098032,141.86385453007318555334,1.85174
ERR14783424,NODE_3_length_575845_cov_9.745474,gene:plasmid:124575;gene:proph:179208;gene:proph:165701,Serratia liquefaciens,Biocides,Multi-biocide_resistance,Multi-biocide_resistance_protein,YJCG,0,9.745474,37098032,141.86385453007318555334,1.85174
ERR14783424,NODE_4_length_557439_cov_99.723855,gene:plasmid:129653;gene:plasmid:115921;gene:plasmid:129646;gene:plasmid:88450;gene:plasmid:129656;gene:plasmid:129718;gene:plasmid:115901;gene:plasmid:115900;gene:plasmid:115898;gene:plasmid:115897,Pseudomonas helleri,Drugs,Cationic_antimicrobial_peptides,Polymyxin_B_resistance_regulator,ARNA,HPCIA,99.723855,37098032,141.86385453007318555334,18.9486
ERR14783424,NODE_463_length_5592_cov_4.501738,gene:plasmid:139560;gene:plasmid:117293,Acetobacter ghanensis,Drugs,MLS,Macrolide-resistant_23S_rRNA_mutation,MLS23S,CIA ?,4.501738,37098032,141.86385453007318555334,0.855377
ERR14783424,NODE_463_length_5592_cov_4.501738,gene:plasmid:139560;gene:plasmid:117293,Acetobacter ghanensis,Drugs,Aminoglycosides,Aminoglycoside-resistant_16S_ribosomal_subunit_protein,A16S,CIA,4.501738,37098032,141.86385453007318555334,0.855377
ERR14783424,NODE_2_length_1038016_cov_8.259786,gene:plasmid:156009;gene:proph:163818;gene:proph:173723;gene:plasmid:111200;gene:plasmid:145318;gene:plasmid:124596,Serratia liquefaciens,Drugs,betalactams,Mutant_porin_proteins,OMP36,Authorized for use in humans only,8.259786,37098032,141.86385453007318555334,1.56945
ERR14783424,NODE_2_length_1038016_cov_8.259786,gene:plasmid:156009;gene:proph:163818;gene:proph:173723;gene:plasmid:111200;gene:plasmid:145318;gene:plasmid:124596,Serratia liquefaciens,Multi-compound,Drug_and_biocide_resistance,Drug_and_biocide_RND_efflux_pumps,SDEX,0,8.259786,37098032,141.86385453007318555334,1.56945
ERR14783424,NODE_2_length_1038016_cov_8.259786,gene:plasmid:156009;gene:proph:163818;gene:proph:173723;gene:plasmid:111200;gene:plasmid:145318;gene:plasmid:124596,Serratia liquefaciens,Multi-compound,Drug_and_biocide_resistance,Drug_and_biocide_RND_efflux_pumps,SDEY,0,8.259786,37098032,141.86385453007318555334,1.56945
ERR14783424,NODE_2_length_1038016_cov_8.259786,gene:plasmid:156009;gene:proph:163818;gene:proph:173723;gene:plasmid:111200;gene:plasmid:145318;gene:plasmid:124596,Serratia liquefaciens,Biocides,Multi-biocide_resistance,Multi-biocide_ABC_efflux_pump,SMDA,0,8.259786,37098032,141.86385453007318555334,1.56945
ERR14783424,NODE_2_length_1038016_cov_8.259786,gene:plasmid:156009;gene:proph:163818;gene:proph:173723;gene:plasmid:111200;gene:plasmid:145318;gene:plasmid:124596,Serratia liquefaciens,Biocides,Multi-biocide_resistance,Multi-biocide_ABC_efflux_pump,SMDB,0,8.259786,37098032,141.86385453007318555334,1.56945
ERR14783424,NODE_1_length_1639064_cov_7.371837,gene:plasmid:22293;gene:proph:176833;gene:plasmid:11362;gene:plasmid:119871,Serratia liquefaciens,Drugs,Fluoroquinolones,Fluoroquinolone-resistant_DNA_topoisomerases,GYRA,HPCIA,7.371837,37098032,141.86385453007318555334,1.40073
ERR14783424,NODE_1_length_1639064_cov_7.371837,gene:plasmid:22293;gene:proph:176833;gene:plasmid:11362;gene:plasmid:119871,Serratia liquefaciens,Drugs,Fosfomycin,Fosfomycin_target_mutation,PTSL,HPCIA,7.371837,37098032,141.86385453007318555334,1.40073
ERR14783424,NODE_1_length_1639064_cov_7.371837,gene:plasmid:22293;gene:proph:176833;gene:plasmid:11362;gene:plasmid:119871,Serratia liquefaciens,Multi-compound,Drug_and_biocide_resistance,Drug_and_biocide_RND_efflux_pumps,MEXQ,CIA,7.371837,37098032,141.86385453007318555334,1.40073
ERR14783424,NODE_1_length_1639064_cov_7.371837,gene:plasmid:22293;gene:proph:176833;gene:plasmid:11362;gene:plasmid:119871,Serratia liquefaciens,Drugs,betalactams,Class_C_betalactamases,BLAC,Authorized for use in humans only ,7.371837,37098032,141.86385453007318555334,1.40073
ERR14783424,NODE_1_length_1639064_cov_7.371837,gene:plasmid:22293;gene:proph:176833;gene:plasmid:11362;gene:plasmid:119871,Serratia liquefaciens,Drugs,betalactams,Mutant_porin_proteins,OMP36,Authorized for use in humans only,7.371837,37098032,141.86385453007318555334,1.40073
ERR14783424,NODE_7_length_456729_cov_9.919827,gene:plasmid:27303;gene:plasmid:133420,Serratia liquefaciens,Drugs,Aminocoumarins,Aminocoumarin-resistant_DNA_topoisomerases,PARE,Not medically important,9.919827,37098032,141.86385453007318555334,1.88487
ERR14783424,NODE_7_length_456729_cov_9.919827,gene:plasmid:27303;gene:plasmid:133420,Serratia liquefaciens,Drugs,Fluoroquinolones,Fluoroquinolone-resistant_DNA_topoisomerases,PARC,HPCIA,9.919827,37098032,141.86385453007318555334,1.88487
ERR14783424,NODE_7_length_456729_cov_9.919827,gene:plasmid:27303;gene:plasmid:133420,Serratia liquefaciens,Biocides,Multi-biocide_resistance,Multi-biocide_RND_efflux_pump,HASF,0,9.919827,37098032,141.86385453007318555334,1.88487
ERR14783424,NODE_5_length_536767_cov_138.292824,gene:plasmid:27818;gene:plasmid:89528;gene:plasmid:20845;gene:plasmid:22062,Pseudomonas helleri,Drugs,Aminocoumarins,Aminocoumarin-resistant_DNA_topoisomerases,PARE,Not medically important,138.292824,37098032,141.86385453007318555334,26.2771
ERR14783424,NODE_5_length_536767_cov_138.292824,gene:plasmid:27818;gene:plasmid:89528;gene:plasmid:20845;gene:plasmid:22062,Pseudomonas helleri,Drugs,Multi-drug_resistance,Multi-drug_RND_efflux_pumps,OPMH,NA,138.292824,37098032,141.86385453007318555334,26.2771
ERR14783424,NODE_5_length_536767_cov_138.292824,gene:plasmid:27818;gene:plasmid:89528;gene:plasmid:20845;gene:plasmid:22062,Pseudomonas helleri,Drugs,Fluoroquinolones,Fluoroquinolone-resistant_DNA_topoisomerases,PARC,HPCIA,138.292824,37098032,141.86385453007318555334,26.2771
ERR14783424,NODE_5_length_536767_cov_138.292824,gene:plasmid:27818;gene:plasmid:89528;gene:plasmid:20845;gene:plasmid:22062,Pseudomonas helleri,Multi-compound,Biocide_and_metal_resistance,Biocide_and_metal_resistance_protein,RUVB,0,138.292824,37098032,141.86385453007318555334,26.2771
ERR14783424,NODE_21_length_170940_cov_118.972344,gene:plasmid:85950,Pseudomonas helleri,Multi-compound,Drug_and_biocide_resistance,Drug_and_biocide_RND_efflux_pumps,MEXK,CIA,118.972344,37098032,141.86385453007318555334,22.606
ERR14783424,NODE_13_length_303848_cov_10.938947,gene:proph:159396,Serratia liquefaciens,Drugs,Fluoroquinolones,Fluoroquinolone-resistant_DNA_topoisomerases,GYRB,HPCIA,10.938947,37098032,141.86385453007318555334,2.07851
ERR14783424,NODE_9_length_339553_cov_7.295455,gene:proph:165705;gene:proph:165711;gene:proph:169512;gene:proph:172517;gene:proph:165703;gene:proph:165704;gene:proph:165696;gene:proph:165697;gene:proph:165698;gene:proph:165694,Serratia liquefaciens,Multi-compound,Drug_and_biocide_resistance,Drug_and_biocide_RND_efflux_pumps,SDEB,0,7.295455,37098032,141.86385453007318555334,1.38621
ERR14783424,NODE_393_length_6507_cov_11.572257,gene:proph:176835,Serratia liquefaciens,Drugs,Elfamycins,EF-Tu_inhibition,TUFAB,NA,11.572257,37098032,141.86385453007318555334,2.19885
ERR14783424,NODE_10_length_336829_cov_212.811486,gene:proph:183147;gene:proph:183045;gene:plasmid:135980;gene:plasmid:135959;gene:proph:183051;gene:proph:162945;gene:proph:162956;gene:proph:183054;gene:vir:3400;gene:vir:3401;gene:proph:183057;gene:vir:3403;gene:proph:183059;gene:vir:3405;gene:vir:3406;gene:vir:3407;gene:proph:183063;gene:proph:183064;gene:vir:3410,Lactococcus lactis,Drugs,Multi-drug_resistance,Multi-drug_ABC_efflux_pumps,LMRD,HIA,212.811486,37098032,141.86385453007318555334,40.4364
ERR14783424,NODE_15_length_288917_cov_8.521531,gene:proph:183597,Enterobacter hormaechei,Multi-compound,Drug_and_biocide_resistance,Drug_and_biocide_RND_efflux_pumps,OQXA,Authorized for use in humans only ?,8.521531,37098032,141.86385453007318555334,1.61918
ERR14783424,NODE_15_length_288917_cov_8.521531,gene:proph:183597,Serratia liquefaciens,Multi-compound,Drug_and_biocide_resistance,Drug_and_biocide_RND_efflux_pumps,SDEY,0,8.521531,37098032,141.86385453007318555334,1.61918
ERR14783424,NODE_20_length_210268_cov_116.127329,gene:proph:184236;gene:proph:175955;gene:proph:184195;gene:proph:184194,Pseudomonas helleri,Biocides,Multi-biocide_resistance,Multi-biocide_RND_efflux_pump,EMHB,0,116.127329,37098032,141.86385453007318555334,22.0654
ERR14783424,NODE_20_length_210268_cov_116.127329,gene:proph:184236;gene:proph:175955;gene:proph:184195;gene:proph:184194,Pseudomonas helleri,Multi-compound,Drug_and_biocide_resistance,Drug_and_biocide_RND_efflux_pumps,EMHC,0,116.127329,37098032,141.86385453007318555334,22.0654
ERR14783424,NODE_20_length_210268_cov_116.127329,gene:proph:184236;gene:proph:175955;gene:proph:184195;gene:proph:184194,Pseudomonas helleri,Biocides,Peroxide_resistance,peroxide_resistance_protein,SODB,0,116.127329,37098032,141.86385453007318555334,22.0654
ERR14783425,NODE_787_length_4976_cov_125.002475,gene:plasmid:117290,Leuconostoc citreum,Drugs,MLS,Macrolide-resistant_23S_rRNA_mutation,MLS23S,CIA ?,125.002475,22502662,147.81234837904955422607,37.5815
ERR14783425,NODE_787_length_4976_cov_125.002475,gene:plasmid:117290,Leuconostoc mesenteroides,Drugs,Aminoglycosides,Aminoglycoside-resistant_16S_ribosomal_subunit_protein,A16S,CIA,125.002475,22502662,147.81234837904955422607,37.5815
ERR14783425,NODE_7_length_453917_cov_14.008722,gene:plasmid:123169;gene:plasmid:123170;gene:plasmid:123171;gene:plasmid:123173;gene:plasmid:123174;gene:plasmid:123175;gene:plasmid:123168,Citrobacter freundii,Multi-compound,Drug_and_biocide_resistance,Drug_and_biocide_MFS_efflux_pumps,EMRB,HPCIA,14.008722,22502662,147.81234837904955422607,4.21167
ERR14783425,NODE_7_length_453917_cov_14.008722,gene:plasmid:123169;gene:plasmid:123170;gene:plasmid:123171;gene:plasmid:123173;gene:plasmid:123174;gene:plasmid:123175;gene:plasmid:123168,Citrobacter freundii,Multi-compound,Drug_and_biocide_resistance,Drug_and_biocide_MFS_efflux_regulator,EMRR,HPCIA,14.008722,22502662,147.81234837904955422607,4.21167
ERR14783425,NODE_7_length_453917_cov_14.008722,gene:plasmid:123169;gene:plasmid:123170;gene:plasmid:123171;gene:plasmid:123173;gene:plasmid:123174;gene:plasmid:123175;gene:plasmid:123168,Citrobacter freundii,Biocides,Multi-biocide_resistance,Multi-biocide_resistance_regulator,RPOS,0,14.008722,22502662,147.81234837904955422607,4.21167
ERR14783425,NODE_7_length_453917_cov_14.008722,gene:plasmid:123169;gene:plasmid:123170;gene:plasmid:123171;gene:plasmid:123173;gene:plasmid:123174;gene:plasmid:123175;gene:plasmid:123168,Citrobacter freundii,Multi-compound,Biocide_and_metal_resistance,Biocide_and_metal_ABC_efflux_pumps,SITC,0,14.008722,22502662,147.81234837904955422607,4.21167
ERR14783425,NODE_158_length_32327_cov_18.986304,gene:plasmid:123887,Pseudomonas fragi,Drugs,Elfamycins,EF-Tu_inhibition,TUFAB,NA,18.986304,22502662,147.81234837904955422607,5.70816
ERR14783425,NODE_141_length_36595_cov_46.433613,gene:plasmid:123887,Pseudomonas lundensis,Drugs,Elfamycins,EF-Tu_inhibition,TUFAB,NA,46.433613,22502662,147.81234837904955422607,13.9601
ERR14783425,NODE_40_length_146495_cov_12.311742,gene:plasmid:134726;gene:plasmid:134726,Klebsiella grimontii,Multi-compound,Drug_and_biocide_and_metal_resistance,Drug_and_biocide_and_metal_RND_efflux_pumps,MDTB,Not medically important,12.311742,22502662,147.81234837904955422607,3.70148
ERR14783425,NODE_40_length_146495_cov_12.311742,gene:plasmid:134726;gene:plasmid:134726,Pantoea agglomerans,Multi-compound,Drug_and_biocide_and_metal_resistance,Drug_and_biocide_and_metal_RND_efflux_pumps,ACRD,CIA,12.311742,22502662,147.81234837904955422607,3.70148
ERR14783425,NODE_52_length_120682_cov_36.996732,gene:plasmid:135980,Lactococcus cremoris,Drugs,Multi-drug_resistance,Multi-drug_ABC_efflux_pumps,LMRD,HIA,36.996732,22502662,147.81234837904955422607,11.1229
ERR14783425,NODE_13_length_354117_cov_81.174533,gene:plasmid:139560;gene:plasmid:131185;gene:plasmid:85663,Acetobacter ghanensis,Drugs,MLS,Macrolide-resistant_23S_rRNA_mutation,MLS23S,CIA ?,81.174533,22502662,147.81234837904955422607,24.4048
ERR14783425,NODE_13_length_354117_cov_81.174533,gene:plasmid:139560;gene:plasmid:131185;gene:plasmid:85663,Acetobacter ghanensis,Drugs,Aminoglycosides,Aminoglycoside-resistant_16S_ribosomal_subunit_protein,A16S,CIA,81.174533,22502662,147.81234837904955422607,24.4048
ERR14783425,NODE_34_length_164873_cov_15.500231,gene:plasmid:141383,Citrobacter freundii,Drugs,betalactams,Class_C_betalactamases,CMY,Authorized for use in humans only ,15.500231,22502662,147.81234837904955422607,4.66008
ERR14783425,NODE_34_length_164873_cov_15.500231,gene:plasmid:141383,Citrobacter freundii,Drugs,betalactams,Class_C_betalactamases,CMY,Authorized for use in humans only ,15.500231,22502662,147.81234837904955422607,4.66008
ERR14783425,NODE_18_length_308381_cov_11.565482,gene:plasmid:155991;gene:plasmid:155983;gene:plasmid:156052;gene:proph:175223;gene:proph:163818,Citrobacter freundii,Drugs,Multi-drug_resistance,Multi-drug_ABC_efflux_pumps,MSBA,HIA,11.565482,22502662,147.81234837904955422607,3.47712
ERR14783425,NODE_18_length_308381_cov_11.565482,gene:plasmid:155991;gene:plasmid:155983;gene:plasmid:156052;gene:proph:175223;gene:proph:163818,Citrobacter freundii,Drugs,betalactams,Mutant_porin_proteins,OMPA,Authorized for use in humans only ?,11.565482,22502662,147.81234837904955422607,3.47712
ERR14783425,NODE_18_length_308381_cov_11.565482,gene:plasmid:155991;gene:plasmid:155983;gene:plasmid:156052;gene:proph:175223;gene:proph:163818,Citrobacter freundii,Drugs,betalactams,Mutant_porin_proteins,OMPFB,Authorized for use in humans only ,11.565482,22502662,147.81234837904955422607,3.47712
ERR14783425,NODE_18_length_308381_cov_11.565482,gene:plasmid:155991;gene:plasmid:155983;gene:plasmid:156052;gene:proph:175223;gene:proph:163818,Citrobacter freundii,Biocides,Phenolic_compound_resistance,Triclosan-resistant_mutation,FABG,0,11.565482,22502662,147.81234837904955422607,3.47712
ERR14783425,NODE_15_length_336309_cov_11.998638,gene:plasmid:24609,Citrobacter sp. S39,Multi-compound,Drug_and_biocide_resistance,Drug_and_biocide_MFS_efflux_pumps,MDFA,HIA,11.998638,22502662,147.81234837904955422607,3.60734
ERR14783425,NODE_31_length_173143_cov_15.270830,gene:plasmid:25641;gene:proph:170565;gene:proph:170564;gene:proph:170546;gene:proph:170559;gene:proph:170548;gene:proph:170549;gene:proph:170542;gene:proph:170541;gene:proph:170553;gene:proph:170560;gene:proph:184661,Citrobacter freundii,Drugs,Aminocoumarins,Aminocoumarin-resistant_DNA_topoisomerases,PARE,Not medically important,15.270830,22502662,147.81234837904955422607,4.59111
ERR14783425,NODE_31_length_173143_cov_15.270830,gene:plasmid:25641;gene:proph:170565;gene:proph:170564;gene:proph:170546;gene:proph:170559;gene:proph:170548;gene:proph:170549;gene:proph:170542;gene:proph:170541;gene:proph:170553;gene:proph:170560;gene:proph:184661,Citrobacter freundii,Drugs,Bacitracin,Undecaprenyl_pyrophosphate_phosphatase,BACA,IA,15.270830,22502662,147.81234837904955422607,4.59111
ERR14783425,NODE_31_length_173143_cov_15.270830,gene:plasmid:25641;gene:proph:170565;gene:proph:170564;gene:proph:170546;gene:proph:170559;gene:proph:170548;gene:proph:170549;gene:proph:170542;gene:proph:170541;gene:proph:170553;gene:proph:170560;gene:proph:184661,Citrobacter freundii,Drugs,Fluoroquinolones,Fluoroquinolone-resistant_DNA_topoisomerases,PARC,HPCIA,15.270830,22502662,147.81234837904955422607,4.59111
ERR14783425,NODE_31_length_173143_cov_15.270830,gene:plasmid:25641;gene:proph:170565;gene:proph:170564;gene:proph:170546;gene:proph:170559;gene:proph:170548;gene:proph:170549;gene:proph:170542;gene:proph:170541;gene:proph:170553;gene:proph:170560;gene:proph:184661,Citrobacter freundii,Biocides,Multi-biocide_resistance,Multi-biocide_RND_efflux_pump,TOLC,0,15.270830,22502662,147.81234837904955422607,4.59111
ERR14783425,NODE_12_length_358703_cov_11.942085,gene:plasmid:86179;gene:proph:161537,Citrobacter freundii,Multi-compound,Drug_and_biocide_resistance,Drug_and_biocide_MFS_efflux_pumps,BCR,Not medically important,11.942085,22502662,147.81234837904955422607,3.59034
ERR14783425,NODE_12_length_358703_cov_11.942085,gene:plasmid:86179;gene:proph:161537,Citrobacter freundii,Multi-compound,Drug_and_biocide_and_metal_resistance,Drug_and_biocide_and_metal_RND_efflux_pumps,MDTB,Not medically important,11.942085,22502662,147.81234837904955422607,3.59034
ERR14783425,NODE_12_length_358703_cov_11.942085,gene:plasmid:86179;gene:proph:161537,Citrobacter freundii,Multi-compound,Drug_and_biocide_and_metal_resistance,Drug_and_biocide_and_metal_RND_efflux_pumps,MDTC,Not medically important,11.942085,22502662,147.81234837904955422607,3.59034
ERR14783425,NODE_12_length_358703_cov_11.942085,gene:plasmid:86179;gene:proph:161537,Citrobacter freundii,Drugs,Fosfomycin,Fosfomycin_target_mutation,GLPT,HPCIA,11.942085,22502662,147.81234837904955422607,3.59034
ERR14783425,NODE_12_length_358703_cov_11.942085,gene:plasmid:86179;gene:proph:161537,Citrobacter freundii,Drugs,Fluoroquinolones,Fluoroquinolone-resistant_DNA_topoisomerases,GYRA,HPCIA,11.942085,22502662,147.81234837904955422607,3.59034
ERR14783425,NODE_12_length_358703_cov_11.942085,gene:plasmid:86179;gene:proph:161537,Citrobacter freundii,Multi-compound,Drug_and_biocide_and_metal_resistance,Drug_and_biocide_and_metal_RND_efflux_regulator,BAES,CIA,11.942085,22502662,147.81234837904955422607,3.59034
ERR14783425,NODE_12_length_358703_cov_11.942085,gene:plasmid:86179;gene:proph:161537,Citrobacter freundii,Drugs,betalactams,Mutant_porin_proteins,OMP36,Authorized for use in humans only,11.942085,22502662,147.81234837904955422607,3.59034
ERR14783425,NODE_11_length_361002_cov_42.664200,gene:plasmid:93474,Escherichia coli,Drugs,Aminocoumarins,Aminocoumarin-resistant_DNA_topoisomerases,PARE,Not medically important,42.664200,22502662,147.81234837904955422607,12.8268
ERR14783425,NODE_11_length_361002_cov_42.664200,gene:plasmid:93474,Escherichia coli,Drugs,Aminocoumarins,Aminocoumarin-resistant_DNA_topoisomerases,PARE,Not medically important,42.664200,22502662,147.81234837904955422607,12.8268
ERR14783425,NODE_11_length_361002_cov_42.664200,gene:plasmid:93474,Escherichia coli,Drugs,Fosfomycin,Fosfomycin_target_mutation,MURA,HPCIA,42.664200,22502662,147.81234837904955422607,12.8268
ERR14783425,NODE_11_length_361002_cov_42.664200,gene:plasmid:93474,Escherichia coli,Drugs,Fluoroquinolones,Fluoroquinolone-resistant_DNA_topoisomerases,PARC,HPCIA,42.664200,22502662,147.81234837904955422607,12.8268
ERR14783425,NODE_11_length_361002_cov_42.664200,gene:plasmid:93474,Escherichia coli,Biocides,Multi-biocide_resistance,Multi-biocide_RND_efflux_pump,TOLC,0,42.664200,22502662,147.81234837904955422607,12.8268
ERR14783425,NODE_2_length_786732_cov_37.675381,gene:proph:163818;gene:plasmid:123318;gene:vir:441;gene:proph:181135,Kluyvera cryocrescens,Drugs,betalactams,Penicillin_binding_protein,PBP2,HPCIA,37.675381,22502662,147.81234837904955422607,11.327
ERR14783425,NODE_2_length_786732_cov_37.675381,gene:proph:163818;gene:plasmid:123318;gene:vir:441;gene:proph:181135,Kluyvera cryocrescens,Multi-compound,Drug_and_biocide_resistance,Drug_and_biocide_RND_efflux_pumps,ACRB,Authorized for use in humans only ?,37.675381,22502662,147.81234837904955422607,11.327
ERR14783425,NODE_2_length_786732_cov_37.675381,gene:proph:163818;gene:plasmid:123318;gene:vir:441;gene:proph:181135,Kluyvera cryocrescens,Multi-compound,Drug_and_biocide_resistance,Drug_and_biocide_RND_efflux_pumps,ACRB,Authorized for use in humans only ?,37.675381,22502662,147.81234837904955422607,11.327
ERR14783425,NODE_2_length_786732_cov_37.675381,gene:proph:163818;gene:plasmid:123318;gene:vir:441;gene:proph:181135,Kluyvera cryocrescens,Drugs,betalactams,Mutant_porin_proteins,OMPA,Authorized for use in humans only ?,37.675381,22502662,147.81234837904955422607,11.327
ERR14783425,NODE_23_length_205682_cov_12.972290,gene:proph:170892,Citrobacter freundii,Drugs,betalactams,Penicillin_binding_protein,AMPH,HIA,12.972290,22502662,147.81234837904955422607,3.90007
ERR14783425,NODE_23_length_205682_cov_12.972290,gene:proph:170892,Citrobacter freundii,Multi-compound,Drug_and_biocide_resistance,Drug_and_biocide_RND_efflux_pumps,ACRA,Authorized for use in humans only ?,12.972290,22502662,147.81234837904955422607,3.90007
ERR14783425,NODE_23_length_205682_cov_12.972290,gene:proph:170892,Klebsiella grimontii,Multi-compound,Drug_and_biocide_resistance,Drug_and_biocide_RND_efflux_pumps,ACRA,Authorized for use in humans only ?,12.972290,22502662,147.81234837904955422607,3.90007
ERR14783425,NODE_23_length_205682_cov_12.972290,gene:proph:170892,Citrobacter freundii,Biocides,Multi-biocide_resistance,Multi-biocide_ABC_efflux_pump,SMDA,0,12.972290,22502662,147.81234837904955422607,3.90007
ERR14783425,NODE_1_length_967862_cov_32.920956,gene:proph:172517;gene:plasmid:88467;gene:plasmid:153880;gene:plasmid:112498;gene:plasmid:154014;gene:plasmid:22293;gene:vir:105410;gene:plasmid:117744;gene:proph:169464;gene:proph:169511;gene:proph:172522,Escherichia coli,Drugs,Multi-drug_resistance,Multi-drug_RND_efflux_pumps,HNS,Authorized for use in humans only ?,32.920956,22502662,147.81234837904955422607,9.89755
ERR14783425,NODE_1_length_967862_cov_32.920956,gene:proph:172517;gene:plasmid:88467;gene:plasmid:153880;gene:plasmid:112498;gene:plasmid:154014;gene:plasmid:22293;gene:vir:105410;gene:plasmid:117744;gene:proph:169464;gene:proph:169511;gene:proph:172522,Escherichia coli,Drugs,betalactams,Mutant_porin_proteins,OMP37,Authorized for use in humans only ?,32.920956,22502662,147.81234837904955422607,9.89755
ERR14783425,NODE_1_length_967862_cov_32.920956,gene:proph:172517;gene:plasmid:88467;gene:plasmid:153880;gene:plasmid:112498;gene:plasmid:154014;gene:plasmid:22293;gene:vir:105410;gene:plasmid:117744;gene:proph:169464;gene:proph:169511;gene:proph:172522,Escherichia coli,Biocides,Phenolic_compound_resistance,Phenolic_resistance_protein,FABI,0,32.920956,22502662,147.81234837904955422607,9.89755
ERR14783425,NODE_1_length_967862_cov_32.920956,gene:proph:172517;gene:plasmid:88467;gene:plasmid:153880;gene:plasmid:112498;gene:plasmid:154014;gene:plasmid:22293;gene:vir:105410;gene:plasmid:117744;gene:proph:169464;gene:proph:169511;gene:proph:172522,Escherichia coli,Biocides,Multi-biocide_resistance,Multi-biocide_MFS_efflux_pump,SMVA,0,32.920956,22502662,147.81234837904955422607,9.89755
ERR14783425,NODE_17_length_323170_cov_44.788239,gene:proph:173746;gene:proph:183000,Kluyvera cryocrescens,Biocides,Acetate_resistance,Acetate_resistance_protein,ICLR,0,44.788239,22502662,147.81234837904955422607,13.4654
ERR14783425,NODE_9_length_451037_cov_11.021270,gene:proph:175311;gene:proph:169502;gene:proph:179464;gene:proph:173446;gene:proph:161622;gene:proph:161623;gene:proph:161624;gene:proph:161626;gene:proph:173413;gene:proph:161537;gene:proph:164865;gene:proph:175130;gene:proph:169503,Citrobacter freundii,Drugs,Fluoroquinolones,Quinolone_resistance_protein_Qnr,QNRB,HPCIA,11.021270,22502662,147.81234837904955422607,3.3135
ERR14783425,NODE_9_length_451037_cov_11.021270,gene:proph:175311;gene:proph:169502;gene:proph:179464;gene:proph:173446;gene:proph:161622;gene:proph:161623;gene:proph:161624;gene:proph:161626;gene:proph:173413;gene:proph:161537;gene:proph:164865;gene:proph:175130;gene:proph:169503,Citrobacter freundii,Drugs,Multi-drug_resistance,Multi-drug_RND_efflux_pumps,HNS,Authorized for use in humans only ?,11.021270,22502662,147.81234837904955422607,3.3135
ERR14783425,NODE_9_length_451037_cov_11.021270,gene:proph:175311;gene:proph:169502;gene:proph:179464;gene:proph:173446;gene:proph:161622;gene:proph:161623;gene:proph:161624;gene:proph:161626;gene:proph:173413;gene:proph:161537;gene:proph:164865;gene:proph:175130;gene:proph:169503,Citrobacter freundii,Biocides,Paraquat_resistance,Paraquat_resistance_protein,NMPC,0,11.021270,22502662,147.81234837904955422607,3.3135
ERR14783425,NODE_29_length_174557_cov_15.556349,gene:proph:184661;gene:proph:184659;gene:proph:163818,Citrobacter freundii,Drugs,Fosfomycin,Fosfomycin_target_mutation,MURA,HPCIA,15.556349,22502662,147.81234837904955422607,4.67695
ERR14783425,NODE_3_length_707137_cov_36.212510,gene:vir:103532;gene:plasmid:93399;gene:proph:179244;gene:proph:183597;gene:plasmid:134726;gene:plasmid:134726;gene:plasmid:14231;gene:proph:179307;gene:vir:441;gene:vir:194;gene:proph:179327;gene:proph:179377,Escherichia coli,Multi-compound,Drug_and_biocide_and_metal_resistance,Drug_and_biocide_and_metal_RND_efflux_pumps,MDTB,Not medically important,36.212510,22502662,147.81234837904955422607,10.8871
ERR14783425,NODE_3_length_707137_cov_36.212510,gene:vir:103532;gene:plasmid:93399;gene:proph:179244;gene:proph:183597;gene:plasmid:134726;gene:plasmid:134726;gene:plasmid:14231;gene:proph:179307;gene:vir:441;gene:vir:194;gene:proph:179327;gene:proph:179377,Escherichia coli,Multi-compound,Drug_and_biocide_and_metal_resistance,Drug_and_biocide_and_metal_RND_efflux_pumps,MDTC,Not medically important,36.212510,22502662,147.81234837904955422607,10.8871
ERR14783425,NODE_3_length_707137_cov_36.212510,gene:vir:103532;gene:plasmid:93399;gene:proph:179244;gene:proph:183597;gene:plasmid:134726;gene:plasmid:134726;gene:plasmid:14231;gene:proph:179307;gene:vir:441;gene:vir:194;gene:proph:179327;gene:proph:179377,Escherichia coli,Drugs,Fluoroquinolones,Fluoroquinolone-resistant_DNA_topoisomerases,GYRA,HPCIA,36.212510,22502662,147.81234837904955422607,10.8871
ERR14783425,NODE_3_length_707137_cov_36.212510,gene:vir:103532;gene:plasmid:93399;gene:proph:179244;gene:proph:183597;gene:plasmid:134726;gene:plasmid:134726;gene:plasmid:14231;gene:proph:179307;gene:vir:441;gene:vir:194;gene:proph:179327;gene:proph:179377,Escherichia coli,Drugs,Fosfomycin,Fosfomycin_target_mutation,PTSL,HPCIA,36.212510,22502662,147.81234837904955422607,10.8871
ERR14783425,NODE_3_length_707137_cov_36.212510,gene:vir:103532;gene:plasmid:93399;gene:proph:179244;gene:proph:183597;gene:plasmid:134726;gene:plasmid:134726;gene:plasmid:14231;gene:proph:179307;gene:vir:441;gene:vir:194;gene:proph:179327;gene:proph:179377,Escherichia coli,Multi-compound,Drug_and_biocide_and_metal_resistance,Drug_and_biocide_and_metal_RND_efflux_pumps,ACRD,CIA,36.212510,22502662,147.81234837904955422607,10.8871
ERR14783425,NODE_3_length_707137_cov_36.212510,gene:vir:103532;gene:plasmid:93399;gene:proph:179244;gene:proph:183597;gene:plasmid:134726;gene:plasmid:134726;gene:plasmid:14231;gene:proph:179307;gene:vir:441;gene:vir:194;gene:proph:179327;gene:proph:179377,Escherichia coli,Multi-compound,Drug_and_biocide_and_metal_resistance,Drug_and_biocide_and_metal_RND_efflux_regulator,BAER,CIA,36.212510,22502662,147.81234837904955422607,10.8871
ERR14783425,NODE_3_length_707137_cov_36.212510,gene:vir:103532;gene:plasmid:93399;gene:proph:179244;gene:proph:183597;gene:plasmid:134726;gene:plasmid:134726;gene:plasmid:14231;gene:proph:179307;gene:vir:441;gene:vir:194;gene:proph:179327;gene:proph:179377,Escherichia coli,Drugs,betalactams,Class_A_betalactamases,CTX,Authorized for use in humans only ,36.212510,22502662,147.81234837904955422607,10.8871
ERR14783425,NODE_3_length_707137_cov_36.212510,gene:vir:103532;gene:plasmid:93399;gene:proph:179244;gene:proph:183597;gene:plasmid:134726;gene:plasmid:134726;gene:plasmid:14231;gene:proph:179307;gene:vir:441;gene:vir:194;gene:proph:179327;gene:proph:179377,Escherichia coli,Drugs,betalactams,Mutant_porin_proteins,OMP36,Authorized for use in humans only,36.212510,22502662,147.81234837904955422607,10.8871
ERR14783426,NODE_380_length_5592_cov_50.748399,gene:plasmid:139560;gene:plasmid:131185,Acetobacter ghanensis,Drugs,MLS,Macrolide-resistant_23S_rRNA_mutation,MLS23S,CIA ?,50.748399,2141324,138.83247093854082801108,170.706
ERR14783426,NODE_380_length_5592_cov_50.748399,gene:plasmid:139560;gene:plasmid:131185,Acetobacter ghanensis,Drugs,Aminoglycosides,Aminoglycoside-resistant_16S_ribosomal_subunit_protein,A16S,CIA,50.748399,2141324,138.83247093854082801108,170.706
ERR14783427,NODE_1_length_357101_cov_38.871467,gene:proph:183147;gene:proph:183045;gene:plasmid:135980;gene:plasmid:135959;gene:proph:183051;gene:proph:162945;gene:proph:162956;gene:proph:183054;gene:vir:3400;gene:proph:183056;gene:proph:183057;gene:vir:3403;gene:vir:3404;gene:proph:183060;gene:vir:3406;gene:vir:3407;gene:vir:3408;gene:proph:183064;gene:proph:183065;gene:proph:163007,Lactococcus lactis,Drugs,Multi-drug_resistance,Multi-drug_ABC_efflux_pumps,LMRD,HIA,38.871467,2945983,139.63708310604643679206,94.4931
ERR14783429,NODE_240_length_5592_cov_9.815919,gene:plasmid:139560;gene:plasmid:131376,Acetobacter ghanensis,Drugs,MLS,Macrolide-resistant_23S_rRNA_mutation,MLS23S,CIA ?,9.815919,3122098,132.16781568035340338451,23.788
ERR14783429,NODE_240_length_5592_cov_9.815919,gene:plasmid:139560;gene:plasmid:131376,Acetobacter ghanensis,Drugs,Aminoglycosides,Aminoglycoside-resistant_16S_ribosomal_subunit_protein,A16S,CIA,9.815919,3122098,132.16781568035340338451,23.788
ERR14783429,NODE_6_length_192057_cov_12.131595,gene:vir:94765;gene:vir:3390;gene:plasmid:135980;gene:plasmid:135959;gene:proph:183051;gene:proph:162945;gene:proph:183053;gene:vir:3399;gene:proph:183055;gene:vir:3401;gene:proph:183058;gene:proph:183059;gene:proph:183061;gene:vir:3407;gene:vir:3408;gene:vir:3409;gene:vir:3410,Lactococcus lactis,Drugs,Multi-drug_resistance,Multi-drug_ABC_efflux_pumps,LMRD,HIA,12.131595,3122098,132.16781568035340338451,29.3999
ERR14783433,NODE_102_length_34464_cov_3.133093,gene:plasmid:123887,Pseudomonas saxonica,Drugs,Elfamycins,EF-Tu_inhibition,TUFAB,NA,3.133093,1862451,136.91206748526538416312,12.287
ERR14783433,NODE_34_length_91225_cov_2.315583,gene:plasmid:124311,Klebsiella grimontii,Multi-compound,Drug_and_biocide_resistance,Drug_and_biocide_MFS_efflux_pumps,KDEA,0,2.315583,1862451,136.91206748526538416312,9.081
ERR14783433,NODE_37_length_83375_cov_2.134754,gene:plasmid:125744,Citrobacter freundii,Drugs,Multi-drug_resistance,Multi-drug_ABC_efflux_pumps,MSBA,HIA,2.134754,1862451,136.91206748526538416312,8.37185
ERR14783433,NODE_3_length_209386_cov_2.473920,gene:plasmid:134726,Klebsiella grimontii,Drugs,Fluoroquinolones,Fluoroquinolone-resistant_DNA_topoisomerases,GYRA,HPCIA,2.473920,1862451,136.91206748526538416312,9.70195
ERR14783433,NODE_3_length_209386_cov_2.473920,gene:plasmid:134726,Klebsiella grimontii,Drugs,betalactams,Mutant_porin_proteins,OMPK36,Authorized for use in humans only ?,2.473920,1862451,136.91206748526538416312,9.70195
ERR14783433,NODE_31_length_99205_cov_2.282384,gene:proph:163818,Lelliottia amnigena,Drugs,betalactams,Mutant_porin_proteins,OMPA,Authorized for use in humans only ?,2.282384,1862451,136.91206748526538416312,8.95081
ERR14783433,NODE_31_length_99205_cov_2.282384,gene:proph:163818,Hafnia paralvei,Drugs,betalactams,Mutant_porin_proteins,OMP36,Authorized for use in humans only,2.282384,1862451,136.91206748526538416312,8.95081
ERR14783433,NODE_12_length_164520_cov_2.561399,gene:proph:163979,Klebsiella grimontii,Drugs,Fosfomycin,Fosfomycin_target_mutation,PTSL,HPCIA,2.561399,1862451,136.91206748526538416312,10.045
ERR14783433,NODE_12_length_164520_cov_2.561399,gene:proph:163979,Klebsiella grimontii,Multi-compound,Drug_and_biocide_and_metal_resistance,Drug_and_biocide_and_metal_RND_efflux_pumps,ACRD,CIA,2.561399,1862451,136.91206748526538416312,10.045
ERR14783433,NODE_2_length_226465_cov_2.710583,gene:proph:170892,Klebsiella grimontii,Drugs,betalactams,Penicillin_binding_protein,AMPH,HIA,2.710583,1862451,136.91206748526538416312,10.6301
ERR14783433,NODE_2_length_226465_cov_2.710583,gene:proph:170892,Klebsiella grimontii,Multi-compound,Drug_and_biocide_resistance,Drug_and_biocide_RND_efflux_pumps,ACRA,Authorized for use in humans only ?,2.710583,1862451,136.91206748526538416312,10.6301
ERR14783433,NODE_2_length_226465_cov_2.710583,gene:proph:170892,Klebsiella grimontii,Multi-compound,Drug_and_biocide_resistance,Drug_and_biocide_RND_efflux_pumps,SDEY,0,2.710583,1862451,136.91206748526538416312,10.6301
ERR14783433,NODE_2_length_226465_cov_2.710583,gene:proph:170892,Klebsiella grimontii,Biocides,Multi-biocide_resistance,Multi-biocide_ABC_efflux_pump,SMDA,0,2.710583,1862451,136.91206748526538416312,10.6301
ERR14783433,NODE_28_length_102723_cov_2.094068,gene:proph:172517;gene:plasmid:156052;gene:proph:169464;gene:proph:169512,Klebsiella grimontii,Multi-compound,Drug_and_biocide_resistance,Drug_and_biocide_ABC_efflux_regulator,PHOB,0,2.094068,1862451,136.91206748526538416312,8.21229
ERR14783433,NODE_28_length_102723_cov_2.094068,gene:proph:172517;gene:plasmid:156052;gene:proph:169464;gene:proph:169512,Klebsiella grimontii,Multi-compound,Drug_and_biocide_resistance,Drug_and_biocide_SMR_efflux_regulator,PHOR,0,2.094068,1862451,136.91206748526538416312,8.21229
ERR14783433,NODE_4_length_198210_cov_2.714140,ICEberg|404|Tn5301|GenBank|S54034|1..515;gene:plasmid:135980;gene:plasmid:135959,Lactococcus cremoris,Drugs,Multi-drug_resistance,Multi-drug_ABC_efflux_pumps,LMRD,HIA,2.714140,1862451,136.91206748526538416312,10.644
ERR14783434,NODE_3_length_293868_cov_3.314999,gene:plasmid:120653,Leuconostoc mesenteroides,Drugs,Elfamycins,EF-Tu_inhibition,TUFAB,NA,3.314999,2124684,136.25141432796594693610,11.4511
ERR14783434,NODE_257_length_5534_cov_15.340115,gene:plasmid:139560,Leuconostoc mesenteroides,Drugs,Aminoglycosides,Aminoglycoside-resistant_16S_ribosomal_subunit_protein,A16S,CIA,15.340115,2124684,136.25141432796594693610,52.9899
ERR14783434,NODE_257_length_5534_cov_15.340115,gene:plasmid:139560,Leuconostoc mesenteroides,Drugs,Oxazolidinone,Oxazolidinone-resistant_23S_rRNA_mutation,O23S,Authorized for use in humans only,15.340115,2124684,136.25141432796594693610,52.9899
ERR14783434,NODE_254_length_5592_cov_8.591583,gene:plasmid:139560;gene:plasmid:131185,Acetobacter ghanensis,Drugs,MLS,Macrolide-resistant_23S_rRNA_mutation,MLS23S,CIA ?,8.591583,2124684,136.25141432796594693610,29.6782
ERR14783434,NODE_254_length_5592_cov_8.591583,gene:plasmid:139560;gene:plasmid:131185,Acetobacter ghanensis,Drugs,Aminoglycosides,Aminoglycoside-resistant_16S_ribosomal_subunit_protein,A16S,CIA,8.591583,2124684,136.25141432796594693610,29.6782
ERR14783434,NODE_2_length_296074_cov_19.075067,ICEberg|404|Tn5301|GenBank|S54034|1..515;gene:plasmid:135980;gene:plasmid:135959,Lactococcus cremoris,Drugs,Multi-drug_resistance,Multi-drug_ABC_efflux_pumps,LMRD,HIA,19.075067,2124684,136.25141432796594693610,65.8917
ERR14783439,NODE_348_length_25012_cov_1.276753,gene:plasmid:123887,Lelliottia amnigena,Drugs,Rifampin,Rifampin-resistant_beta-subunit_of_RNA_polymerase_RpoB,RPOB,CIA,1.276753,17618301,132.08745871693303457580,0.548632
ERR14783439,NODE_1686_length_3538_cov_26.089123,gene:plasmid:139560,Acetobacter ghanensis,Drugs,Aminoglycosides,Aminoglycoside-resistant_16S_ribosomal_subunit_protein,A16S,CIA,26.089123,17618301,132.08745871693303457580,11.2107
ERR14783439,NODE_2598_length_2266_cov_3.363721,gene:proph:176833,Acinetobacter sp. MYb10,Drugs,Elfamycins,EF-Tu_inhibition,TUFAB,NA,3.363721,17618301,132.08745871693303457580,1.44542
ERR14783439,NODE_240_length_40874_cov_61.538616,gene:vir:723,Lactococcus formosensis,Drugs,Elfamycins,EF-Tu_inhibition,TUFAB,NA,61.538616,17618301,132.08745871693303457580,26.4437
ERR14783440,NODE_553_length_5299_cov_100.938515,gene:plasmid:131182,Leuconostoc falkenbergense,Drugs,Aminoglycosides,Aminoglycoside-resistant_16S_ribosomal_subunit_protein,A16S,CIA,100.938515,21743722,144.69170678322690107976,32.0833
ERR14783440,NODE_553_length_5299_cov_100.938515,gene:plasmid:131182,Leuconostoc falkenbergense,Drugs,Oxazolidinone,Oxazolidinone-resistant_23S_rRNA_mutation,O23S,Authorized for use in humans only,100.938515,21743722,144.69170678322690107976,32.0833
ERR14783440,NODE_526_length_5592_cov_24.298262,gene:plasmid:139560;gene:plasmid:117293,Acetobacter ghanensis,Drugs,MLS,Macrolide-resistant_23S_rRNA_mutation,MLS23S,CIA ?,24.298262,21743722,144.69170678322690107976,7.72321
ERR14783440,NODE_526_length_5592_cov_24.298262,gene:plasmid:139560;gene:plasmid:117293,Acetobacter ghanensis,Drugs,Aminoglycosides,Aminoglycoside-resistant_16S_ribosomal_subunit_protein,A16S,CIA,24.298262,21743722,144.69170678322690107976,7.72321
ERR14783440,NODE_3_length_490333_cov_259.334007,ICEberg|404|Tn5301|GenBank|S54034|1..515;gene:plasmid:135980;gene:plasmid:135959,Lactococcus cremoris,Drugs,Multi-drug_resistance,Multi-drug_ABC_efflux_pumps,LMRD,HIA,259.334007,21743722,144.69170678322690107976,82.4294
ERR14783442,NODE_18_length_14397_cov_2.576454,gene:plasmid:139560;gene:plasmid:131376,Acetobacter ghanensis,Drugs,MLS,Macrolide-resistant_23S_rRNA_mutation,MLS23S,CIA ?,2.576454,248540,136.52421340629274965800,75.9305
ERR14783442,NODE_18_length_14397_cov_2.576454,gene:plasmid:139560;gene:plasmid:131376,Acetobacter ghanensis,Drugs,Aminoglycosides,Aminoglycoside-resistant_16S_ribosomal_subunit_protein,A16S,CIA,2.576454,248540,136.52421340629274965800,75.9305
ERR14783446,NODE_11_length_135308_cov_3.589543,gene:plasmid:121597;gene:plasmid:146728,Pseudomonas sp. ML2-2023-3,Drugs,Cationic_antimicrobial_peptides,Polymyxin_B_resistance_regulator,ARNA,HPCIA,3.589543,1632189,137.20854570150883261681,16.0283
ERR14783446,NODE_92_length_24911_cov_5.047329,gene:plasmid:123887,Pseudomonas fragi,Drugs,Rifampin,Rifampin-resistant_beta-subunit_of_RNA_polymerase_RpoB,RPOB,CIA,5.047329,1632189,137.20854570150883261681,22.5377
ERR14783446,NODE_92_length_24911_cov_5.047329,gene:plasmid:123887,Serratia liquefaciens,Drugs,Rifampin,Rifampin-resistant_beta-subunit_of_RNA_polymerase_RpoB,RPOB,CIA,5.047329,1632189,137.20854570150883261681,22.5377
ERR14783446,NODE_10_length_136195_cov_5.280147,gene:plasmid:130030,Pseudomonas sp. Lz4W,Multi-compound,Biocide_and_metal_resistance,Biocide_and_metal_resistance_protein,RUVB,0,5.280147,1632189,137.20854570150883261681,23.5773
ERR14783446,NODE_996_length_3709_cov_3.064489,gene:plasmid:134731,Leclercia adecarboxylata,Drugs,MLS,Macrolide-resistant_23S_rRNA_mutation,MLS23S,CIA ?,3.064489,1632189,137.20854570150883261681,13.6838
ERR14783446,NODE_95_length_24165_cov_2.769324,gene:plasmid:139560;gene:plasmid:117293,Acetobacter orientalis,Drugs,MLS,Macrolide-resistant_23S_rRNA_mutation,MLS23S,CIA ?,2.769324,1632189,137.20854570150883261681,12.3658
ERR14783446,NODE_95_length_24165_cov_2.769324,gene:plasmid:139560;gene:plasmid:117293,Croceicoccus sp. Ery5,Drugs,Aminoglycosides,Aminoglycoside-resistant_16S_ribosomal_subunit_protein,A16S,CIA,2.769324,1632189,137.20854570150883261681,12.3658
ERR14783446,NODE_2_length_189908_cov_4.327825,gene:proph:175953;gene:proph:184194;gene:proph:184236;gene:plasmid:154774,Pseudomonas versuta,Biocides,Multi-biocide_resistance,Multi-biocide_RND_efflux_pump,EMHB,0,4.327825,1632189,137.20854570150883261681,19.3249
ERR14783446,NODE_2_length_189908_cov_4.327825,gene:proph:175953;gene:proph:184194;gene:proph:184236;gene:plasmid:154774,Pseudomonas versuta,Multi-compound,Drug_and_biocide_resistance,Drug_and_biocide_RND_efflux_pumps,EMHC,0,4.327825,1632189,137.20854570150883261681,19.3249
ERR14783446,NODE_2_length_189908_cov_4.327825,gene:proph:175953;gene:proph:184194;gene:proph:184236;gene:plasmid:154774,Pseudomonas versuta,Biocides,Peroxide_resistance,peroxide_resistance_protein,SODB,0,4.327825,1632189,137.20854570150883261681,19.3249
ERR14783446,NODE_3341_length_1523_cov_0.810172,gene:proph:176835,Leclercia adecarboxylata,Drugs,Elfamycins,EF-Tu_inhibition,TUFAB,NA,0.810172,1632189,137.20854570150883261681,3.61764
ERR14783454,NODE_6_length_194754_cov_42.208738,gene:vir:3412;gene:vir:94765;gene:proph:183045;gene:plasmid:135980;gene:plasmid:135959;gene:proph:183051;gene:proph:162945;gene:proph:183053;gene:proph:183054;gene:vir:3400;gene:vir:3401;gene:vir:3403;gene:vir:3404;gene:vir:3406;gene:vir:3407;gene:proph:183063;gene:proph:183064;gene:vir:3410,Lactococcus lactis,Drugs,Multi-drug_resistance,Multi-drug_ABC_efflux_pumps,LMRD,HIA,42.208738,3255567,140.00718246621863411196,92.6031
ERR14783455,NODE_4_length_220695_cov_460.711558,gene:vir:3412;gene:vir:94765;gene:proph:183066;gene:plasmid:135980;gene:plasmid:135959;gene:proph:183051;gene:proph:162945;gene:vir:3398;gene:proph:183054;gene:proph:183055;gene:proph:183056;gene:vir:3403;gene:vir:3404;gene:proph:183061;gene:vir:3407;gene:proph:183063;gene:proph:183064;gene:proph:183065;gene:vir:3412;gene:vir:3413;gene:proph:183069;gene:proph:183070;gene:proph:183066,Lactococcus lactis,Drugs,Multi-drug_resistance,Multi-drug_ABC_efflux_pumps,LMRD,HIA,460.711558,30372733,148.03989601462601340485,102.463
ERR14783456,NODE_171_length_3631_cov_2.057648,gene:plasmid:139560,Leuconostoc mesenteroides,Drugs,Aminoglycosides,Aminoglycoside-resistant_16S_ribosomal_subunit_protein,A16S,CIA,2.057648,3230557,139.20601215208399046975,4.57547
ERR14783456,NODE_5_length_194754_cov_36.879529,gene:proph:183067;gene:vir:94765;gene:vir:3390;gene:plasmid:135980;gene:plasmid:135959;gene:vir:3396;gene:proph:162945;gene:proph:183053;gene:proph:183054;gene:vir:3400;gene:proph:183056;gene:vir:3403;gene:vir:3404;gene:vir:3406;gene:vir:3407;gene:proph:183063;gene:proph:183064;gene:proph:183065,Lactococcus lactis,Drugs,Multi-drug_resistance,Multi-drug_ABC_efflux_pumps,LMRD,HIA,36.879529,3230557,139.20601215208399046975,82.0068
ERR14783459,NODE_2232_length_5531_cov_16.210585,gene:plasmid:131182,Leuconostoc citreum,Drugs,MLS,Macrolide-resistant_23S_rRNA_mutation,MLS23S,CIA ?,16.210585,49052493,142.17474695934414587246,2.32442
ERR14783459,NODE_2232_length_5531_cov_16.210585,gene:plasmid:131182,Leuconostoc mesenteroides,Drugs,Aminoglycosides,Aminoglycoside-resistant_16S_ribosomal_subunit_protein,A16S,CIA,16.210585,49052493,142.17474695934414587246,2.32442
ERR14783459,NODE_2188_length_5592_cov_22.623422,gene:plasmid:139560;gene:plasmid:131185,Acetobacter ghanensis,Drugs,MLS,Macrolide-resistant_23S_rRNA_mutation,MLS23S,CIA ?,22.623422,49052493,142.17474695934414587246,3.24395
ERR14783459,NODE_2188_length_5592_cov_22.623422,gene:plasmid:139560;gene:plasmid:131185,Acetobacter ghanensis,Drugs,Aminoglycosides,Aminoglycoside-resistant_16S_ribosomal_subunit_protein,A16S,CIA,22.623422,49052493,142.17474695934414587246,3.24395
ERR14783459,NODE_2_length_415032_cov_3.191543,gene:vir:1043;gene:vir:1042;ICEberg|404|Tn5301|GenBank|S54034|1..515;gene:plasmid:135980;gene:plasmid:135959,Lactococcus cremoris,Drugs,Multi-drug_resistance,Multi-drug_ABC_efflux_pumps,LMRD,HIA,3.191543,49052493,142.17474695934414587246,0.457633
ERR14783460,NODE_371_length_4726_cov_2.848663,gene:plasmid:139560,Leuconostoc mesenteroides,Drugs,Aminoglycosides,Aminoglycoside-resistant_16S_ribosomal_subunit_protein,A16S,CIA,2.848663,2044843,139.71371298432202374461,9.97108
ERR14783464,NODE_59_length_60983_cov_2.819706,gene:plasmid:117704;gene:plasmid:117783,Kluyvera cryocrescens,Biocides,Multi-biocide_resistance,Multi-biocide_resistance_regulator,RPOS,0,2.819706,2869603,137.12539260657310436321,7.16579
ERR14783464,NODE_23_length_132018_cov_2.497244,gene:plasmid:119712,Kluyvera cryocrescens,Drugs,Fluoroquinolones,Fluoroquinolone-resistant_DNA_topoisomerases,GYRA,HPCIA,2.497244,2869603,137.12539260657310436321,6.34631
ERR14783464,NODE_23_length_132018_cov_2.497244,gene:plasmid:119712,Kluyvera cryocrescens,Drugs,betalactams,Mutant_porin_proteins,OMP36,Authorized for use in humans only,2.497244,2869603,137.12539260657310436321,6.34631
ERR14783464,NODE_40_length_76138_cov_11.593980,gene:plasmid:123887;gene:plasmid:139212,Pseudomonas bubulae,Drugs,Elfamycins,EF-Tu_inhibition,TUFAB,NA,11.593980,2869603,137.12539260657310436321,29.4641
ERR14783464,NODE_40_length_76138_cov_11.593980,gene:plasmid:123887;gene:plasmid:139212,Pseudomonas bubulae,Drugs,Rifampin,Rifampin-resistant_beta-subunit_of_RNA_polymerase_RpoB,RPOB,CIA,11.593980,2869603,137.12539260657310436321,29.4641
ERR14783464,NODE_46_length_71077_cov_2.690049,gene:plasmid:134726;gene:plasmid:134726;gene:proph:173847;gene:plasmid:14231,Escherichia coli,Drugs,betalactams,Class_A_betalactamases,CTX,Authorized for use in humans only ,2.690049,2869603,137.12539260657310436321,6.83629
ERR14783464,NODE_2_length_477869_cov_11.074015,gene:plasmid:22061;gene:plasmid:27818;gene:plasmid:125744;gene:plasmid:20845,Pseudomonas bubulae,Drugs,Aminocoumarins,Aminocoumarin-resistant_DNA_topoisomerases,PARE,Not medically important,11.074015,2869603,137.12539260657310436321,28.1427
ERR14783464,NODE_2_length_477869_cov_11.074015,gene:plasmid:22061;gene:plasmid:27818;gene:plasmid:125744;gene:plasmid:20845,Pseudomonas bubulae,Drugs,Fluoroquinolones,Fluoroquinolone-resistant_DNA_topoisomerases,PARC,HPCIA,11.074015,2869603,137.12539260657310436321,28.1427
ERR14783464,NODE_2_length_477869_cov_11.074015,gene:plasmid:22061;gene:plasmid:27818;gene:plasmid:125744;gene:plasmid:20845,Pseudomonas bubulae,Multi-compound,Biocide_and_metal_resistance,Biocide_and_metal_resistance_protein,RUVB,0,11.074015,2869603,137.12539260657310436321,28.1427
ERR14783464,NODE_1_length_560046_cov_3.439385,gene:plasmid:88446;gene:plasmid:123887,Kluyvera cryocrescens,Drugs,Aminocoumarins,Aminocoumarin-resistant_DNA_topoisomerases,GYRBA,Not medically important,3.439385,2869603,137.12539260657310436321,8.7406
ERR14783464,NODE_1_length_560046_cov_3.439385,gene:plasmid:88446;gene:plasmid:123887,Kluyvera cryocrescens,Drugs,Elfamycins,EF-Tu_inhibition,TUFAB,NA,3.439385,2869603,137.12539260657310436321,8.7406
ERR14783464,NODE_1_length_560046_cov_3.439385,gene:plasmid:88446;gene:plasmid:123887,Kluyvera cryocrescens,Drugs,Fosfomycin,Fosfomycin_target_mutation,UHPT,HPCIA,3.439385,2869603,137.12539260657310436321,8.7406
ERR14783464,NODE_1_length_560046_cov_3.439385,gene:plasmid:88446;gene:plasmid:123887,Kluyvera cryocrescens,Drugs,Rifampin,Rifampin-resistant_beta-subunit_of_RNA_polymerase_RpoB,RPOB,CIA,3.439385,2869603,137.12539260657310436321,8.7406
ERR14783464,NODE_1_length_560046_cov_3.439385,gene:plasmid:88446;gene:plasmid:123887,Kluyvera cryocrescens,Drugs,Aminoglycosides,Aminoglycoside-resistant_16S_ribosomal_subunit_protein,RPSL,CIA,3.439385,2869603,137.12539260657310436321,8.7406
ERR14783464,NODE_1_length_560046_cov_3.439385,gene:plasmid:88446;gene:plasmid:123887,Kluyvera cryocrescens,Multi-compound,Drug_and_biocide_resistance,Drug_and_biocide_RND_efflux_regulator,CRP,Authorized for use in humans only ,3.439385,2869603,137.12539260657310436321,8.7406
ERR14783464,NODE_1_length_560046_cov_3.439385,gene:plasmid:88446;gene:plasmid:123887,Kluyvera cryocrescens,Multi-compound,Biocide_and_metal_resistance,Biocide_and_metal_resistance_protein,GLPF,0,3.439385,2869603,137.12539260657310436321,8.7406
ERR14783464,NODE_31_length_102046_cov_3.264151,gene:plasmid:93474,Escherichia coli,Drugs,Fluoroquinolones,Fluoroquinolone-resistant_DNA_topoisomerases,PARC,HPCIA,3.264151,2869603,137.12539260657310436321,8.29527
ERR14783464,NODE_31_length_102046_cov_3.264151,gene:plasmid:93474,Escherichia coli,Multi-compound,Drug_and_biocide_resistance,Drug_and_biocide_RND_efflux_pumps,ACRF,Authorized for use in humans only ?,3.264151,2869603,137.12539260657310436321,8.29527
ERR14783464,NODE_31_length_102046_cov_3.264151,gene:plasmid:93474,Escherichia coli,Biocides,Multi-biocide_resistance,Multi-biocide_RND_efflux_pump,TOLC,0,3.264151,2869603,137.12539260657310436321,8.29527
ERR14783464,NODE_36_length_91250_cov_2.408898,gene:proph:163818,Klebsiella grimontii,Drugs,betalactams,Mutant_porin_proteins,OMPA,Authorized for use in humans only ?,2.408898,2869603,137.12539260657310436321,6.12179
ERR14783464,NODE_8_length_209043_cov_8.362438,gene:proph:173746;gene:plasmid:26360;gene:proph:169464,Pseudomonas fragi,Drugs,Fluoroquinolones,Fluoroquinolone-resistant_DNA_topoisomerases,GYRA,HPCIA,8.362438,2869603,137.12539260657310436321,21.2517
ERR14783464,NODE_5_length_248585_cov_9.225720,gene:proph:184236;gene:proph:175955;gene:proph:175950;gene:proph:175953;gene:proph:175954;gene:proph:184195;gene:proph:184194;gene:plasmid:21134,Pseudomonas fragi,Biocides,Multi-biocide_resistance,Multi-biocide_RND_efflux_pump,EMHB,0,9.225720,2869603,137.12539260657310436321,23.4456
ERR14783464,NODE_5_length_248585_cov_9.225720,gene:proph:184236;gene:proph:175955;gene:proph:175950;gene:proph:175953;gene:proph:175954;gene:proph:184195;gene:proph:184194;gene:plasmid:21134,Pseudomonas fragi,Multi-compound,Drug_and_biocide_resistance,Drug_and_biocide_RND_efflux_pumps,EMHC,0,9.225720,2869603,137.12539260657310436321,23.4456
ERR14783464,NODE_5_length_248585_cov_9.225720,gene:proph:184236;gene:proph:175955;gene:proph:175950;gene:proph:175953;gene:proph:175954;gene:proph:184195;gene:proph:184194;gene:plasmid:21134,Pseudomonas fragi,Biocides,Peroxide_resistance,peroxide_resistance_protein,SODB,0,9.225720,2869603,137.12539260657310436321,23.4456
ERR14783465,NODE_95_length_7953_cov_2.001406,gene:plasmid:131373,Leuconostoc falkenbergense,Drugs,Aminoglycosides,Aminoglycoside-resistant_16S_ribosomal_subunit_protein,A16S,CIA,2.001406,513538,129.15554837227235374986,30.1752
ERR14783465,NODE_95_length_7953_cov_2.001406,gene:plasmid:131373,Leuconostoc mesenteroides,Drugs,Oxazolidinone,Oxazolidinone-resistant_23S_rRNA_mutation,O23S,Authorized for use in humans only,2.001406,513538,129.15554837227235374986,30.1752
ERR14783465,NODE_21_length_21549_cov_2.426851,gene:proph:163032;gene:proph:183160,Lactococcus lactis,Drugs,MLS,Macrolide-resistant_23S_rRNA_mutation,MLS23S,CIA ?,2.426851,513538,129.15554837227235374986,36.5896
ERR14783465,NODE_21_length_21549_cov_2.426851,gene:proph:163032;gene:proph:183160,Lactococcus lactis,Drugs,Aminoglycosides,Aminoglycoside-resistant_16S_ribosomal_subunit_protein,A16S,CIA,2.426851,513538,129.15554837227235374986,36.5896
ERR14783466,NODE_1672_length_5342_cov_98.422435,gene:plasmid:131373,Leuconostoc mesenteroides,Drugs,Aminoglycosides,Aminoglycoside-resistant_16S_ribosomal_subunit_protein,A16S,CIA,98.422435,21061115,147.02560795095606286751,31.7848
ERR14783466,NODE_1672_length_5342_cov_98.422435,gene:plasmid:131373,Leuconostoc mesenteroides,Drugs,Oxazolidinone,Oxazolidinone-resistant_23S_rRNA_mutation,O23S,Authorized for use in humans only,98.422435,21061115,147.02560795095606286751,31.7848
ERR14783466,NODE_1825_length_4981_cov_191.803461,gene:plasmid:139560,Acetobacter okinawensis,Drugs,MLS,Macrolide-resistant_23S_rRNA_mutation,MLS23S,CIA ?,191.803461,21061115,147.02560795095606286751,61.9416
ERR14783466,NODE_1825_length_4981_cov_191.803461,gene:plasmid:139560,Leuconostoc mesenteroides,Drugs,Aminoglycosides,Aminoglycoside-resistant_16S_ribosomal_subunit_protein,A16S,CIA,191.803461,21061115,147.02560795095606286751,61.9416
ERR14783466,NODE_24_length_220695_cov_171.027679,gene:vir:3412;gene:vir:94765;gene:proph:183066;gene:plasmid:135980;gene:plasmid:135959;gene:vir:3396;gene:proph:162945;gene:proph:183053;gene:proph:183054;gene:vir:3400;gene:vir:3401;gene:vir:3403;gene:vir:3404;gene:vir:3406;gene:vir:3407;gene:vir:3408;gene:vir:3409;gene:proph:183065;gene:proph:183067;gene:vir:3413;gene:proph:183069;gene:vir:3415;gene:proph:183066,Lactococcus lactis,Drugs,Multi-drug_resistance,Multi-drug_ABC_efflux_pumps,LMRD,HIA,171.027679,21061115,147.02560795095606286751,55.2322
ERR14783473,NODE_886_length_3904_cov_75.226635,gene:plasmid:139560;gene:plasmid:117293,Acetobacter oryzifermentans,Drugs,MLS,Macrolide-resistant_23S_rRNA_mutation,MLS23S,CIA ?,75.226635,7267864,149.61919554355997855766,69.1795
ERR14783473,NODE_384_length_8257_cov_14.310824,gene:plasmid:15664;gene:plasmid:135617,Streptococcus suis,Drugs,Aminoglycosides,Aminoglycoside_O-nucleotidyltransferases,ANT6,CIA,14.310824,7267864,149.61919554355997855766,13.1604
ERR14783473,NODE_384_length_8257_cov_14.310824,gene:plasmid:15664;gene:plasmid:135617,Streptococcus suis,Drugs,Aminoglycosides,Aminoglycoside_O-phosphotransferases,APH2-DPRIME,CIA,14.310824,7267864,149.61919554355997855766,13.1604
ERR14783473,NODE_384_length_8257_cov_14.310824,gene:plasmid:15664;gene:plasmid:135617,Streptococcus suis,Drugs,Nucleosides,Streptothricin_acetyltransferase,SAT,CIA,14.310824,7267864,149.61919554355997855766,13.1604
ERR14783473,NODE_3_length_385970_cov_9.443528,gene:proph:183779;ICEberg|101|Tn5385|GenBank|AF016233|1..1605,Enterococcus faecalis,Drugs,MLS,MLS_resistance_ABC_efflux_pumps,LSA,HIA,9.443528,7267864,149.61919554355997855766,8.68441
ERR14783473,NODE_33_length_80563_cov_10.332277,ICEberg|304|ICESga43143-1|GenBank|AP012053|1643376..1661407,Enterococcus faecalis,Multi-compound,Drug_and_biocide_resistance,Drug_and_biocide_ABC_efflux_pumps,EFRA,HPCIA,10.332277,7267864,149.61919554355997855766,9.50171
ERR14783473,NODE_33_length_80563_cov_10.332277,ICEberg|304|ICESga43143-1|GenBank|AP012053|1643376..1661407,Enterococcus faecalis,Multi-compound,Drug_and_biocide_resistance,Drug_and_biocide_ABC_efflux_pumps,EFRB,HPCIA,10.332277,7267864,149.61919554355997855766,9.50171
ERR14783473,NODE_33_length_80563_cov_10.332277,ICEberg|304|ICESga43143-1|GenBank|AP012053|1643376..1661407,Enterococcus faecalis,Drugs,Tetracyclines,Tetracycline_resistance_ribosomal_protection_proteins,TETM,HIA,10.332277,7267864,149.61919554355997855766,9.50171
ERR14783473,NODE_33_length_80563_cov_10.332277,ICEberg|304|ICESga43143-1|GenBank|AP012053|1643376..1661407,Enterococcus faecalis,Drugs,Tetracyclines,Tetracycline_resistance_ribosomal_protection_proteins,TETM,HIA,10.332277,7267864,149.61919554355997855766,9.50171
ERR14783473,NODE_33_length_80563_cov_10.332277,ICEberg|304|ICESga43143-1|GenBank|AP012053|1643376..1661407,Enterococcus faecalis,Drugs,Lipopeptides,Daptomycin-resistant_mutant,LIAFSR,Authorized for use in humans only ?,10.332277,7267864,149.61919554355997855766,9.50171
ERR14783473,NODE_33_length_80563_cov_10.332277,ICEberg|304|ICESga43143-1|GenBank|AP012053|1643376..1661407,Enterococcus faecalis,Drugs,Lipopeptides,Daptomycin-resistant_mutant,LIAFSR,Authorized for use in humans only,10.332277,7267864,149.61919554355997855766,9.50171
ERR14783473,NODE_569_length_5774_cov_15.292191,rep7b_3_SAP089A003(SAP089A)_GQ900440;gene:plasmid:97767;gene:plasmid:97768,Enterococcus faecalis,Drugs,Phenicol,Chloramphenicol_acetyltransferases,CATA,HIA,15.292191,7267864,149.61919554355997855766,14.0629
ERR14783474,NODE_344_length_5592_cov_219.759927,gene:plasmid:139560;gene:plasmid:131376,Acetobacter ghanensis,Drugs,MLS,Macrolide-resistant_23S_rRNA_mutation,MLS23S,CIA ?,219.759927,32007908,146.41303905272409555788,46.8934
ERR14783474,NODE_344_length_5592_cov_219.759927,gene:plasmid:139560;gene:plasmid:131376,Komagataeibacter piraceti,Drugs,MLS,Macrolide-resistant_23S_rRNA_mutation,MLS23S,CIA ?,219.759927,32007908,146.41303905272409555788,46.8934
ERR14783474,NODE_10_length_220695_cov_354.281210,gene:proph:183067;gene:vir:94765;gene:proph:183066;gene:plasmid:135980;gene:plasmid:135959;gene:vir:3396;gene:proph:162945;gene:vir:3398;gene:proph:183054;gene:proph:183055;gene:vir:3401;gene:vir:3403;gene:proph:183059;gene:vir:3406;gene:vir:3407;gene:vir:3408;gene:proph:183064;gene:vir:3410;gene:proph:183067;gene:proph:183068;gene:proph:183069;gene:proph:183070;gene:proph:183066,Lactococcus lactis,Drugs,Multi-drug_resistance,Multi-drug_ABC_efflux_pumps,LMRD,HIA,354.281210,32007908,146.41303905272409555788,75.5981
ERR14783475,NODE_270_length_4844_cov_5.093704,gene:plasmid:131371;gene:plasmid:139560,Acetobacter okinawensis,Drugs,Oxazolidinone,Oxazolidinone-resistant_23S_rRNA_mutation,O23S,Authorized for use in humans only,5.093704,2240374,140.78377583385631149084,16.1496
ERR14783475,NODE_6_length_194754_cov_24.421118,gene:proph:183067;gene:vir:94765;gene:vir:3390;gene:plasmid:135980;gene:plasmid:135959;gene:vir:3396;gene:proph:162945;gene:proph:183053;gene:proph:183054;gene:proph:183055;gene:proph:183056;gene:proph:183058;gene:proph:183059;gene:vir:3406;gene:vir:3407;gene:vir:3408;gene:proph:183064;gene:vir:3410,Lactococcus lactis,Drugs,Multi-drug_resistance,Multi-drug_ABC_efflux_pumps,LMRD,HIA,24.421118,2240374,140.78377583385631149084,77.427
ERR14783476,NODE_1376_length_7404_cov_6.732032,gene:plasmid:139560;gene:plasmid:117293,Acetobacter orientalis,Drugs,MLS,Macrolide-resistant_23S_rRNA_mutation,MLS23S,CIA ?,6.732032,45667533,138.29593010859596904435,1.06593
ERR14783476,NODE_1376_length_7404_cov_6.732032,gene:plasmid:139560;gene:plasmid:117293,Acetobacter oryzifermentans,Drugs,Aminoglycosides,Aminoglycoside-resistant_16S_ribosomal_subunit_protein,A16S,CIA,6.732032,45667533,138.29593010859596904435,1.06593
ERR14783483,NODE_66_length_22153_cov_94.869109,gene:plasmid:123887,Pseudomonas helleri,Drugs,Elfamycins,EF-Tu_inhibition,TUFAB,NA,94.869109,5856315,146.15778113028414625920,110.835
ERR14783483,NODE_56_length_25818_cov_2.367249,gene:plasmid:123887,Pseudomonas helleri,Drugs,Elfamycins,EF-Tu_inhibition,TUFAB,NA,2.367249,5856315,146.15778113028414625920,2.76565
ERR14783483,NODE_59_length_23958_cov_2.486299,gene:proph:176835,Duffyella gerundensis,Drugs,Elfamycins,EF-Tu_inhibition,TUFAB,NA,2.486299,5856315,146.15778113028414625920,2.90474
ERR14783484,NODE_154_length_25869_cov_1.906146,gene:plasmid:123887,Pseudomonas helleri,Drugs,Elfamycins,EF-Tu_inhibition,TUFAB,NA,1.906146,7015408,144.20266533322081908849,1.88421
ERR14783484,NODE_153_length_25946_cov_50.768891,gene:plasmid:123887,Klebsiella grimontii,Drugs,Rifampin,Rifampin-resistant_beta-subunit_of_RNA_polymerase_RpoB,RPOB,CIA,50.768891,7015408,144.20266533322081908849,50.1847
ERR14783484,NODE_27_length_105161_cov_40.430984,gene:plasmid:134726;gene:plasmid:134726,Klebsiella grimontii,Multi-compound,Drug_and_biocide_and_metal_resistance,Drug_and_biocide_and_metal_RND_efflux_pumps,MDTC,Not medically important,40.430984,7015408,144.20266533322081908849,39.9658
ERR14783484,NODE_27_length_105161_cov_40.430984,gene:plasmid:134726;gene:plasmid:134726,Klebsiella grimontii,Drugs,betalactams,Mutant_porin_proteins,OMPK36,Authorized for use in humans only ?,40.430984,7015408,144.20266533322081908849,39.9658
ERR14783484,NODE_52_length_68102_cov_38.312777,gene:proph:163818,Klebsiella grimontii,Drugs,Multi-drug_resistance,MDR_mutant_porin_proteins,OMPK,NA,38.312777,7015408,144.20266533322081908849,37.8719
ERR14783484,NODE_52_length_68102_cov_38.312777,gene:proph:163818,Superficieibacter sp. BNK-5,Drugs,betalactams,Mutant_porin_proteins,OMPA,Authorized for use in humans only ?,38.312777,7015408,144.20266533322081908849,37.8719
ERR14783484,NODE_4_length_224308_cov_4.114590,gene:proph:176833;gene:proph:176833,Acinetobacter guillouiae,Drugs,Aminocoumarins,Aminocoumarin-resistant_DNA_topoisomerases,PARE,Not medically important,4.114590,7015408,144.20266533322081908849,4.06725
ERR14783484,NODE_4_length_224308_cov_4.114590,gene:proph:176833;gene:proph:176833,Acinetobacter guillouiae,Drugs,Elfamycins,EF-Tu_inhibition,TUFAB,NA,4.114590,7015408,144.20266533322081908849,4.06725
ERR14783484,NODE_30_length_100504_cov_41.542724,gene:proph:183597,Serratia liquefaciens,Multi-compound,Drug_and_biocide_and_metal_resistance,Drug_and_biocide_and_metal_RND_efflux_pumps,MDTB,Not medically important,41.542724,7015408,144.20266533322081908849,41.0647
ERR14783485,NODE_21_length_157575_cov_15.008797,gene:plasmid:115548;gene:proph:184192;gene:proph:184193;gene:plasmid:154823,Pseudomonas sp. FP453,Biocides,Multi-biocide_resistance,Multi-biocide_RND_efflux_pump,EMHA,0,15.008797,8375763,147.28687082000768168822,12.1663
ERR14783485,NODE_21_length_157575_cov_15.008797,gene:plasmid:115548;gene:proph:184192;gene:proph:184193;gene:plasmid:154823,Pseudomonas sp. FP453,Biocides,Multi-biocide_resistance,Multi-biocide_RND_efflux_pump,EMHB,0,15.008797,8375763,147.28687082000768168822,12.1663
ERR14783485,NODE_21_length_157575_cov_15.008797,gene:plasmid:115548;gene:proph:184192;gene:proph:184193;gene:plasmid:154823,Pseudomonas sp. FP453,Multi-compound,Drug_and_biocide_resistance,Drug_and_biocide_RND_efflux_pumps,EMHC,0,15.008797,8375763,147.28687082000768168822,12.1663
ERR14783485,NODE_481_length_5398_cov_50.844811,gene:plasmid:117290,Leuconostoc mesenteroides,Drugs,Aminoglycosides,Aminoglycoside-resistant_16S_ribosomal_subunit_protein,A16S,CIA,50.844811,8375763,147.28687082000768168822,41.2153
ERR14783485,NODE_481_length_5398_cov_50.844811,gene:plasmid:117290,Leuconostoc mesenteroides,Drugs,Oxazolidinone,Oxazolidinone-resistant_23S_rRNA_mutation,O23S,Authorized for use in humans only,50.844811,8375763,147.28687082000768168822,41.2153
ERR14783485,NODE_33_length_134599_cov_16.625483,gene:plasmid:129691;gene:plasmid:112536,Pseudomonas sp. HN11,Multi-compound,Drug_and_biocide_resistance,Drug_and_biocide_RND_efflux_pumps,MEXN,HIA,16.625483,8375763,147.28687082000768168822,13.4768
ERR14783485,NODE_61_length_85638_cov_19.077744,gene:plasmid:138489,Pseudomonas lundensis,Drugs,Elfamycins,EF-Tu_inhibition,TUFAB,NA,19.077744,8375763,147.28687082000768168822,15.4646
ERR14783485,NODE_61_length_85638_cov_19.077744,gene:plasmid:138489,Pseudomonas sp. FP453,Drugs,Rifampin,Rifampin-resistant_beta-subunit_of_RNA_polymerase_RpoB,RPOB,CIA,19.077744,8375763,147.28687082000768168822,15.4646
ERR14783485,NODE_99_length_58401_cov_5.175567,gene:plasmid:141403,Bacillus tropicus,Drugs,Elfamycins,EF-Tu_inhibition,TUFAB,NA,5.175567,8375763,147.28687082000768168822,4.19536
ERR14783485,NODE_99_length_58401_cov_5.175567,gene:plasmid:141403,Bacillus thuringiensis,Drugs,Rifampin,Rifampin-resistant_beta-subunit_of_RNA_polymerase_RpoB,RPOB,CIA,5.175567,8375763,147.28687082000768168822,4.19536
ERR14783485,NODE_99_length_58401_cov_5.175567,gene:plasmid:141403,Bacillus mycoides,Drugs,Lipopeptides,Daptomycin-resistant_beta-subunit_of_RNA_polymerase_RpoC,RPOCL,Authorized for use in humans only,5.175567,8375763,147.28687082000768168822,4.19536
ERR14783485,NODE_7_length_260882_cov_15.830120,gene:plasmid:154774;gene:plasmid:21021;gene:plasmid:149679;gene:plasmid:21214;gene:plasmid:124393,Pseudomonas sp. FP453,Multi-compound,Drug_and_biocide_resistance,Drug_and_biocide_RND_efflux_regulator,CPXAR,CIA ,15.830120,8375763,147.28687082000768168822,12.832
ERR14783485,NODE_7_length_260882_cov_15.830120,gene:plasmid:154774;gene:plasmid:21021;gene:plasmid:149679;gene:plasmid:21214;gene:plasmid:124393,Pseudomonas sp. FP453,Biocides,Peroxide_resistance,peroxide_resistance_protein,SODB,0,15.830120,8375763,147.28687082000768168822,12.832
ERR14783485,NODE_35_length_121030_cov_11.034383,gene:plasmid:21260,Pseudomonas sp. FP453,Drugs,Cationic_antimicrobial_peptides,Polymyxin_B_resistance_regulator,ARNA,HPCIA,11.034383,8375763,147.28687082000768168822,8.94457
ERR14783485,NODE_144_length_40357_cov_12.735869,gene:plasmid:21956;gene:plasmid:21946,Pseudomonas sp. FP453,Multi-compound,Drug_and_biocide_resistance,Drug_and_biocide_RND_efflux_pumps,EMHC,0,12.735869,8375763,147.28687082000768168822,10.3238
ERR14783485,NODE_2_length_382095_cov_18.330454,gene:plasmid:22061;gene:plasmid:124575;gene:plasmid:125744;gene:plasmid:20845,Pseudomonas sp. FP453,Drugs,Aminocoumarins,Aminocoumarin-resistant_DNA_topoisomerases,PARE,Not medically important,18.330454,8375763,147.28687082000768168822,14.8588
ERR14783485,NODE_2_length_382095_cov_18.330454,gene:plasmid:22061;gene:plasmid:124575;gene:plasmid:125744;gene:plasmid:20845,Pseudomonas sp. FP453,Drugs,Multi-drug_resistance,Multi-drug_RND_efflux_pumps,OPMH,NA,18.330454,8375763,147.28687082000768168822,14.8588
ERR14783485,NODE_2_length_382095_cov_18.330454,gene:plasmid:22061;gene:plasmid:124575;gene:plasmid:125744;gene:plasmid:20845,Pseudomonas sp. FP453,Drugs,Fluoroquinolones,Fluoroquinolone-resistant_DNA_topoisomerases,PARC,HPCIA,18.330454,8375763,147.28687082000768168822,14.8588
ERR14783485,NODE_2_length_382095_cov_18.330454,gene:plasmid:22061;gene:plasmid:124575;gene:plasmid:125744;gene:plasmid:20845,Pseudomonas sp. FP453,Multi-compound,Biocide_and_metal_resistance,Biocide_and_metal_resistance_protein,RUVB,0,18.330454,8375763,147.28687082000768168822,14.8588
ERR14783485,NODE_92_length_62507_cov_10.800930,gene:plasmid:22211;gene:plasmid:138445,Pseudomonas sp. FP453,Drugs,Multi-drug_resistance,Multi-drug_RND_efflux_pumps,MUXB,CIA,10.800930,8375763,147.28687082000768168822,8.75533
ERR14783485,NODE_3_length_317474_cov_14.185894,gene:plasmid:26360,Pseudomonas sp. FP453,Biocides,Multi-biocide_resistance,Multi-biocide_ABC_efflux_pump,SMRA,0,14.185894,8375763,147.28687082000768168822,11.4992
ERR14783485,NODE_218_length_22791_cov_5.019546,gene:proph:176833,Acinetobacter johnsonii,Drugs,Elfamycins,EF-Tu_inhibition,TUFAB,NA,5.019546,8375763,147.28687082000768168822,4.06889
ERR14783485,NODE_218_length_22791_cov_5.019546,gene:proph:176833,Acinetobacter johnsonii,Drugs,Rifampin,Rifampin-resistant_beta-subunit_of_RNA_polymerase_RpoB,RPOB,CIA,5.019546,8375763,147.28687082000768168822,4.06889
ERR14783485,NODE_10_length_219673_cov_15.192283,gene:proph:184434;gene:proph:184426;gene:proph:184450;gene:proph:184437;gene:plasmid:21135;gene:plasmid:21134;gene:plasmid:21133,Pseudomonas sp. FP453,Drugs,Lipopeptides,Colistin-resistant_mutant,PHOP,HPCIA,15.192283,8375763,147.28687082000768168822,12.315
ERR14783486,NODE_341_length_6569_cov_1.632568,gene:plasmid:131182,Leuconostoc mesenteroides,Drugs,Aminoglycosides,Aminoglycoside-resistant_16S_ribosomal_subunit_protein,A16S,CIA,1.632568,969810,133.46371351089388643136,12.6131
ERR14783486,NODE_341_length_6569_cov_1.632568,gene:plasmid:131182,Leuconostoc mesenteroides,Drugs,Oxazolidinone,Oxazolidinone-resistant_23S_rRNA_mutation,O23S,Authorized for use in humans only,1.632568,969810,133.46371351089388643136,12.6131
ERR14783486,NODE_39_length_18761_cov_3.055651,gene:proph:183160,Lactococcus lactis,Drugs,MLS,Macrolide-resistant_23S_rRNA_mutation,MLS23S,CIA ?,3.055651,969810,133.46371351089388643136,23.6077
ERR14783486,NODE_39_length_18761_cov_3.055651,gene:proph:183160,Lactococcus lactis,Drugs,Aminoglycosides,Aminoglycoside-resistant_16S_ribosomal_subunit_protein,A16S,CIA,3.055651,969810,133.46371351089388643136,23.6077
ERR14783487,NODE_218_length_5453_cov_17.845287,gene:plasmid:117290,Leuconostoc mesenteroides,Drugs,Aminoglycosides,Aminoglycoside-resistant_16S_ribosomal_subunit_protein,A16S,CIA,17.845287,814725,140.94137040105557089815,155.408
ERR14783487,NODE_218_length_5453_cov_17.845287,gene:plasmid:117290,Leuconostoc mesenteroides,Drugs,Oxazolidinone,Oxazolidinone-resistant_23S_rRNA_mutation,O23S,Authorized for use in humans only,17.845287,814725,140.94137040105557089815,155.408
ERR14783487,NODE_4_length_213992_cov_2.746602,gene:vir:1042;gene:plasmid:135980;gene:plasmid:135959;gene:proph:183050;gene:proph:162966;gene:proph:183100;gene:vir:1614;gene:vir:94758;gene:vir:723;gene:vir:1626;gene:proph:184344;gene:vir:946;gene:proph:184363;gene:proph:183118;gene:proph:184339;gene:vir:956;gene:vir:957;gene:vir:958;gene:proph:183185;gene:vir:960;gene:vir:961;gene:vir:962;gene:vir:963;gene:proph:183190;gene:proph:183191;gene:proph:183192;gene:vir:967;gene:proph:183194;gene:vir:969;gene:proph:183196;gene:proph:183197;gene:proph:183198;gene:vir:972;gene:vir:751;gene:vir:3982;gene:proph:162979;gene:vir:94728,Lactococcus cremoris,Drugs,Multi-drug_resistance,Multi-drug_ABC_efflux_pumps,LMRD,HIA,2.746602,814725,140.94137040105557089815,23.9192
ERR14783492,NODE_753_length_5373_cov_24.456157,gene:plasmid:117070,Faecalibacter bovis,Drugs,Oxazolidinone,Oxazolidinone-resistant_23S_rRNA_mutation,O23S,Authorized for use in humans only,24.456157,1578297,149.86966965026227636496,103.392
ERR14783493,NODE_48_length_249588_cov_8.799071,gene:plasmid:123887;gene:plasmid:139212,Pseudomonas bubulae,Drugs,Elfamycins,EF-Tu_inhibition,TUFAB,NA,8.799071,56989615,145.28300705312713553162,1.06274
ERR14783493,NODE_48_length_249588_cov_8.799071,gene:plasmid:123887;gene:plasmid:139212,Pseudomonas bubulae,Drugs,Rifampin,Rifampin-resistant_beta-subunit_of_RNA_polymerase_RpoB,RPOB,CIA,8.799071,56989615,145.28300705312713553162,1.06274
ERR14783493,NODE_1147_length_9922_cov_1.819091,gene:plasmid:123888,Rahnella sp. PAMC25559,Drugs,Rifampin,Rifampin-resistant_beta-subunit_of_RNA_polymerase_RpoB,RPOB,CIA,1.819091,56989615,145.28300705312713553162,0.219707
ERR14783493,NODE_1970_length_5942_cov_4.725021,gene:plasmid:131180,Faecalibacter sp. LW9,Drugs,Oxazolidinone,Oxazolidinone-resistant_23S_rRNA_mutation,O23S,Authorized for use in humans only,4.725021,56989615,145.28300705312713553162,0.570681
ERR14783493,NODE_657_length_17709_cov_2.321806,gene:plasmid:132193,Pseudolactococcus raffinolactis,Drugs,Fusidic_acid,Fusidic_acid-resistant_mutation,FUSA,HIA,2.321806,56989615,145.28300705312713553162,0.280424
ERR14783493,NODE_2534_length_4786_cov_10.775059,gene:plasmid:139560,Leuconostoc mesenteroides,Drugs,Aminoglycosides,Aminoglycoside-resistant_16S_ribosomal_subunit_protein,A16S,CIA,10.775059,56989615,145.28300705312713553162,1.30139
ERR14783493,NODE_2890_length_4277_cov_448.560964,gene:plasmid:139560,Leuconostoc pseudomesenteroides,Drugs,Aminoglycosides,Aminoglycoside-resistant_16S_ribosomal_subunit_protein,A16S,CIA,448.560964,56989615,145.28300705312713553162,54.1765
ERR14783493,NODE_2534_length_4786_cov_10.775059,gene:plasmid:139560,Leuconostoc mesenteroides,Drugs,Oxazolidinone,Oxazolidinone-resistant_23S_rRNA_mutation,O23S,Authorized for use in humans only,10.775059,56989615,145.28300705312713553162,1.30139
ERR14783493,NODE_14_length_488571_cov_9.417526,gene:plasmid:22061;gene:plasmid:90278;gene:plasmid:27818;gene:plasmid:125744;gene:plasmid:20845,Pseudomonas fragi,Drugs,Aminocoumarins,Aminocoumarin-resistant_DNA_topoisomerases,PARE,Not medically important,9.417526,56989615,145.28300705312713553162,1.13743
ERR14783493,NODE_14_length_488571_cov_9.417526,gene:plasmid:22061;gene:plasmid:90278;gene:plasmid:27818;gene:plasmid:125744;gene:plasmid:20845,Pseudomonas fragi,Drugs,Fluoroquinolones,Fluoroquinolone-resistant_DNA_topoisomerases,PARC,HPCIA,9.417526,56989615,145.28300705312713553162,1.13743
ERR14783493,NODE_14_length_488571_cov_9.417526,gene:plasmid:22061;gene:plasmid:90278;gene:plasmid:27818;gene:plasmid:125744;gene:plasmid:20845,Pseudomonas fragi,Multi-compound,Biocide_and_metal_resistance,Biocide_and_metal_resistance_protein,RUVB,0,9.417526,56989615,145.28300705312713553162,1.13743
ERR14783493,NODE_57_length_227541_cov_7.434569,gene:proph:173746;gene:plasmid:26360;gene:proph:169464,Pseudomonas fragi,Drugs,Fluoroquinolones,Fluoroquinolone-resistant_DNA_topoisomerases,GYRA,HPCIA,7.434569,56989615,145.28300705312713553162,0.897936
ERR14783493,NODE_3211_length_3900_cov_1.886827,gene:proph:176835,Rahnella sp. PAMC25559,Drugs,Elfamycins,EF-Tu_inhibition,TUFAB,NA,1.886827,56989615,145.28300705312713553162,0.227888
ERR14783493,NODE_86_length_160561_cov_7.368912,gene:proph:179985;gene:proph:179984,Pseudomonas bubulae,Drugs,Multi-drug_resistance,Multi-drug_RND_efflux_pumps,MUXB,CIA,7.368912,56989615,145.28300705312713553162,0.890006
ERR14783493,NODE_86_length_160561_cov_7.368912,gene:proph:179985;gene:proph:179984,Pseudomonas bubulae,Drugs,Multi-drug_resistance,Multi-drug_RND_efflux_pumps,MUXC,CIA,7.368912,56989615,145.28300705312713553162,0.890006
ERR14783493,NODE_52_length_233499_cov_8.026241,gene:proph:184236;gene:proph:175955;gene:proph:175950;gene:proph:175953;gene:proph:175954;gene:proph:184195;gene:proph:184194;gene:plasmid:21134,Pseudomonas bubulae,Biocides,Multi-biocide_resistance,Multi-biocide_RND_efflux_pump,EMHB,0,8.026241,56989615,145.28300705312713553162,0.969397
ERR14783493,NODE_52_length_233499_cov_8.026241,gene:proph:184236;gene:proph:175955;gene:proph:175950;gene:proph:175953;gene:proph:175954;gene:proph:184195;gene:proph:184194;gene:plasmid:21134,Pseudomonas bubulae,Multi-compound,Drug_and_biocide_resistance,Drug_and_biocide_RND_efflux_pumps,EMHC,0,8.026241,56989615,145.28300705312713553162,0.969397
ERR14783493,NODE_52_length_233499_cov_8.026241,gene:proph:184236;gene:proph:175955;gene:proph:175950;gene:proph:175953;gene:proph:175954;gene:proph:184195;gene:proph:184194;gene:plasmid:21134,Pseudomonas bubulae,Biocides,Peroxide_resistance,peroxide_resistance_protein,SODB,0,8.026241,56989615,145.28300705312713553162,0.969397
ERR14783493,NODE_162_length_97622_cov_70.679101,gene:vir:1142;gene:vir:1143;gene:vir:1145,Lactococcus cremoris,Drugs,Multi-drug_resistance,Multi-drug_ABC_efflux_pumps,LMRD,HIA,70.679101,56989615,145.28300705312713553162,8.53651
ERR14783494,NODE_735_length_4277_cov_155.724819,gene:plasmid:139560,Leuconostoc mesenteroides,Drugs,Aminoglycosides,Aminoglycoside-resistant_16S_ribosomal_subunit_protein,A16S,CIA,155.724819,12954281,135.57679905198906832420,88.6664
ERR14783495,NODE_5_length_34843_cov_2.158457,gene:plasmid:139560;gene:plasmid:131185,Acetobacter okinawensis,Drugs,MLS,Macrolide-resistant_23S_rRNA_mutation,MLS23S,CIA ?,2.158457,350224,137.24581125222714605509,44.9054
ERR14783495,NODE_5_length_34843_cov_2.158457,gene:plasmid:139560;gene:plasmid:131185,Acetobacter ghanensis,Drugs,Aminoglycosides,Aminoglycoside-resistant_16S_ribosomal_subunit_protein,A16S,CIA,2.158457,350224,137.24581125222714605509,44.9054
ERR14783500,NODE_8_length_163241_cov_10.931232,gene:plasmid:123887,Pseudomonas azotoformans,Drugs,Rifampin,Rifampin-resistant_beta-subunit_of_RNA_polymerase_RpoB,RPOB,CIA,10.931232,2555978,138.97439375456283270043,30.7735
ERR14783500,NODE_8_length_163241_cov_10.931232,gene:plasmid:123887,Pseudomonas sp. S2_B10,Drugs,Rifampin,Rifampin-resistant_beta-subunit_of_RNA_polymerase_RpoB,RPOB,CIA,10.931232,2555978,138.97439375456283270043,30.7735
ERR14783500,NODE_8_length_163241_cov_10.931232,gene:plasmid:123887,Pseudomonas taetrolens,Drugs,Rifampin,Rifampin-resistant_beta-subunit_of_RNA_polymerase_RpoB,RPOB,CIA,10.931232,2555978,138.97439375456283270043,30.7735
ERR14783500,NODE_6_length_172661_cov_9.256790,gene:plasmid:140796;gene:proph:180361;gene:proph:159993,Pseudomonas fortuita,Biocides,Multi-biocide_resistance,Multi-biocide_RND_efflux_pump,EMHA,0,9.256790,2555978,138.97439375456283270043,26.0596
ERR14783500,NODE_6_length_172661_cov_9.256790,gene:plasmid:140796;gene:proph:180361;gene:proph:159993,Pseudomonas fortuita,Biocides,Multi-biocide_resistance,Multi-biocide_RND_efflux_pump,EMHB,0,9.256790,2555978,138.97439375456283270043,26.0596
ERR14783500,NODE_6_length_172661_cov_9.256790,gene:plasmid:140796;gene:proph:180361;gene:proph:159993,Pseudomonas fortuita,Multi-compound,Drug_and_biocide_resistance,Drug_and_biocide_RND_efflux_pumps,EMHC,0,9.256790,2555978,138.97439375456283270043,26.0596
ERR14783500,NODE_9_length_160932_cov_8.907571,gene:plasmid:21326,Pseudomonas sp. S3_B08,Multi-compound,Drug_and_biocide_resistance,Drug_and_biocide_RND_efflux_pumps,MEXF,HPCIA,8.907571,2555978,138.97439375456283270043,25.0765
ERR14783500,NODE_3_length_207946_cov_11.115591,gene:plasmid:27818;gene:plasmid:22062,Pseudomonas sp. S3_B08,Multi-compound,Biocide_and_metal_resistance,Biocide_and_metal_resistance_protein,RUVB,0,11.115591,2555978,138.97439375456283270043,31.2925
ERR14783500,NODE_20_length_121431_cov_10.515028,gene:proph:163142,Pseudomonas sp. S3_B08,Multi-compound,Drug_and_biocide_resistance,Drug_and_biocide_RND_efflux_pumps,MEXK,CIA,10.515028,2555978,138.97439375456283270043,29.6018
ERR14783500,NODE_18_length_124022_cov_9.734557,gene:proph:163146,Pseudomonas koreensis,Multi-compound,Drug_and_biocide_resistance,Drug_and_biocide_MATE_efflux_pumps,PMPM,HPCIA,9.734557,2555978,138.97439375456283270043,27.4047
ERR14783501,NODE_10_length_321543_cov_35.806348,gene:plasmid:123169;gene:plasmid:123170;gene:plasmid:123171;gene:plasmid:123173;gene:plasmid:123174;gene:plasmid:123175;gene:plasmid:123168,Citrobacter freundii,Multi-compound,Drug_and_biocide_resistance,Drug_and_biocide_MFS_efflux_pumps,EMRB,HPCIA,35.806348,30718602,147.89217901257355396576,7.88158
ERR14783501,NODE_10_length_321543_cov_35.806348,gene:plasmid:123169;gene:plasmid:123170;gene:plasmid:123171;gene:plasmid:123173;gene:plasmid:123174;gene:plasmid:123175;gene:plasmid:123168,Citrobacter freundii,Multi-compound,Drug_and_biocide_resistance,Drug_and_biocide_MFS_efflux_regulator,EMRR,HPCIA,35.806348,30718602,147.89217901257355396576,7.88158
ERR14783501,NODE_10_length_321543_cov_35.806348,gene:plasmid:123169;gene:plasmid:123170;gene:plasmid:123171;gene:plasmid:123173;gene:plasmid:123174;gene:plasmid:123175;gene:plasmid:123168,Citrobacter freundii,Biocides,Multi-biocide_resistance,Multi-biocide_resistance_regulator,RPOS,0,35.806348,30718602,147.89217901257355396576,7.88158
ERR14783501,NODE_10_length_321543_cov_35.806348,gene:plasmid:123169;gene:plasmid:123170;gene:plasmid:123171;gene:plasmid:123173;gene:plasmid:123174;gene:plasmid:123175;gene:plasmid:123168,Citrobacter freundii,Multi-compound,Biocide_and_metal_resistance,Biocide_and_metal_ABC_efflux_pumps,SITC,0,35.806348,30718602,147.89217901257355396576,7.88158
ERR14783501,NODE_112_length_32327_cov_44.625497,gene:plasmid:123887,Pseudomonas helleri,Drugs,Elfamycins,EF-Tu_inhibition,TUFAB,NA,44.625497,30718602,147.89217901257355396576,9.82283
ERR14783501,NODE_660_length_4888_cov_41.392565,gene:plasmid:139560;gene:plasmid:131185,Acetobacter okinawensis,Drugs,Oxazolidinone,Oxazolidinone-resistant_23S_rRNA_mutation,O23S,Authorized for use in humans only,41.392565,30718602,147.89217901257355396576,9.1112
ERR14783501,NODE_15_length_228468_cov_39.856434,gene:plasmid:142025,Citrobacter freundii,Drugs,Aminocoumarins,Aminocoumarin-resistant_DNA_topoisomerases,PARE,Not medically important,39.856434,30718602,147.89217901257355396576,8.77307
ERR14783501,NODE_15_length_228468_cov_39.856434,gene:plasmid:142025,Citrobacter freundii,Drugs,Bacitracin,Undecaprenyl_pyrophosphate_phosphatase,BACA,IA,39.856434,30718602,147.89217901257355396576,8.77307
ERR14783501,NODE_15_length_228468_cov_39.856434,gene:plasmid:142025,Citrobacter freundii,Drugs,Fluoroquinolones,Fluoroquinolone-resistant_DNA_topoisomerases,PARC,HPCIA,39.856434,30718602,147.89217901257355396576,8.77307
ERR14783501,NODE_15_length_228468_cov_39.856434,gene:plasmid:142025,Citrobacter freundii,Biocides,Multi-biocide_resistance,Multi-biocide_RND_efflux_pump,TOLC,0,39.856434,30718602,147.89217901257355396576,8.77307
ERR14783501,NODE_7_length_349576_cov_34.160018,gene:plasmid:87452;gene:proph:170892;gene:plasmid:88436;gene:plasmid:87451,Citrobacter freundii,Drugs,betalactams,Penicillin_binding_protein,AMPH,HIA,34.160018,30718602,147.89217901257355396576,7.5192
ERR14783501,NODE_7_length_349576_cov_34.160018,gene:plasmid:87452;gene:proph:170892;gene:plasmid:88436;gene:plasmid:87451,Citrobacter freundii,Multi-compound,Drug_and_biocide_resistance,Drug_and_biocide_RND_efflux_pumps,ACRA,Authorized for use in humans only ?,34.160018,30718602,147.89217901257355396576,7.5192
ERR14783501,NODE_7_length_349576_cov_34.160018,gene:plasmid:87452;gene:proph:170892;gene:plasmid:88436;gene:plasmid:87451,Citrobacter freundii,Multi-compound,Drug_and_biocide_resistance,Drug_and_biocide_RND_efflux_pumps,ACRB,Authorized for use in humans only ?,34.160018,30718602,147.89217901257355396576,7.5192
ERR14783501,NODE_7_length_349576_cov_34.160018,gene:plasmid:87452;gene:proph:170892;gene:plasmid:88436;gene:plasmid:87451,Citrobacter freundii,Biocides,Multi-biocide_resistance,Multi-biocide_ABC_efflux_pump,SMDA,0,34.160018,30718602,147.89217901257355396576,7.5192
ERR14783501,NODE_38_length_115690_cov_21.894464,gene:proph:161536;gene:proph:175311;gene:proph:164865;gene:proph:175295;gene:proph:161537,Citrobacter freundii,Drugs,Fluoroquinolones,Quinolone_resistance_protein_Qnr,QNRB,HPCIA,21.894464,30718602,147.89217901257355396576,4.81934
ERR14783501,NODE_25_length_161340_cov_22.738985,gene:proph:161537,Citrobacter freundi,Multi-compound,Drug_and_biocide_resistance,Drug_and_biocide_SMR_efflux_pumps,KPNO,0,22.738985,30718602,147.89217901257355396576,5.00523
ERR14783501,NODE_25_length_161340_cov_22.738985,gene:proph:161537,Citrobacter freundi,Biocides,Paraquat_resistance,Paraquat_resistance_protein,NMPC,0,22.738985,30718602,147.89217901257355396576,5.00523
ERR14783501,NODE_2_length_652558_cov_27.197829,gene:proph:161537;gene:proph:169464;gene:proph:169511;gene:proph:169512;gene:plasmid:155991;gene:plasmid:155983;gene:plasmid:156052;gene:proph:163818;gene:plasmid:24609;gene:proph:172517,Citrobacter freundii,Multi-compound,Drug_and_biocide_resistance,Drug_and_biocide_MFS_efflux_pumps,MDFA,HIA,27.197829,30718602,147.89217901257355396576,5.9867
ERR14783501,NODE_2_length_652558_cov_27.197829,gene:proph:161537;gene:proph:169464;gene:proph:169511;gene:proph:169512;gene:plasmid:155991;gene:plasmid:155983;gene:plasmid:156052;gene:proph:163818;gene:plasmid:24609;gene:proph:172517,Citrobacter freundii,Drugs,Multi-drug_resistance,Multi-drug_ABC_efflux_pumps,MSBA,HIA,27.197829,30718602,147.89217901257355396576,5.9867
ERR14783501,NODE_2_length_652558_cov_27.197829,gene:proph:161537;gene:proph:169464;gene:proph:169511;gene:proph:169512;gene:plasmid:155991;gene:plasmid:155983;gene:plasmid:156052;gene:proph:163818;gene:plasmid:24609;gene:proph:172517,Citrobacter freundii,Drugs,betalactams,Mutant_porin_proteins,OMPA,Authorized for use in humans only ?,27.197829,30718602,147.89217901257355396576,5.9867
ERR14783501,NODE_2_length_652558_cov_27.197829,gene:proph:161537;gene:proph:169464;gene:proph:169511;gene:proph:169512;gene:plasmid:155991;gene:plasmid:155983;gene:plasmid:156052;gene:proph:163818;gene:plasmid:24609;gene:proph:172517,Citrobacter freundii,Drugs,betalactams,Mutant_porin_proteins,OMPFB,Authorized for use in humans only ,27.197829,30718602,147.89217901257355396576,5.9867
ERR14783501,NODE_2_length_652558_cov_27.197829,gene:proph:161537;gene:proph:169464;gene:proph:169511;gene:proph:169512;gene:plasmid:155991;gene:plasmid:155983;gene:plasmid:156052;gene:proph:163818;gene:plasmid:24609;gene:proph:172517,Citrobacter freundii,Biocides,Phenolic_compound_resistance,Triclosan-resistant_mutation,FABG,0,27.197829,30718602,147.89217901257355396576,5.9867
ERR14783501,NODE_1_length_691348_cov_28.573461,gene:proph:161537;gene:vir:103532;gene:proph:183597;gene:plasmid:134726;gene:plasmid:134726;gene:proph:161537;gene:plasmid:86179;gene:proph:169502;gene:proph:179460;gene:proph:176082;gene:vir:389;gene:vir:393;gene:vir:1904;gene:proph:161536,Citrobacter freundii,Multi-compound,Drug_and_biocide_resistance,Drug_and_biocide_MFS_efflux_pumps,BCR,Not medically important,28.573461,30718602,147.89217901257355396576,6.2895
ERR14783501,NODE_1_length_691348_cov_28.573461,gene:proph:161537;gene:vir:103532;gene:proph:183597;gene:plasmid:134726;gene:plasmid:134726;gene:proph:161537;gene:plasmid:86179;gene:proph:169502;gene:proph:179460;gene:proph:176082;gene:vir:389;gene:vir:393;gene:vir:1904;gene:proph:161536,Citrobacter freundii,Multi-compound,Drug_and_biocide_and_metal_resistance,Drug_and_biocide_and_metal_RND_efflux_pumps,MDTB,Not medically important,28.573461,30718602,147.89217901257355396576,6.2895
ERR14783501,NODE_1_length_691348_cov_28.573461,gene:proph:161537;gene:vir:103532;gene:proph:183597;gene:plasmid:134726;gene:plasmid:134726;gene:proph:161537;gene:plasmid:86179;gene:proph:169502;gene:proph:179460;gene:proph:176082;gene:vir:389;gene:vir:393;gene:vir:1904;gene:proph:161536,Citrobacter freundii,Multi-compound,Drug_and_biocide_and_metal_resistance,Drug_and_biocide_and_metal_RND_efflux_pumps,MDTC,Not medically important,28.573461,30718602,147.89217901257355396576,6.2895
ERR14783501,NODE_1_length_691348_cov_28.573461,gene:proph:161537;gene:vir:103532;gene:proph:183597;gene:plasmid:134726;gene:plasmid:134726;gene:proph:161537;gene:plasmid:86179;gene:proph:169502;gene:proph:179460;gene:proph:176082;gene:vir:389;gene:vir:393;gene:vir:1904;gene:proph:161536,Citrobacter freundii,Drugs,Fosfomycin,Fosfomycin_target_mutation,GLPT,HPCIA,28.573461,30718602,147.89217901257355396576,6.2895
ERR14783501,NODE_1_length_691348_cov_28.573461,gene:proph:161537;gene:vir:103532;gene:proph:183597;gene:plasmid:134726;gene:plasmid:134726;gene:proph:161537;gene:plasmid:86179;gene:proph:169502;gene:proph:179460;gene:proph:176082;gene:vir:389;gene:vir:393;gene:vir:1904;gene:proph:161536,Citrobacter freundii,Drugs,Fluoroquinolones,Fluoroquinolone-resistant_DNA_topoisomerases,GYRA,HPCIA,28.573461,30718602,147.89217901257355396576,6.2895
ERR14783501,NODE_1_length_691348_cov_28.573461,gene:proph:161537;gene:vir:103532;gene:proph:183597;gene:plasmid:134726;gene:plasmid:134726;gene:proph:161537;gene:plasmid:86179;gene:proph:169502;gene:proph:179460;gene:proph:176082;gene:vir:389;gene:vir:393;gene:vir:1904;gene:proph:161536,Citrobacter freundii,Drugs,Fosfomycin,Fosfomycin_target_mutation,PTSL,HPCIA,28.573461,30718602,147.89217901257355396576,6.2895
ERR14783501,NODE_1_length_691348_cov_28.573461,gene:proph:161537;gene:vir:103532;gene:proph:183597;gene:plasmid:134726;gene:plasmid:134726;gene:proph:161537;gene:plasmid:86179;gene:proph:169502;gene:proph:179460;gene:proph:176082;gene:vir:389;gene:vir:393;gene:vir:1904;gene:proph:161536,Citrobacter freundii,Multi-compound,Drug_and_biocide_and_metal_resistance,Drug_and_biocide_and_metal_RND_efflux_pumps,ACRD,CIA,28.573461,30718602,147.89217901257355396576,6.2895
ERR14783501,NODE_1_length_691348_cov_28.573461,gene:proph:161537;gene:vir:103532;gene:proph:183597;gene:plasmid:134726;gene:plasmid:134726;gene:proph:161537;gene:plasmid:86179;gene:proph:169502;gene:proph:179460;gene:proph:176082;gene:vir:389;gene:vir:393;gene:vir:1904;gene:proph:161536,Citrobacter freundii,Multi-compound,Drug_and_biocide_and_metal_resistance,Drug_and_biocide_and_metal_RND_efflux_regulator,BAES,CIA,28.573461,30718602,147.89217901257355396576,6.2895
ERR14783501,NODE_1_length_691348_cov_28.573461,gene:proph:161537;gene:vir:103532;gene:proph:183597;gene:plasmid:134726;gene:plasmid:134726;gene:proph:161537;gene:plasmid:86179;gene:proph:169502;gene:proph:179460;gene:proph:176082;gene:vir:389;gene:vir:393;gene:vir:1904;gene:proph:161536,Citrobacter freundii,Drugs,betalactams,Mutant_porin_proteins,OMP36,Authorized for use in humans only,28.573461,30718602,147.89217901257355396576,6.2895
ERR14783501,NODE_21_length_182081_cov_43.031623,gene:proph:169080,Citrobacter freundii,Drugs,betalactams,Class_C_betalactamases,CMY,Authorized for use in humans only ,43.031623,30718602,147.89217901257355396576,9.47199
ERR14783501,NODE_21_length_182081_cov_43.031623,gene:proph:169080,Citrobacter freundii,Drugs,betalactams,Class_C_betalactamases,CMY,Authorized for use in humans only ,43.031623,30718602,147.89217901257355396576,9.47199
ERR14783501,NODE_8_length_331337_cov_23.754875,gene:proph:169502;gene:proph:179464;gene:proph:173446;gene:proph:161622;gene:proph:161623;gene:proph:161624;gene:proph:161626;gene:proph:173413;gene:proph:181117;gene:proph:169499,Citrobacter braakii,Drugs,Multi-drug_resistance,Multi-drug_RND_efflux_pumps,HNS,Authorized for use in humans only ?,23.754875,30718602,147.89217901257355396576,5.22885
ERR14783501,NODE_8_length_331337_cov_23.754875,gene:proph:169502;gene:proph:179464;gene:proph:173446;gene:proph:161622;gene:proph:161623;gene:proph:161624;gene:proph:161626;gene:proph:173413;gene:proph:181117;gene:proph:169499,Citrobacter braakii,Biocides,Paraquat_resistance,Paraquat_resistance_protein,NMPC,0,23.754875,30718602,147.89217901257355396576,5.22885
ERR14783501,NODE_19_length_195066_cov_42.695197,gene:proph:184661;gene:proph:184659;gene:proph:163818,Citrobacter freundii,Drugs,Fosfomycin,Fosfomycin_target_mutation,MURA,HPCIA,42.695197,30718602,147.89217901257355396576,9.39793
ERR14783501,NODE_19_length_195066_cov_42.695197,gene:proph:184661;gene:proph:184659;gene:proph:163818,Citrobacter freundii,Multi-compound,Drug_and_biocide_resistance,Drug_and_biocide_RND_efflux_pumps,ACRF,Authorized for use in humans only ?,42.695197,30718602,147.89217901257355396576,9.39793
ERR14783501,NODE_16_length_220695_cov_260.738697,gene:vir:3412;gene:vir:94765;gene:proph:183066;gene:plasmid:135980;gene:plasmid:135959;gene:vir:3396;gene:proph:162945;gene:vir:3398;gene:vir:3399;gene:proph:183055;gene:proph:183056;gene:proph:183058;gene:vir:3404;gene:proph:183061;gene:vir:3407;gene:vir:3408;gene:vir:3409;gene:proph:183065;gene:vir:3412;gene:vir:3413;gene:vir:3414;gene:proph:183070;gene:proph:183066,Lactococcus lactis,Drugs,Multi-drug_resistance,Multi-drug_ABC_efflux_pumps,LMRD,HIA,260.738697,30718602,147.89217901257355396576,57.393
ERR14783502,NODE_179_length_4038_cov_1.675786,gene:plasmid:139560;gene:plasmid:117293,Acetobacter ghanensis,Drugs,Aminoglycosides,Aminoglycoside-resistant_16S_ribosomal_subunit_protein,A16S,CIA,1.675786,2291044,141.53839428662216875799,5.16786
ERR14783502,NODE_6_length_194754_cov_29.114650,gene:proph:183067;gene:vir:94765;gene:proph:183045;gene:plasmid:135980;gene:plasmid:135959;gene:vir:3396;gene:proph:162945;gene:vir:3398;gene:vir:3399;gene:proph:183055;gene:vir:3401;gene:proph:183058;gene:proph:183059;gene:proph:183061;gene:vir:3407;gene:proph:183063;gene:vir:3409;gene:proph:183065,Lactococcus lactis,Drugs,Multi-drug_resistance,Multi-drug_ABC_efflux_pumps,LMRD,HIA,29.114650,2291044,141.53839428662216875799,89.785
ERR14783503,NODE_112_length_32327_cov_8.897826,gene:plasmid:123887,Pseudomonas helleri,Drugs,Elfamycins,EF-Tu_inhibition,TUFAB,NA,8.897826,19899728,146.57558917388217567596,3.05053
ERR14783503,NODE_565_length_5592_cov_47.542360,gene:plasmid:139560;gene:plasmid:131185,Acetobacter ghanensis,Drugs,MLS,Macrolide-resistant_23S_rRNA_mutation,MLS23S,CIA ?,47.542360,19899728,146.57558917388217567596,16.2994
ERR14783503,NODE_565_length_5592_cov_47.542360,gene:plasmid:139560;gene:plasmid:131185,Acetobacter ghanensis,Drugs,Aminoglycosides,Aminoglycoside-resistant_16S_ribosomal_subunit_protein,A16S,CIA,47.542360,19899728,146.57558917388217567596,16.2994
ERR14783503,NODE_26_length_161340_cov_3.175892,gene:proph:161537,Citrobacter freundii,Multi-compound,Drug_and_biocide_resistance,Drug_and_biocide_SMR_efflux_pumps,KPNO,0,3.175892,19899728,146.57558917388217567596,1.08882
ERR14783503,NODE_26_length_161340_cov_3.175892,gene:proph:161537,Citrobacter freundii,Biocides,Paraquat_resistance,Paraquat_resistance_protein,NMPC,0,3.175892,19899728,146.57558917388217567596,1.08882
ERR14783503,NODE_16_length_197240_cov_4.128596,gene:proph:161537;gene:proph:169464;gene:proph:169511;gene:proph:169512;gene:plasmid:155991;gene:plasmid:155983;gene:plasmid:156052;gene:proph:172517,Citrobacter freundii,Biocides,Phenolic_compound_resistance,Triclosan-resistant_mutation,FABG,0,4.128596,19899728,146.57558917388217567596,1.41545
ERR14783503,NODE_8_length_292885_cov_3.853411,gene:proph:161537;gene:proph:169502;gene:proph:179464;gene:proph:173446;gene:proph:161622;gene:proph:161623;gene:proph:161624;gene:proph:161626;gene:proph:173413,Citrobacter freundii,Biocides,Paraquat_resistance,Paraquat_resistance_protein,NMPC,0,3.853411,19899728,146.57558917388217567596,1.3211
ERR14783503,NODE_4_length_455418_cov_4.460538,gene:proph:163818;gene:plasmid:24609,Citrobacter freundii,Multi-compound,Drug_and_biocide_resistance,Drug_and_biocide_MFS_efflux_pumps,MDFA,HIA,4.460538,19899728,146.57558917388217567596,1.52925
ERR14783503,NODE_4_length_455418_cov_4.460538,gene:proph:163818;gene:plasmid:24609,Citrobacter freundii,Drugs,Multi-drug_resistance,Multi-drug_ABC_efflux_pumps,MSBA,HIA,4.460538,19899728,146.57558917388217567596,1.52925
ERR14783503,NODE_4_length_455418_cov_4.460538,gene:proph:163818;gene:plasmid:24609,Citrobacter freundii,Drugs,betalactams,Mutant_porin_proteins,OMPA,Authorized for use in humans only ?,4.460538,19899728,146.57558917388217567596,1.52925
ERR14783503,NODE_4_length_455418_cov_4.460538,gene:proph:163818;gene:plasmid:24609,Citrobacter freundii,Drugs,betalactams,Mutant_porin_proteins,OMPFB,Authorized for use in humans only ,4.460538,19899728,146.57558917388217567596,1.52925
ERR14783503,NODE_21_length_182081_cov_7.695736,gene:proph:169080,Citrobacter freundii,Drugs,betalactams,Class_C_betalactamases,CMY,Authorized for use in humans only ,7.695736,19899728,146.57558917388217567596,2.6384
ERR14783503,NODE_21_length_182081_cov_7.695736,gene:proph:169080,Citrobacter freundii,Drugs,betalactams,Class_C_betalactamases,CMY,Authorized for use in humans only ,7.695736,19899728,146.57558917388217567596,2.6384
ERR14783503,NODE_6_length_344886_cov_5.412569,gene:proph:170892;gene:plasmid:88436,Citrobacter freundii,Drugs,betalactams,Penicillin_binding_protein,AMPH,HIA,5.412569,19899728,146.57558917388217567596,1.85564
ERR14783503,NODE_6_length_344886_cov_5.412569,gene:proph:170892;gene:plasmid:88436,Citrobacter freundii,Multi-compound,Drug_and_biocide_resistance,Drug_and_biocide_RND_efflux_pumps,ACRA,Authorized for use in humans only ?,5.412569,19899728,146.57558917388217567596,1.85564
ERR14783503,NODE_6_length_344886_cov_5.412569,gene:proph:170892;gene:plasmid:88436,Citrobacter freundii,Multi-compound,Drug_and_biocide_resistance,Drug_and_biocide_RND_efflux_pumps,ACRB,Authorized for use in humans only ?,5.412569,19899728,146.57558917388217567596,1.85564
ERR14783503,NODE_6_length_344886_cov_5.412569,gene:proph:170892;gene:plasmid:88436,Citrobacter freundii,Biocides,Multi-biocide_resistance,Multi-biocide_ABC_efflux_pump,SMDA,0,5.412569,19899728,146.57558917388217567596,1.85564
ERR14783503,NODE_38_length_105471_cov_3.333878,gene:proph:173413;gene:proph:175311;gene:proph:161537,Citrobacter freundii,Drugs,Fluoroquinolones,Quinolone_resistance_protein_Qnr,QNRB,HPCIA,3.333878,19899728,146.57558917388217567596,1.14299
ERR14783503,NODE_18_length_195051_cov_7.664064,gene:proph:184661;gene:proph:184659;gene:proph:163818,Citrobacter freundii,Drugs,Fosfomycin,Fosfomycin_target_mutation,MURA,HPCIA,7.664064,19899728,146.57558917388217567596,2.62755
ERR14783503,NODE_18_length_195051_cov_7.664064,gene:proph:184661;gene:proph:184659;gene:proph:163818,Citrobacter freundii,Multi-compound,Drug_and_biocide_resistance,Drug_and_biocide_RND_efflux_pumps,ACRF,Authorized for use in humans only ?,7.664064,19899728,146.57558917388217567596,2.62755
ERR14783503,NODE_14_length_220695_cov_186.062851,gene:vir:3412;gene:vir:94765;gene:proph:183066;gene:plasmid:135980;gene:plasmid:135959;gene:vir:3396;gene:proph:162945;gene:proph:183053;gene:vir:3399;gene:proph:183055;gene:vir:3401;gene:vir:3403;gene:proph:183059;gene:proph:183061;gene:vir:3407;gene:vir:3408;gene:proph:183064;gene:vir:3410;gene:proph:183067;gene:proph:183068;gene:vir:3414;gene:proph:183070;gene:proph:183066,Lactococcus lactis,Drugs,Multi-drug_resistance,Multi-drug_ABC_efflux_pumps,LMRD,HIA,186.062851,19899728,146.57558917388217567596,63.7897
ERR14783503,NODE_2_length_651656_cov_4.523883,gene:vir:7156;gene:proph:183597;gene:plasmid:134726;gene:plasmid:134726;gene:proph:161537;gene:plasmid:86179,Citrobacter freundii,Multi-compound,Drug_and_biocide_resistance,Drug_and_biocide_MFS_efflux_pumps,BCR,Not medically important,4.523883,19899728,146.57558917388217567596,1.55097
ERR14783503,NODE_2_length_651656_cov_4.523883,gene:vir:7156;gene:proph:183597;gene:plasmid:134726;gene:plasmid:134726;gene:proph:161537;gene:plasmid:86179,Citrobacter freundii,Multi-compound,Drug_and_biocide_and_metal_resistance,Drug_and_biocide_and_metal_RND_efflux_pumps,MDTB,Not medically important,4.523883,19899728,146.57558917388217567596,1.55097
ERR14783503,NODE_2_length_651656_cov_4.523883,gene:vir:7156;gene:proph:183597;gene:plasmid:134726;gene:plasmid:134726;gene:proph:161537;gene:plasmid:86179,Citrobacter freundii,Multi-compound,Drug_and_biocide_and_metal_resistance,Drug_and_biocide_and_metal_RND_efflux_pumps,MDTC,Not medically important,4.523883,19899728,146.57558917388217567596,1.55097
ERR14783503,NODE_2_length_651656_cov_4.523883,gene:vir:7156;gene:proph:183597;gene:plasmid:134726;gene:plasmid:134726;gene:proph:161537;gene:plasmid:86179,Citrobacter freundii,Drugs,Fosfomycin,Fosfomycin_target_mutation,GLPT,HPCIA,4.523883,19899728,146.57558917388217567596,1.55097
ERR14783503,NODE_2_length_651656_cov_4.523883,gene:vir:7156;gene:proph:183597;gene:plasmid:134726;gene:plasmid:134726;gene:proph:161537;gene:plasmid:86179,Citrobacter freundii,Drugs,Fluoroquinolones,Fluoroquinolone-resistant_DNA_topoisomerases,GYRA,HPCIA,4.523883,19899728,146.57558917388217567596,1.55097
ERR14783503,NODE_2_length_651656_cov_4.523883,gene:vir:7156;gene:proph:183597;gene:plasmid:134726;gene:plasmid:134726;gene:proph:161537;gene:plasmid:86179,Citrobacter freundii,Drugs,Fosfomycin,Fosfomycin_target_mutation,PTSL,HPCIA,4.523883,19899728,146.57558917388217567596,1.55097
ERR14783503,NODE_2_length_651656_cov_4.523883,gene:vir:7156;gene:proph:183597;gene:plasmid:134726;gene:plasmid:134726;gene:proph:161537;gene:plasmid:86179,Citrobacter freundii,Multi-compound,Drug_and_biocide_and_metal_resistance,Drug_and_biocide_and_metal_RND_efflux_pumps,ACRD,CIA,4.523883,19899728,146.57558917388217567596,1.55097
ERR14783503,NODE_2_length_651656_cov_4.523883,gene:vir:7156;gene:proph:183597;gene:plasmid:134726;gene:plasmid:134726;gene:proph:161537;gene:plasmid:86179,Citrobacter freundii,Multi-compound,Drug_and_biocide_and_metal_resistance,Drug_and_biocide_and_metal_RND_efflux_regulator,BAES,CIA,4.523883,19899728,146.57558917388217567596,1.55097
ERR14783503,NODE_2_length_651656_cov_4.523883,gene:vir:7156;gene:proph:183597;gene:plasmid:134726;gene:plasmid:134726;gene:proph:161537;gene:plasmid:86179,Citrobacter freundii,Drugs,betalactams,Mutant_porin_proteins,OMP36,Authorized for use in humans only,4.523883,19899728,146.57558917388217567596,1.55097
ERR14783509,NODE_24_length_102810_cov_4.006028,gene:plasmid:122956;gene:plasmid:122853;gene:plasmid:151356;gene:plasmid:151355;gene:plasmid:151354;gene:plasmid:123068;gene:plasmid:122725,Bacillus mycoides,Drugs,Nucleosides,Streptothricin_acetyltransferase,SAT,CIA,4.006028,1961531,140.45157838443542314651,14.5409
ERR14783509,NODE_200_length_5986_cov_2.260283,gene:plasmid:139560;gene:plasmid:131185,Acetobacter orientalis,Drugs,MLS,Macrolide-resistant_23S_rRNA_mutation,MLS23S,CIA ?,2.260283,1961531,140.45157838443542314651,8.20429
ERR14783509,NODE_200_length_5986_cov_2.260283,gene:plasmid:139560;gene:plasmid:131185,Acetobacter orientalis,Drugs,Aminoglycosides,Aminoglycoside-resistant_16S_ribosomal_subunit_protein,A16S,CIA,2.260283,1961531,140.45157838443542314651,8.20429
ERR14783509,NODE_45_length_58634_cov_9.094091,gene:plasmid:141403,Bacillus thuringiensis,Drugs,Elfamycins,EF-Tu_inhibition,TUFAB,NA,9.094091,1961531,140.45157838443542314651,33.0094
ERR14783509,NODE_45_length_58634_cov_9.094091,gene:plasmid:141403,Bacillus mycoides,Drugs,Rifampin,Rifampin-resistant_beta-subunit_of_RNA_polymerase_RpoB,RPOB,CIA,9.094091,1961531,140.45157838443542314651,33.0094
ERR14783509,NODE_45_length_58634_cov_9.094091,gene:plasmid:141403,Bacillus mycoides,Drugs,Lipopeptides,Daptomycin-resistant_beta-subunit_of_RNA_polymerase_RpoC,RPOCL,Authorized for use in humans only,9.094091,1961531,140.45157838443542314651,33.0094
ERR14783509,NODE_2_length_506893_cov_5.517870,gene:proph:162941;gene:proph:183089;gene:vir:1099;gene:proph:162949;gene:plasmid:17312;gene:plasmid:17311;gene:plasmid:17310;gene:plasmid:17309;gene:plasmid:17308;gene:plasmid:17300;gene:vir:1128;gene:proph:163035;gene:vir:1132;gene:vir:1133;gene:vir:1134;gene:vir:1136;gene:vir:1137;gene:vir:4023;gene:vir:1139;gene:vir:1143;gene:plasmid:17299;gene:plasmid:135980;gene:plasmid:135959;gene:proph:162933;gene:proph:184306;gene:proph:183053;gene:proph:183083;gene:vir:1116;gene:vir:3400;gene:proph:162961;gene:proph:183077;gene:proph:162940;gene:proph:162928,Lactococcus lactis,Drugs,Multi-drug_resistance,Multi-drug_ABC_efflux_pumps,LMRD,HIA,5.517870,1961531,140.45157838443542314651,20.0286
ERR14783510,NODE_249_length_49800_cov_7.499144,gene:plasmid:123887,Serratia liquefaciens,Drugs,Rifampin,Rifampin-resistant_beta-subunit_of_RNA_polymerase_RpoB,RPOB,CIA,7.499144,23333517,145.00464944911647909742,2.21641
ERR14783510,NODE_249_length_49800_cov_7.499144,gene:plasmid:123887,Pseudomonas sp.TH21,Drugs,Rifampin,Rifampin-resistant_beta-subunit_of_RNA_polymerase_RpoB,RPOB,CIA,7.499144,23333517,145.00464944911647909742,2.21641
ERR14783510,NODE_510_length_27257_cov_4.352635,gene:plasmid:123888;gene:plasmid:123887,Rahnella sp. Y9602,Drugs,Rifampin,Rifampin-resistant_beta-subunit_of_RNA_polymerase_RpoB,RPOB,CIA,4.352635,23333517,145.00464944911647909742,1.28644
ERR14783510,NODE_282_length_46088_cov_8.140989,gene:plasmid:124575,Pseudomonas saxonica,Multi-compound,Biocide_and_metal_resistance,Biocide_and_metal_resistance_protein,RUVB,0,8.140989,23333517,145.00464944911647909742,2.40611
ERR14783510,NODE_30_length_183848_cov_3.127525,gene:plasmid:134726;gene:plasmid:134726,Rahnella aquatilis,Drugs,Fluoroquinolones,Fluoroquinolone-resistant_DNA_topoisomerases,GYRA,HPCIA,3.127525,23333517,145.00464944911647909742,0.924355
ERR14783510,NODE_186_length_61745_cov_5.187867,gene:plasmid:137174;gene:plasmid:137265,Pseudomonas saxonica,Drugs,Fluoroquinolones,Fluoroquinolone-resistant_DNA_topoisomerases,GYRA,HPCIA,5.187867,23333517,145.00464944911647909742,1.5333
ERR14783510,NODE_1642_length_5297_cov_49.945841,gene:plasmid:139560,Leuconostoc mesenteroides,Drugs,Aminoglycosides,Aminoglycoside-resistant_16S_ribosomal_subunit_protein,A16S,CIA,49.945841,23333517,145.00464944911647909742,14.7617
ERR14783510,NODE_1642_length_5297_cov_49.945841,gene:plasmid:139560,Leuconostoc pseudomesenteroides,Drugs,Oxazolidinone,Oxazolidinone-resistant_23S_rRNA_mutation,O23S,Authorized for use in humans only,49.945841,23333517,145.00464944911647909742,14.7617
ERR14783510,NODE_1557_length_5648_cov_63.195979,gene:plasmid:139560;gene:plasmid:131185,Acetobacter orientalis,Drugs,MLS,Macrolide-resistant_23S_rRNA_mutation,MLS23S,CIA ?,63.195979,23333517,145.00464944911647909742,18.6779
ERR14783510,NODE_1557_length_5648_cov_63.195979,gene:plasmid:139560;gene:plasmid:131185,Acetobacter orientalis,Drugs,Aminoglycosides,Aminoglycoside-resistant_16S_ribosomal_subunit_protein,A16S,CIA,63.195979,23333517,145.00464944911647909742,18.6779
ERR14783510,NODE_500_length_27586_cov_446.511199,gene:plasmid:19763;gene:plasmid:17265;gene:plasmid:87114;gene:plasmid:17365;gene:plasmid:17315;gene:plasmid:17316;gene:plasmid:17317;gene:plasmid:17286;gene:plasmid:119373;gene:plasmid:17348,Listeria monocytogenes,Drugs,Tetracyclines,Tetracycline_resistance_ribosomal_protection_proteins,TETS,HIA,446.511199,23333517,145.00464944911647909742,131.968
ERR14783510,NODE_51_length_143839_cov_7.816870,gene:plasmid:20845,Pseudomonas saxonica,Drugs,Aminocoumarins,Aminocoumarin-resistant_DNA_topoisomerases,PARE,Not medically important,7.816870,23333517,145.00464944911647909742,2.31031
ERR14783510,NODE_51_length_143839_cov_7.816870,gene:plasmid:20845,Pseudomonas saxonica,Drugs,Fluoroquinolones,Fluoroquinolone-resistant_DNA_topoisomerases,PARC,HPCIA,7.816870,23333517,145.00464944911647909742,2.31031
ERR14783510,NODE_1093_length_9551_cov_4.383065,gene:plasmid:83808;gene:plasmid:91778,Klebsiella pneumoniae,Drugs,Tetracyclines,Tetracycline_resistance_MFS_efflux_pumps,TETD,HIA,4.383065,23333517,145.00464944911647909742,1.29544
ERR14783510,NODE_8_length_454554_cov_41.097472,gene:plasmid:93474;gene:plasmid:136993,Yersinia alsatica,Drugs,Aminocoumarins,Aminocoumarin-resistant_DNA_topoisomerases,PARE,Not medically important,41.097472,23333517,145.00464944911647909742,12.1466
ERR14783510,NODE_8_length_454554_cov_41.097472,gene:plasmid:93474;gene:plasmid:136993,Yersinia alsatica,Multi-compound,Drug_and_biocide_resistance,Drug_and_biocide_MFS_efflux_regulator,EVGS,Authorized for use in humans only ?,41.097472,23333517,145.00464944911647909742,12.1466
ERR14783510,NODE_13_length_350479_cov_2.609764,gene:plasmid:93482;gene:plasmid:124502,Rahnella aquatilis,Drugs,betalactams,Class_A_betalactamases,RAHN,Authorized for use in humans only ,2.609764,23333517,145.00464944911647909742,0.771328
ERR14783510,NODE_13_length_350479_cov_2.609764,gene:plasmid:93482;gene:plasmid:124502,Rahnella aquatilis,Multi-compound,Drug_and_biocide_resistance,Drug_and_biocide_RND_efflux_pumps,SDEB,0,2.609764,23333517,145.00464944911647909742,0.771328
ERR14783510,NODE_20_length_230279_cov_43.779876,gene:proph:159064,Yersinia alsatica,Drugs,Fosfomycin,Fosfomycin_target_mutation,MURA,HPCIA,43.779876,23333517,145.00464944911647909742,12.9393
ERR14783510,NODE_114_length_84812_cov_3.943166,gene:proph:159396,Rahnella aceris,Drugs,Fosfomycin,Fosfomycin_target_mutation,GLPT,HPCIA,3.943166,23333517,145.00464944911647909742,1.16542
ERR14783510,NODE_83_length_100517_cov_34.083166,gene:proph:163818,Yersinia frederiksenii,Drugs,betalactams,Mutant_porin_proteins,OMPK36,Authorized for use in humans only ?,34.083166,23333517,145.00464944911647909742,10.0734
ERR14783510,NODE_83_length_100517_cov_34.083166,gene:proph:163818,Pantoea agglomerans,Multi-compound,Drug_and_biocide_resistance,Drug_and_biocide_SMR_efflux_pumps,KPNO,0,34.083166,23333517,145.00464944911647909742,10.0734
ERR14783510,NODE_6_length_570856_cov_35.798787,gene:proph:163979;gene:proph:166152,Yersinia alsatica,Drugs,Fluoroquinolones,Fluoroquinolone-resistant_DNA_topoisomerases,GYRA,HPCIA,35.798787,23333517,145.00464944911647909742,10.5805
ERR14783510,NODE_6_length_570856_cov_35.798787,gene:proph:163979;gene:proph:166152,Yersinia alsatica,Drugs,Fosfomycin,Fosfomycin_target_mutation,PTSL,HPCIA,35.798787,23333517,145.00464944911647909742,10.5805
ERR14783510,NODE_7_length_507990_cov_3.141922,gene:proph:163979;gene:proph:173461,Rahnella sp. Y9602,Multi-compound,Drug_and_biocide_and_metal_resistance,Drug_and_biocide_and_metal_RND_efflux_pumps,ACRD,CIA,3.141922,23333517,145.00464944911647909742,0.92861
ERR14783510,NODE_7_length_507990_cov_3.141922,gene:proph:163979;gene:proph:173461,Rahnella sp. Y9602,Multi-compound,Drug_and_biocide_resistance,Drug_and_biocide_RND_efflux_pumps,ACRB,Authorized for use in humans only ?,3.141922,23333517,145.00464944911647909742,0.92861
ERR14783510,NODE_3_length_722390_cov_40.125872,gene:proph:173756;gene:proph:175005;gene:proph:173765;gene:proph:175001;gene:proph:173768;gene:proph:173769;gene:proph:174993;gene:proph:173776;gene:proph:173777;gene:proph:174987;gene:proph:173782;gene:proph:173786;gene:proph:174981;gene:proph:173788,Yersinia alsatica,Biocides,Multi-biocide_resistance,Multi-biocide_resistance_regulator,RPOS,0,40.125872,23333517,145.00464944911647909742,11.8594
ERR14783510,NODE_418_length_33378_cov_42.957114,gene:proph:176835;gene:plasmid:123887,Yersinia alsatica,Drugs,Elfamycins,EF-Tu_inhibition,TUFAB,NA,42.957114,23333517,145.00464944911647909742,12.6962
ERR14783510,NODE_418_length_33378_cov_42.957114,gene:proph:176835;gene:plasmid:123887,Yersinia alsatica,Drugs,Rifampin,Rifampin-resistant_beta-subunit_of_RNA_polymerase_RpoB,RPOB,CIA,42.957114,23333517,145.00464944911647909742,12.6962
ERR14783510,NODE_163_length_66340_cov_5.816683,gene:proph:184236;gene:proph:175950;gene:proph:175955;gene:proph:184195;gene:proph:184194,Pseudomonas saxonica,Biocides,Multi-biocide_resistance,Multi-biocide_RND_efflux_pump,EMHB,0,5.816683,23333517,145.00464944911647909742,1.71915
ERR14783510,NODE_163_length_66340_cov_5.816683,gene:proph:184236;gene:proph:175950;gene:proph:175955;gene:proph:184195;gene:proph:184194,Pseudomonas saxonica,Multi-compound,Drug_and_biocide_resistance,Drug_and_biocide_RND_efflux_pumps,EMHC,0,5.816683,23333517,145.00464944911647909742,1.71915
ERR14783510,NODE_2_length_876226_cov_33.442275,gene:vir:105410,Yersinia alsatica,Drugs,Multi-drug_resistance,Multi-drug_MFS_efflux_pumps,ROSA,NA,33.442275,23333517,145.00464944911647909742,9.88402
ERR14783510,NODE_2_length_876226_cov_33.442275,gene:vir:105410,Yersinia alsatica,Drugs,Multi-drug_resistance,Multi-drug_MFS_efflux_pumps,ROSB,NA,33.442275,23333517,145.00464944911647909742,9.88402
ERR14783510,NODE_2_length_876226_cov_33.442275,gene:vir:105410,Yersinia alsatica,Multi-compound,Drug_and_biocide_resistance,Drug_and_biocide_RND_efflux_pumps,SDEY,0,33.442275,23333517,145.00464944911647909742,9.88402
ERR14783510,NODE_193_length_60031_cov_3.021918,gene:vir:6079;gene:proph:163818,Rahnella aquatilis,Drugs,betalactams,Mutant_porin_proteins,OMPK36,Authorized for use in humans only ?,3.021918,23333517,145.00464944911647909742,0.893142
ERR14783511,NODE_68_length_49648_cov_12.568850,gene:plasmid:123887,Pseudomonas helleri,Drugs,Rifampin,Rifampin-resistant_beta-subunit_of_RNA_polymerase_RpoB,RPOB,CIA,12.568850,12097051,141.20446338533250789799,7.35813
ERR14783511,NODE_68_length_49648_cov_12.568850,gene:plasmid:123887,Pseudomonas saxonica,Drugs,Rifampin,Rifampin-resistant_beta-subunit_of_RNA_polymerase_RpoB,RPOB,CIA,12.568850,12097051,141.20446338533250789799,7.35813
ERR14783511,NODE_76_length_46312_cov_12.842546,gene:plasmid:124575,Pseudomonas saxonica,Multi-compound,Biocide_and_metal_resistance,Biocide_and_metal_resistance_protein,RUVB,0,12.842546,12097051,141.20446338533250789799,7.51836
ERR14783511,NODE_800_length_5648_cov_61.872306,gene:plasmid:139560;gene:plasmid:131376,Acetobacter orientalis,Drugs,MLS,Macrolide-resistant_23S_rRNA_mutation,MLS23S,CIA ?,61.872306,12097051,141.20446338533250789799,36.2217
ERR14783511,NODE_800_length_5648_cov_61.872306,gene:plasmid:139560;gene:plasmid:131376,Acetobacter ghanensis,Drugs,Aminoglycosides,Aminoglycoside-resistant_16S_ribosomal_subunit_protein,A16S,CIA,61.872306,12097051,141.20446338533250789799,36.2217
ERR14783511,NODE_257_length_21320_cov_9.093757,gene:proph:184195;gene:proph:184194;gene:proph:184236,Pseudomonas saxonica,Biocides,Multi-biocide_resistance,Multi-biocide_RND_efflux_pump,EMHB,0,9.093757,12097051,141.20446338533250789799,5.32372
ERR14783511,NODE_257_length_21320_cov_9.093757,gene:proph:184195;gene:proph:184194;gene:proph:184236,Pseudomonas saxonica,Multi-compound,Drug_and_biocide_resistance,Drug_and_biocide_RND_efflux_pumps,EMHC,0,9.093757,12097051,141.20446338533250789799,5.32372
ERR14783512,NODE_14_length_183158_cov_74.409789,gene:plasmid:115548;gene:proph:184192;gene:proph:184193,Pseudomonas brenneri,Multi-compound,Drug_and_biocide_resistance,Drug_and_biocide_RND_efflux_pumps,MEXK,CIA,74.409789,16129285,145.01033083611579806544,31.8138
ERR14783512,NODE_84_length_43549_cov_84.502948,gene:plasmid:138489,Pseudomonas brenneri,Drugs,Elfamycins,EF-Tu_inhibition,TUFAB,NA,84.502948,16129285,145.01033083611579806544,36.1292
ERR14783512,NODE_84_length_43549_cov_84.502948,gene:plasmid:138489,Pseudomonas sp. FP453,Drugs,Elfamycins,EF-Tu_inhibition,TUFAB,NA,84.502948,16129285,145.01033083611579806544,36.1292
ERR14783512,NODE_685_length_4401_cov_2.379504,gene:plasmid:139560;gene:plasmid:131185,Acetobacter orientalis,Drugs,Aminoglycosides,Aminoglycoside-resistant_16S_ribosomal_subunit_protein,A16S,CIA,2.379504,16129285,145.01033083611579806544,1.01735
ERR14783512,NODE_623_length_4864_cov_23.909014,gene:plasmid:141403,Bacillus cereus,Drugs,Elfamycins,EF-Tu_inhibition,TUFAB,NA,23.909014,16129285,145.01033083611579806544,10.2223
ERR14783512,NODE_623_length_4864_cov_23.909014,gene:plasmid:141403,Bacillus mycoides,Drugs,Elfamycins,EF-Tu_inhibition,TUFAB,NA,23.909014,16129285,145.01033083611579806544,10.2223
ERR14783512,NODE_24_length_142166_cov_98.510198,gene:plasmid:145291;gene:plasmid:157593,Pseudomonas brenneri,Drugs,Fluoroquinolones,Fluoroquinolone-resistant_DNA_topoisomerases,GYRB,HPCIA,98.510198,16129285,145.01033083611579806544,42.1179
ERR14783512,NODE_3_length_296946_cov_70.194519,gene:plasmid:146294;gene:plasmid:21628;gene:plasmid:154791,Pseudomonas brenneri,Biocides,Multi-biocide_resistance,Multi-biocide_ABC_efflux_pump,SMRA,0,70.194519,16129285,145.01033083611579806544,30.0116
ERR14783512,NODE_37_length_98452_cov_51.105731,gene:plasmid:20371;gene:plasmid:20600;gene:plasmid:20598;gene:plasmid:20597,Pseudomonas brenneri,Drugs,Multi-drug_resistance,Multi-drug_RND_efflux_pumps,MUXB,CIA,51.105731,16129285,145.01033083611579806544,21.8502
ERR14783512,NODE_37_length_98452_cov_51.105731,gene:plasmid:20371;gene:plasmid:20600;gene:plasmid:20598;gene:plasmid:20597,Pseudomonas brenneri,Multi-compound,Drug_and_biocide_resistance,Drug_and_biocide_RND_efflux_pumps,MEXD1,0,51.105731,16129285,145.01033083611579806544,21.8502
ERR14783512,NODE_5_length_256104_cov_66.984295,gene:plasmid:21134;gene:plasmid:26360,Pseudomonas brenneri,Multi-compound,Drug_and_biocide_resistance,Drug_and_biocide_MATE_efflux_pumps,PMPM,HPCIA,66.984295,16129285,145.01033083611579806544,28.6391
ERR14783512,NODE_18_length_163493_cov_88.843841,gene:plasmid:22061;gene:plasmid:124575,Pseudomonas brenneri,Multi-compound,Biocide_and_metal_resistance,Biocide_and_metal_resistance_protein,RUVB,0,88.843841,16129285,145.01033083611579806544,37.9851
ERR14783512,NODE_52_length_75242_cov_93.334314,gene:plasmid:22062;gene:plasmid:116567,Pseudomonas brenneri,Biocides,Phenolic_compound_resistance,Phenolic_RND_efflux_pump,TRIC,0,93.334314,16129285,145.01033083611579806544,39.905
ERR14783512,NODE_20_length_157734_cov_86.951544,gene:plasmid:28506;gene:plasmid:116643;gene:plasmid:20845;gene:plasmid:22605,Pseudomonas brenneri,Drugs,Aminocoumarins,Aminocoumarin-resistant_DNA_topoisomerases,PARE,Not medically important,86.951544,16129285,145.01033083611579806544,37.176
ERR14783512,NODE_20_length_157734_cov_86.951544,gene:plasmid:28506;gene:plasmid:116643;gene:plasmid:20845;gene:plasmid:22605,Pseudomonas brenneri,Drugs,Multi-drug_resistance,Multi-drug_RND_efflux_pumps,OPMH,NA,86.951544,16129285,145.01033083611579806544,37.176
ERR14783512,NODE_20_length_157734_cov_86.951544,gene:plasmid:28506;gene:plasmid:116643;gene:plasmid:20845;gene:plasmid:22605,Pseudomonas brenneri,Drugs,Fluoroquinolones,Fluoroquinolone-resistant_DNA_topoisomerases,PARC,HPCIA,86.951544,16129285,145.01033083611579806544,37.176
ERR14783512,NODE_139_length_25843_cov_69.775432,gene:plasmid:85950,Pseudomonas brenneri,Biocides,Peroxide_resistance,peroxide_resistance_protein,SODB,0,69.775432,16129285,145.01033083611579806544,29.8324
ERR14783519,NODE_1939_length_3441_cov_2.155401,gene:plasmid:131373,Leuconostoc mesenteroides,Drugs,Aminoglycosides,Aminoglycoside-resistant_16S_ribosomal_subunit_protein,A16S,CIA,2.155401,6573731,144.97358927525327702031,2.26166
ERR14783519,NODE_15_length_113354_cov_2.718777,gene:plasmid:139560;gene:plasmid:131185,Acetobacter orientalis,Drugs,MLS,Macrolide-resistant_23S_rRNA_mutation,MLS23S,CIA ?,2.718777,6573731,144.97358927525327702031,2.85281
ERR14783519,NODE_15_length_113354_cov_2.718777,gene:plasmid:139560;gene:plasmid:131185,Acetobacter orientalis,Drugs,Aminoglycosides,Aminoglycoside-resistant_16S_ribosomal_subunit_protein,A16S,CIA,2.718777,6573731,144.97358927525327702031,2.85281
ERR14783521,NODE_569_length_5531_cov_22.021281,gene:plasmid:131373,Leuconostoc mesenteroides,Drugs,Aminoglycosides,Aminoglycoside-resistant_16S_ribosomal_subunit_protein,A16S,CIA,22.021281,28475007,145.48400799339575228199,5.31574
ERR14783521,NODE_569_length_5531_cov_22.021281,gene:plasmid:131373,Leuconostoc mesenteroides,Drugs,Oxazolidinone,Oxazolidinone-resistant_23S_rRNA_mutation,O23S,Authorized for use in humans only,22.021281,28475007,145.48400799339575228199,5.31574
ERR14783521,NODE_40_length_108592_cov_4.020375,gene:plasmid:139560;gene:plasmid:131376,Acetobacter orientalis,Drugs,MLS,Macrolide-resistant_23S_rRNA_mutation,MLS23S,CIA ?,4.020375,28475007,145.48400799339575228199,0.970482
ERR14783521,NODE_40_length_108592_cov_4.020375,gene:plasmid:139560;gene:plasmid:131376,other,Drugs,Aminoglycosides,Aminoglycoside-resistant_16S_ribosomal_subunit_protein,A16S,CIA,4.020375,28475007,145.48400799339575228199,0.970482
ERR14783521,NODE_2_length_918619_cov_31.335965,gene:proph:163818;gene:plasmid:134726;gene:plasmid:134726,Hafnia paralvei,Multi-compound,Drug_and_biocide_resistance,Drug_and_biocide_MFS_efflux_pumps,EMRB,HPCIA,31.335965,28475007,145.48400799339575228199,7.56422
ERR14783521,NODE_2_length_918619_cov_31.335965,gene:proph:163818;gene:plasmid:134726;gene:plasmid:134726,Hafnia paralvei,Drugs,betalactams,Mutant_porin_proteins,OMP36,Authorized for use in humans only,31.335965,28475007,145.48400799339575228199,7.56422
ERR14783521,NODE_1_length_1309067_cov_28.303480,gene:proph:168063;gene:plasmid:119512;gene:plasmid:119478;gene:vir:108429,Hafnia paralvei,Drugs,Fluoroquinolones,Fluoroquinolone-resistant_DNA_topoisomerases,GYRA,HPCIA,28.303480,28475007,145.48400799339575228199,6.8322
ERR14783521,NODE_1_length_1309067_cov_28.303480,gene:proph:168063;gene:plasmid:119512;gene:plasmid:119478;gene:vir:108429,Hafnia paralvei,Multi-compound,Drug_and_biocide_resistance,Drug_and_biocide_RND_efflux_pumps,ACRB,Authorized for use in humans only ?,28.303480,28475007,145.48400799339575228199,6.8322
ERR14783521,NODE_1_length_1309067_cov_28.303480,gene:proph:168063;gene:plasmid:119512;gene:plasmid:119478;gene:vir:108429,Hafnia paralvei,Drugs,betalactams,Mutant_porin_proteins,OMP36,Authorized for use in humans only,28.303480,28475007,145.48400799339575228199,6.8322
ERR14783521,NODE_4_length_400355_cov_44.247564,gene:proph:169074;gene:proph:169075,AF180954 Hafnia alvei,Drugs,betalactams,Class_C_betalactamases,ACC,HIA ?,44.247564,28475007,145.48400799339575228199,10.681
ERR14783521,NODE_4_length_400355_cov_44.247564,gene:proph:169074;gene:proph:169075,AF180954 Hafnia alvei,Drugs,Aminoglycosides,Aminoglycoside-resistant_16S_ribosomal_subunit_protein,RPSL,CIA,44.247564,28475007,145.48400799339575228199,10.681
ERR14783521,NODE_4_length_400355_cov_44.247564,gene:proph:169074;gene:proph:169075,AF180954 Hafnia alvei,Drugs,Aminoglycosides,Aminoglycoside-resistant_16S_ribosomal_subunit_protein,RPSL,CIA,44.247564,28475007,145.48400799339575228199,10.681
ERR14783521,NODE_132_length_34475_cov_41.394928,gene:proph:176835;gene:plasmid:123887,Hafnia paralvei,Drugs,Elfamycins,EF-Tu_inhibition,TUFAB,NA,41.394928,28475007,145.48400799339575228199,9.99236
ERR14783521,NODE_132_length_34475_cov_41.394928,gene:proph:176835;gene:plasmid:123887,Hafnia paralvei,Drugs,Rifampin,Rifampin-resistant_beta-subunit_of_RNA_polymerase_RpoB,RPOB,CIA,41.394928,28475007,145.48400799339575228199,9.99236
ERR14783521,NODE_3_length_455292_cov_261.619206,gene:vir:4019;gene:vir:1043;gene:vir:1042;ICEberg|404|Tn5301|GenBank|S54034|1..515;gene:plasmid:135980;gene:plasmid:135959;gene:vir:4021;gene:vir:4022;gene:proph:183100;gene:proph:183258;gene:vir:94760,Lactococcus cremoris,Drugs,Multi-drug_resistance,Multi-drug_ABC_efflux_pumps,LMRD,HIA,261.619206,28475007,145.48400799339575228199,63.1525
ERR14783522,NODE_19_length_82448_cov_2.668262,gene:plasmid:117290,Leuconostoc mesenteroides,Drugs,Oxazolidinone,Oxazolidinone-resistant_23S_rRNA_mutation,O23S,Authorized for use in humans only,2.668262,1721188,141.57759291837963081313,10.9498
ERR14783522,NODE_2_length_724414_cov_8.039236,gene:plasmid:119512;gene:plasmid:119478,Hafnia paralvei,Drugs,Fluoroquinolones,Fluoroquinolone-resistant_DNA_topoisomerases,GYRA,HPCIA,8.039236,1721188,141.57759291837963081313,32.9907
ERR14783522,NODE_1_length_918564_cov_8.666964,gene:proph:163818;gene:plasmid:134726;gene:plasmid:134726,Hafnia paralvei,Multi-compound,Drug_and_biocide_resistance,Drug_and_biocide_MFS_efflux_pumps,EMRB,HPCIA,8.666964,1721188,141.57759291837963081313,35.5667
ERR14783522,NODE_1_length_918564_cov_8.666964,gene:proph:163818;gene:plasmid:134726;gene:plasmid:134726,Hafnia paralvei,Drugs,betalactams,Mutant_porin_proteins,OMP36,Authorized for use in humans only,8.666964,1721188,141.57759291837963081313,35.5667
ERR14783522,NODE_4_length_371546_cov_11.295553,gene:proph:169074;gene:proph:169075,AF180954 Hafnia alvei,Drugs,Elfamycins,EF-Tu_inhibition,TUFAB,NA,11.295553,1721188,141.57759291837963081313,46.3537
ERR14783522,NODE_4_length_371546_cov_11.295553,gene:proph:169074;gene:proph:169075,AF180954 Hafnia alvei,Drugs,betalactams,Class_C_betalactamases,ACC,HIA ?,11.295553,1721188,141.57759291837963081313,46.3537
ERR14783522,NODE_40_length_34475_cov_10.536392,gene:proph:176835;gene:plasmid:123887,Hafnia paralvei,Drugs,Elfamycins,EF-Tu_inhibition,TUFAB,NA,10.536392,1721188,141.57759291837963081313,43.2383
ERR14783522,NODE_40_length_34475_cov_10.536392,gene:proph:176835;gene:plasmid:123887,Hafnia paralvei,Drugs,Rifampin,Rifampin-resistant_beta-subunit_of_RNA_polymerase_RpoB,RPOB,CIA,10.536392,1721188,141.57759291837963081313,43.2383
ERR14783522,NODE_3_length_715253_cov_7.382189,gene:vir:108429;gene:proph:176833;gene:proph:168063,Hafnia paralvei,Drugs,betalactams,Mutant_porin_proteins,OMP36,Authorized for use in humans only,7.382189,1721188,141.57759291837963081313,30.2944
ERR14783523,NODE_436_length_5339_cov_23.106677,gene:plasmid:131373,Leuconostoc mesenteroides,Drugs,Aminoglycosides,Aminoglycoside-resistant_16S_ribosomal_subunit_protein,A16S,CIA,23.106677,2592769,145.59780489507549650585,61.2095
ERR14783523,NODE_436_length_5339_cov_23.106677,gene:plasmid:131373,Leuconostoc mesenteroides,Drugs,Oxazolidinone,Oxazolidinone-resistant_23S_rRNA_mutation,O23S,Authorized for use in humans only,23.106677,2592769,145.59780489507549650585,61.2095
ERR14783524,NODE_14_length_243900_cov_4.097919,gene:plasmid:119512;gene:plasmid:119478,Hafnia paralvei,Drugs,Fluoroquinolones,Fluoroquinolone-resistant_DNA_topoisomerases,GYRA,HPCIA,4.097919,32711253,146.05310759572554435624,0.857739
ERR14783524,NODE_173_length_29046_cov_24.478094,gene:plasmid:123887,Pseudomonas sp. S2_B10,Drugs,Elfamycins,EF-Tu_inhibition,TUFAB,NA,24.478094,32711253,146.05310759572554435624,5.12353
ERR14783524,NODE_5_length_395480_cov_4.148832,gene:plasmid:134726;gene:plasmid:134726;gene:proph:163818,Hafnia paralvei,Drugs,betalactams,Mutant_porin_proteins,OMP36,Authorized for use in humans only,4.148832,32711253,146.05310759572554435624,0.868396
ERR14783524,NODE_1034_length_5342_cov_517.616107,gene:plasmid:139560,Acetobacter orientalis,Drugs,Aminoglycosides,Aminoglycoside-resistant_16S_ribosomal_subunit_protein,A16S,CIA,517.616107,32711253,146.05310759572554435624,108.343
ERR14783524,NODE_1034_length_5342_cov_517.616107,gene:plasmid:139560,Leuconostoc mesenteroides,Drugs,Oxazolidinone,Oxazolidinone-resistant_23S_rRNA_mutation,O23S,Authorized for use in humans only,517.616107,32711253,146.05310759572554435624,108.343
ERR14783524,NODE_70_length_72815_cov_12.152680,gene:plasmid:149414,Lelliottia amnigena,Biocides,Paraquat_resistance,Paraquat_resistance_protein,NMPC,0,12.152680,32711253,146.05310759572554435624,2.54369
ERR14783524,NODE_19_length_207922_cov_22.593455,gene:plasmid:153902;gene:plasmid:153905;gene:plasmid:153906;gene:plasmid:147501;gene:plasmid:147500;gene:plasmid:139674,Citrobacter freundii,Drugs,Elfamycins,EF-Tu_inhibition,TUFAB,NA,22.593455,32711253,146.05310759572554435624,4.72906
ERR14783524,NODE_19_length_207922_cov_22.593455,gene:plasmid:153902;gene:plasmid:153905;gene:plasmid:153906;gene:plasmid:147501;gene:plasmid:147500;gene:plasmid:139674,Citrobacter freundii,Drugs,Aminoglycosides,Aminoglycoside-resistant_16S_ribosomal_subunit_protein,RPSL,CIA,22.593455,32711253,146.05310759572554435624,4.72906
ERR14783524,NODE_19_length_207922_cov_22.593455,gene:plasmid:153902;gene:plasmid:153905;gene:plasmid:153906;gene:plasmid:147501;gene:plasmid:147500;gene:plasmid:139674,Citrobacter freundii,Multi-compound,Drug_and_biocide_resistance,Drug_and_biocide_RND_efflux_regulator,CRP,Authorized for use in humans only ,22.593455,32711253,146.05310759572554435624,4.72906
ERR14783524,NODE_29_length_157947_cov_10.921499,gene:plasmid:154014,Lelliottia amnigena,Multi-compound,Drug_and_biocide_resistance,Drug_and_biocide_RND_efflux_pumps,OQXB,Authorized for use in humans only ?,10.921499,32711253,146.05310759572554435624,2.28599
ERR14783524,NODE_29_length_157947_cov_10.921499,gene:plasmid:154014,Lelliottia amnigena,Biocides,Paraquat_resistance,Paraquat_resistance_protein,NMPC,0,10.921499,32711253,146.05310759572554435624,2.28599
ERR14783524,NODE_29_length_157947_cov_10.921499,gene:plasmid:154014,Lelliottia amnigena,Multi-compound,Biocide_and_metal_resistance,Biocide_and_metal_resistance_protein,TEHB,0,10.921499,32711253,146.05310759572554435624,2.28599
ERR14783524,NODE_53_length_95046_cov_17.373929,gene:plasmid:93398;gene:plasmid:93399,Lelliottia amnigena,Multi-compound,Drug_and_biocide_resistance,Drug_and_biocide_RND_efflux_pumps,ACRB,Authorized for use in humans only ?,17.373929,32711253,146.05310759572554435624,3.63655
ERR14783524,NODE_53_length_95046_cov_17.373929,gene:plasmid:93398;gene:plasmid:93399,Lelliottia amnigena,Multi-compound,Drug_and_biocide_resistance,Drug_and_biocide_RND_efflux_pumps,ACRB,Authorized for use in humans only ?,17.373929,32711253,146.05310759572554435624,3.63655
ERR14783524,NODE_53_length_95046_cov_17.373929,gene:plasmid:93398;gene:plasmid:93399,Lelliottia amnigena,Biocides,Multi-biocide_resistance,Multi-biocide_ABC_efflux_pump,SMDB,0,17.373929,32711253,146.05310759572554435624,3.63655
ERR14783524,NODE_10_length_280337_cov_20.151451,gene:plasmid:93495,Lelliottia amnigena,Biocides,Acetate_resistance,Acetate_resistance_protein,LPDT,0,20.151451,32711253,146.05310759572554435624,4.21792
ERR14783524,NODE_3_length_424803_cov_15.782074,gene:proph:163818,Pantoea agglomerans,Drugs,betalactams,Mutant_porin_proteins,OMPA,Authorized for use in humans only ?,15.782074,32711253,146.05310759572554435624,3.30336
ERR14783524,NODE_3_length_424803_cov_15.782074,gene:proph:163818,Lelliottia amnigena,Drugs,Multi-drug_resistance,MDR_mutant_porin_proteins,OMPF,Authorized for use in humans only ,15.782074,32711253,146.05310759572554435624,3.30336
ERR14783524,NODE_4_length_400354_cov_6.398319,gene:proph:169074;gene:proph:169075,AF180954 Hafnia alvei,Drugs,Elfamycins,EF-Tu_inhibition,TUFAB,NA,6.398319,32711253,146.05310759572554435624,1.33924
ERR14783524,NODE_4_length_400354_cov_6.398319,gene:proph:169074;gene:proph:169075,Hafnia paralvei,Drugs,betalactams,Class_C_betalactamases,ACC,HIA ?,6.398319,32711253,146.05310759572554435624,1.33924
ERR14783524,NODE_4_length_400354_cov_6.398319,gene:proph:169074;gene:proph:169075,AF180954 Hafnia alvei,Drugs,Aminoglycosides,Aminoglycoside-resistant_16S_ribosomal_subunit_protein,RPSL,CIA,6.398319,32711253,146.05310759572554435624,1.33924
ERR14783524,NODE_16_length_234128_cov_13.844249,gene:proph:169464;gene:proph:169512;gene:plasmid:125744,Lelliottia amnigena,Biocides,Phenolic_compound_resistance,Triclosan-resistant_mutation,FABG,0,13.844249,32711253,146.05310759572554435624,2.89775
ERR14783524,NODE_2_length_429441_cov_3.847049,gene:proph:176833,Acinetobacter guillouiae,Drugs,Elfamycins,EF-Tu_inhibition,TUFAB,NA,3.847049,32711253,146.05310759572554435624,0.80523
ERR14783524,NODE_36_length_122284_cov_24.865386,gene:proph:176833;gene:proph:176835,Lelliottia amnigena,Drugs,Lipopeptides,Colistin_phosphoethanolamine_transferase,EPTB,NA,24.865386,32711253,146.05310759572554435624,5.2046
ERR14783524,NODE_152_length_34475_cov_5.777658,gene:proph:176835;gene:plasmid:123887,Hafnia paralvei,Drugs,Elfamycins,EF-Tu_inhibition,TUFAB,NA,5.777658,32711253,146.05310759572554435624,1.20933
ERR14783524,NODE_152_length_34475_cov_5.777658,gene:proph:176835;gene:plasmid:123887,Hafnia paralvei,Drugs,Rifampin,Rifampin-resistant_beta-subunit_of_RNA_polymerase_RpoB,RPOB,CIA,5.777658,32711253,146.05310759572554435624,1.20933
ERR14783524,NODE_22_length_185150_cov_16.190333,gene:proph:183597;gene:proph:183598,Lelliottia amnigena,Drugs,Fosfomycin,Fosfomycin_target_mutation,PTSL,HPCIA,16.190333,32711253,146.05310759572554435624,3.38881
ERR14783524,NODE_22_length_185150_cov_16.190333,gene:proph:183597;gene:proph:183598,Lelliottia amnigena,Multi-compound,Drug_and_biocide_and_metal_resistance,Drug_and_biocide_and_metal_RND_efflux_pumps,ACRD,CIA,16.190333,32711253,146.05310759572554435624,3.38881
ERR14783524,NODE_8_length_342076_cov_3.546602,gene:vir:108429;gene:proph:168063,Hafnia alvei,Drugs,betalactams,Mutant_porin_proteins,OMP36,Authorized for use in humans only,3.546602,32711253,146.05310759572554435624,0.742343
ERR14783524,NODE_27_length_173262_cov_25.455644,pENTAS02_1__CP003028,Lelliottia amnigena,Biocides,Biguanide_resistance,Biguanide_cation_efflux,CEPAB,0,25.455644,32711253,146.05310759572554435624,5.32815
ERR14783524,NODE_27_length_173262_cov_25.455644,pENTAS02_1__CP003028,Lelliottia amnigena,Biocides,Multi-biocide_resistance,Multi-biocide_resistance_regulator,OXYRKP,0,25.455644,32711253,146.05310759572554435624,5.32815
ERR14783530,NODE_962_length_8404_cov_6.374169,gene:plasmid:123887,Pseudomonas helleri,Drugs,Rifampin,Rifampin-resistant_beta-subunit_of_RNA_polymerase_RpoB,RPOB,CIA,6.374169,39550605,147.48691227352906485248,1.09274
ERR14783530,NODE_327_length_26295_cov_80.134898,gene:plasmid:123887,Pseudomonas lundensis,Drugs,Rifampin,Rifampin-resistant_beta-subunit_of_RNA_polymerase_RpoB,RPOB,CIA,80.134898,39550605,147.48691227352906485248,13.7377
ERR14783530,NODE_45_length_95888_cov_5.925408,gene:plasmid:125744,Pseudomonas lundensis,Multi-compound,Biocide_and_metal_resistance,Biocide_and_metal_resistance_protein,RUVB,0,5.925408,39550605,147.48691227352906485248,1.01581
ERR14783530,NODE_1850_length_3704_cov_127.413755,gene:plasmid:131373,Leuconostoc mesenteroides,Drugs,Aminoglycosides,Aminoglycoside-resistant_16S_ribosomal_subunit_protein,A16S,CIA,127.413755,39550605,147.48691227352906485248,21.8429
ERR14783530,NODE_4_length_225339_cov_3.178019,gene:plasmid:134485,Pseudomonas lundensis,Drugs,Cationic_antimicrobial_peptides,Polymyxin_B_resistance_regulator,ARNA,HPCIA,3.178019,39550605,147.48691227352906485248,0.544816
ERR14783530,NODE_368_length_24121_cov_2.338585,gene:plasmid:134731;gene:plasmid:139560;gene:plasmid:131376,Acetobacter orientalis,Drugs,MLS,Macrolide-resistant_23S_rRNA_mutation,MLS23S,CIA ?,2.338585,39550605,147.48691227352906485248,0.40091
ERR14783530,NODE_368_length_24121_cov_2.338585,gene:plasmid:134731;gene:plasmid:139560;gene:plasmid:131376,Acetobacter orientalis,Drugs,Aminoglycosides,Aminoglycoside-resistant_16S_ribosomal_subunit_protein,A16S,CIA,2.338585,39550605,147.48691227352906485248,0.40091
ERR14783530,NODE_96_length_62275_cov_4.477554,gene:plasmid:21021,Pseudomonas sp. SD17-1,Multi-compound,Drug_and_biocide_resistance,Drug_and_biocide_RND_efflux_pumps,TTGB,NA,4.477554,39550605,147.48691227352906485248,0.767599
ERR14783530,NODE_96_length_62275_cov_4.477554,gene:plasmid:21021,Pseudomonas lundensis,Drugs,Lipopeptides,Colistin-resistant_mutant,PHOP,HPCIA,4.477554,39550605,147.48691227352906485248,0.767599
ERR14783530,NODE_735_length_11829_cov_57.478978,gene:plasmid:28516,Pseudomonas fragi,Drugs,Aminocoumarins,Aminocoumarin-resistant_DNA_topoisomerases,PARE,Not medically important,57.478978,39550605,147.48691227352906485248,9.85377
ERR14783530,NODE_84_length_67997_cov_4.808177,gene:proph:175950;gene:proph:175953;gene:proph:175954;gene:proph:184195;gene:proph:184194;gene:proph:184236;gene:proph:175955,Pseudomonas lundensis,Biocides,Multi-biocide_resistance,Multi-biocide_RND_efflux_pump,EMHB,0,4.808177,39550605,147.48691227352906485248,0.824278
ERR14783530,NODE_84_length_67997_cov_4.808177,gene:proph:175950;gene:proph:175953;gene:proph:175954;gene:proph:184195;gene:proph:184194;gene:proph:184236;gene:proph:175955,Pseudomonas lundensis,Multi-compound,Drug_and_biocide_resistance,Drug_and_biocide_RND_efflux_pumps,EMHC,0,4.808177,39550605,147.48691227352906485248,0.824278
ERR14783530,NODE_211_length_36346_cov_52.621110,gene:proph:175950;gene:proph:175953;gene:proph:184236;gene:proph:175955;gene:proph:184195;gene:proph:184194,Pseudomonas fragi,Biocides,Multi-biocide_resistance,Multi-biocide_RND_efflux_pump,EMHB,0,52.621110,39550605,147.48691227352906485248,9.02097
ERR14783530,NODE_211_length_36346_cov_52.621110,gene:proph:175950;gene:proph:175953;gene:proph:184236;gene:proph:175955;gene:proph:184195;gene:proph:184194,Pseudomonas fragi,Multi-compound,Drug_and_biocide_resistance,Drug_and_biocide_RND_efflux_pumps,EMHC,0,52.621110,39550605,147.48691227352906485248,9.02097
ERR14783530,NODE_2_length_294581_cov_391.057751,ICEberg|404|Tn5301|GenBank|S54034|1..515,Lactococcus cremoris,Drugs,Multi-drug_resistance,Multi-drug_ABC_efflux_pumps,LMRD,HIA,391.057751,39550605,147.48691227352906485248,67.04
ERR14783532,NODE_39_length_43118_cov_4.140215,gene:plasmid:29997;gene:plasmid:29994;gene:plasmid:29990;gene:plasmid:29991;gene:plasmid:29993;gene:plasmid:29995;gene:plasmid:29996,Pseudomonas aeruginosa,Multi-compound,Drug_and_biocide_resistance,Drug_and_biocide_RND_efflux_pumps,MEXD1,0,4.140215,3114363,139.75608976859794442715,9.51224
ERR14783532,NODE_134_length_20344_cov_6.282139,gene:plasmid:89528,Pseudomonas helleri,Drugs,Multi-drug_resistance,Multi-drug_RND_efflux_pumps,OPMH,NA,6.282139,3114363,139.75608976859794442715,14.4334
ERR14783538,NODE_13_length_274343_cov_24.475151,gene:plasmid:115070;gene:plasmid:21021,Pseudomonas azotoformans,Multi-compound,Drug_and_biocide_resistance,Drug_and_biocide_RND_efflux_regulator,CPXAR,CIA ,24.475151,13148473,148.60406740767540078608,12.5262
ERR14783538,NODE_13_length_274343_cov_24.475151,gene:plasmid:115070;gene:plasmid:21021,Pseudomonas azotoformans,Biocides,Peroxide_resistance,peroxide_resistance_protein,SODB,0,24.475151,13148473,148.60406740767540078608,12.5262
ERR14783538,NODE_15_length_270034_cov_23.594134,gene:plasmid:115548;gene:proph:184192;gene:proph:184193;gene:plasmid:20884,Pseudomonas azotoformans,Multi-compound,Drug_and_biocide_resistance,Drug_and_biocide_RND_efflux_pumps,TTGB,NA,23.594134,13148473,148.60406740767540078608,12.0753
ERR14783538,NODE_15_length_270034_cov_23.594134,gene:plasmid:115548;gene:proph:184192;gene:proph:184193;gene:plasmid:20884,Pseudomonas sp. AC109,Biocides,Multi-biocide_resistance,Multi-biocide_RND_efflux_pump,EMHA,0,23.594134,13148473,148.60406740767540078608,12.0753
ERR14783538,NODE_15_length_270034_cov_23.594134,gene:plasmid:115548;gene:proph:184192;gene:proph:184193;gene:plasmid:20884,Pseudomonas sp. AC109,Multi-compound,Drug_and_biocide_resistance,Drug_and_biocide_RND_efflux_pumps,EMHC,0,23.594134,13148473,148.60406740767540078608,12.0753
ERR14783538,NODE_88_length_100431_cov_12.810197,gene:plasmid:115548;gene:proph:184192;gene:proph:184193;gene:plasmid:21089,Pseudomonas sp. FP2294,Multi-compound,Drug_and_biocide_resistance,Drug_and_biocide_RND_efflux_pumps,TTGB,NA,12.810197,13148473,148.60406740767540078608,6.55616
ERR14783538,NODE_88_length_100431_cov_12.810197,gene:plasmid:115548;gene:proph:184192;gene:proph:184193;gene:plasmid:21089,Pseudomonas sp. FP2294,Biocides,Multi-biocide_resistance,Multi-biocide_RND_efflux_pump,EMHA,0,12.810197,13148473,148.60406740767540078608,6.55616
ERR14783538,NODE_88_length_100431_cov_12.810197,gene:plasmid:115548;gene:proph:184192;gene:proph:184193;gene:plasmid:21089,Pseudomonas sp. FP2294,Multi-compound,Drug_and_biocide_resistance,Drug_and_biocide_RND_efflux_pumps,EMHC,0,12.810197,13148473,148.60406740767540078608,6.55616
ERR14783538,NODE_8_length_312548_cov_9.971055,gene:plasmid:116448;gene:plasmid:116447;gene:proph:173726,Pseudomonas rustica,Drugs,Cationic_antimicrobial_peptides,Polymyxin_B_resistance_regulator,ARNA,HPCIA,9.971055,13148473,148.60406740767540078608,5.10311
ERR14783538,NODE_8_length_312548_cov_9.971055,gene:plasmid:116448;gene:plasmid:116447;gene:proph:173726,Pseudomonas rustica,Multi-compound,Drug_and_biocide_resistance,Drug_and_biocide_RND_efflux_pumps,MEXE,HPCIA,9.971055,13148473,148.60406740767540078608,5.10311
ERR14783538,NODE_8_length_312548_cov_9.971055,gene:plasmid:116448;gene:plasmid:116447;gene:proph:173726,Pseudomonas rustica,Multi-compound,Drug_and_biocide_resistance,Drug_and_biocide_RND_efflux_pumps,MEXF,HPCIA,9.971055,13148473,148.60406740767540078608,5.10311
ERR14783538,NODE_2539_length_3439_cov_1.981884,gene:plasmid:117290,Leuconostoc mesenteroides,Drugs,Oxazolidinone,Oxazolidinone-resistant_23S_rRNA_mutation,O23S,Authorized for use in humans only,1.981884,13148473,148.60406740767540078608,1.01431
ERR14783538,NODE_294_length_34525_cov_4.638409,gene:plasmid:117746;gene:plasmid:117744;gene:plasmid:88433;gene:plasmid:88432;gene:plasmid:88431,Enterobacter hormaechei,Drugs,betalactams,Class_A_betalactamases,CTX,Authorized for use in humans only ,4.638409,13148473,148.60406740767540078608,2.3739
ERR14783538,NODE_375_length_25862_cov_3.079775,gene:plasmid:123887,Pseudomonas sp.TH21,Drugs,Elfamycins,EF-Tu_inhibition,TUFAB,NA,3.079775,13148473,148.60406740767540078608,1.57621
ERR14783538,NODE_716_length_13340_cov_34.632786,gene:plasmid:123887,Lelliottia amnigena,Drugs,Rifampin,Rifampin-resistant_beta-subunit_of_RNA_polymerase_RpoB,RPOB,CIA,34.632786,13148473,148.60406740767540078608,17.7248
ERR14783538,NODE_31_length_198850_cov_27.710008,gene:plasmid:124575;gene:plasmid:125744;gene:plasmid:21379,Pseudomonas azotoformans,Drugs,Aminocoumarins,Aminocoumarin-resistant_DNA_topoisomerases,PARE,Not medically important,27.710008,13148473,148.60406740767540078608,14.1818
ERR14783538,NODE_31_length_198850_cov_27.710008,gene:plasmid:124575;gene:plasmid:125744;gene:plasmid:21379,Pseudomonas azotoformans,Drugs,Multi-drug_resistance,Multi-drug_RND_efflux_pumps,OPMH,NA,27.710008,13148473,148.60406740767540078608,14.1818
ERR14783538,NODE_31_length_198850_cov_27.710008,gene:plasmid:124575;gene:plasmid:125744;gene:plasmid:21379,Pseudomonas azotoformans,Drugs,Fluoroquinolones,Fluoroquinolone-resistant_DNA_topoisomerases,PARC,HPCIA,27.710008,13148473,148.60406740767540078608,14.1818
ERR14783538,NODE_31_length_198850_cov_27.710008,gene:plasmid:124575;gene:plasmid:125744;gene:plasmid:21379,Pseudomonas azotoformans,Multi-compound,Biocide_and_metal_resistance,Biocide_and_metal_resistance_protein,RUVB,0,27.710008,13148473,148.60406740767540078608,14.1818
ERR14783538,NODE_52_length_150306_cov_14.597360,gene:plasmid:125744;gene:plasmid:21379,Pseudomonas shahriarae,Drugs,Aminocoumarins,Aminocoumarin-resistant_DNA_topoisomerases,PARE,Not medically important,14.597360,13148473,148.60406740767540078608,7.47082
ERR14783538,NODE_52_length_150306_cov_14.597360,gene:plasmid:125744;gene:plasmid:21379,Pseudomonas shahriarae,Drugs,Multi-drug_resistance,Multi-drug_RND_efflux_pumps,OPMH,NA,14.597360,13148473,148.60406740767540078608,7.47082
ERR14783538,NODE_52_length_150306_cov_14.597360,gene:plasmid:125744;gene:plasmid:21379,Pseudomonas shahriarae,Drugs,Fluoroquinolones,Fluoroquinolone-resistant_DNA_topoisomerases,PARC,HPCIA,14.597360,13148473,148.60406740767540078608,7.47082
ERR14783538,NODE_52_length_150306_cov_14.597360,gene:plasmid:125744;gene:plasmid:21379,Pseudomonas shahriarae,Multi-compound,Biocide_and_metal_resistance,Biocide_and_metal_resistance_protein,RUVB,0,14.597360,13148473,148.60406740767540078608,7.47082
ERR14783538,NODE_12_length_275256_cov_16.250675,gene:plasmid:134726;gene:plasmid:134726,Klebsiella grimontii,Multi-compound,Drug_and_biocide_and_metal_resistance,Drug_and_biocide_and_metal_RND_efflux_pumps,MDTC,Not medically important,16.250675,13148473,148.60406740767540078608,8.31697
ERR14783538,NODE_12_length_275256_cov_16.250675,gene:plasmid:134726;gene:plasmid:134726,Superficieibacter sp. BNK-5,Drugs,Fosfomycin,Fosfomycin_target_mutation,GLPT,HPCIA,16.250675,13148473,148.60406740767540078608,8.31697
ERR14783538,NODE_12_length_275256_cov_16.250675,gene:plasmid:134726;gene:plasmid:134726,Superficieibacter sp. BNK-5,Drugs,Fluoroquinolones,Fluoroquinolone-resistant_DNA_topoisomerases,GYRA,HPCIA,16.250675,13148473,148.60406740767540078608,8.31697
ERR14783538,NODE_12_length_275256_cov_16.250675,gene:plasmid:134726;gene:plasmid:134726,Citrobacter freundii,Multi-compound,Drug_and_biocide_and_metal_resistance,Drug_and_biocide_and_metal_RND_efflux_pumps,ACRD,CIA,16.250675,13148473,148.60406740767540078608,8.31697
ERR14783538,NODE_12_length_275256_cov_16.250675,gene:plasmid:134726;gene:plasmid:134726,Superficieibacter sp. BNK-5,Drugs,betalactams,Mutant_porin_proteins,OMP36,Authorized for use in humans only,16.250675,13148473,148.60406740767540078608,8.31697
ERR14783538,NODE_17_length_260202_cov_14.943574,gene:plasmid:136479,Pseudomonas rustica,Biocides,Phenolic_compound_resistance,Phenolic_RND_efflux_pump,TRIC,0,14.943574,13148473,148.60406740767540078608,7.64801
ERR14783538,NODE_60_length_136224_cov_17.704431,gene:plasmid:145291,Pseudomonas sp. FP2294,Drugs,Fluoroquinolones,Fluoroquinolone-resistant_DNA_topoisomerases,GYRB,HPCIA,17.704431,13148473,148.60406740767540078608,9.061
ERR14783538,NODE_27_length_221691_cov_1.943538,gene:plasmid:154014,Lelliottia amnigena,Multi-compound,Drug_and_biocide_resistance,Drug_and_biocide_RND_efflux_pumps,OQXA,Authorized for use in humans only ?,1.943538,13148473,148.60406740767540078608,0.994688
ERR14783538,NODE_27_length_221691_cov_1.943538,gene:plasmid:154014,Lelliottia amnigena,Multi-compound,Drug_and_biocide_resistance,Drug_and_biocide_RND_efflux_pumps,OQXA,Authorized for use in humans only ?,1.943538,13148473,148.60406740767540078608,0.994688
ERR14783538,NODE_27_length_221691_cov_1.943538,gene:plasmid:154014,Lelliottia amnigena,Multi-compound,Drug_and_biocide_resistance,Drug_and_biocide_RND_efflux_pumps,OQXB,Authorized for use in humans only ?,1.943538,13148473,148.60406740767540078608,0.994688
ERR14783538,NODE_28_length_219475_cov_14.036121,gene:plasmid:154077,Superficieibacter sp. BNK-5,Biocides,Acid_resistance,Acid_resistance_protein,ASR,0,14.036121,13148473,148.60406740767540078608,7.18358
ERR14783538,NODE_215_length_48291_cov_2.549871,gene:plasmid:155999,Lelliottia amnigena,Multi-compound,Drug_and_biocide_resistance,Drug_and_biocide_RND_efflux_pumps,ACRB,Authorized for use in humans only ?,2.549871,13148473,148.60406740767540078608,1.30501
ERR14783538,NODE_215_length_48291_cov_2.549871,gene:plasmid:155999,Lelliottia amnigena,Multi-compound,Drug_and_biocide_resistance,Drug_and_biocide_RND_efflux_pumps,ACRB,Authorized for use in humans only ?,2.549871,13148473,148.60406740767540078608,1.30501
ERR14783538,NODE_1_length_563756_cov_23.414597,gene:plasmid:156013;gene:plasmid:88436;gene:plasmid:21818,Superficieibacter sp. BNK-5,Drugs,Aminocoumarins,Aminocoumarin-resistant_DNA_topoisomerases,GYRBA,Not medically important,23.414597,13148473,148.60406740767540078608,11.9834
ERR14783538,NODE_1_length_563756_cov_23.414597,gene:plasmid:156013;gene:plasmid:88436;gene:plasmid:21818,Superficieibacter sp. BNK-5,Drugs,Elfamycins,EF-Tu_inhibition,TUFAB,NA,23.414597,13148473,148.60406740767540078608,11.9834
ERR14783538,NODE_1_length_563756_cov_23.414597,gene:plasmid:156013;gene:plasmid:88436;gene:plasmid:21818,Superficieibacter sp. BNK-5,Drugs,Aminoglycosides,Aminoglycoside-resistant_16S_ribosomal_subunit_protein,RPSL,CIA,23.414597,13148473,148.60406740767540078608,11.9834
ERR14783538,NODE_1_length_563756_cov_23.414597,gene:plasmid:156013;gene:plasmid:88436;gene:plasmid:21818,Superficieibacter sp. BNK-5,Multi-compound,Drug_and_biocide_resistance,Drug_and_biocide_RND_efflux_regulator,CRP,Authorized for use in humans only ,23.414597,13148473,148.60406740767540078608,11.9834
ERR14783538,NODE_48_length_154443_cov_24.217618,gene:plasmid:16162,Escherichia coli,Multi-compound,Drug_and_biocide_resistance,Drug_and_biocide_RND_efflux_regulator,CPXAR,CIA ,24.217618,13148473,148.60406740767540078608,12.3944
ERR14783538,NODE_48_length_154443_cov_24.217618,gene:plasmid:16162,Superficieibacter sp. BNK-5,Multi-compound,Drug_and_biocide_resistance,Drug_and_biocide_RND_efflux_regulator,CPXAR,CIA ,24.217618,13148473,148.60406740767540078608,12.3944
ERR14783538,NODE_48_length_154443_cov_24.217618,gene:plasmid:16162,Superficieibacter sp. BNK-5,Biocides,Biguanide_resistance,Biguanide_cation_efflux,CEPAB,0,24.217618,13148473,148.60406740767540078608,12.3944
ERR14783538,NODE_48_length_154443_cov_24.217618,gene:plasmid:16162,Superficieibacter sp. BNK-5,Biocides,Multi-biocide_resistance,Multi-biocide_resistance_regulator,OXYRKP,0,24.217618,13148473,148.60406740767540078608,12.3944
ERR14783538,NODE_48_length_154443_cov_24.217618,gene:plasmid:16162,Superficieibacter sp. BNK-5,Biocides,Peroxide_resistance,peroxide_resistance_protein,SODA,0,24.217618,13148473,148.60406740767540078608,12.3944
ERR14783538,NODE_9_length_310071_cov_23.159519,gene:plasmid:21134;gene:plasmid:26360,Pseudomonas azotoformans,Drugs,Lipopeptides,Colistin-resistant_mutant,PHOP,HPCIA,23.159519,13148473,148.60406740767540078608,11.8529
ERR14783538,NODE_441_length_21734_cov_2.153885,gene:plasmid:21535,Pseudomonas rhodesiae,Multi-compound,Drug_and_biocide_resistance,Drug_and_biocide_RND_efflux_pumps,EMHC,0,2.153885,13148473,148.60406740767540078608,1.10234
ERR14783538,NODE_11_length_304081_cov_14.175563,gene:plasmid:22061;gene:plasmid:124575;gene:plasmid:130030,Pseudomonas rustica,Drugs,Aminocoumarins,Aminocoumarin-resistant_DNA_topoisomerases,PARE,Not medically important,14.175563,13148473,148.60406740767540078608,7.25495
ERR14783538,NODE_11_length_304081_cov_14.175563,gene:plasmid:22061;gene:plasmid:124575;gene:plasmid:130030,Pseudomonas rustica,Drugs,Fluoroquinolones,Fluoroquinolone-resistant_DNA_topoisomerases,PARC,HPCIA,14.175563,13148473,148.60406740767540078608,7.25495
ERR14783538,NODE_11_length_304081_cov_14.175563,gene:plasmid:22061;gene:plasmid:124575;gene:plasmid:130030,Pseudomonas rustica,Multi-compound,Biocide_and_metal_resistance,Biocide_and_metal_resistance_protein,RUVB,0,14.175563,13148473,148.60406740767540078608,7.25495
ERR14783538,NODE_35_length_185784_cov_28.350609,gene:plasmid:22062;gene:plasmid:139048,Pseudomonas azotoformans,Biocides,Phenolic_compound_resistance,Phenolic_RND_efflux_pump,TRIC,0,28.350609,13148473,148.60406740767540078608,14.5096
ERR14783538,NODE_39_length_172945_cov_12.105637,gene:plasmid:23148;gene:plasmid:87776,Pseudomonas sp. AC193,Drugs,Lipopeptides,Colistin-resistant_mutant,PHOP,HPCIA,12.105637,13148473,148.60406740767540078608,6.19558
ERR14783538,NODE_10_length_309233_cov_17.619506,gene:plasmid:93398,Superficieibacter sp. BNK-5,Multi-compound,Drug_and_biocide_resistance,Drug_and_biocide_RND_efflux_pumps,ACRB,Authorized for use in humans only ?,17.619506,13148473,148.60406740767540078608,9.01753
ERR14783538,NODE_10_length_309233_cov_17.619506,gene:plasmid:93398,Superficieibacter sp. BNK-5,Multi-compound,Drug_and_biocide_resistance,Drug_and_biocide_RND_efflux_pumps,ACRB,Authorized for use in humans only ?,17.619506,13148473,148.60406740767540078608,9.01753
ERR14783538,NODE_10_length_309233_cov_17.619506,gene:plasmid:93398,Superficieibacter sp. BNK-5,Biocides,Multi-biocide_resistance,Multi-biocide_ABC_efflux_pump,SMDA,0,17.619506,13148473,148.60406740767540078608,9.01753
ERR14783538,NODE_29_length_215416_cov_2.835287,gene:plasmid:93482;gene:plasmid:93475,Lelliottia amnigena,Drugs,Aminocoumarins,Aminocoumarin-resistant_DNA_topoisomerases,PARE,Not medically important,2.835287,13148473,148.60406740767540078608,1.45108
ERR14783538,NODE_29_length_215416_cov_2.835287,gene:plasmid:93482;gene:plasmid:93475,Lelliottia amnigena,Drugs,Fluoroquinolones,Fluoroquinolone-resistant_DNA_topoisomerases,PARC,HPCIA,2.835287,13148473,148.60406740767540078608,1.45108
ERR14783538,NODE_38_length_175616_cov_15.696027,gene:proph:163818,Superficieibacter sp. BNK-5,Drugs,Multi-drug_resistance,Multi-drug_ABC_efflux_pumps,MSBA,HIA,15.696027,13148473,148.60406740767540078608,8.03311
ERR14783538,NODE_38_length_175616_cov_15.696027,gene:proph:163818,Yersinia frederiksenii,Drugs,betalactams,Mutant_porin_proteins,OMPA,Authorized for use in humans only ?,15.696027,13148473,148.60406740767540078608,8.03311
ERR14783538,NODE_38_length_175616_cov_15.696027,gene:proph:163818,Superficieibacter sp. BNK-5,Drugs,betalactams,Mutant_porin_proteins,OMPFB,Authorized for use in humans only ,15.696027,13148473,148.60406740767540078608,8.03311
ERR14783538,NODE_145_length_72576_cov_15.415396,gene:proph:169464;gene:proph:169512;gene:proph:172517,Superficieibacter sp. BNK-5,Biocides,Phenolic_compound_resistance,Triclosan-resistant_mutation,FABG,0,15.415396,13148473,148.60406740767540078608,7.88949
ERR14783538,NODE_175_length_60561_cov_10.619403,gene:proph:173726,Pseudomonas sp. FP818,Multi-compound,Drug_and_biocide_resistance,Drug_and_biocide_RND_efflux_pumps,MEXE,HPCIA,10.619403,13148473,148.60406740767540078608,5.43493
ERR14783538,NODE_175_length_60561_cov_10.619403,gene:proph:173726,Pseudomonas sp. FP818,Multi-compound,Drug_and_biocide_resistance,Drug_and_biocide_RND_efflux_pumps,MEXF,HPCIA,10.619403,13148473,148.60406740767540078608,5.43493
ERR14783538,NODE_153_length_70338_cov_18.357465,gene:proph:173726;gene:plasmid:21288,Pseudomonas azotoformans,Multi-compound,Drug_and_biocide_resistance,Drug_and_biocide_RND_efflux_pumps,MEXF,HPCIA,18.357465,13148473,148.60406740767540078608,9.39521
ERR14783538,NODE_76_length_115573_cov_22.939054,gene:proph:175195;gene:proph:175194;gene:proph:175193;gene:proph:161694;gene:proph:161693;gene:proph:175190;gene:proph:175188;gene:proph:175184;gene:proph:161685,Superficieibacter sp. BNK-5,Biocides,Multi-biocide_resistance,Multi-biocide_resistance_protein,YJCG,0,22.939054,13148473,148.60406740767540078608,11.74
ERR14783538,NODE_191_length_56998_cov_3.027114,gene:proph:176833;gene:proph:176835,Lelliottia amnigena,Drugs,Lipopeptides,Colistin_phosphoethanolamine_transferase,EPTB,NA,3.027114,13148473,148.60406740767540078608,1.54925
ERR14783538,NODE_267_length_38651_cov_23.450031,gene:proph:176833;gene:proph:176835;gene:plasmid:123887,Superficieibacter sp. HKU1,Drugs,Elfamycins,EF-Tu_inhibition,TUFAB,NA,23.450031,13148473,148.60406740767540078608,12.0016
ERR14783538,NODE_267_length_38651_cov_23.450031,gene:proph:176833;gene:proph:176835;gene:plasmid:123887,Superficieibacter sp. HKU1,Drugs,Rifampin,Rifampin-resistant_beta-subunit_of_RNA_polymerase_RpoB,RPOB,CIA,23.450031,13148473,148.60406740767540078608,12.0016
ERR14783538,NODE_64_length_134739_cov_2.617293,gene:proph:179220;gene:plasmid:93399;gene:plasmid:93398,Lelliottia amnigena,Biocides,Multi-biocide_resistance,Multi-biocide_ABC_efflux_pump,SMDB,0,2.617293,13148473,148.60406740767540078608,1.33951
ERR14783538,NODE_90_length_98838_cov_2.188561,gene:proph:183623;gene:proph:179343;gene:proph:163853;gene:proph:169507;gene:vir:105780,Lelliottia amnigena,Drugs,Multi-drug_resistance,Multi-drug_RND_efflux_pumps,HNS,Authorized for use in humans only ?,2.188561,13148473,148.60406740767540078608,1.12009
ERR14783538,NODE_5_length_360103_cov_13.037341,gene:proph:184195;gene:proph:184194;gene:plasmid:115548;gene:proph:184192;gene:proph:184193;gene:proph:184196;gene:proph:184213;gene:proph:184215;gene:proph:184216;gene:proph:184217;gene:proph:184218;gene:proph:184219;gene:proph:184220;gene:proph:184221;gene:proph:184222;gene:proph:184223;gene:proph:184234;gene:proph:184235,Pseudomonas rustica,Multi-compound,Drug_and_biocide_resistance,Drug_and_biocide_RND_efflux_pumps,MEXK,CIA,13.037341,13148473,148.60406740767540078608,6.67241
ERR14783538,NODE_161_length_68791_cov_3.025967,gene:proph:184195;gene:proph:184194;gene:proph:184196;gene:proph:184202;gene:proph:184206,Serratia marcescens,Multi-compound,Drug_and_biocide_resistance,Drug_and_biocide_RND_efflux_pumps,MEXD1,0,3.025967,13148473,148.60406740767540078608,1.54867
ERR14783538,NODE_55_length_145818_cov_12.374162,gene:proph:184236;gene:proph:175957;gene:proph:175955;gene:plasmid:140796;gene:proph:175950;gene:proph:175956,Pseudomonas rustica,Biocides,Multi-biocide_resistance,Multi-biocide_RND_efflux_pump,EMHA,0,12.374162,13148473,148.60406740767540078608,6.333
ERR14783538,NODE_55_length_145818_cov_12.374162,gene:proph:184236;gene:proph:175957;gene:proph:175955;gene:plasmid:140796;gene:proph:175950;gene:proph:175956,Pseudomonas rustica,Biocides,Multi-biocide_resistance,Multi-biocide_RND_efflux_pump,EMHB,0,12.374162,13148473,148.60406740767540078608,6.333
ERR14783538,NODE_55_length_145818_cov_12.374162,gene:proph:184236;gene:proph:175957;gene:proph:175955;gene:plasmid:140796;gene:proph:175950;gene:proph:175956,Pseudomonas rustica,Multi-compound,Drug_and_biocide_resistance,Drug_and_biocide_RND_efflux_pumps,EMHC,0,12.374162,13148473,148.60406740767540078608,6.333
ERR14783539,NODE_4_length_884176_cov_61.425012,gene:plasmid:119533;gene:plasmid:115087;gene:plasmid:115087;gene:proph:173726;gene:plasmid:21288;gene:plasmid:20668;gene:plasmid:20669;gene:plasmid:22648,Pseudomonas sp. J380,Multi-compound,Drug_and_biocide_resistance,Drug_and_biocide_RND_efflux_pumps,MEXE,HPCIA,61.425012,27147226,148.27373294052217342574,15.26
ERR14783539,NODE_4_length_884176_cov_61.425012,gene:plasmid:119533;gene:plasmid:115087;gene:plasmid:115087;gene:proph:173726;gene:plasmid:21288;gene:plasmid:20668;gene:plasmid:20669;gene:plasmid:22648,Pseudomonas sp. J380,Multi-compound,Drug_and_biocide_resistance,Drug_and_biocide_RND_efflux_pumps,MEXF,HPCIA,61.425012,27147226,148.27373294052217342574,15.26
ERR14783539,NODE_4_length_884176_cov_61.425012,gene:plasmid:119533;gene:plasmid:115087;gene:plasmid:115087;gene:proph:173726;gene:plasmid:21288;gene:plasmid:20668;gene:plasmid:20669;gene:plasmid:22648,Pseudomonas sp. J380,Multi-compound,Drug_and_biocide_resistance,Drug_and_biocide_RND_efflux_pumps,MEXQ,CIA,61.425012,27147226,148.27373294052217342574,15.26
ERR14783539,NODE_83_length_31006_cov_24.135011,gene:plasmid:123887,Pseudomonas helleri,Drugs,Rifampin,Rifampin-resistant_beta-subunit_of_RNA_polymerase_RpoB,RPOB,CIA,24.135011,27147226,148.27373294052217342574,5.99595
ERR14783539,NODE_17_length_215799_cov_77.021996,gene:plasmid:123887;gene:plasmid:22410,Pseudomonas sp. J380,Drugs,Elfamycins,EF-Tu_inhibition,TUFAB,NA,77.021996,27147226,148.27373294052217342574,19.1349
ERR14783539,NODE_17_length_215799_cov_77.021996,gene:plasmid:123887;gene:plasmid:22410,Pseudomonas sp. J380,Drugs,Rifampin,Rifampin-resistant_beta-subunit_of_RNA_polymerase_RpoB,RPOB,CIA,77.021996,27147226,148.27373294052217342574,19.1349
ERR14783539,NODE_8_length_529554_cov_22.935676,gene:plasmid:124575;gene:plasmid:140887,Serratia liquefaciens,Drugs,betalactams,Penicillin_binding_protein,AMPH,HIA,22.935676,27147226,148.27373294052217342574,5.69799
ERR14783539,NODE_8_length_529554_cov_22.935676,gene:plasmid:124575;gene:plasmid:140887,Serratia liquefaciens,Biocides,Multi-biocide_resistance,Multi-biocide_resistance_protein,YJCG,0,22.935676,27147226,148.27373294052217342574,5.69799
ERR14783539,NODE_55_length_46014_cov_2.606185,gene:plasmid:131182,Leuconostoc mesenteroides,Drugs,Aminoglycosides,Aminoglycoside-resistant_16S_ribosomal_subunit_protein,A16S,CIA,2.606185,27147226,148.27373294052217342574,0.647464
ERR14783539,NODE_55_length_46014_cov_2.606185,gene:plasmid:131182,Leuconostoc mesenteroides,Drugs,Oxazolidinone,Oxazolidinone-resistant_23S_rRNA_mutation,O23S,Authorized for use in humans only,2.606185,27147226,148.27373294052217342574,0.647464
ERR14783539,NODE_376_length_5951_cov_2.414148,gene:plasmid:139560;gene:plasmid:117293,Acetobacter ghanensis,Drugs,MLS,Macrolide-resistant_23S_rRNA_mutation,MLS23S,CIA ?,2.414148,27147226,148.27373294052217342574,0.599755
ERR14783539,NODE_376_length_5951_cov_2.414148,gene:plasmid:139560;gene:plasmid:117293,Acetobacter ghanensis,Drugs,Aminoglycosides,Aminoglycoside-resistant_16S_ribosomal_subunit_protein,A16S,CIA,2.414148,27147226,148.27373294052217342574,0.599755
ERR14783539,NODE_395_length_5546_cov_402.170327,gene:plasmid:139562,Pseudomonas sp. MYb193,Drugs,MLS,Macrolide-resistant_23S_rRNA_mutation,MLS23S,CIA ?,402.170327,27147226,148.27373294052217342574,99.9126
ERR14783539,NODE_3_length_1123674_cov_71.514076,gene:plasmid:146598;gene:plasmid:20860;gene:proph:175950;gene:proph:184195;gene:proph:184194;gene:proph:184196;gene:proph:184202;gene:proph:184206;gene:proph:163072;gene:proph:184236;gene:proph:175955;gene:plasmid:115548;gene:proph:184192;gene:proph:184193;gene:plasmid:20884;gene:proph:179959;gene:plasmid:154897,Pseudomonas sp. AC109,Multi-compound,Drug_and_biocide_resistance,Drug_and_biocide_RND_efflux_pumps,TTGB,NA,71.514076,27147226,148.27373294052217342574,17.7665
ERR14783539,NODE_3_length_1123674_cov_71.514076,gene:plasmid:146598;gene:plasmid:20860;gene:proph:175950;gene:proph:184195;gene:proph:184194;gene:proph:184196;gene:proph:184202;gene:proph:184206;gene:proph:163072;gene:proph:184236;gene:proph:175955;gene:plasmid:115548;gene:proph:184192;gene:proph:184193;gene:plasmid:20884;gene:proph:179959;gene:plasmid:154897,Pseudomonas sp. AC109,Drugs,Fluoroquinolones,Fluoroquinolone-resistant_DNA_topoisomerases,GYRA,HPCIA,71.514076,27147226,148.27373294052217342574,17.7665
ERR14783539,NODE_3_length_1123674_cov_71.514076,gene:plasmid:146598;gene:plasmid:20860;gene:proph:175950;gene:proph:184195;gene:proph:184194;gene:proph:184196;gene:proph:184202;gene:proph:184206;gene:proph:163072;gene:proph:184236;gene:proph:175955;gene:plasmid:115548;gene:proph:184192;gene:proph:184193;gene:plasmid:20884;gene:proph:179959;gene:plasmid:154897,Pseudomonas sp. AC109,Multi-compound,Drug_and_biocide_resistance,Drug_and_biocide_RND_efflux_pumps,MEXK,CIA,71.514076,27147226,148.27373294052217342574,17.7665
ERR14783539,NODE_3_length_1123674_cov_71.514076,gene:plasmid:146598;gene:plasmid:20860;gene:proph:175950;gene:proph:184195;gene:proph:184194;gene:proph:184196;gene:proph:184202;gene:proph:184206;gene:proph:163072;gene:proph:184236;gene:proph:175955;gene:plasmid:115548;gene:proph:184192;gene:proph:184193;gene:plasmid:20884;gene:proph:179959;gene:plasmid:154897,Pseudomonas sp. AC109,Biocides,Multi-biocide_resistance,Multi-biocide_RND_efflux_pump,EMHA,0,71.514076,27147226,148.27373294052217342574,17.7665
ERR14783539,NODE_3_length_1123674_cov_71.514076,gene:plasmid:146598;gene:plasmid:20860;gene:proph:175950;gene:proph:184195;gene:proph:184194;gene:proph:184196;gene:proph:184202;gene:proph:184206;gene:proph:163072;gene:proph:184236;gene:proph:175955;gene:plasmid:115548;gene:proph:184192;gene:proph:184193;gene:plasmid:20884;gene:proph:179959;gene:plasmid:154897,Pseudomonas sp. AC109,Multi-compound,Drug_and_biocide_resistance,Drug_and_biocide_RND_efflux_pumps,EMHC,0,71.514076,27147226,148.27373294052217342574,17.7665
ERR14783539,NODE_113_length_22111_cov_2.875910,gene:plasmid:15664;gene:plasmid:135617;gene:plasmid:135990;gene:plasmid:135989;gene:plasmid:135988;gene:plasmid:135991;gene:plasmid:135987;gene:plasmid:135986;gene:plasmid:135985;gene:plasmid:135984;gene:plasmid:135983;gene:plasmid:135660,Enterococcus faecalis,Drugs,Aminoglycosides,Aminoglycoside_O-nucleotidyltransferases,ANT6,CIA,2.875910,27147226,148.27373294052217342574,0.714473
ERR14783539,NODE_113_length_22111_cov_2.875910,gene:plasmid:15664;gene:plasmid:135617;gene:plasmid:135990;gene:plasmid:135989;gene:plasmid:135988;gene:plasmid:135991;gene:plasmid:135987;gene:plasmid:135986;gene:plasmid:135985;gene:plasmid:135984;gene:plasmid:135983;gene:plasmid:135660,Enterococcus faecalis,Drugs,Aminoglycosides,Aminoglycoside_O-phosphotransferases,APH2-DPRIME,CIA,2.875910,27147226,148.27373294052217342574,0.714473
ERR14783539,NODE_113_length_22111_cov_2.875910,gene:plasmid:15664;gene:plasmid:135617;gene:plasmid:135990;gene:plasmid:135989;gene:plasmid:135988;gene:plasmid:135991;gene:plasmid:135987;gene:plasmid:135986;gene:plasmid:135985;gene:plasmid:135984;gene:plasmid:135983;gene:plasmid:135660,Enterococcus faecalis,Drugs,Nucleosides,Streptothricin_acetyltransferase,SAT,CIA,2.875910,27147226,148.27373294052217342574,0.714473
ERR14783539,NODE_20_length_177992_cov_67.969258,gene:plasmid:21134,Pseudomonas sp. J380,Drugs,Lipopeptides,Colistin-resistant_mutant,PHOP,HPCIA,67.969258,27147226,148.27373294052217342574,16.8858
ERR14783539,NODE_6_length_573127_cov_72.809558,gene:plasmid:21664;gene:plasmid:20556;gene:plasmid:20554,Pseudomonas sp. AC109,Biocides,Peroxide_resistance,peroxide_resistance_protein,SODB,0,72.809558,27147226,148.27373294052217342574,18.0883
ERR14783539,NODE_1_length_1475727_cov_14.261084,gene:plasmid:21942;gene:plasmid:22293;gene:proph:176833;gene:plasmid:125744;gene:plasmid:119871,Serratia liquefaciens,Drugs,Fluoroquinolones,Fluoroquinolone-resistant_DNA_topoisomerases,GYRA,HPCIA,14.261084,27147226,148.27373294052217342574,3.54293
ERR14783539,NODE_1_length_1475727_cov_14.261084,gene:plasmid:21942;gene:plasmid:22293;gene:proph:176833;gene:plasmid:125744;gene:plasmid:119871,Serratia liquefaciens,Drugs,Fosfomycin,Fosfomycin_target_mutation,PTSL,HPCIA,14.261084,27147226,148.27373294052217342574,3.54293
ERR14783539,NODE_1_length_1475727_cov_14.261084,gene:plasmid:21942;gene:plasmid:22293;gene:proph:176833;gene:plasmid:125744;gene:plasmid:119871,Serratia liquefaciens,Multi-compound,Drug_and_biocide_resistance,Drug_and_biocide_RND_efflux_pumps,MEXQ,CIA,14.261084,27147226,148.27373294052217342574,3.54293
ERR14783539,NODE_1_length_1475727_cov_14.261084,gene:plasmid:21942;gene:plasmid:22293;gene:proph:176833;gene:plasmid:125744;gene:plasmid:119871,Serratia liquefaciens,Drugs,betalactams,Class_C_betalactamases,BLAC,Authorized for use in humans only ,14.261084,27147226,148.27373294052217342574,3.54293
ERR14783539,NODE_1_length_1475727_cov_14.261084,gene:plasmid:21942;gene:plasmid:22293;gene:proph:176833;gene:plasmid:125744;gene:plasmid:119871,Serratia liquefaciens,Drugs,betalactams,Mutant_porin_proteins,OMP36,Authorized for use in humans only,14.261084,27147226,148.27373294052217342574,3.54293
ERR14783539,NODE_14_length_244504_cov_83.579424,gene:plasmid:22062,Pseudomonas sp. J380,Biocides,Phenolic_compound_resistance,Phenolic_RND_efflux_pump,TRIC,0,83.579424,27147226,148.27373294052217342574,20.7639
ERR14783539,NODE_12_length_328076_cov_23.099912,gene:plasmid:27303;gene:plasmid:133420;gene:proph:183015,Serratia liquefaciens,Drugs,Aminocoumarins,Aminocoumarin-resistant_DNA_topoisomerases,PARE,Not medically important,23.099912,27147226,148.27373294052217342574,5.73879
ERR14783539,NODE_12_length_328076_cov_23.099912,gene:plasmid:27303;gene:plasmid:133420;gene:proph:183015,Serratia liquefaciens,Drugs,Fluoroquinolones,Fluoroquinolone-resistant_DNA_topoisomerases,PARC,HPCIA,23.099912,27147226,148.27373294052217342574,5.73879
ERR14783539,NODE_12_length_328076_cov_23.099912,gene:plasmid:27303;gene:plasmid:133420;gene:proph:183015,Serratia liquefaciens,Biocides,Multi-biocide_resistance,Multi-biocide_RND_efflux_pump,HASF,0,23.099912,27147226,148.27373294052217342574,5.73879
ERR14783539,NODE_11_length_343395_cov_78.748742,gene:plasmid:89528;gene:plasmid:20845;gene:plasmid:125744,Pseudomonas sp. J380,Drugs,Aminocoumarins,Aminocoumarin-resistant_DNA_topoisomerases,PARE,Not medically important,78.748742,27147226,148.27373294052217342574,19.5638
ERR14783539,NODE_11_length_343395_cov_78.748742,gene:plasmid:89528;gene:plasmid:20845;gene:plasmid:125744,Pseudomonas sp. J380,Drugs,Multi-drug_resistance,Multi-drug_RND_efflux_pumps,OPMH,NA,78.748742,27147226,148.27373294052217342574,19.5638
ERR14783539,NODE_11_length_343395_cov_78.748742,gene:plasmid:89528;gene:plasmid:20845;gene:plasmid:125744,Pseudomonas sp. J380,Drugs,Fluoroquinolones,Fluoroquinolone-resistant_DNA_topoisomerases,PARC,HPCIA,78.748742,27147226,148.27373294052217342574,19.5638
ERR14783539,NODE_11_length_343395_cov_78.748742,gene:plasmid:89528;gene:plasmid:20845;gene:plasmid:125744,Pseudomonas sp. J380,Multi-compound,Biocide_and_metal_resistance,Biocide_and_metal_resistance_protein,RUVB,0,78.748742,27147226,148.27373294052217342574,19.5638
ERR14783539,NODE_383_length_5757_cov_2.885435,gene:plasmid:97770;gene:plasmid:97767;gene:plasmid:97768,Enterococcus faecalis,Drugs,Phenicol,Chloramphenicol_acetyltransferases,CATA,HIA,2.885435,27147226,148.27373294052217342574,0.716839
ERR14783539,NODE_13_length_313776_cov_25.872185,gene:proph:159396,Serratia liquefaciens,Drugs,Fluoroquinolones,Fluoroquinolone-resistant_DNA_topoisomerases,GYRB,HPCIA,25.872185,27147226,148.27373294052217342574,6.42752
ERR14783539,NODE_10_length_357199_cov_18.484659,gene:proph:163906;gene:proph:183597;gene:proph:179208,Serratia liquefaciens,Multi-compound,Drug_and_biocide_and_metal_resistance,Drug_and_biocide_and_metal_RND_efflux_pumps,MDTB,Not medically important,18.484659,27147226,148.27373294052217342574,4.59221
ERR14783539,NODE_10_length_357199_cov_18.484659,gene:proph:163906;gene:proph:183597;gene:proph:179208,Serratia liquefaciens,Multi-compound,Drug_and_biocide_resistance,Drug_and_biocide_RND_efflux_pumps,SDEY,0,18.484659,27147226,148.27373294052217342574,4.59221
ERR14783539,NODE_2_length_1456721_cov_17.164479,gene:proph:165705;gene:proph:169512;gene:proph:173723;gene:proph:165701;gene:proph:163818;gene:plasmid:111200;gene:proph:173726;gene:plasmid:124311;gene:plasmid:145318;gene:plasmid:124699;gene:proph:172517,Serratia liquefaciens,Drugs,betalactams,Mutant_porin_proteins,OMP36,Authorized for use in humans only,17.164479,27147226,148.27373294052217342574,4.26423
ERR14783539,NODE_2_length_1456721_cov_17.164479,gene:proph:165705;gene:proph:169512;gene:proph:173723;gene:proph:165701;gene:proph:163818;gene:plasmid:111200;gene:proph:173726;gene:plasmid:124311;gene:plasmid:145318;gene:plasmid:124699;gene:proph:172517,Serratia liquefaciens,Multi-compound,Drug_and_biocide_resistance,Drug_and_biocide_RND_efflux_pumps,SDEB,0,17.164479,27147226,148.27373294052217342574,4.26423
ERR14783539,NODE_2_length_1456721_cov_17.164479,gene:proph:165705;gene:proph:169512;gene:proph:173723;gene:proph:165701;gene:proph:163818;gene:plasmid:111200;gene:proph:173726;gene:plasmid:124311;gene:plasmid:145318;gene:plasmid:124699;gene:proph:172517,Serratia liquefaciens,Multi-compound,Drug_and_biocide_resistance,Drug_and_biocide_RND_efflux_pumps,SDEX,0,17.164479,27147226,148.27373294052217342574,4.26423
ERR14783539,NODE_2_length_1456721_cov_17.164479,gene:proph:165705;gene:proph:169512;gene:proph:173723;gene:proph:165701;gene:proph:163818;gene:plasmid:111200;gene:proph:173726;gene:plasmid:124311;gene:plasmid:145318;gene:plasmid:124699;gene:proph:172517,Serratia liquefaciens,Multi-compound,Drug_and_biocide_resistance,Drug_and_biocide_RND_efflux_pumps,SDEY,0,17.164479,27147226,148.27373294052217342574,4.26423
ERR14783539,NODE_2_length_1456721_cov_17.164479,gene:proph:165705;gene:proph:169512;gene:proph:173723;gene:proph:165701;gene:proph:163818;gene:plasmid:111200;gene:proph:173726;gene:plasmid:124311;gene:plasmid:145318;gene:plasmid:124699;gene:proph:172517,Serratia liquefaciens,Biocides,Multi-biocide_resistance,Multi-biocide_ABC_efflux_pump,SMDA,0,17.164479,27147226,148.27373294052217342574,4.26423
ERR14783539,NODE_2_length_1456721_cov_17.164479,gene:proph:165705;gene:proph:169512;gene:proph:173723;gene:proph:165701;gene:proph:163818;gene:plasmid:111200;gene:proph:173726;gene:plasmid:124311;gene:plasmid:145318;gene:plasmid:124699;gene:proph:172517,Serratia liquefaciens,Biocides,Multi-biocide_resistance,Multi-biocide_ABC_efflux_pump,SMDB,0,17.164479,27147226,148.27373294052217342574,4.26423
ERR14783539,NODE_7_length_531660_cov_63.639812,gene:proph:173723;gene:proph:179974,Pseudomonas sp. J380,Multi-compound,Drug_and_biocide_resistance,Drug_and_biocide_RND_efflux_pumps,EMHC,0,63.639812,27147226,148.27373294052217342574,15.8103
ERR14783541,NODE_61_length_30897_cov_6.286448,gene:plasmid:123887,Pseudomonas putida,Drugs,Elfamycins,EF-Tu_inhibition,TUFAB,NA,6.286448,1978032,143.38854528137057438908,22.1645
ERR14783541,NODE_148_length_7494_cov_2.434234,gene:plasmid:139560;gene:plasmid:131185,Acetobacter ghanensis,Drugs,MLS,Macrolide-resistant_23S_rRNA_mutation,MLS23S,CIA ?,2.434234,1978032,143.38854528137057438908,8.58251
ERR14783541,NODE_148_length_7494_cov_2.434234,gene:plasmid:139560;gene:plasmid:131185,Acetobacter ghanensis,Drugs,Aminoglycosides,Aminoglycoside-resistant_16S_ribosomal_subunit_protein,A16S,CIA,2.434234,1978032,143.38854528137057438908,8.58251
ERR14783541,NODE_11_length_227952_cov_4.082594,gene:plasmid:149414,Escherichia coli,Drugs,Multi-drug_resistance,Multi-drug_RND_efflux_pumps,HNS,Authorized for use in humans only ?,4.082594,1978032,143.38854528137057438908,14.3942
ERR14783541,NODE_11_length_227952_cov_4.082594,gene:plasmid:149414,Escherichia coli,Biocides,Phenolic_compound_resistance,Phenolic_resistance_protein,FABI,0,4.082594,1978032,143.38854528137057438908,14.3942
ERR14783541,NODE_11_length_227952_cov_4.082594,gene:plasmid:149414,Escherichia coli,Biocides,Acid_resistance,Acid_resistance_protein,GADC,0,4.082594,1978032,143.38854528137057438908,14.3942
ERR14783541,NODE_11_length_227952_cov_4.082594,gene:plasmid:149414,Escherichia coli,Multi-compound,Biocide_and_metal_resistance,Biocide_and_metal_resistance_protein,TEHA,0,4.082594,1978032,143.38854528137057438908,14.3942
ERR14783541,NODE_11_length_227952_cov_4.082594,gene:plasmid:149414,Escherichia coli,Multi-compound,Biocide_and_metal_resistance,Biocide_and_metal_resistance_protein,TEHB,0,4.082594,1978032,143.38854528137057438908,14.3942
ERR14783541,NODE_147_length_7550_cov_5.626836,gene:plasmid:15664;gene:plasmid:135617,Streptococcus suis,Drugs,Aminoglycosides,Aminoglycoside_O-nucleotidyltransferases,ANT6,CIA,5.626836,1978032,143.38854528137057438908,19.8388
ERR14783541,NODE_147_length_7550_cov_5.626836,gene:plasmid:15664;gene:plasmid:135617,Streptococcus suis,Drugs,Aminoglycosides,Aminoglycoside_O-phosphotransferases,APH2-DPRIME,CIA,5.626836,1978032,143.38854528137057438908,19.8388
ERR14783541,NODE_147_length_7550_cov_5.626836,gene:plasmid:15664;gene:plasmid:135617,Streptococcus suis,Drugs,Nucleosides,Streptothricin_acetyltransferase,SAT,CIA,5.626836,1978032,143.38854528137057438908,19.8388
ERR14783541,NODE_22_length_131787_cov_6.687118,gene:plasmid:16162,Escherichia coli,Multi-compound,Drug_and_biocide_resistance,Drug_and_biocide_RND_efflux_regulator,CPXAR,CIA ,6.687118,1978032,143.38854528137057438908,23.5771
ERR14783541,NODE_22_length_131787_cov_6.687118,gene:plasmid:16162,Superficieibacter sp. BNK-5,Multi-compound,Drug_and_biocide_resistance,Drug_and_biocide_RND_efflux_regulator,CPXAR,CIA ,6.687118,1978032,143.38854528137057438908,23.5771
ERR14783541,NODE_22_length_131787_cov_6.687118,gene:plasmid:16162,Escherichia coli,Multi-compound,Biocide_and_metal_resistance,Biocide_and_metal_resistance_protein,GLPF,0,6.687118,1978032,143.38854528137057438908,23.5771
ERR14783541,NODE_22_length_131787_cov_6.687118,gene:plasmid:16162,Escherichia coli,Biocides,Peroxide_resistance,peroxide_resistance_protein,SODA,0,6.687118,1978032,143.38854528137057438908,23.5771
ERR14783541,NODE_12_length_221096_cov_6.483471,gene:plasmid:21818,Thermus thermophilus,Drugs,Pleuromutilin,Pleuromutilin-resistant_23S_rRNA_mutation,UL3,IA,6.483471,1978032,143.38854528137057438908,22.8591
ERR14783541,NODE_12_length_221096_cov_6.483471,gene:plasmid:21818,Stenotrophomonas maltophilia,Drugs,Rifampin,Rifampin-resistant_beta-subunit_of_RNA_polymerase_RpoB,RPOB,CIA,6.483471,1978032,143.38854528137057438908,22.8591
ERR14783541,NODE_12_length_221096_cov_6.483471,gene:plasmid:21818,Escherichia coli,Drugs,Aminoglycosides,Aminoglycoside-resistant_16S_ribosomal_subunit_protein,RPSL,CIA,6.483471,1978032,143.38854528137057438908,22.8591
ERR14783541,NODE_12_length_221096_cov_6.483471,gene:plasmid:21818,Escherichia coli,Multi-compound,Drug_and_biocide_resistance,Drug_and_biocide_RND_efflux_regulator,GADW,Authorized for use in humans only ?,6.483471,1978032,143.38854528137057438908,22.8591
ERR14783541,NODE_12_length_221096_cov_6.483471,gene:plasmid:21818,Escherichia coli,Multi-compound,Drug_and_biocide_resistance,Drug_and_biocide_RND_efflux_regulator,GADX,Authorized for use in humans only ?,6.483471,1978032,143.38854528137057438908,22.8591
ERR14783541,NODE_12_length_221096_cov_6.483471,gene:plasmid:21818,Escherichia coli,Multi-compound,Drug_and_biocide_resistance,Drug_and_biocide_RND_efflux_pumps,MDTE,Authorized for use in humans only ?,6.483471,1978032,143.38854528137057438908,22.8591
ERR14783541,NODE_12_length_221096_cov_6.483471,gene:plasmid:21818,Escherichia coli,Multi-compound,Drug_and_biocide_resistance,Drug_and_biocide_RND_efflux_pumps,MDTF,Authorized for use in humans only ?,6.483471,1978032,143.38854528137057438908,22.8591
ERR14783541,NODE_12_length_221096_cov_6.483471,gene:plasmid:21818,Escherichia coli,Multi-compound,Drug_and_biocide_resistance,Drug_and_biocide_RND_efflux_regulator,CRP,Authorized for use in humans only ,6.483471,1978032,143.38854528137057438908,22.8591
ERR14783541,NODE_12_length_221096_cov_6.483471,gene:plasmid:21818,Escherichia coli,Biocides,Acid_resistance,Acid_resistance_protein,HDEA,0,6.483471,1978032,143.38854528137057438908,22.8591
ERR14783541,NODE_27_length_105923_cov_4.405289,gene:proph:163818,Escherichia coli,Drugs,Multi-drug_resistance,Multi-drug_ABC_efflux_pumps,MSBA,HIA,4.405289,1978032,143.38854528137057438908,15.532
ERR14783541,NODE_27_length_105923_cov_4.405289,gene:proph:163818,Escherichia coli,Drugs,betalactams,Mutant_porin_proteins,OMPFB,Authorized for use in humans only ,4.405289,1978032,143.38854528137057438908,15.532
ERR14783541,NODE_16_length_159346_cov_3.792098,gene:proph:163927;gene:proph:172451;gene:proph:163921;gene:proph:181125;gene:proph:179435;gene:proph:179434;gene:proph:179433;gene:proph:163942,Escherichia coli,Multi-compound,Drug_and_biocide_resistance,Drug_and_biocide_MATE_efflux_pumps,MDTK,HPCIA,3.792098,1978032,143.38854528137057438908,13.37
ERR14783541,NODE_16_length_159346_cov_3.792098,gene:proph:163927;gene:proph:172451;gene:proph:163921;gene:proph:181125;gene:proph:179435;gene:proph:179434;gene:proph:179433;gene:proph:163942,Escherichia coli,Biocides,Acid_resistance,Acid_resistance_protein,ASR,0,3.792098,1978032,143.38854528137057438908,13.37
ERR14783541,NODE_16_length_159346_cov_3.792098,gene:proph:163927;gene:proph:172451;gene:proph:163921;gene:proph:181125;gene:proph:179435;gene:proph:179434;gene:proph:179433;gene:proph:163942,Escherichia coli,Multi-compound,Drug_and_biocide_resistance,Drug_and_biocide_SMR_efflux_pumps,MDTI,0,3.792098,1978032,143.38854528137057438908,13.37
ERR14783541,NODE_16_length_159346_cov_3.792098,gene:proph:163927;gene:proph:172451;gene:proph:163921;gene:proph:181125;gene:proph:179435;gene:proph:179434;gene:proph:179433;gene:proph:163942,Escherichia coli,Multi-compound,Drug_and_biocide_resistance,Drug_and_biocide_SMR_efflux_pumps,MDTJ,0,3.792098,1978032,143.38854528137057438908,13.37
ERR14783541,NODE_16_length_159346_cov_3.792098,gene:proph:163927;gene:proph:172451;gene:proph:163921;gene:proph:181125;gene:proph:179435;gene:proph:179434;gene:proph:179433;gene:proph:163942,Escherichia coli,Biocides,Peroxide_resistance,peroxide_resistance_protein,SODB,0,3.792098,1978032,143.38854528137057438908,13.37
ERR14783541,NODE_39_length_67469_cov_5.298981,gene:proph:163976,Escherichia coli,Multi-compound,Drug_and_biocide_resistance,Drug_and_biocide_MFS_efflux_pumps,EMRA,HPCIA,5.298981,1978032,143.38854528137057438908,18.6829
ERR14783541,NODE_39_length_67469_cov_5.298981,gene:proph:163976,Escherichia coli,Multi-compound,Drug_and_biocide_resistance,Drug_and_biocide_MFS_efflux_pumps,EMRB,HPCIA,5.298981,1978032,143.38854528137057438908,18.6829
ERR14783541,NODE_39_length_67469_cov_5.298981,gene:proph:163976,Escherichia coli,Multi-compound,Drug_and_biocide_resistance,Drug_and_biocide_MFS_efflux_regulator,EMRR,HPCIA,5.298981,1978032,143.38854528137057438908,18.6829
ERR14783541,NODE_2_length_637081_cov_4.396669,gene:proph:176040;gene:vir:1321;gene:proph:183581,Escherichia coli,Multi-compound,Drug_and_biocide_resistance,Drug_and_biocide_MFS_efflux_pumps,BCR,Not medically important,4.396669,1978032,143.38854528137057438908,15.5016
ERR14783541,NODE_2_length_637081_cov_4.396669,gene:proph:176040;gene:vir:1321;gene:proph:183581,Escherichia coli,Multi-compound,Drug_and_biocide_and_metal_resistance,Drug_and_biocide_and_metal_RND_efflux_pumps,MDTA,Not medically important,4.396669,1978032,143.38854528137057438908,15.5016
ERR14783541,NODE_2_length_637081_cov_4.396669,gene:proph:176040;gene:vir:1321;gene:proph:183581,Escherichia coli,Multi-compound,Drug_and_biocide_and_metal_resistance,Drug_and_biocide_and_metal_RND_efflux_pumps,MDTB,Not medically important,4.396669,1978032,143.38854528137057438908,15.5016
ERR14783541,NODE_2_length_637081_cov_4.396669,gene:proph:176040;gene:vir:1321;gene:proph:183581,Escherichia coli,Multi-compound,Drug_and_biocide_and_metal_resistance,Drug_and_biocide_and_metal_RND_efflux_pumps,MDTC,Not medically important,4.396669,1978032,143.38854528137057438908,15.5016
ERR14783541,NODE_2_length_637081_cov_4.396669,gene:proph:176040;gene:vir:1321;gene:proph:183581,Escherichia coli,Drugs,Multi-drug_resistance,Multi-drug_RND_efflux_regulator,ASMA,NA,4.396669,1978032,143.38854528137057438908,15.5016
ERR14783541,NODE_2_length_637081_cov_4.396669,gene:proph:176040;gene:vir:1321;gene:proph:183581,Escherichia coli,Drugs,Cationic_antimicrobial_peptides,Lipid_A_modification,PMRF,NA,4.396669,1978032,143.38854528137057438908,15.5016
ERR14783541,NODE_2_length_637081_cov_4.396669,gene:proph:176040;gene:vir:1321;gene:proph:183581,Escherichia coli,Multi-compound,Drug_and_biocide_resistance,Drug_and_biocide_ABC_efflux_pumps,YOGI,NA,4.396669,1978032,143.38854528137057438908,15.5016
ERR14783541,NODE_2_length_637081_cov_4.396669,gene:proph:176040;gene:vir:1321;gene:proph:183581,Escherichia coli,Drugs,Fosfomycin,Fosfomycin_target_mutation,GLPT,HPCIA,4.396669,1978032,143.38854528137057438908,15.5016
ERR14783541,NODE_2_length_637081_cov_4.396669,gene:proph:176040;gene:vir:1321;gene:proph:183581,Escherichia coli,Drugs,Fluoroquinolones,Fluoroquinolone-resistant_DNA_topoisomerases,GYRA,HPCIA,4.396669,1978032,143.38854528137057438908,15.5016
ERR14783541,NODE_2_length_637081_cov_4.396669,gene:proph:176040;gene:vir:1321;gene:proph:183581,Escherichia coli,Drugs,Cationic_antimicrobial_peptides,Lipid_A_modification,UGD,HPCIA,4.396669,1978032,143.38854528137057438908,15.5016
ERR14783541,NODE_2_length_637081_cov_4.396669,gene:proph:176040;gene:vir:1321;gene:proph:183581,Escherichia coli,Multi-compound,Drug_and_biocide_and_metal_resistance,Drug_and_biocide_and_metal_RND_efflux_regulator,BAER,CIA,4.396669,1978032,143.38854528137057438908,15.5016
ERR14783541,NODE_2_length_637081_cov_4.396669,gene:proph:176040;gene:vir:1321;gene:proph:183581,Escherichia coli,Multi-compound,Drug_and_biocide_and_metal_resistance,Drug_and_biocide_and_metal_RND_efflux_regulator,BAES,CIA,4.396669,1978032,143.38854528137057438908,15.5016
ERR14783541,NODE_2_length_637081_cov_4.396669,gene:proph:176040;gene:vir:1321;gene:proph:183581,Escherichia coli,Multi-compound,Drug_and_biocide_resistance,Drug_and_biocide_SMR_efflux_pumps,KPNO,0,4.396669,1978032,143.38854528137057438908,15.5016
ERR14783541,NODE_2_length_637081_cov_4.396669,gene:proph:176040;gene:vir:1321;gene:proph:183581,Escherichia coli,Biocides,Paraquat_resistance,Paraquat_resistance_protein,NMPC,0,4.396669,1978032,143.38854528137057438908,15.5016
ERR14783541,NODE_2_length_637081_cov_4.396669,gene:proph:176040;gene:vir:1321;gene:proph:183581,Escherichia coli,Multi-compound,Biocide_and_metal_resistance,Biocide_and_metal_resistance_protein,YODB,0,4.396669,1978032,143.38854528137057438908,15.5016
ERR14783541,NODE_30_length_90547_cov_5.169752,gene:proph:176741;gene:proph:179486;gene:vir:4537;gene:proph:176738;gene:proph:181243;gene:proph:176742;gene:proph:179481;gene:proph:159046;gene:proph:179478;gene:proph:181109;gene:vir:79569;gene:proph:181158;gene:vir:4549;gene:proph:179474;gene:proph:176715;gene:vir:4555;gene:vir:4556;gene:vir:4557;gene:proph:181097;gene:vir:4507;gene:proph:181084;gene:proph:181083,Escherichia coli,Drugs,Fosfomycin,Fosfomycin_target_mutation,PTSL,HPCIA,5.169752,1978032,143.38854528137057438908,18.2273
ERR14783541,NODE_30_length_90547_cov_5.169752,gene:proph:176741;gene:proph:179486;gene:vir:4537;gene:proph:176738;gene:proph:181243;gene:proph:176742;gene:proph:179481;gene:proph:159046;gene:proph:179478;gene:proph:181109;gene:vir:79569;gene:proph:181158;gene:vir:4549;gene:proph:179474;gene:proph:176715;gene:vir:4555;gene:vir:4556;gene:vir:4557;gene:proph:181097;gene:vir:4507;gene:proph:181084;gene:proph:181083,Escherichia coli,Multi-compound,Drug_and_biocide_resistance,Drug_and_biocide_MFS_efflux_pumps,EMRK,HIA,5.169752,1978032,143.38854528137057438908,18.2273
ERR14783541,NODE_30_length_90547_cov_5.169752,gene:proph:176741;gene:proph:179486;gene:vir:4537;gene:proph:176738;gene:proph:181243;gene:proph:176742;gene:proph:179481;gene:proph:159046;gene:proph:179478;gene:proph:181109;gene:vir:79569;gene:proph:181158;gene:vir:4549;gene:proph:179474;gene:proph:176715;gene:vir:4555;gene:vir:4556;gene:vir:4557;gene:proph:181097;gene:vir:4507;gene:proph:181084;gene:proph:181083,Escherichia coli,Multi-compound,Drug_and_biocide_resistance,Drug_and_biocide_MFS_efflux_pumps,EMRY,HIA,5.169752,1978032,143.38854528137057438908,18.2273
ERR14783541,NODE_30_length_90547_cov_5.169752,gene:proph:176741;gene:proph:179486;gene:vir:4537;gene:proph:176738;gene:proph:181243;gene:proph:176742;gene:proph:179481;gene:proph:159046;gene:proph:179478;gene:proph:181109;gene:vir:79569;gene:proph:181158;gene:vir:4549;gene:proph:179474;gene:proph:176715;gene:vir:4555;gene:vir:4556;gene:vir:4557;gene:proph:181097;gene:vir:4507;gene:proph:181084;gene:proph:181083,Escherichia coli,Biocides,Acid_resistance,Acid_resistance_regulator,EVGA,Authorized for use in humans only ?,5.169752,1978032,143.38854528137057438908,18.2273
ERR14783541,NODE_30_length_90547_cov_5.169752,gene:proph:176741;gene:proph:179486;gene:vir:4537;gene:proph:176738;gene:proph:181243;gene:proph:176742;gene:proph:179481;gene:proph:159046;gene:proph:179478;gene:proph:181109;gene:vir:79569;gene:proph:181158;gene:vir:4549;gene:proph:179474;gene:proph:176715;gene:vir:4555;gene:vir:4556;gene:vir:4557;gene:proph:181097;gene:vir:4507;gene:proph:181084;gene:proph:181083,Escherichia coli,Multi-compound,Drug_and_biocide_resistance,Drug_and_biocide_MFS_efflux_regulator,EVGS,Authorized for use in humans only ?,5.169752,1978032,143.38854528137057438908,18.2273
ERR14783541,NODE_34_length_81759_cov_4.017101,gene:proph:179433;gene:proph:182931;gene:proph:163928;gene:plasmid:88455;gene:plasmid:84622;gene:plasmid:84614;gene:proph:163940,Escherichia coli,Multi-compound,Drug_and_biocide_resistance,Drug_and_biocide_RND_efflux_regulator,MARA,Authorized for use in humans only ?,4.017101,1978032,143.38854528137057438908,14.1633
ERR14783541,NODE_34_length_81759_cov_4.017101,gene:proph:179433;gene:proph:182931;gene:proph:163928;gene:plasmid:88455;gene:plasmid:84622;gene:plasmid:84614;gene:proph:163940,Escherichia coli,Multi-compound,Drug_and_biocide_resistance,Drug_and_biocide_RND_efflux_regulator,MARR,Authorized for use in humans only ?,4.017101,1978032,143.38854528137057438908,14.1633
ERR14783541,NODE_34_length_81759_cov_4.017101,gene:proph:179433;gene:proph:182931;gene:proph:163928;gene:plasmid:88455;gene:plasmid:84622;gene:plasmid:84614;gene:proph:163940,Escherichia coli,Biocides,Peroxide_resistance,peroxide_resistance_protein,YDEI,0,4.017101,1978032,143.38854528137057438908,14.1633
ERR14783541,NODE_34_length_81759_cov_4.017101,gene:proph:179433;gene:proph:182931;gene:proph:163928;gene:plasmid:88455;gene:plasmid:84622;gene:plasmid:84614;gene:proph:163940,Escherichia coli,Biocides,Multi-biocide_resistance,Multi-biocide_resistance_regulator,YDEO,0,4.017101,1978032,143.38854528137057438908,14.1633
ERR14783541,NODE_34_length_81759_cov_4.017101,gene:proph:179433;gene:proph:182931;gene:proph:163928;gene:plasmid:88455;gene:plasmid:84622;gene:plasmid:84614;gene:proph:163940,Escherichia coli,Biocides,Acid_resistance,Acid_resistance_protein,YDEP,0,4.017101,1978032,143.38854528137057438908,14.1633
ERR14783541,NODE_3_length_556277_cov_5.194313,gene:proph:179436;gene:proph:179435;gene:proph:179433;gene:plasmid:123173;gene:plasmid:123175;gene:plasmid:88437;gene:plasmid:88436;gene:plasmid:88435,Escherichia coli,Drugs,betalactams,Penicillin_binding_protein,PBP2,HPCIA,5.194313,1978032,143.38854528137057438908,18.3139
ERR14783541,NODE_3_length_556277_cov_5.194313,gene:proph:179436;gene:proph:179435;gene:proph:179433;gene:plasmid:123173;gene:plasmid:123175;gene:plasmid:88437;gene:plasmid:88436;gene:plasmid:88435,Escherichia coli,Drugs,betalactams,Penicillin_binding_protein,AMPH,HIA,5.194313,1978032,143.38854528137057438908,18.3139
ERR14783541,NODE_3_length_556277_cov_5.194313,gene:proph:179436;gene:proph:179435;gene:proph:179433;gene:plasmid:123173;gene:plasmid:123175;gene:plasmid:88437;gene:plasmid:88436;gene:plasmid:88435,Escherichia coli,Drugs,Aminoglycosides,Aminoglycoside_efflux_pumps,KDPE,CIA,5.194313,1978032,143.38854528137057438908,18.3139
ERR14783541,NODE_3_length_556277_cov_5.194313,gene:proph:179436;gene:proph:179435;gene:proph:179433;gene:plasmid:123173;gene:plasmid:123175;gene:plasmid:88437;gene:plasmid:88436;gene:plasmid:88435,Escherichia coli,Multi-compound,Drug_and_biocide_resistance,Drug_and_biocide_RND_efflux_pumps,ACRA,Authorized for use in humans only ?,5.194313,1978032,143.38854528137057438908,18.3139
ERR14783541,NODE_3_length_556277_cov_5.194313,gene:proph:179436;gene:proph:179435;gene:proph:179433;gene:plasmid:123173;gene:plasmid:123175;gene:plasmid:88437;gene:plasmid:88436;gene:plasmid:88435,Escherichia coli,Multi-compound,Drug_and_biocide_resistance,Drug_and_biocide_RND_efflux_pumps,ACRB,Authorized for use in humans only ?,5.194313,1978032,143.38854528137057438908,18.3139
ERR14783541,NODE_3_length_556277_cov_5.194313,gene:proph:179436;gene:proph:179435;gene:proph:179433;gene:plasmid:123173;gene:plasmid:123175;gene:plasmid:88437;gene:plasmid:88436;gene:plasmid:88435,Escherichia coli,Multi-compound,Drug_and_biocide_resistance,Drug_and_biocide_RND_efflux_regulator,ACRR,Authorized for use in humans only ?,5.194313,1978032,143.38854528137057438908,18.3139
ERR14783541,NODE_3_length_556277_cov_5.194313,gene:proph:179436;gene:proph:179435;gene:proph:179433;gene:plasmid:123173;gene:plasmid:123175;gene:plasmid:88437;gene:plasmid:88436;gene:plasmid:88435,Escherichia coli,Multi-compound,Biocide_and_metal_resistance,Biocide_and_metal_ABC_efflux_pumps,FETA,0,5.194313,1978032,143.38854528137057438908,18.3139
ERR14783541,NODE_3_length_556277_cov_5.194313,gene:proph:179436;gene:proph:179435;gene:proph:179433;gene:plasmid:123173;gene:plasmid:123175;gene:plasmid:88437;gene:plasmid:88436;gene:plasmid:88435,Escherichia coli,Multi-compound,Biocide_and_metal_resistance,Biocide_and_metal_ABC_efflux_pumps,FETB,0,5.194313,1978032,143.38854528137057438908,18.3139
ERR14783541,NODE_10_length_240508_cov_4.155719,gene:proph:179440;gene:proph:181296;gene:proph:172518;gene:proph:172519;gene:proph:172520;gene:proph:172521;gene:proph:172522;gene:proph:172523;gene:proph:172524;gene:proph:172517,Escherichia coli,Multi-compound,Drug_and_biocide_resistance,Drug_and_biocide_MFS_efflux_pumps,MDTG,HPCIA,4.155719,1978032,143.38854528137057438908,14.6521
ERR14783541,NODE_10_length_240508_cov_4.155719,gene:proph:179440;gene:proph:181296;gene:proph:172518;gene:proph:172519;gene:proph:172520;gene:proph:172521;gene:proph:172522;gene:proph:172523;gene:proph:172524;gene:proph:172517,Escherichia coli,Multi-compound,Drug_and_biocide_resistance,Drug_and_biocide_MFS_efflux_pumps,MDTH,HPCIA,4.155719,1978032,143.38854528137057438908,14.6521
ERR14783541,NODE_10_length_240508_cov_4.155719,gene:proph:179440;gene:proph:181296;gene:proph:172518;gene:proph:172519;gene:proph:172520;gene:proph:172521;gene:proph:172522;gene:proph:172523;gene:proph:172524;gene:proph:172517,Escherichia coli,Biocides,Multi-biocide_resistance,Multi-biocide_resistance_regulator,ARIR,0,4.155719,1978032,143.38854528137057438908,14.6521
ERR14783541,NODE_10_length_240508_cov_4.155719,gene:proph:179440;gene:proph:181296;gene:proph:172518;gene:proph:172519;gene:proph:172520;gene:proph:172521;gene:proph:172522;gene:proph:172523;gene:proph:172524;gene:proph:172517,Escherichia coli,Biocides,Phenolic_compound_resistance,Triclosan-resistant_mutation,FABG,0,4.155719,1978032,143.38854528137057438908,14.6521
ERR14783541,NODE_10_length_240508_cov_4.155719,gene:proph:179440;gene:proph:181296;gene:proph:172518;gene:proph:172519;gene:proph:172520;gene:proph:172521;gene:proph:172522;gene:proph:172523;gene:proph:172524;gene:proph:172517,Escherichia coli,Multi-compound,Biocide_and_metal_resistance,Biocide_and_metal_resistance_protein,YCHH,0,4.155719,1978032,143.38854528137057438908,14.6521
ERR14783541,NODE_108_length_11784_cov_4.183838,gene:proph:181174;gene:proph:163861;gene:proph:176056;gene:proph:163835;gene:proph:176766;gene:proph:159036;gene:proph:182926;gene:proph:182925;gene:proph:182924;gene:proph:181127;gene:proph:181172;gene:proph:181173,Escherichia coli,Multi-compound,Drug_and_biocide_resistance,Drug_and_biocide_SMR_efflux_pumps,MVRC,0,4.183838,1978032,143.38854528137057438908,14.7512
ERR14783541,NODE_4_length_386247_cov_6.093704,gene:proph:183779;ICEberg|101|Tn5385|GenBank|AF016233|1..1605,Enterococcus faecalis,Drugs,MLS,MLS_resistance_ABC_efflux_pumps,LSA,HIA,6.093704,1978032,143.38854528137057438908,21.4849
ERR14783541,NODE_14_length_191122_cov_5.012424,gene:vir:7156;gene:proph:182647;gene:proph:163981;gene:proph:183597;gene:proph:182641;gene:proph:183583,Escherichia coli,Multi-compound,Drug_and_biocide_and_metal_resistance,Drug_and_biocide_and_metal_RND_efflux_pumps,ACRD,CIA,5.012424,1978032,143.38854528137057438908,17.6726
ERR14783541,NODE_14_length_191122_cov_5.012424,gene:vir:7156;gene:proph:182647;gene:proph:163981;gene:proph:183597;gene:proph:182641;gene:proph:183583,Escherichia coli,Drugs,MLS,Macrolide_phosphotransferases,MPHB,CIA,5.012424,1978032,143.38854528137057438908,17.6726
ERR14783541,NODE_36_length_80530_cov_6.471997,ICEberg|304|ICESga43143-1|GenBank|AP012053|1643376..1661407,Enterococcus faecalis,Multi-compound,Drug_and_biocide_resistance,Drug_and_biocide_ABC_efflux_pumps,EFRA,HPCIA,6.471997,1978032,143.38854528137057438908,22.8187
ERR14783541,NODE_36_length_80530_cov_6.471997,ICEberg|304|ICESga43143-1|GenBank|AP012053|1643376..1661407,Enterococcus faecalis,Multi-compound,Drug_and_biocide_resistance,Drug_and_biocide_ABC_efflux_pumps,EFRB,HPCIA,6.471997,1978032,143.38854528137057438908,22.8187
ERR14783541,NODE_36_length_80530_cov_6.471997,ICEberg|304|ICESga43143-1|GenBank|AP012053|1643376..1661407,Enterococcus faecalis,Drugs,Lipopeptides,Daptomycin-resistant_mutant,LIAFSR,Authorized for use in humans only,6.471997,1978032,143.38854528137057438908,22.8187
ERR14783541,NODE_36_length_80530_cov_6.471997,ICEberg|304|ICESga43143-1|GenBank|AP012053|1643376..1661407,Enterococcus faecalis,Drugs,Lipopeptides,Daptomycin-resistant_mutant,LIAFSR,Authorized for use in humans only,6.471997,1978032,143.38854528137057438908,22.8187
ERR14783541,NODE_36_length_80530_cov_6.471997,ICEberg|304|ICESga43143-1|GenBank|AP012053|1643376..1661407,Enterococcus faecalis,Drugs,Lipopeptides,Daptomycin-resistant_mutant,LIAFSR,Authorized for use in humans only,6.471997,1978032,143.38854528137057438908,22.8187
ERR14783541,NODE_36_length_80530_cov_6.471997,ICEberg|304|ICESga43143-1|GenBank|AP012053|1643376..1661407,Enterococcus faecalis,Drugs,Lipopeptides,Daptomycin-resistant_mutant,LIAFSR,Authorized for use in humans only,6.471997,1978032,143.38854528137057438908,22.8187
ERR14783541,NODE_171_length_5774_cov_6.303878,rep7b_3_SAP089A003(SAP089A)_GQ900440;gene:plasmid:97767;gene:plasmid:97768,Staphylococcus aureus,Drugs,Phenicol,Chloramphenicol_acetyltransferases,CATA,HIA,6.303878,1978032,143.38854528137057438908,22.2259
ERR14783549,NODE_864_length_21439_cov_32.792980,gene:plasmid:123887,Acinetobacter sp. TTH0-4,Drugs,Rifampin,Rifampin-resistant_beta-subunit_of_RNA_polymerase_RpoB,RPOB,CIA,32.792980,27273603,148.31414884934711413083,8.10692
ERR14783549,NODE_1204_length_15334_cov_24.868284,gene:plasmid:123887,Pseudomonas helleri,Drugs,Rifampin,Rifampin-resistant_beta-subunit_of_RNA_polymerase_RpoB,RPOB,CIA,24.868284,27273603,148.31414884934711413083,6.14781
ERR14783549,NODE_1115_length_16605_cov_3.942894,gene:plasmid:123887,Pseudomonas helleri,Drugs,Rifampin,Rifampin-resistant_beta-subunit_of_RNA_polymerase_RpoB,RPOB,CIA,3.942894,27273603,148.31414884934711413083,0.974743
ERR14783549,NODE_864_length_21439_cov_32.792980,gene:plasmid:123887,Pseudomonas helleri,Drugs,Rifampin,Rifampin-resistant_beta-subunit_of_RNA_polymerase_RpoB,RPOB,CIA,32.792980,27273603,148.31414884934711413083,8.10692
ERR14783549,NODE_1115_length_16605_cov_3.942894,gene:plasmid:123887,Pseudomonas putida,Drugs,Rifampin,Rifampin-resistant_beta-subunit_of_RNA_polymerase_RpoB,RPOB,CIA,3.942894,27273603,148.31414884934711413083,0.974743
ERR14783549,NODE_2983_length_5342_cov_91.609204,gene:plasmid:131373,Leuconostoc mesenteroides,Drugs,Aminoglycosides,Aminoglycoside-resistant_16S_ribosomal_subunit_protein,A16S,CIA,91.609204,27273603,148.31414884934711413083,22.6472
ERR14783549,NODE_2983_length_5342_cov_91.609204,gene:plasmid:131373,Leuconostoc mesenteroides,Drugs,Oxazolidinone,Oxazolidinone-resistant_23S_rRNA_mutation,O23S,Authorized for use in humans only,91.609204,27273603,148.31414884934711413083,22.6472
ERR14783549,NODE_241_length_56395_cov_34.605051,gene:plasmid:138489,Pseudomonas brenneri,Drugs,Rifampin,Rifampin-resistant_beta-subunit_of_RNA_polymerase_RpoB,RPOB,CIA,34.605051,27273603,148.31414884934711413083,8.55489
ERR14783549,NODE_4_length_177224_cov_33.103819,gene:plasmid:145289,Pseudomonas lundensis,Drugs,Fluoroquinolones,Fluoroquinolone-resistant_DNA_topoisomerases,GYRB,HPCIA,33.103819,27273603,148.31414884934711413083,8.18376
ERR14783549,NODE_4_length_177224_cov_33.103819,gene:plasmid:145289,Pseudomonas lundensis,Biocides,Phenolic_compound_resistance,Phenolic_RND_efflux_pump,TRIC,0,33.103819,27273603,148.31414884934711413083,8.18376
ERR14783549,NODE_33_length_115414_cov_3.336569,gene:plasmid:155093;gene:plasmid:82630,Pseudomonas putida,Biocides,Multi-biocide_resistance,Multi-biocide_resistance_protein,MDEA,Authorized for use in humans only ?,3.336569,27273603,148.31414884934711413083,0.82485
ERR14783549,NODE_274_length_52624_cov_2.476294,gene:plasmid:156516,Pseudomonas putida,Drugs,Multi-drug_resistance,Multi-drug_RND_efflux_pumps,MUXB,CIA,2.476294,27273603,148.31414884934711413083,0.612177
ERR14783549,NODE_390_length_40567_cov_22.988971,gene:plasmid:20668;gene:plasmid:20669,Pseudomonas lundensis,Drugs,Fluoroquinolones,Fluoroquinolone-resistant_DNA_topoisomerases,GYRA,HPCIA,22.988971,27273603,148.31414884934711413083,5.68322
ERR14783549,NODE_261_length_54257_cov_3.315592,gene:plasmid:21089,Pseudomonas putida,Biocides,Multi-biocide_resistance,Multi-biocide_RND_efflux_pump,MEXW,HPCIA,3.315592,27273603,148.31414884934711413083,0.819664
ERR14783549,NODE_261_length_54257_cov_3.315592,gene:plasmid:21089,Pseudomonas putida,Biocides,Peroxide_resistance,peroxide_resistance_protein,SODB,0,3.315592,27273603,148.31414884934711413083,0.819664
ERR14783549,NODE_358_length_43653_cov_4.015232,gene:plasmid:28516,Pseudomonas fragi,Drugs,Multi-drug_resistance,Multi-drug_RND_efflux_pumps,OPMH,NA,4.015232,27273603,148.31414884934711413083,0.992626
ERR14783549,NODE_358_length_43653_cov_4.015232,gene:plasmid:28516,Pseudomonas putida,Drugs,Fluoroquinolones,Fluoroquinolone-resistant_DNA_topoisomerases,PARC,HPCIA,4.015232,27273603,148.31414884934711413083,0.992626
ERR14783549,NODE_93_length_83824_cov_3.863424,gene:plasmid:86304,Pseudomonas putida,Multi-compound,Biocide_and_metal_resistance,Biocide_and_metal_resistance_protein,RUVB,0,3.863424,27273603,148.31414884934711413083,0.955097
ERR14783549,NODE_249_length_55119_cov_32.889275,gene:plasmid:89528,Pseudomonas helleri,Drugs,Multi-drug_resistance,Multi-drug_RND_efflux_pumps,OPMH,NA,32.889275,27273603,148.31414884934711413083,8.13072
ERR14783549,NODE_249_length_55119_cov_32.889275,gene:plasmid:89528,Pseudomonas helleri,Drugs,Fluoroquinolones,Fluoroquinolone-resistant_DNA_topoisomerases,PARC,HPCIA,32.889275,27273603,148.31414884934711413083,8.13072
ERR14783549,NODE_8_length_160912_cov_3.077800,gene:proph:173746;gene:proph:163163,Pseudomonas putida,Drugs,Fluoroquinolones,Fluoroquinolone-resistant_DNA_topoisomerases,GYRA,HPCIA,3.077800,27273603,148.31414884934711413083,0.760878
ERR14783549,NODE_427_length_37478_cov_3.005221,gene:proph:175950;gene:plasmid:28512,Pseudomonas putida,Drugs,Lipopeptides,Colistin-resistant_mutant,PHOP,HPCIA,3.005221,27273603,148.31414884934711413083,0.742936
ERR14783549,NODE_427_length_37478_cov_3.005221,gene:proph:175950;gene:plasmid:28512,Pseudomonas putida,Drugs,Lipopeptides,Colistin-resistant_mutant,PHOQ,HPCIA,3.005221,27273603,148.31414884934711413083,0.742936
ERR14783549,NODE_2_length_244642_cov_26.689896,gene:proph:175953;gene:proph:184195;gene:proph:184194;gene:proph:184236;gene:proph:175955;gene:proph:184449;gene:proph:184436,Pseudomonas helleri,Biocides,Multi-biocide_resistance,Multi-biocide_RND_efflux_pump,EMHB,0,26.689896,27273603,148.31414884934711413083,6.59814
ERR14783549,NODE_2_length_244642_cov_26.689896,gene:proph:175953;gene:proph:184195;gene:proph:184194;gene:proph:184236;gene:proph:175955;gene:proph:184449;gene:proph:184436,Pseudomonas helleri,Multi-compound,Drug_and_biocide_resistance,Drug_and_biocide_RND_efflux_pumps,EMHC,0,26.689896,27273603,148.31414884934711413083,6.59814
ERR14783549,NODE_990_length_18637_cov_6.369584,gene:proph:176835;gene:plasmid:123887,Hafnia alvei,Drugs,Elfamycins,EF-Tu_inhibition,TUFAB,NA,6.369584,27273603,148.31414884934711413083,1.57466
ERR14783549,NODE_990_length_18637_cov_6.369584,gene:proph:176835;gene:plasmid:123887,Hafnia alvei,Drugs,Rifampin,Rifampin-resistant_beta-subunit_of_RNA_polymerase_RpoB,RPOB,CIA,6.369584,27273603,148.31414884934711413083,1.57466
ERR14783549,NODE_41_length_108879_cov_26.187518,gene:proph:184193,Pseudomonas lundensis,Multi-compound,Drug_and_biocide_resistance,Drug_and_biocide_RND_efflux_pumps,MEXK,CIA,26.187518,27273603,148.31414884934711413083,6.47395
ERR14783549,NODE_60_length_95519_cov_24.503292,gene:proph:184236;gene:proph:175955;gene:plasmid:21021;gene:plasmid:154774;gene:proph:175950;gene:proph:175953;gene:proph:175954,Pseudomonas lundensis,Drugs,Lipopeptides,Colistin-resistant_mutant,PHOP,HPCIA,24.503292,27273603,148.31414884934711413083,6.05758
ERR14783549,NODE_60_length_95519_cov_24.503292,gene:proph:184236;gene:proph:175955;gene:plasmid:21021;gene:plasmid:154774;gene:proph:175950;gene:proph:175953;gene:proph:175954,Pseudomonas lundensis,Biocides,Peroxide_resistance,peroxide_resistance_protein,SODB,0,24.503292,27273603,148.31414884934711413083,6.05758
ERR14783550,NODE_74_length_60734_cov_5.504199,gene:plasmid:123887,Lelliottia amnigena,Drugs,Rifampin,Rifampin-resistant_beta-subunit_of_RNA_polymerase_RpoB,RPOB,CIA,5.504199,34776939,145.00824261732753420305,1.09147
ERR14783550,NODE_74_length_60734_cov_5.504199,gene:plasmid:123887,Pseudomonas helleri,Drugs,Rifampin,Rifampin-resistant_beta-subunit_of_RNA_polymerase_RpoB,RPOB,CIA,5.504199,34776939,145.00824261732753420305,1.09147
ERR14783550,NODE_2749_length_5342_cov_154.802493,gene:plasmid:139560,Janthinobacterium tructae,Drugs,Aminoglycosides,Aminoglycoside-resistant_16S_ribosomal_subunit_protein,A16S,CIA,154.802493,34776939,145.00824261732753420305,30.6969
ERR14783550,NODE_2749_length_5342_cov_154.802493,gene:plasmid:139560,Leuconostoc mesenteroides,Drugs,Oxazolidinone,Oxazolidinone-resistant_23S_rRNA_mutation,O23S,Authorized for use in humans only,154.802493,34776939,145.00824261732753420305,30.6969
ERR14783550,NODE_1098_length_11675_cov_3.867596,gene:plasmid:139560;gene:plasmid:131185,Acetobacter orientalis,Drugs,MLS,Macrolide-resistant_23S_rRNA_mutation,MLS23S,CIA ?,3.867596,34776939,145.00824261732753420305,0.766932
ERR14783550,NODE_1098_length_11675_cov_3.867596,gene:plasmid:139560;gene:plasmid:131185,Acetobacter pasteurianus,Drugs,Aminoglycosides,Aminoglycoside-resistant_16S_ribosomal_subunit_protein,A16S,CIA,3.867596,34776939,145.00824261732753420305,0.766932
ERR14783550,NODE_24_length_90119_cov_3.955185,gene:proph:169464,Pseudomonas fragi,Drugs,Fluoroquinolones,Fluoroquinolone-resistant_DNA_topoisomerases,GYRA,HPCIA,3.955185,34776939,145.00824261732753420305,0.784301
ERR14783550,NODE_3_length_144597_cov_4.170243,gene:proph:184236;gene:proph:175955;gene:proph:175950;gene:proph:175953;gene:proph:175954;gene:proph:184195;gene:proph:184194,Pseudomonas bubulae,Biocides,Multi-biocide_resistance,Multi-biocide_RND_efflux_pump,EMHB,0,4.170243,34776939,145.00824261732753420305,0.826946
ERR14783550,NODE_3_length_144597_cov_4.170243,gene:proph:184236;gene:proph:175955;gene:proph:175950;gene:proph:175953;gene:proph:175954;gene:proph:184195;gene:proph:184194,Pseudomonas bubulae,Multi-compound,Drug_and_biocide_resistance,Drug_and_biocide_RND_efflux_pumps,EMHC,0,4.170243,34776939,145.00824261732753420305,0.826946
ERR14783550,NODE_3_length_144597_cov_4.170243,gene:proph:184236;gene:proph:175955;gene:proph:175950;gene:proph:175953;gene:proph:175954;gene:proph:184195;gene:proph:184194,Pseudomonas bubulae,Biocides,Peroxide_resistance,peroxide_resistance_protein,SODB,0,4.170243,34776939,145.00824261732753420305,0.826946
ERR14783551,NODE_6_length_167030_cov_3.623560,gene:plasmid:112536,Pseudomonas juntendi,Multi-compound,Drug_and_biocide_resistance,Drug_and_biocide_RND_efflux_pumps,MEXE,HPCIA,3.623560,2634677,141.88564063071108906328,9.69325
ERR14783551,NODE_6_length_167030_cov_3.623560,gene:plasmid:112536,Pseudomonas juntendi,Multi-compound,Drug_and_biocide_resistance,Drug_and_biocide_RND_efflux_pumps,MEXF,HPCIA,3.623560,2634677,141.88564063071108906328,9.69325
ERR14783551,NODE_177_length_17152_cov_5.752012,gene:plasmid:123887,Pseudomonas helleri,Drugs,Rifampin,Rifampin-resistant_beta-subunit_of_RNA_polymerase_RpoB,RPOB,CIA,5.752012,2634677,141.88564063071108906328,15.387
ERR14783551,NODE_177_length_17152_cov_5.752012,gene:plasmid:123887,Pseudomonas putida,Drugs,Rifampin,Rifampin-resistant_beta-subunit_of_RNA_polymerase_RpoB,RPOB,CIA,5.752012,2634677,141.88564063071108906328,15.387
ERR14783551,NODE_10_length_118956_cov_3.864621,gene:plasmid:134485,Pseudomonas lundensis,Drugs,Cationic_antimicrobial_peptides,Polymyxin_B_resistance_regulator,ARNA,HPCIA,3.864621,2634677,141.88564063071108906328,10.3381
ERR14783551,NODE_738_length_4835_cov_8.945200,gene:plasmid:139560,Leuconostoc mesenteroides,Drugs,Aminoglycosides,Aminoglycoside-resistant_16S_ribosomal_subunit_protein,A16S,CIA,8.945200,2634677,141.88564063071108906328,23.929
ERR14783551,NODE_738_length_4835_cov_8.945200,gene:plasmid:139560,Leuconostoc mesenteroides,Drugs,Oxazolidinone,Oxazolidinone-resistant_23S_rRNA_mutation,O23S,Authorized for use in humans only,8.945200,2634677,141.88564063071108906328,23.929
ERR14783551,NODE_4_length_210640_cov_5.543677,gene:plasmid:155093;gene:plasmid:125744,Pseudomonas lundensis,Drugs,Aminocoumarins,Aminocoumarin-resistant_DNA_topoisomerases,PARE,Not medically important,5.543677,2634677,141.88564063071108906328,14.8297
ERR14783551,NODE_4_length_210640_cov_5.543677,gene:plasmid:155093;gene:plasmid:125744,Pseudomonas lundensis,Drugs,Fluoroquinolones,Fluoroquinolone-resistant_DNA_topoisomerases,PARC,HPCIA,5.543677,2634677,141.88564063071108906328,14.8297
ERR14783551,NODE_4_length_210640_cov_5.543677,gene:plasmid:155093;gene:plasmid:125744,Pseudomonas lundensis,Multi-compound,Biocide_and_metal_resistance,Biocide_and_metal_resistance_protein,RUVB,0,5.543677,2634677,141.88564063071108906328,14.8297
ERR14783551,NODE_37_length_62268_cov_4.579875,gene:plasmid:21021,Pseudomonas sp. SD17-1,Multi-compound,Drug_and_biocide_resistance,Drug_and_biocide_RND_efflux_pumps,TTGA,NA,4.579875,2634677,141.88564063071108906328,12.2515
ERR14783551,NODE_37_length_62268_cov_4.579875,gene:plasmid:21021,Pseudomonas lundensis,Drugs,Lipopeptides,Colistin-resistant_mutant,PHOP,HPCIA,4.579875,2634677,141.88564063071108906328,12.2515
ERR14783551,NODE_8_length_139071_cov_3.906149,gene:plasmid:27818,Enterobacter hormaechei,Drugs,betalactams,Penicillin_binding_protein,PBP2,HPCIA,3.906149,2634677,141.88564063071108906328,10.4492
ERR14783551,NODE_8_length_139071_cov_3.906149,gene:plasmid:27818,Pseudomonas lundensis,Drugs,Multi-drug_resistance,Multi-drug_RND_efflux_pumps,MUXB,CIA,3.906149,2634677,141.88564063071108906328,10.4492
ERR14783551,NODE_18_length_87882_cov_4.673705,gene:proph:175950;gene:proph:175953;gene:proph:175954;gene:proph:184195;gene:proph:184194;gene:plasmid:112456;gene:proph:184236;gene:proph:175955,Pseudomonas lundensis,Biocides,Multi-biocide_resistance,Multi-biocide_RND_efflux_pump,EMHB,0,4.673705,2634677,141.88564063071108906328,12.5025
ERR14783551,NODE_18_length_87882_cov_4.673705,gene:proph:175950;gene:proph:175953;gene:proph:175954;gene:proph:184195;gene:proph:184194;gene:plasmid:112456;gene:proph:184236;gene:proph:175955,Pseudomonas lundensis,Multi-compound,Drug_and_biocide_resistance,Drug_and_biocide_RND_efflux_pumps,EMHC,0,4.673705,2634677,141.88564063071108906328,12.5025
ERR14783553,NODE_636_length_5342_cov_39.272675,gene:plasmid:131373,Leuconostoc mesenteroides,Drugs,Aminoglycosides,Aminoglycoside-resistant_16S_ribosomal_subunit_protein,A16S,CIA,39.272675,25009552,142.97226827573720632820,10.9833
ERR14783553,NODE_636_length_5342_cov_39.272675,gene:plasmid:131373,Leuconostoc mesenteroides,Drugs,Oxazolidinone,Oxazolidinone-resistant_23S_rRNA_mutation,O23S,Authorized for use in humans only,39.272675,25009552,142.97226827573720632820,10.9833
ERR14783553,NODE_616_length_5592_cov_32.511985,gene:plasmid:139560;gene:plasmid:131376,Acetobacter orientalis,Drugs,MLS,Macrolide-resistant_23S_rRNA_mutation,MLS23S,CIA ?,32.511985,25009552,142.97226827573720632820,9.09255
ERR14783553,NODE_616_length_5592_cov_32.511985,gene:plasmid:139560;gene:plasmid:131376,other,Drugs,Aminoglycosides,Aminoglycoside-resistant_16S_ribosomal_subunit_protein,A16S,CIA,32.511985,25009552,142.97226827573720632820,9.09255
ERR14783783,NODE_6_length_306022_cov_12.560251,gene:plasmid:119871;gene:plasmid:154014;gene:plasmid:149415;gene:plasmid:93494;gene:plasmid:93486,Klebsiella grimontii,Multi-compound,Drug_and_biocide_resistance,Drug_and_biocide_RND_efflux_pumps,OQXA,Authorized for use in humans only ?,12.560251,3839819,136.67904138189846969349,23.9324
ERR14783783,NODE_6_length_306022_cov_12.560251,gene:plasmid:119871;gene:plasmid:154014;gene:plasmid:149415;gene:plasmid:93494;gene:plasmid:93486,Klebsiella grimontii,Multi-compound,Drug_and_biocide_resistance,Drug_and_biocide_RND_efflux_pumps,OQXB,Authorized for use in humans only ?,12.560251,3839819,136.67904138189846969349,23.9324
ERR14783783,NODE_6_length_306022_cov_12.560251,gene:plasmid:119871;gene:plasmid:154014;gene:plasmid:149415;gene:plasmid:93494;gene:plasmid:93486,Klebsiella grimontii,Multi-compound,Drug_and_biocide_resistance,Drug_and_biocide_MFS_efflux_pumps,KMRA,0,12.560251,3839819,136.67904138189846969349,23.9324
ERR14783783,NODE_153_length_15663_cov_2.411367,gene:plasmid:123887,Pseudomonas helleri,Drugs,Rifampin,Rifampin-resistant_beta-subunit_of_RNA_polymerase_RpoB,RPOB,CIA,2.411367,3839819,136.67904138189846969349,4.59463
ERR14783783,NODE_36_length_75503_cov_2.613975,gene:plasmid:129691;gene:plasmid:86304,Pseudomonas putida,Multi-compound,Biocide_and_metal_resistance,Biocide_and_metal_resistance_protein,RUVB,0,2.613975,3839819,136.67904138189846969349,4.98068
ERR14783783,NODE_2_length_448793_cov_15.016462,gene:plasmid:134726;gene:plasmid:134726,Klebsiella grimontii,Multi-compound,Drug_and_biocide_and_metal_resistance,Drug_and_biocide_and_metal_RND_efflux_pumps,MDTB,Not medically important,15.016462,3839819,136.67904138189846969349,28.6124
ERR14783783,NODE_2_length_448793_cov_15.016462,gene:plasmid:134726;gene:plasmid:134726,Klebsiella grimontii,Drugs,Fluoroquinolones,Fluoroquinolone-resistant_DNA_topoisomerases,GYRA,HPCIA,15.016462,3839819,136.67904138189846969349,28.6124
ERR14783783,NODE_2_length_448793_cov_15.016462,gene:plasmid:134726;gene:plasmid:134726,Klebsiella grimontii,Drugs,Fosfomycin,Fosfomycin_target_mutation,PTSL,HPCIA,15.016462,3839819,136.67904138189846969349,28.6124
ERR14783783,NODE_2_length_448793_cov_15.016462,gene:plasmid:134726;gene:plasmid:134726,Pantoea agglomerans,Drugs,Fosfomycin,Fosfomycin_target_mutation,PTSL,HPCIA,15.016462,3839819,136.67904138189846969349,28.6124
ERR14783783,NODE_2_length_448793_cov_15.016462,gene:plasmid:134726;gene:plasmid:134726,Klebsiella grimontii,Multi-compound,Drug_and_biocide_and_metal_resistance,Drug_and_biocide_and_metal_RND_efflux_pumps,ACRD,CIA,15.016462,3839819,136.67904138189846969349,28.6124
ERR14783783,NODE_2_length_448793_cov_15.016462,gene:plasmid:134726;gene:plasmid:134726,Klebsiella grimontii,Drugs,betalactams,Mutant_porin_proteins,OMPK36,Authorized for use in humans only ?,15.016462,3839819,136.67904138189846969349,28.6124
ERR14783783,NODE_463_length_5405_cov_13.180371,gene:plasmid:139560,Acetobacter orientalis,Drugs,Aminoglycosides,Aminoglycoside-resistant_16S_ribosomal_subunit_protein,A16S,CIA,13.180371,3839819,136.67904138189846969349,25.1139
ERR14783783,NODE_463_length_5405_cov_13.180371,gene:plasmid:139560,Leuconostoc mesenteroides,Drugs,Oxazolidinone,Oxazolidinone-resistant_23S_rRNA_mutation,O23S,Authorized for use in humans only,13.180371,3839819,136.67904138189846969349,25.1139
ERR14783783,NODE_8_length_270784_cov_18.704486,gene:plasmid:151260,Klebsiella grimontii,Drugs,Lipopeptides,Colistin_phosphoethanolamine_transferase,EPTB,NA,18.704486,3839819,136.67904138189846969349,35.6396
ERR14783783,NODE_8_length_270784_cov_18.704486,gene:plasmid:151260,Klebsiella grimontii,Drugs,Elfamycins,EF-Tu_inhibition,TUFAB,NA,18.704486,3839819,136.67904138189846969349,35.6396
ERR14783783,NODE_8_length_270784_cov_18.704486,gene:plasmid:151260,Klebsiella grimontii,Drugs,Lipopeptides,Colistin_phosphoethanolamine_transferase,ARNT,HPCIA,18.704486,3839819,136.67904138189846969349,35.6396
ERR14783783,NODE_8_length_270784_cov_18.704486,gene:plasmid:151260,Klebsiella grimontii,Drugs,Aminoglycosides,Aminoglycoside-resistant_16S_ribosomal_subunit_protein,RPSL,CIA,18.704486,3839819,136.67904138189846969349,35.6396
ERR14783783,NODE_8_length_270784_cov_18.704486,gene:plasmid:151260,Klebsiella grimontii,Multi-compound,Drug_and_biocide_resistance,Drug_and_biocide_RND_efflux_regulator,CRP,Authorized for use in humans only ,18.704486,3839819,136.67904138189846969349,35.6396
ERR14783783,NODE_5_length_306706_cov_13.613506,gene:plasmid:156052;gene:proph:169464;gene:proph:169512;gene:plasmid:125744;gene:proph:172517,Klebsiella grimontii,Biocides,Phenolic_compound_resistance,Triclosan-resistant_mutation,FABG,0,13.613506,3839819,136.67904138189846969349,25.9392
ERR14783783,NODE_5_length_306706_cov_13.613506,gene:plasmid:156052;gene:proph:169464;gene:proph:169512;gene:plasmid:125744;gene:proph:172517,Klebsiella grimontii,Multi-compound,Drug_and_biocide_resistance,Drug_and_biocide_ABC_efflux_regulator,PHOB,0,13.613506,3839819,136.67904138189846969349,25.9392
ERR14783783,NODE_5_length_306706_cov_13.613506,gene:plasmid:156052;gene:proph:169464;gene:proph:169512;gene:plasmid:125744;gene:proph:172517,Klebsiella grimontii,Multi-compound,Drug_and_biocide_resistance,Drug_and_biocide_SMR_efflux_regulator,PHOR,0,13.613506,3839819,136.67904138189846969349,25.9392
ERR14783783,NODE_47_length_49414_cov_2.137967,gene:plasmid:21089,Pseudomonas putida,Biocides,Peroxide_resistance,peroxide_resistance_protein,SODB,0,2.137967,3839819,136.67904138189846969349,4.07369
ERR14783783,NODE_4_length_324819_cov_15.045058,gene:plasmid:24610,Klebsiella grimontii,Drugs,betalactams,Class_A_betalactamases,OXY,Authorized for use in humans only ?,15.045058,3839819,136.67904138189846969349,28.6669
ERR14783783,NODE_134_length_18700_cov_1.777365,gene:plasmid:28512;gene:proph:175950,Pseudomonas putida,Drugs,Lipopeptides,Colistin-resistant_mutant,PHOP,HPCIA,1.777365,3839819,136.67904138189846969349,3.3866
ERR14783783,NODE_134_length_18700_cov_1.777365,gene:plasmid:28512;gene:proph:175950,Pseudomonas putida,Drugs,Lipopeptides,Colistin-resistant_mutant,PHOQ,HPCIA,1.777365,3839819,136.67904138189846969349,3.3866
ERR14783783,NODE_129_length_19817_cov_2.464093,gene:plasmid:28516,Pseudomonas fragi,Drugs,Aminocoumarins,Aminocoumarin-resistant_DNA_topoisomerases,PARE,Not medically important,2.464093,3839819,136.67904138189846969349,4.6951
ERR14783783,NODE_129_length_19817_cov_2.464093,gene:plasmid:28516,Pseudomonas putida,Drugs,Multi-drug_resistance,Multi-drug_RND_efflux_pumps,OPMH,NA,2.464093,3839819,136.67904138189846969349,4.6951
ERR14783783,NODE_129_length_19817_cov_2.464093,gene:plasmid:28516,Pseudomonas putida,Drugs,Fluoroquinolones,Fluoroquinolone-resistant_DNA_topoisomerases,PARC,HPCIA,2.464093,3839819,136.67904138189846969349,4.6951
ERR14783783,NODE_68_length_32565_cov_2.092237,gene:plasmid:82630,Pseudomonas putida,Biocides,Multi-biocide_resistance,Multi-biocide_RND_efflux_pump,MEXW,HPCIA,2.092237,3839819,136.67904138189846969349,3.98656
ERR14783783,NODE_50_length_42283_cov_20.187470,gene:plasmid:88437;gene:plasmid:88436;gene:plasmid:88435;gene:plasmid:155952;gene:plasmid:156088;gene:plasmid:117725;gene:plasmid:88445;gene:plasmid:88447;gene:plasmid:88448;gene:plasmid:88449;gene:plasmid:155994;gene:plasmid:88409,Citrobacter freundii,Drugs,betalactams,Class_A_betalactamases,CTX,Authorized for use in humans only ,20.187470,3839819,136.67904138189846969349,38.4653
ERR14783783,NODE_9_length_263326_cov_14.320438,gene:proph:163818;gene:proph:179258;gene:plasmid:124311;gene:proph:179262;gene:proph:179263,Klebsiella grimontii,Drugs,Multi-drug_resistance,MDR_mutant_porin_proteins,OMPK,NA,14.320438,3839819,136.67904138189846969349,27.2862
ERR14783783,NODE_9_length_263326_cov_14.320438,gene:proph:163818;gene:proph:179258;gene:plasmid:124311;gene:proph:179262;gene:proph:179263,Klebsiella grimontii,Multi-compound,Drug_and_biocide_resistance,Drug_and_biocide_MFS_efflux_pumps,KDEA,0,14.320438,3839819,136.67904138189846969349,27.2862
ERR14783783,NODE_1_length_801456_cov_14.431333,gene:proph:164876;gene:proph:164876;gene:plasmid:89001;gene:plasmid:21988;gene:plasmid:21989;gene:vir:7358;gene:vir:7358;gene:plasmid:22293,Klebsiella grimontii,Multi-compound,Drug_and_biocide_resistance,Drug_and_biocide_MATE_efflux_pumps,MDTK,HPCIA,14.431333,3839819,136.67904138189846969349,27.4975
ERR14783783,NODE_1_length_801456_cov_14.431333,gene:proph:164876;gene:proph:164876;gene:plasmid:89001;gene:plasmid:21988;gene:plasmid:21989;gene:vir:7358;gene:vir:7358;gene:plasmid:22293,Klebsiella grimontii,Biocides,Peroxide_resistance,peroxide_resistance_protein,SODB,0,14.431333,3839819,136.67904138189846969349,27.4975
ERR14783783,NODE_11_length_224168_cov_15.982584,gene:proph:170892,Klebsiella grimontii,Drugs,betalactams,Penicillin_binding_protein,AMPH,HIA,15.982584,3839819,136.67904138189846969349,30.4533
ERR14783783,NODE_11_length_224168_cov_15.982584,gene:proph:170892,Klebsiella grimontii,Multi-compound,Drug_and_biocide_resistance,Drug_and_biocide_RND_efflux_pumps,ACRA,Authorized for use in humans only ?,15.982584,3839819,136.67904138189846969349,30.4533
ERR14783783,NODE_11_length_224168_cov_15.982584,gene:proph:170892,Klebsiella grimontii,Multi-compound,Drug_and_biocide_resistance,Drug_and_biocide_RND_efflux_pumps,SDEY,0,15.982584,3839819,136.67904138189846969349,30.4533
ERR14783783,NODE_11_length_224168_cov_15.982584,gene:proph:170892,Klebsiella grimontii,Biocides,Multi-biocide_resistance,Multi-biocide_ABC_efflux_pump,SMDA,0,15.982584,3839819,136.67904138189846969349,30.4533
ERR14783783,NODE_53_length_39538_cov_18.983862,gene:proph:176833;gene:proph:176835;gene:plasmid:123887,Klebsiella grimontii,Drugs,Elfamycins,EF-Tu_inhibition,TUFAB,NA,18.983862,3839819,136.67904138189846969349,36.1719
ERR14783783,NODE_53_length_39538_cov_18.983862,gene:proph:176833;gene:proph:176835;gene:plasmid:123887,Klebsiella grimontii,Drugs,Rifampin,Rifampin-resistant_beta-subunit_of_RNA_polymerase_RpoB,RPOB,CIA,18.983862,3839819,136.67904138189846969349,36.1719
ERR14783784,NODE_409_length_5453_cov_19.422831,gene:plasmid:117290,Leuconostoc falkenbergense,Drugs,Aminoglycosides,Aminoglycoside-resistant_16S_ribosomal_subunit_protein,A16S,CIA,19.422831,3926007,134.50271357132068282099,36.7816
ERR14783784,NODE_409_length_5453_cov_19.422831,gene:plasmid:117290,Leuconostoc mesenteroides,Drugs,Oxazolidinone,Oxazolidinone-resistant_23S_rRNA_mutation,O23S,Authorized for use in humans only,19.422831,3926007,134.50271357132068282099,36.7816
ERR14783784,NODE_7_length_306022_cov_11.361980,gene:plasmid:119871;gene:plasmid:154014;gene:plasmid:149415;gene:plasmid:93494;gene:plasmid:93486,Klebsiella grimontii,Multi-compound,Drug_and_biocide_resistance,Drug_and_biocide_RND_efflux_pumps,OQXA,Authorized for use in humans only ?,11.361980,3926007,134.50271357132068282099,21.5165
ERR14783784,NODE_7_length_306022_cov_11.361980,gene:plasmid:119871;gene:plasmid:154014;gene:plasmid:149415;gene:plasmid:93494;gene:plasmid:93486,Klebsiella grimontii,Multi-compound,Drug_and_biocide_resistance,Drug_and_biocide_RND_efflux_pumps,OQXB,Authorized for use in humans only ?,11.361980,3926007,134.50271357132068282099,21.5165
ERR14783784,NODE_7_length_306022_cov_11.361980,gene:plasmid:119871;gene:plasmid:154014;gene:plasmid:149415;gene:plasmid:93494;gene:plasmid:93486,Klebsiella grimontii,Multi-compound,Drug_and_biocide_resistance,Drug_and_biocide_MFS_efflux_pumps,KMRA,0,11.361980,3926007,134.50271357132068282099,21.5165
ERR14783784,NODE_79_length_34472_cov_16.803669,gene:plasmid:123887,Pseudomonas saxonica,Drugs,Elfamycins,EF-Tu_inhibition,TUFAB,NA,16.803669,3926007,134.50271357132068282099,31.8216
ERR14783784,NODE_36_length_74198_cov_2.089603,gene:plasmid:123887;gene:plasmid:138489,Pseudomonas sp. DTU12.1,Drugs,Elfamycins,EF-Tu_inhibition,TUFAB,NA,2.089603,3926007,134.50271357132068282099,3.95714
ERR14783784,NODE_36_length_74198_cov_2.089603,gene:plasmid:123887;gene:plasmid:138489,Pseudomonas sp. DTU12.1,Drugs,Rifampin,Rifampin-resistant_beta-subunit_of_RNA_polymerase_RpoB,RPOB,CIA,2.089603,3926007,134.50271357132068282099,3.95714
ERR14783784,NODE_3_length_448793_cov_13.913778,gene:plasmid:134726;gene:plasmid:134726,Klebsiella grimontii,Multi-compound,Drug_and_biocide_and_metal_resistance,Drug_and_biocide_and_metal_RND_efflux_pumps,MDTB,Not medically important,13.913778,3926007,134.50271357132068282099,26.3489
ERR14783784,NODE_3_length_448793_cov_13.913778,gene:plasmid:134726;gene:plasmid:134726,Klebsiella grimontii,Drugs,Fluoroquinolones,Fluoroquinolone-resistant_DNA_topoisomerases,GYRA,HPCIA,13.913778,3926007,134.50271357132068282099,26.3489
ERR14783784,NODE_3_length_448793_cov_13.913778,gene:plasmid:134726;gene:plasmid:134726,Citrobacter freundii,Drugs,Fosfomycin,Fosfomycin_target_mutation,PTSL,HPCIA,13.913778,3926007,134.50271357132068282099,26.3489
ERR14783784,NODE_3_length_448793_cov_13.913778,gene:plasmid:134726;gene:plasmid:134726,Klebsiella grimontii,Drugs,Fosfomycin,Fosfomycin_target_mutation,PTSL,HPCIA,13.913778,3926007,134.50271357132068282099,26.3489
ERR14783784,NODE_3_length_448793_cov_13.913778,gene:plasmid:134726;gene:plasmid:134726,Klebsiella grimontii,Multi-compound,Drug_and_biocide_and_metal_resistance,Drug_and_biocide_and_metal_RND_efflux_pumps,ACRD,CIA,13.913778,3926007,134.50271357132068282099,26.3489
ERR14783784,NODE_3_length_448793_cov_13.913778,gene:plasmid:134726;gene:plasmid:134726,Superficieibacter sp. BNK-5,Multi-compound,Drug_and_biocide_and_metal_resistance,Drug_and_biocide_and_metal_RND_efflux_pumps,ACRD,CIA,13.913778,3926007,134.50271357132068282099,26.3489
ERR14783784,NODE_454_length_4510_cov_11.997262,gene:plasmid:139562,Pseudomonas sp. LG1D9,Drugs,MLS,Macrolide-resistant_23S_rRNA_mutation,MLS23S,CIA ?,11.997262,3926007,134.50271357132068282099,22.7196
ERR14783784,NODE_41_length_66276_cov_21.234425,gene:plasmid:156052;gene:plasmid:91985;gene:plasmid:156082;gene:plasmid:156066;gene:plasmid:88437;gene:plasmid:88436;gene:plasmid:88435;gene:plasmid:155952;gene:plasmid:156088;gene:plasmid:88409;gene:plasmid:91925;gene:plasmid:88447;gene:plasmid:88448;gene:plasmid:88449;gene:plasmid:155994,Escherichia coli,Drugs,betalactams,Class_A_betalactamases,CTX,Authorized for use in humans only ,21.234425,3926007,134.50271357132068282099,40.2123
ERR14783784,NODE_6_length_306706_cov_12.666853,gene:plasmid:156052;gene:proph:169464;gene:proph:169512;gene:plasmid:125744;gene:proph:172517,Klebsiella grimontii,Biocides,Phenolic_compound_resistance,Triclosan-resistant_mutation,FABG,0,12.666853,3926007,134.50271357132068282099,23.9876
ERR14783784,NODE_6_length_306706_cov_12.666853,gene:plasmid:156052;gene:proph:169464;gene:proph:169512;gene:plasmid:125744;gene:proph:172517,Klebsiella grimontii,Multi-compound,Drug_and_biocide_resistance,Drug_and_biocide_ABC_efflux_regulator,PHOB,0,12.666853,3926007,134.50271357132068282099,23.9876
ERR14783784,NODE_6_length_306706_cov_12.666853,gene:plasmid:156052;gene:proph:169464;gene:proph:169512;gene:plasmid:125744;gene:proph:172517,Klebsiella grimontii,Multi-compound,Drug_and_biocide_resistance,Drug_and_biocide_SMR_efflux_regulator,PHOR,0,12.666853,3926007,134.50271357132068282099,23.9876
ERR14783784,NODE_4_length_324819_cov_13.942666,gene:plasmid:24610,Klebsiella grimontii,Drugs,betalactams,Class_A_betalactamases,OXY,Authorized for use in humans only ?,13.942666,3926007,134.50271357132068282099,26.4036
ERR14783784,NODE_108_length_26254_cov_1.672791,gene:plasmid:81882,Pseudomonas sp. DTU12.1,Multi-compound,Drug_and_biocide_resistance,Drug_and_biocide_RND_efflux_regulator,CPXAR,CIA ,1.672791,3926007,134.50271357132068282099,3.16781
ERR14783784,NODE_9_length_263326_cov_13.344435,gene:proph:163818;gene:proph:179258;gene:plasmid:124311;gene:proph:179262;gene:proph:179263,Klebsiella grimontii,Drugs,Multi-drug_resistance,MDR_mutant_porin_proteins,OMPK,NA,13.344435,3926007,134.50271357132068282099,25.2707
ERR14783784,NODE_9_length_263326_cov_13.344435,gene:proph:163818;gene:proph:179258;gene:plasmid:124311;gene:proph:179262;gene:proph:179263,Klebsiella grimontii,Multi-compound,Drug_and_biocide_resistance,Drug_and_biocide_MFS_efflux_pumps,KDEA,0,13.344435,3926007,134.50271357132068282099,25.2707
ERR14783784,NODE_1_length_551646_cov_12.586284,gene:proph:164876;gene:plasmid:89001;gene:plasmid:21988;gene:plasmid:21989;gene:vir:7358,Klebsiella grimontii,Multi-compound,Drug_and_biocide_resistance,Drug_and_biocide_MATE_efflux_pumps,MDTK,HPCIA,12.586284,3926007,134.50271357132068282099,23.835
ERR14783784,NODE_1_length_551646_cov_12.586284,gene:proph:164876;gene:plasmid:89001;gene:plasmid:21988;gene:plasmid:21989;gene:vir:7358,Klebsiella grimontii,Biocides,Peroxide_resistance,peroxide_resistance_protein,SODB,0,12.586284,3926007,134.50271357132068282099,23.835
ERR14783784,NODE_13_length_224168_cov_14.731509,gene:proph:170892,Klebsiella grimontii,Drugs,betalactams,Penicillin_binding_protein,AMPH,HIA,14.731509,3926007,134.50271357132068282099,27.8975
ERR14783784,NODE_13_length_224168_cov_14.731509,gene:proph:170892,Klebsiella grimontii,Multi-compound,Drug_and_biocide_resistance,Drug_and_biocide_RND_efflux_pumps,ACRA,Authorized for use in humans only ?,14.731509,3926007,134.50271357132068282099,27.8975
ERR14783784,NODE_13_length_224168_cov_14.731509,gene:proph:170892,Klebsiella grimontii,Multi-compound,Drug_and_biocide_resistance,Drug_and_biocide_RND_efflux_pumps,SDEY,0,14.731509,3926007,134.50271357132068282099,27.8975
ERR14783784,NODE_13_length_224168_cov_14.731509,gene:proph:170892,Klebsiella grimontii,Biocides,Multi-biocide_resistance,Multi-biocide_ABC_efflux_pump,SMDA,0,14.731509,3926007,134.50271357132068282099,27.8975
ERR14783785,NODE_6_length_306022_cov_17.514222,gene:plasmid:119871;gene:plasmid:154014;gene:plasmid:149415;gene:plasmid:93494;gene:plasmid:93486,Klebsiella grimontii,Multi-compound,Drug_and_biocide_resistance,Drug_and_biocide_RND_efflux_pumps,OQXA,Authorized for use in humans only ?,17.514222,4448999,141.76638565214332482430,27.7687
ERR14783785,NODE_6_length_306022_cov_17.514222,gene:plasmid:119871;gene:plasmid:154014;gene:plasmid:149415;gene:plasmid:93494;gene:plasmid:93486,Klebsiella grimontii,Multi-compound,Drug_and_biocide_resistance,Drug_and_biocide_RND_efflux_pumps,OQXB,Authorized for use in humans only ?,17.514222,4448999,141.76638565214332482430,27.7687
ERR14783785,NODE_6_length_306022_cov_17.514222,gene:plasmid:119871;gene:plasmid:154014;gene:plasmid:149415;gene:plasmid:93494;gene:plasmid:93486,Klebsiella grimontii,Multi-compound,Drug_and_biocide_resistance,Drug_and_biocide_MFS_efflux_pumps,KMRA,0,17.514222,4448999,141.76638565214332482430,27.7687
ERR14783785,NODE_129_length_9751_cov_1.578969,gene:plasmid:123887,Pseudomonas saxonica,Drugs,Rifampin,Rifampin-resistant_beta-subunit_of_RNA_polymerase_RpoB,RPOB,CIA,1.578969,4448999,141.76638565214332482430,2.50344
ERR14783785,NODE_3_length_448793_cov_19.944228,gene:plasmid:134726;gene:plasmid:134726,Klebsiella grimontii,Multi-compound,Drug_and_biocide_and_metal_resistance,Drug_and_biocide_and_metal_RND_efflux_pumps,MDTC,Not medically important,19.944228,4448999,141.76638565214332482430,31.6214
ERR14783785,NODE_3_length_448793_cov_19.944228,gene:plasmid:134726;gene:plasmid:134726,Klebsiella grimontii,Drugs,Fluoroquinolones,Fluoroquinolone-resistant_DNA_topoisomerases,GYRA,HPCIA,19.944228,4448999,141.76638565214332482430,31.6214
ERR14783785,NODE_3_length_448793_cov_19.944228,gene:plasmid:134726;gene:plasmid:134726,Klebsiella grimontii,Drugs,Fosfomycin,Fosfomycin_target_mutation,PTSL,HPCIA,19.944228,4448999,141.76638565214332482430,31.6214
ERR14783785,NODE_3_length_448793_cov_19.944228,gene:plasmid:134726;gene:plasmid:134726,Superficieibacter sp. BNK-5,Drugs,Fosfomycin,Fosfomycin_target_mutation,PTSL,HPCIA,19.944228,4448999,141.76638565214332482430,31.6214
ERR14783785,NODE_3_length_448793_cov_19.944228,gene:plasmid:134726;gene:plasmid:134726,Klebsiella grimontii,Multi-compound,Drug_and_biocide_and_metal_resistance,Drug_and_biocide_and_metal_RND_efflux_pumps,ACRD,CIA,19.944228,4448999,141.76638565214332482430,31.6214
ERR14783785,NODE_3_length_448793_cov_19.944228,gene:plasmid:134726;gene:plasmid:134726,Klebsiella grimontii,Drugs,betalactams,Mutant_porin_proteins,OMPK36,Authorized for use in humans only ?,19.944228,4448999,141.76638565214332482430,31.6214
ERR14783785,NODE_390_length_5287_cov_32.965891,gene:plasmid:139560,Leuconostoc mesenteroides,Drugs,Aminoglycosides,Aminoglycoside-resistant_16S_ribosomal_subunit_protein,A16S,CIA,32.965891,4448999,141.76638565214332482430,52.2672
ERR14783785,NODE_390_length_5287_cov_32.965891,gene:plasmid:139560,Leuconostoc mesenteroides,Drugs,Oxazolidinone,Oxazolidinone-resistant_23S_rRNA_mutation,O23S,Authorized for use in humans only,32.965891,4448999,141.76638565214332482430,52.2672
ERR14783785,NODE_8_length_270784_cov_22.753925,gene:plasmid:151260,Klebsiella grimontii,Drugs,Lipopeptides,Colistin_phosphoethanolamine_transferase,EPTB,NA,22.753925,4448999,141.76638565214332482430,36.0762
ERR14783785,NODE_8_length_270784_cov_22.753925,gene:plasmid:151260,Klebsiella grimontii,Drugs,Elfamycins,EF-Tu_inhibition,TUFAB,NA,22.753925,4448999,141.76638565214332482430,36.0762
ERR14783785,NODE_8_length_270784_cov_22.753925,gene:plasmid:151260,Klebsiella grimontii,Drugs,Lipopeptides,Colistin_phosphoethanolamine_transferase,ARNT,HPCIA,22.753925,4448999,141.76638565214332482430,36.0762
ERR14783785,NODE_8_length_270784_cov_22.753925,gene:plasmid:151260,Klebsiella grimontii,Drugs,Aminoglycosides,Aminoglycoside-resistant_16S_ribosomal_subunit_protein,RPSL,CIA,22.753925,4448999,141.76638565214332482430,36.0762
ERR14783785,NODE_8_length_270784_cov_22.753925,gene:plasmid:151260,Klebsiella grimontii,Multi-compound,Drug_and_biocide_resistance,Drug_and_biocide_RND_efflux_regulator,CRP,Authorized for use in humans only ,22.753925,4448999,141.76638565214332482430,36.0762
ERR14783785,NODE_33_length_66276_cov_31.237071,gene:plasmid:156052;gene:plasmid:91985;gene:plasmid:156082;gene:plasmid:156066;gene:plasmid:88437;gene:plasmid:88436;gene:plasmid:88435;gene:plasmid:155952;gene:plasmid:156088;gene:plasmid:88409;gene:plasmid:91925;gene:plasmid:88447;gene:plasmid:88448;gene:plasmid:88449;gene:plasmid:155994,Klebsiella oxytoca,Drugs,betalactams,Class_A_betalactamases,CTX,Authorized for use in humans only ,31.237071,4448999,141.76638565214332482430,49.5262
ERR14783785,NODE_5_length_306706_cov_18.458286,gene:plasmid:156052;gene:proph:169464;gene:proph:169512;gene:plasmid:125744;gene:proph:172517,Klebsiella grimontii,Biocides,Phenolic_compound_resistance,Triclosan-resistant_mutation,FABG,0,18.458286,4448999,141.76638565214332482430,29.2655
ERR14783785,NODE_5_length_306706_cov_18.458286,gene:plasmid:156052;gene:proph:169464;gene:proph:169512;gene:plasmid:125744;gene:proph:172517,Klebsiella grimontii,Multi-compound,Drug_and_biocide_resistance,Drug_and_biocide_ABC_efflux_regulator,PHOB,0,18.458286,4448999,141.76638565214332482430,29.2655
ERR14783785,NODE_5_length_306706_cov_18.458286,gene:plasmid:156052;gene:proph:169464;gene:proph:169512;gene:plasmid:125744;gene:proph:172517,Klebsiella grimontii,Multi-compound,Drug_and_biocide_resistance,Drug_and_biocide_SMR_efflux_regulator,PHOR,0,18.458286,4448999,141.76638565214332482430,29.2655
ERR14783785,NODE_4_length_324819_cov_19.989067,gene:plasmid:24610,Klebsiella grimontii,Drugs,betalactams,Class_A_betalactamases,OXY,Authorized for use in humans only ?,19.989067,4448999,141.76638565214332482430,31.6925
ERR14783785,NODE_9_length_263326_cov_19.329975,gene:proph:163818;gene:proph:179258;gene:plasmid:124311;gene:proph:179262;gene:proph:179263,Klebsiella grimontii,Drugs,Multi-drug_resistance,MDR_mutant_porin_proteins,OMPK,NA,19.329975,4448999,141.76638565214332482430,30.6475
ERR14783785,NODE_9_length_263326_cov_19.329975,gene:proph:163818;gene:proph:179258;gene:plasmid:124311;gene:proph:179262;gene:proph:179263,Klebsiella grimontii,Multi-compound,Drug_and_biocide_resistance,Drug_and_biocide_MFS_efflux_pumps,KDEA,0,19.329975,4448999,141.76638565214332482430,30.6475
ERR14783785,NODE_1_length_755740_cov_18.521485,gene:proph:164876;gene:plasmid:89001;gene:plasmid:21988;gene:plasmid:21989;gene:vir:7358;gene:plasmid:22293,Klebsiella grimontii,Multi-compound,Drug_and_biocide_resistance,Drug_and_biocide_MATE_efflux_pumps,MDTK,HPCIA,18.521485,4448999,141.76638565214332482430,29.3657
ERR14783785,NODE_1_length_755740_cov_18.521485,gene:proph:164876;gene:plasmid:89001;gene:plasmid:21988;gene:plasmid:21989;gene:vir:7358;gene:plasmid:22293,Klebsiella grimontii,Biocides,Peroxide_resistance,peroxide_resistance_protein,SODB,0,18.521485,4448999,141.76638565214332482430,29.3657
ERR14783785,NODE_13_length_224168_cov_20.703010,gene:proph:170892,Klebsiella grimontii,Drugs,betalactams,Penicillin_binding_protein,AMPH,HIA,20.703010,4448999,141.76638565214332482430,32.8245
ERR14783785,NODE_13_length_224168_cov_20.703010,gene:proph:170892,Citrobacter freundii,Multi-compound,Drug_and_biocide_resistance,Drug_and_biocide_RND_efflux_pumps,ACRB,Authorized for use in humans only ?,20.703010,4448999,141.76638565214332482430,32.8245
ERR14783785,NODE_13_length_224168_cov_20.703010,gene:proph:170892,Klebsiella grimontii,Multi-compound,Drug_and_biocide_resistance,Drug_and_biocide_RND_efflux_pumps,SDEY,0,20.703010,4448999,141.76638565214332482430,32.8245
ERR14783785,NODE_13_length_224168_cov_20.703010,gene:proph:170892,Klebsiella grimontii,Biocides,Multi-biocide_resistance,Multi-biocide_ABC_efflux_pump,SMDA,0,20.703010,4448999,141.76638565214332482430,32.8245
ERR14783785,NODE_39_length_39538_cov_23.006902,gene:proph:176833;gene:proph:176835;gene:plasmid:123887,Klebsiella grimontii,Drugs,Elfamycins,EF-Tu_inhibition,TUFAB,NA,23.006902,4448999,141.76638565214332482430,36.4773
ERR14783785,NODE_39_length_39538_cov_23.006902,gene:proph:176833;gene:proph:176835;gene:plasmid:123887,Klebsiella grimontii,Drugs,Rifampin,Rifampin-resistant_beta-subunit_of_RNA_polymerase_RpoB,RPOB,CIA,23.006902,4448999,141.76638565214332482430,36.4773
ERR14783786,NODE_1224_length_5335_cov_8.832373,gene:plasmid:131182,Leuconostoc falkenbergense,Drugs,Aminoglycosides,Aminoglycoside-resistant_16S_ribosomal_subunit_protein,A16S,CIA,8.832373,3505899,140.54604739041255894707,17.925
ERR14783786,NODE_1224_length_5335_cov_8.832373,gene:plasmid:131182,Leuconostoc mesenteroides,Drugs,Oxazolidinone,Oxazolidinone-resistant_23S_rRNA_mutation,O23S,Authorized for use in humans only,8.832373,3505899,140.54604739041255894707,17.925
ERR14783786,NODE_1526_length_4034_cov_1.727156,gene:plasmid:139560,other,Drugs,Aminoglycosides,Aminoglycoside-resistant_16S_ribosomal_subunit_protein,A16S,CIA,1.727156,3505899,140.54604739041255894707,3.50521
ERR14783786,NODE_5_length_262480_cov_9.465644,gene:plasmid:145289;gene:plasmid:145257;gene:plasmid:145291;gene:plasmid:22225;gene:plasmid:85668;gene:plasmid:124491,Pseudomonas qingdaonensis,Drugs,Aminocoumarins,Aminocoumarin-resistant_DNA_topoisomerases,GYRBA,Not medically important,9.465644,3505899,140.54604739041255894707,19.2102
ERR14783786,NODE_43_length_76302_cov_5.056095,gene:plasmid:149763;gene:plasmid:21828,Pseudomonas palmensis,Multi-compound,Drug_and_biocide_resistance,Drug_and_biocide_RND_efflux_regulator,MEXT,HPCIA,5.056095,3505899,140.54604739041255894707,10.2612
ERR14783786,NODE_27_length_96182_cov_4.865608,gene:plasmid:154939,Pseudomonas sp. AE27,Multi-compound,Drug_and_biocide_resistance,Drug_and_biocide_RND_efflux_pumps,MEXI,HPCIA,4.865608,3505899,140.54604739041255894707,9.87459
ERR14783786,NODE_74_length_53780_cov_6.893855,gene:plasmid:21021,Pseudomonas lundensis,Biocides,Peroxide_resistance,peroxide_resistance_protein,SODB,0,6.893855,3505899,140.54604739041255894707,13.9909
ERR14783786,NODE_74_length_53780_cov_6.893855,gene:plasmid:21021,Pseudomonas lundensis,Biocides,Peroxide_resistance,peroxide_resistance_protein,SODB,0,6.893855,3505899,140.54604739041255894707,13.9909
ERR14783786,NODE_52_length_66180_cov_8.882231,gene:plasmid:22062,Pseudomonas qingdaonensis,Biocides,Phenolic_compound_resistance,Phenolic_RND_efflux_pump,TRIC,0,8.882231,3505899,140.54604739041255894707,18.0262
ERR14783786,NODE_45_length_71568_cov_6.928039,gene:plasmid:28490;gene:plasmid:21089,Pseudomonas qingdaonensis,Multi-compound,Drug_and_biocide_resistance,Drug_and_biocide_RND_efflux_pumps,TTGC,NA,6.928039,3505899,140.54604739041255894707,14.0602
ERR14783786,NODE_45_length_71568_cov_6.928039,gene:plasmid:28490;gene:plasmid:21089,Pseudomonas qingdaonensis,Biocides,Multi-biocide_resistance,Multi-biocide_RND_efflux_pump,MEXW,HPCIA,6.928039,3505899,140.54604739041255894707,14.0602
ERR14783786,NODE_45_length_71568_cov_6.928039,gene:plasmid:28490;gene:plasmid:21089,Pseudomonas qingdaonensis,Biocides,Peroxide_resistance,peroxide_resistance_protein,SODB,0,6.928039,3505899,140.54604739041255894707,14.0602
ERR14783786,NODE_685_length_9805_cov_1.425294,gene:proph:169464;gene:proph:169512,Klebsiella grimontii,Multi-compound,Drug_and_biocide_resistance,Drug_and_biocide_ABC_efflux_regulator,PHOB,0,1.425294,3505899,140.54604739041255894707,2.89259
ERR14783786,NODE_685_length_9805_cov_1.425294,gene:proph:169464;gene:proph:169512,Klebsiella grimontii,Multi-compound,Drug_and_biocide_resistance,Drug_and_biocide_SMR_efflux_regulator,PHOR,0,1.425294,3505899,140.54604739041255894707,2.89259
ERR14783786,NODE_412_length_14546_cov_1.767806,gene:proph:170892,Klebsiella sp. HC6,Biocides,Multi-biocide_resistance,Multi-biocide_ABC_efflux_pump,SMDA,0,1.767806,3505899,140.54604739041255894707,3.5877
ERR14783786,NODE_55_length_64086_cov_4.734596,gene:proph:173726,Pseudomonas sp. AE27,Drugs,Multi-drug_resistance,Multi-drug_RND_efflux_pumps,MUXB,CIA,4.734596,3505899,140.54604739041255894707,9.60871
ERR14783787,NODE_89_length_72982_cov_18.429634,gene:plasmid:123887;gene:plasmid:116472,Pseudomonas sp. B21-036,Drugs,Elfamycins,EF-Tu_inhibition,TUFAB,NA,18.429634,14213987,135.56409232680457636551,9.56436
ERR14783787,NODE_89_length_72982_cov_18.429634,gene:plasmid:123887;gene:plasmid:116472,Pseudomonas sp. B21-036,Drugs,Elfamycins,EF-Tu_inhibition,TUFAB,NA,18.429634,14213987,135.56409232680457636551,9.56436
ERR14783787,NODE_89_length_72982_cov_18.429634,gene:plasmid:123887;gene:plasmid:116472,Pseudomonas sp. B21-036,Drugs,Rifampin,Rifampin-resistant_beta-subunit_of_RNA_polymerase_RpoB,RPOB,CIA,18.429634,14213987,135.56409232680457636551,9.56436
ERR14783787,NODE_500_length_16267_cov_25.288166,gene:plasmid:123888;gene:plasmid:123887,Klebsiella sp. HC6,Drugs,Rifampin,Rifampin-resistant_beta-subunit_of_RNA_polymerase_RpoB,RPOB,CIA,25.288166,14213987,135.56409232680457636551,13.1237
ERR14783787,NODE_106_length_64030_cov_1.927171,gene:plasmid:125744,Citrobacter freundii,Drugs,betalactams,Mutant_porin_proteins,OMPA,Authorized for use in humans only ?,1.927171,14213987,135.56409232680457636551,1.00014
ERR14783787,NODE_1015_length_4705_cov_7.676059,gene:plasmid:131373,Leuconostoc mesenteroides,Drugs,Aminoglycosides,Aminoglycoside-resistant_16S_ribosomal_subunit_protein,A16S,CIA,7.676059,14213987,135.56409232680457636551,3.98362
ERR14783787,NODE_41_length_139369_cov_15.754614,gene:plasmid:138733;gene:plasmid:154897,Pseudomonas palmensis,Biocides,Peroxide_resistance,peroxide_resistance_protein,SODA,0,15.754614,14213987,135.56409232680457636551,8.17612
ERR14783787,NODE_973_length_5287_cov_217.535659,gene:plasmid:139560,Acetobacter orientalis,Drugs,Aminoglycosides,Aminoglycoside-resistant_16S_ribosomal_subunit_protein,A16S,CIA,217.535659,14213987,135.56409232680457636551,112.894
ERR14783787,NODE_973_length_5287_cov_217.535659,gene:plasmid:139560,Leuconostoc mesenteroides,Drugs,Oxazolidinone,Oxazolidinone-resistant_23S_rRNA_mutation,O23S,Authorized for use in humans only,217.535659,14213987,135.56409232680457636551,112.894
ERR14783787,NODE_121_length_58970_cov_14.326360,gene:plasmid:154739;gene:plasmid:138861,Pseudomonas palmensis,Multi-compound,Drug_and_biocide_resistance,Drug_and_biocide_RND_efflux_regulator,CPXAR,CIA ,14.326360,14213987,135.56409232680457636551,7.4349
ERR14783787,NODE_1_length_1094497_cov_19.306289,gene:plasmid:157743;gene:proph:169464;gene:proph:169512;gene:proph:170892;gene:plasmid:125744;gene:plasmid:124575;gene:plasmid:123175;gene:plasmid:90202;gene:proph:172517,Klebsiella sp. HC6,Drugs,Multi-drug_resistance,MDR_mutant_porin_proteins,OMPK,NA,19.306289,14213987,135.56409232680457636551,10.0193
ERR14783787,NODE_1_length_1094497_cov_19.306289,gene:plasmid:157743;gene:proph:169464;gene:proph:169512;gene:proph:170892;gene:plasmid:125744;gene:plasmid:124575;gene:plasmid:123175;gene:plasmid:90202;gene:proph:172517,Klebsiella sp. HC6,Drugs,betalactams,Penicillin_binding_protein,PBP2,HPCIA,19.306289,14213987,135.56409232680457636551,10.0193
ERR14783787,NODE_1_length_1094497_cov_19.306289,gene:plasmid:157743;gene:proph:169464;gene:proph:169512;gene:proph:170892;gene:plasmid:125744;gene:plasmid:124575;gene:plasmid:123175;gene:plasmid:90202;gene:proph:172517,Klebsiella sp. HC6,Drugs,betalactams,Penicillin_binding_protein,AMPH,HIA,19.306289,14213987,135.56409232680457636551,10.0193
ERR14783787,NODE_1_length_1094497_cov_19.306289,gene:plasmid:157743;gene:proph:169464;gene:proph:169512;gene:proph:170892;gene:plasmid:125744;gene:plasmid:124575;gene:plasmid:123175;gene:plasmid:90202;gene:proph:172517,Klebsiella sp. HC6,Drugs,Multi-drug_resistance,Multi-drug_ABC_efflux_pumps,MSBA,HIA,19.306289,14213987,135.56409232680457636551,10.0193
ERR14783787,NODE_1_length_1094497_cov_19.306289,gene:plasmid:157743;gene:proph:169464;gene:proph:169512;gene:proph:170892;gene:plasmid:125744;gene:plasmid:124575;gene:plasmid:123175;gene:plasmid:90202;gene:proph:172517,Klebsiella sp. HC6,Multi-compound,Drug_and_biocide_resistance,Drug_and_biocide_RND_efflux_pumps,ACRB,Authorized for use in humans only ?,19.306289,14213987,135.56409232680457636551,10.0193
ERR14783787,NODE_1_length_1094497_cov_19.306289,gene:plasmid:157743;gene:proph:169464;gene:proph:169512;gene:proph:170892;gene:plasmid:125744;gene:plasmid:124575;gene:plasmid:123175;gene:plasmid:90202;gene:proph:172517,Klebsiella sp. HC6,Multi-compound,Drug_and_biocide_resistance,Drug_and_biocide_RND_efflux_pumps,ACRB,Authorized for use in humans only ?,19.306289,14213987,135.56409232680457636551,10.0193
ERR14783787,NODE_1_length_1094497_cov_19.306289,gene:plasmid:157743;gene:proph:169464;gene:proph:169512;gene:proph:170892;gene:plasmid:125744;gene:plasmid:124575;gene:plasmid:123175;gene:plasmid:90202;gene:proph:172517,Klebsiella sp. HC6,Multi-compound,Drug_and_biocide_resistance,Drug_and_biocide_RND_efflux_regulator,ACRR,Authorized for use in humans only ?,19.306289,14213987,135.56409232680457636551,10.0193
ERR14783787,NODE_1_length_1094497_cov_19.306289,gene:plasmid:157743;gene:proph:169464;gene:proph:169512;gene:proph:170892;gene:plasmid:125744;gene:plasmid:124575;gene:plasmid:123175;gene:plasmid:90202;gene:proph:172517,Klebsiella sp. HC6,Drugs,betalactams,Mutant_porin_proteins,OMPA,Authorized for use in humans only ?,19.306289,14213987,135.56409232680457636551,10.0193
ERR14783787,NODE_1_length_1094497_cov_19.306289,gene:plasmid:157743;gene:proph:169464;gene:proph:169512;gene:proph:170892;gene:plasmid:125744;gene:plasmid:124575;gene:plasmid:123175;gene:plasmid:90202;gene:proph:172517,Klebsiella sp. HC6,Drugs,Multi-drug_resistance,Multi-drug_RND_efflux_regulator,RAMR,Authorized for use in humans only ?,19.306289,14213987,135.56409232680457636551,10.0193
ERR14783787,NODE_1_length_1094497_cov_19.306289,gene:plasmid:157743;gene:proph:169464;gene:proph:169512;gene:proph:170892;gene:plasmid:125744;gene:plasmid:124575;gene:plasmid:123175;gene:plasmid:90202;gene:proph:172517,Klebsiella sp. HC6,Biocides,Phenolic_compound_resistance,Triclosan-resistant_mutation,FABG,0,19.306289,14213987,135.56409232680457636551,10.0193
ERR14783787,NODE_1_length_1094497_cov_19.306289,gene:plasmid:157743;gene:proph:169464;gene:proph:169512;gene:proph:170892;gene:plasmid:125744;gene:plasmid:124575;gene:plasmid:123175;gene:plasmid:90202;gene:proph:172517,Klebsiella sp. HC6,Multi-compound,Drug_and_biocide_resistance,Drug_and_biocide_ABC_efflux_regulator,PHOB,0,19.306289,14213987,135.56409232680457636551,10.0193
ERR14783787,NODE_1_length_1094497_cov_19.306289,gene:plasmid:157743;gene:proph:169464;gene:proph:169512;gene:proph:170892;gene:plasmid:125744;gene:plasmid:124575;gene:plasmid:123175;gene:plasmid:90202;gene:proph:172517,Klebsiella sp. HC6,Multi-compound,Drug_and_biocide_resistance,Drug_and_biocide_SMR_efflux_regulator,PHOR,0,19.306289,14213987,135.56409232680457636551,10.0193
ERR14783787,NODE_1_length_1094497_cov_19.306289,gene:plasmid:157743;gene:proph:169464;gene:proph:169512;gene:proph:170892;gene:plasmid:125744;gene:plasmid:124575;gene:plasmid:123175;gene:plasmid:90202;gene:proph:172517,Klebsiella sp. HC6,Biocides,Multi-biocide_resistance,Multi-biocide_ABC_efflux_pump,SMDA,0,19.306289,14213987,135.56409232680457636551,10.0193
ERR14783787,NODE_1_length_1094497_cov_19.306289,gene:plasmid:157743;gene:proph:169464;gene:proph:169512;gene:proph:170892;gene:plasmid:125744;gene:plasmid:124575;gene:plasmid:123175;gene:plasmid:90202;gene:proph:172517,Klebsiella sp. HC6,Biocides,Multi-biocide_resistance,Multi-biocide_ABC_efflux_pump,SMDB,0,19.306289,14213987,135.56409232680457636551,10.0193
ERR14783787,NODE_149_length_51574_cov_11.136645,gene:plasmid:20799,Pseudomonas palmensis,Drugs,Multi-drug_resistance,Multi-drug_RND_efflux_pumps,MUXB,CIA,11.136645,14213987,135.56409232680457636551,5.77955
ERR14783787,NODE_30_length_174133_cov_17.301903,gene:plasmid:20845,Pseudomonas sp. B21-036,Drugs,Aminocoumarins,Aminocoumarin-resistant_DNA_topoisomerases,PARE,Not medically important,17.301903,14213987,135.56409232680457636551,8.97911
ERR14783787,NODE_30_length_174133_cov_17.301903,gene:plasmid:20845,Pseudomonas sp. B21-036,Drugs,Fluoroquinolones,Fluoroquinolone-resistant_DNA_topoisomerases,PARC,HPCIA,17.301903,14213987,135.56409232680457636551,8.97911
ERR14783787,NODE_126_length_58082_cov_15.560314,gene:plasmid:21021;gene:plasmid:28490;gene:plasmid:21089,Pseudomonas sp. B21-036,Multi-compound,Drug_and_biocide_resistance,Drug_and_biocide_RND_efflux_pumps,TTGA,NA,15.560314,14213987,135.56409232680457636551,8.07528
ERR14783787,NODE_126_length_58082_cov_15.560314,gene:plasmid:21021;gene:plasmid:28490;gene:plasmid:21089,Pseudomonas sp. B21-036,Multi-compound,Drug_and_biocide_resistance,Drug_and_biocide_RND_efflux_pumps,TTGB,NA,15.560314,14213987,135.56409232680457636551,8.07528
ERR14783787,NODE_126_length_58082_cov_15.560314,gene:plasmid:21021;gene:plasmid:28490;gene:plasmid:21089,Pseudomonas sp. B21-036,Multi-compound,Drug_and_biocide_resistance,Drug_and_biocide_RND_efflux_pumps,TTGC,NA,15.560314,14213987,135.56409232680457636551,8.07528
ERR14783787,NODE_516_length_15606_cov_1.740229,gene:plasmid:21818,Escherichia coli,Biocides,Acid_resistance,Acid_resistance_regulator,GADE,0,1.740229,14213987,135.56409232680457636551,0.903121
ERR14783787,NODE_44_length_132514_cov_20.992764,gene:plasmid:21842,Klebsiella aerogenes,Biocides,Multi-biocide_resistance,Multi-biocide_resistance_regulator,RPOS,0,20.992764,14213987,135.56409232680457636551,10.8945
ERR14783787,NODE_4_length_559757_cov_17.494380,gene:plasmid:21988;gene:plasmid:149415;gene:plasmid:154014;gene:plasmid:91947,Klebsiella sp. HC6,Drugs,betalactams,Class_C_betalactamases,MIR,Authorized for use in humans only ?,17.494380,14213987,135.56409232680457636551,9.079
ERR14783787,NODE_4_length_559757_cov_17.494380,gene:plasmid:21988;gene:plasmid:149415;gene:plasmid:154014;gene:plasmid:91947,Klebsiella sp. HC6,Biocides,Multi-biocide_resistance,Multi-biocide_RND_efflux_pump,KEXD,0,17.494380,14213987,135.56409232680457636551,9.079
ERR14783787,NODE_4_length_559757_cov_17.494380,gene:plasmid:21988;gene:plasmid:149415;gene:plasmid:154014;gene:plasmid:91947,Klebsiella sp. HC6,Multi-compound,Drug_and_biocide_resistance,Drug_and_biocide_MFS_efflux_pumps,KMRA,0,17.494380,14213987,135.56409232680457636551,9.079
ERR14783787,NODE_24_length_232749_cov_12.074529,gene:plasmid:82005;gene:proph:178437;gene:proph:178296;gene:proph:163106;gene:proph:178286;gene:proph:178285;gene:plasmid:85748;gene:proph:180010;gene:plasmid:145296;gene:proph:180361;gene:plasmid:139709;gene:plasmid:22138;gene:plasmid:149763;gene:plasmid:21828,Pseudomonas sp. AE27,Multi-compound,Drug_and_biocide_resistance,Drug_and_biocide_RND_efflux_pumps,MEXE,HPCIA,12.074529,14213987,135.56409232680457636551,6.26628
ERR14783787,NODE_24_length_232749_cov_12.074529,gene:plasmid:82005;gene:proph:178437;gene:proph:178296;gene:proph:163106;gene:proph:178286;gene:proph:178285;gene:plasmid:85748;gene:proph:180010;gene:plasmid:145296;gene:proph:180361;gene:plasmid:139709;gene:plasmid:22138;gene:plasmid:149763;gene:plasmid:21828,Pseudomonas sp. AE27,Multi-compound,Drug_and_biocide_resistance,Drug_and_biocide_RND_efflux_pumps,MEXF,HPCIA,12.074529,14213987,135.56409232680457636551,6.26628
ERR14783787,NODE_15_length_293801_cov_19.400083,gene:plasmid:85668;gene:plasmid:156472;gene:plasmid:22225;gene:plasmid:22605,Pseudomonas qingdaonensis,Drugs,Aminocoumarins,Aminocoumarin-resistant_DNA_topoisomerases,GYRBA,Not medically important,19.400083,14213987,135.56409232680457636551,10.068
ERR14783787,NODE_240_length_34315_cov_1.927782,gene:plasmid:86179,Citrobacter freundii,Drugs,Fluoroquinolones,Fluoroquinolone-resistant_DNA_topoisomerases,GYRA,HPCIA,1.927782,14213987,135.56409232680457636551,1.00045
ERR14783787,NODE_240_length_34315_cov_1.927782,gene:plasmid:86179,Citrobacter freundii,Biocides,Paraquat_resistance,Paraquat_resistance_protein,NMPC,0,1.927782,14213987,135.56409232680457636551,1.00045
ERR14783787,NODE_36_length_162935_cov_18.276485,gene:plasmid:90428,Pseudomonas palmensis,Multi-compound,Biocide_and_metal_resistance,Biocide_and_metal_resistance_protein,RUVB,0,18.276485,14213987,135.56409232680457636551,9.48489
ERR14783787,NODE_42_length_135743_cov_16.617169,gene:plasmid:91662,Pseudomonas sp. SD17-1,Biocides,Multi-biocide_resistance,Multi-biocide_RND_efflux_pump,MEXW,HPCIA,16.617169,14213987,135.56409232680457636551,8.62376
ERR14783787,NODE_42_length_135743_cov_16.617169,gene:plasmid:91662,Stenotrophomonas maltophilia,Drugs,Multi-drug_resistance,Multi-drug_RND_efflux_pumps,MUXB,CIA,16.617169,14213987,135.56409232680457636551,8.62376
ERR14783787,NODE_188_length_42430_cov_2.001016,gene:plasmid:91662,Pseudomonas sp. SD17-1,Biocides,Multi-biocide_resistance,Multi-biocide_resistance_protein,MDEA,Authorized for use in humans only ?,2.001016,14213987,135.56409232680457636551,1.03846
ERR14783787,NODE_42_length_135743_cov_16.617169,gene:plasmid:91662,Pseudomonas sp. SD17-1,Biocides,Peroxide_resistance,peroxide_resistance_protein,SODB,0,16.617169,14213987,135.56409232680457636551,8.62376
ERR14783787,NODE_17_length_259073_cov_17.437462,gene:plasmid:93482;gene:plasmid:93474;gene:plasmid:93475;gene:plasmid:149415;gene:plasmid:119655;gene:plasmid:119658;gene:plasmid:21291,Klebsiella sp. HC6,Drugs,Multi-drug_resistance,Multi-drug_RND_efflux_pumps,HNS,Authorized for use in humans only ?,17.437462,14213987,135.56409232680457636551,9.04946
ERR14783787,NODE_9_length_319798_cov_15.231698,gene:proph:175950;gene:proph:184194;gene:plasmid:115548;gene:proph:184193;gene:proph:184196;gene:proph:163044;gene:proph:163045;gene:proph:163043;gene:proph:163042;gene:proph:163054;gene:proph:163053;gene:proph:163093;gene:proph:163091;gene:proph:163073;gene:proph:184236;gene:proph:175955;gene:plasmid:137205;gene:plasmid:137265;gene:plasmid:21336,Pseudomonas qingdaonensis,Multi-compound,Drug_and_biocide_resistance,Drug_and_biocide_RND_efflux_pumps,MEXK,CIA,15.231698,14213987,135.56409232680457636551,7.90474
ERR14783787,NODE_43_length_132980_cov_2.282673,gene:proph:182964,Citrobacter freundii,Multi-compound,Drug_and_biocide_resistance,Drug_and_biocide_RND_efflux_regulator,CPXAR,CIA ,2.282673,14213987,135.56409232680457636551,1.18463
ERR14783787,NODE_43_length_132980_cov_2.282673,gene:proph:182964,Citrobacter freundii,Multi-compound,Drug_and_biocide_resistance,Drug_and_biocide_RND_efflux_regulator,CPXAR,CIA ,2.282673,14213987,135.56409232680457636551,1.18463
ERR14783787,NODE_43_length_132980_cov_2.282673,gene:proph:182964,Citrobacter freundii,Multi-compound,Biocide_and_metal_resistance,Biocide_and_metal_resistance_protein,GLPF,0,2.282673,14213987,135.56409232680457636551,1.18463
ERR14783787,NODE_43_length_132980_cov_2.282673,gene:proph:182964,Citrobacter freundii,Biocides,Peroxide_resistance,peroxide_resistance_protein,SODA,0,2.282673,14213987,135.56409232680457636551,1.18463
ERR14783787,NODE_64_length_90400_cov_2.202619,gene:vir:507;gene:proph:170540;gene:proph:179208;gene:proph:170536;gene:proph:170537;gene:proph:170528;gene:proph:179204,Citrobacter freundii,Drugs,betalactams,Class_C_betalactamases,CMY,Authorized for use in humans only ,2.202619,14213987,135.56409232680457636551,1.14309
ERR14783788,NODE_625_length_5287_cov_219.108527,gene:plasmid:117290,Leuconostoc mesenteroides,Drugs,Aminoglycosides,Aminoglycoside-resistant_16S_ribosomal_subunit_protein,A16S,CIA,219.108527,13070018,136.98687530499192885579,122.378
ERR14783788,NODE_625_length_5287_cov_219.108527,gene:plasmid:117290,Leuconostoc mesenteroides,Drugs,Oxazolidinone,Oxazolidinone-resistant_23S_rRNA_mutation,O23S,Authorized for use in humans only,219.108527,13070018,136.98687530499192885579,122.378
ERR14783788,NODE_9_length_416955_cov_21.570804,gene:plasmid:123168;gene:plasmid:123169;gene:plasmid:123170;gene:plasmid:123171;gene:plasmid:123173;gene:plasmid:123174;gene:plasmid:123175,Citrobacter freundii,Drugs,Aminocoumarins,Aminocoumarin-resistant_DNA_topoisomerases,PARE,Not medically important,21.570804,13070018,136.98687530499192885579,12.0479
ERR14783788,NODE_9_length_416955_cov_21.570804,gene:plasmid:123168;gene:plasmid:123169;gene:plasmid:123170;gene:plasmid:123171;gene:plasmid:123173;gene:plasmid:123174;gene:plasmid:123175,Citrobacter freundii,Drugs,Bacitracin,Undecaprenyl_pyrophosphate_phosphatase,BACA,IA,21.570804,13070018,136.98687530499192885579,12.0479
ERR14783788,NODE_9_length_416955_cov_21.570804,gene:plasmid:123168;gene:plasmid:123169;gene:plasmid:123170;gene:plasmid:123171;gene:plasmid:123173;gene:plasmid:123174;gene:plasmid:123175,Citrobacter freundii,Drugs,Fosfomycin,Fosfomycin_target_mutation,MURA,HPCIA,21.570804,13070018,136.98687530499192885579,12.0479
ERR14783788,NODE_9_length_416955_cov_21.570804,gene:plasmid:123168;gene:plasmid:123169;gene:plasmid:123170;gene:plasmid:123171;gene:plasmid:123173;gene:plasmid:123174;gene:plasmid:123175,Citrobacter freundii,Drugs,Fluoroquinolones,Fluoroquinolone-resistant_DNA_topoisomerases,PARC,HPCIA,21.570804,13070018,136.98687530499192885579,12.0479
ERR14783788,NODE_9_length_416955_cov_21.570804,gene:plasmid:123168;gene:plasmid:123169;gene:plasmid:123170;gene:plasmid:123171;gene:plasmid:123173;gene:plasmid:123174;gene:plasmid:123175,Citrobacter freundii,Multi-compound,Drug_and_biocide_resistance,Drug_and_biocide_RND_efflux_pumps,ACRF,Authorized for use in humans only ?,21.570804,13070018,136.98687530499192885579,12.0479
ERR14783788,NODE_9_length_416955_cov_21.570804,gene:plasmid:123168;gene:plasmid:123169;gene:plasmid:123170;gene:plasmid:123171;gene:plasmid:123173;gene:plasmid:123174;gene:plasmid:123175,Citrobacter freundii,Biocides,Multi-biocide_resistance,Multi-biocide_RND_efflux_pump,TOLC,0,21.570804,13070018,136.98687530499192885579,12.0479
ERR14783788,NODE_156_length_32372_cov_23.000341,gene:plasmid:123887,Pseudomonas fragi,Drugs,Elfamycins,EF-Tu_inhibition,TUFAB,NA,23.000341,13070018,136.98687530499192885579,12.8463
ERR14783788,NODE_4_length_653632_cov_17.864850,gene:plasmid:125744,Citrobacter freundii,Drugs,betalactams,Penicillin_binding_protein,PBP2,HPCIA,17.864850,13070018,136.98687530499192885579,9.97802
ERR14783788,NODE_4_length_653632_cov_17.864850,gene:plasmid:125744,Citrobacter freundii,Multi-compound,Drug_and_biocide_resistance,Drug_and_biocide_MFS_efflux_pumps,MDFA,HIA,17.864850,13070018,136.98687530499192885579,9.97802
ERR14783788,NODE_4_length_653632_cov_17.864850,gene:plasmid:125744,Citrobacter freundii,Drugs,Aminoglycosides,Aminoglycoside_efflux_pumps,KDPE,CIA,17.864850,13070018,136.98687530499192885579,9.97802
ERR14783788,NODE_4_length_653632_cov_17.864850,gene:plasmid:125744,Citrobacter freundii,Multi-compound,Drug_and_biocide_resistance,Drug_and_biocide_RND_efflux_pumps,ACRA,Authorized for use in humans only ?,17.864850,13070018,136.98687530499192885579,9.97802
ERR14783788,NODE_4_length_653632_cov_17.864850,gene:plasmid:125744,Citrobacter freundii,Multi-compound,Drug_and_biocide_resistance,Drug_and_biocide_RND_efflux_pumps,ACRB,Authorized for use in humans only ?,17.864850,13070018,136.98687530499192885579,9.97802
ERR14783788,NODE_4_length_653632_cov_17.864850,gene:plasmid:125744,Citrobacter freundii,Drugs,betalactams,Mutant_porin_proteins,OMPA,Authorized for use in humans only ?,17.864850,13070018,136.98687530499192885579,9.97802
ERR14783788,NODE_4_length_653632_cov_17.864850,gene:plasmid:125744,Citrobacter freundii,Drugs,betalactams,Mutant_porin_proteins,OMPFB,Authorized for use in humans only ,17.864850,13070018,136.98687530499192885579,9.97802
ERR14783788,NODE_4_length_653632_cov_17.864850,gene:plasmid:125744,Klebsiella grimontii,Biocides,Phenolic_compound_resistance,Triclosan-resistant_mutation,FABG,0,17.864850,13070018,136.98687530499192885579,9.97802
ERR14783788,NODE_4_length_653632_cov_17.864850,gene:plasmid:125744,Citrobacter freundii,Biocides,Multi-biocide_resistance,Multi-biocide_ABC_efflux_pump,SMDA,0,17.864850,13070018,136.98687530499192885579,9.97802
ERR14783788,NODE_4_length_653632_cov_17.864850,gene:plasmid:125744,Citrobacter freundii,Biocides,Multi-biocide_resistance,Multi-biocide_ABC_efflux_pump,SMDB,0,17.864850,13070018,136.98687530499192885579,9.97802
ERR14783788,NODE_5_length_540806_cov_19.560534,gene:plasmid:135980;gene:plasmid:135686;gene:plasmid:135685;gene:plasmid:135684;gene:plasmid:135959,Lactococcus lactis,Drugs,Multi-drug_resistance,Multi-drug_ABC_efflux_pumps,LMRD,HIA,19.560534,13070018,136.98687530499192885579,10.9251
ERR14783788,NODE_611_length_5592_cov_72.721317,gene:plasmid:139560;gene:plasmid:131376,Acetobacter ghanensis,Drugs,MLS,Macrolide-resistant_23S_rRNA_mutation,MLS23S,CIA ?,72.721317,13070018,136.98687530499192885579,40.6169
ERR14783788,NODE_611_length_5592_cov_72.721317,gene:plasmid:139560;gene:plasmid:131376,other,Drugs,MLS,Macrolide-resistant_23S_rRNA_mutation,MLS23S,CIA ?,72.721317,13070018,136.98687530499192885579,40.6169
ERR14783788,NODE_7_length_480326_cov_16.963371,gene:plasmid:86179,Citrobacter freundii,Multi-compound,Drug_and_biocide_resistance,Drug_and_biocide_MFS_efflux_pumps,BCR,Not medically important,16.963371,13070018,136.98687530499192885579,9.47452
ERR14783788,NODE_7_length_480326_cov_16.963371,gene:plasmid:86179,Citrobacter freundii,Multi-compound,Drug_and_biocide_and_metal_resistance,Drug_and_biocide_and_metal_RND_efflux_pumps,MDTB,Not medically important,16.963371,13070018,136.98687530499192885579,9.47452
ERR14783788,NODE_7_length_480326_cov_16.963371,gene:plasmid:86179,Citrobacter freundii,Multi-compound,Drug_and_biocide_and_metal_resistance,Drug_and_biocide_and_metal_RND_efflux_pumps,MDTC,Not medically important,16.963371,13070018,136.98687530499192885579,9.47452
ERR14783788,NODE_7_length_480326_cov_16.963371,gene:plasmid:86179,Citrobacter freundii,Drugs,Fluoroquinolones,Fluoroquinolone-resistant_DNA_topoisomerases,GYRA,HPCIA,16.963371,13070018,136.98687530499192885579,9.47452
ERR14783788,NODE_7_length_480326_cov_16.963371,gene:plasmid:86179,Citrobacter freundii,Multi-compound,Drug_and_biocide_and_metal_resistance,Drug_and_biocide_and_metal_RND_efflux_regulator,BAES,CIA,16.963371,13070018,136.98687530499192885579,9.47452
ERR14783788,NODE_7_length_480326_cov_16.963371,gene:plasmid:86179,Citrobacter freundii,Drugs,betalactams,Mutant_porin_proteins,OMP36,Authorized for use in humans only,16.963371,13070018,136.98687530499192885579,9.47452
ERR14783788,NODE_7_length_480326_cov_16.963371,gene:plasmid:86179,Citrobacter freundii,Drugs,betalactams,Mutant_porin_proteins,OMP36,Authorized for use in humans only,16.963371,13070018,136.98687530499192885579,9.47452
ERR14783788,NODE_8_length_478091_cov_15.374541,gene:plasmid:91918;gene:plasmid:91985;gene:proph:161537;gene:proph:169464;gene:proph:169511;gene:proph:169512,Klebsiella pneumoniae,Multi-compound,Drug_and_biocide_resistance,Drug_and_biocide_RND_efflux_regulator,MARA,Authorized for use in humans only ?,15.374541,13070018,136.98687530499192885579,8.58711
ERR14783788,NODE_8_length_478091_cov_15.374541,gene:plasmid:91918;gene:plasmid:91985;gene:proph:161537;gene:proph:169464;gene:proph:169511;gene:proph:169512,Klebsiella pneumoniae,Biocides,Acid_resistance,Acid_resistance_protein,ASR,0,15.374541,13070018,136.98687530499192885579,8.58711
ERR14783788,NODE_8_length_478091_cov_15.374541,gene:plasmid:91918;gene:plasmid:91985;gene:proph:161537;gene:proph:169464;gene:proph:169511;gene:proph:169512,Klebsiella pneumoniae,Biocides,Paraquat_resistance,Paraquat_resistance_protein,NMPC,0,15.374541,13070018,136.98687530499192885579,8.58711
ERR14783788,NODE_8_length_478091_cov_15.374541,gene:plasmid:91918;gene:plasmid:91985;gene:proph:161537;gene:proph:169464;gene:proph:169511;gene:proph:169512,Klebsiella pneumoniae,Biocides,Multi-biocide_resistance,Multi-biocide_MFS_efflux_pump,SMVA,0,15.374541,13070018,136.98687530499192885579,8.58711
ERR14783788,NODE_111_length_47813_cov_1.543996,gene:proph:169464;gene:proph:169512,Klebsiella sp. HC6,Multi-compound,Drug_and_biocide_resistance,Drug_and_biocide_ABC_efflux_regulator,PHOB,0,1.543996,13070018,136.98687530499192885579,0.862365
ERR14783788,NODE_111_length_47813_cov_1.543996,gene:proph:169464;gene:proph:169512,Klebsiella sp. HC6,Multi-compound,Drug_and_biocide_resistance,Drug_and_biocide_SMR_efflux_regulator,PHOR,0,1.543996,13070018,136.98687530499192885579,0.862365
ERR14783788,NODE_38_length_155134_cov_22.966821,gene:proph:182964,Citrobacter freundii,Multi-compound,Drug_and_biocide_resistance,Drug_and_biocide_RND_efflux_regulator,CPXAR,CIA ,22.966821,13070018,136.98687530499192885579,12.8276
ERR14783788,NODE_38_length_155134_cov_22.966821,gene:proph:182964,Citrobacter freundii,Multi-compound,Drug_and_biocide_resistance,Drug_and_biocide_RND_efflux_regulator,CPXAR,CIA ,22.966821,13070018,136.98687530499192885579,12.8276
ERR14783788,NODE_38_length_155134_cov_22.966821,gene:proph:182964,Citrobacter freundii,Multi-compound,Biocide_and_metal_resistance,Biocide_and_metal_resistance_protein,GLPF,0,22.966821,13070018,136.98687530499192885579,12.8276
ERR14783788,NODE_38_length_155134_cov_22.966821,gene:proph:182964,Citrobacter freundii,Biocides,Peroxide_resistance,peroxide_resistance_protein,SODA,0,22.966821,13070018,136.98687530499192885579,12.8276
ERR14783788,NODE_6_length_488645_cov_21.803952,gene:vir:507;gene:proph:170540;gene:proph:179208;gene:proph:170536;gene:proph:170537;gene:proph:170528;gene:proph:179204,Citrobacter freundii,Multi-compound,Drug_and_biocide_resistance,Drug_and_biocide_MFS_efflux_pumps,MDTM,HPCIA,21.803952,13070018,136.98687530499192885579,12.1781
ERR14783788,NODE_6_length_488645_cov_21.803952,gene:vir:507;gene:proph:170540;gene:proph:179208;gene:proph:170536;gene:proph:170537;gene:proph:170528;gene:proph:179204,Citrobacter freundii,Multi-compound,Drug_and_biocide_resistance,Drug_and_biocide_MFS_efflux_pumps,MDTM,HPCIA,21.803952,13070018,136.98687530499192885579,12.1781
ERR14783788,NODE_6_length_488645_cov_21.803952,gene:vir:507;gene:proph:170540;gene:proph:179208;gene:proph:170536;gene:proph:170537;gene:proph:170528;gene:proph:179204,Citrobacter freundii,Multi-compound,Drug_and_biocide_and_metal_resistance,Drug_and_biocide_and_metal_RND_efflux_pumps,ROBA,Authorized for use in humans only ?,21.803952,13070018,136.98687530499192885579,12.1781
ERR14783788,NODE_6_length_488645_cov_21.803952,gene:vir:507;gene:proph:170540;gene:proph:179208;gene:proph:170536;gene:proph:170537;gene:proph:170528;gene:proph:179204,Citrobacter freundii,Drugs,betalactams,Class_C_betalactamases,CMY,Authorized for use in humans only ,21.803952,13070018,136.98687530499192885579,12.1781
ERR14783788,NODE_6_length_488645_cov_21.803952,gene:vir:507;gene:proph:170540;gene:proph:179208;gene:proph:170536;gene:proph:170537;gene:proph:170528;gene:proph:179204,Citrobacter freundii,Biocides,Acetate_resistance,Acetate_resistance_protein,LPDT,0,21.803952,13070018,136.98687530499192885579,12.1781
ERR14783788,NODE_10_length_331472_cov_17.561116,gene:vir:6834;gene:proph:183597;gene:plasmid:134726;gene:plasmid:134726,Citrobacter freundii,Drugs,Fosfomycin,Fosfomycin_target_mutation,PTSL,HPCIA,17.561116,13070018,136.98687530499192885579,9.80837
ERR14783788,NODE_10_length_331472_cov_17.561116,gene:vir:6834;gene:proph:183597;gene:plasmid:134726;gene:plasmid:134726,Citrobacter freundii,Multi-compound,Drug_and_biocide_and_metal_resistance,Drug_and_biocide_and_metal_RND_efflux_pumps,ACRD,CIA,17.561116,13070018,136.98687530499192885579,9.80837
ERR14783792,NODE_1_length_349395_cov_37.090005,ICEberg|404|Tn5301|GenBank|S54034|1..515,Lactococcus cremoris,Drugs,Multi-drug_resistance,Multi-drug_ABC_efflux_pumps,LMRD,HIA,37.090005,2942468,141.97796271701170581974,88.7819
ERR14783793,NODE_211_length_5592_cov_44.525709,gene:plasmid:139560;gene:plasmid:131376,Acetobacter ghanensis,Drugs,MLS,Macrolide-resistant_23S_rRNA_mutation,MLS23S,CIA ?,44.525709,1670780,136.72675636529046313697,194.912
ERR14783793,NODE_211_length_5592_cov_44.525709,gene:plasmid:139560;gene:plasmid:131376,Acetobacter ghanensis,Drugs,Aminoglycosides,Aminoglycoside-resistant_16S_ribosomal_subunit_protein,A16S,CIA,44.525709,1670780,136.72675636529046313697,194.912
ERR14783794,NODE_1334_length_4262_cov_2.104716,gene:plasmid:10528,Acinetobacter lwoffii,Drugs,Aminoglycosides,Aminoglycoside_O-nucleotidyltransferases,ANT3-DPRIME,CIA,2.104716,3009486,140.81655538520531413005,4.96647
ERR14783794,NODE_902_length_5592_cov_58.982434,gene:plasmid:139560;gene:plasmid:131185,Acetobacter ghanensis,Drugs,MLS,Macrolide-resistant_23S_rRNA_mutation,MLS23S,CIA ?,58.982434,3009486,140.81655538520531413005,139.18
ERR14783794,NODE_902_length_5592_cov_58.982434,gene:plasmid:139560;gene:plasmid:131185,Acetobacter ghanensis,Drugs,Aminoglycosides,Aminoglycoside-resistant_16S_ribosomal_subunit_protein,A16S,CIA,58.982434,3009486,140.81655538520531413005,139.18
ERR14783794,NODE_12_length_119847_cov_2.539885,ICEberg|404|Tn5301|GenBank|S54034|1..515;gene:vir:1129;gene:vir:1130;gene:vir:1131;gene:vir:1132;gene:vir:1133;gene:vir:1134;gene:vir:1135;gene:vir:1136;gene:vir:1138;gene:proph:162954;gene:vir:1139;gene:vir:1141;gene:vir:1142;gene:vir:1143;gene:vir:1144;gene:vir:1145;gene:vir:1128,Lactococcus cremoris,Drugs,Multi-drug_resistance,Multi-drug_ABC_efflux_pumps,LMRD,HIA,2.539885,3009486,140.81655538520531413005,5.99333
ERR14783795,NODE_280_length_5592_cov_31.136871,gene:plasmid:139560;gene:plasmid:131185,Acetobacter ghanensis,Drugs,MLS,Macrolide-resistant_23S_rRNA_mutation,MLS23S,CIA ?,31.136871,1865635,140.85456747970530141211,118.489
ERR14783795,NODE_280_length_5592_cov_31.136871,gene:plasmid:139560;gene:plasmid:131185,Acetobacter ghanensis,Drugs,Aminoglycosides,Aminoglycoside-resistant_16S_ribosomal_subunit_protein,A16S,CIA,31.136871,1865635,140.85456747970530141211,118.489
ERR14783796,NODE_33_length_111705_cov_5.998378,gene:plasmid:115898;gene:plasmid:115897,Pseudomonas helleri,Drugs,Cationic_antimicrobial_peptides,Polymyxin_B_resistance_regulator,ARNA,HPCIA,5.998378,2817088,141.52536697469159642865,15.0452
ERR14783796,NODE_114_length_37120_cov_1.962588,gene:plasmid:117746;gene:plasmid:117744,Lelliottia amnigena,Drugs,betalactams,Class_C_betalactamases,LAQ,Authorized for use in humans only ?,1.962588,2817088,141.52536697469159642865,4.9226
ERR14783796,NODE_360_length_12696_cov_1.734267,gene:plasmid:123887,Pseudomonas sp. S2_B10,Drugs,Elfamycins,EF-Tu_inhibition,TUFAB,NA,1.734267,2817088,141.52536697469159642865,4.34992
ERR14783796,NODE_218_length_20057_cov_9.767285,gene:plasmid:123887,Pseudomonas helleri,Drugs,Rifampin,Rifampin-resistant_beta-subunit_of_RNA_polymerase_RpoB,RPOB,CIA,9.767285,2817088,141.52536697469159642865,24.4985
ERR14783796,NODE_218_length_20057_cov_9.767285,gene:plasmid:123887,Pseudomonas lundensis,Drugs,Rifampin,Rifampin-resistant_beta-subunit_of_RNA_polymerase_RpoB,RPOB,CIA,9.767285,2817088,141.52536697469159642865,24.4985
ERR14783796,NODE_428_length_10297_cov_1.391740,gene:plasmid:149414,Lelliottia amnigena,Biocides,Paraquat_resistance,Paraquat_resistance_protein,NMPC,0,1.391740,2817088,141.52536697469159642865,3.49079
ERR14783796,NODE_20_length_161551_cov_9.321557,gene:plasmid:89528,Pseudomonas helleri,Drugs,Multi-drug_resistance,Multi-drug_RND_efflux_pumps,OPMH,NA,9.321557,2817088,141.52536697469159642865,23.3805
ERR14783796,NODE_20_length_161551_cov_9.321557,gene:plasmid:89528,Pseudomonas sp. WC2401,Drugs,Multi-drug_resistance,Multi-drug_RND_efflux_pumps,OPMH,NA,9.321557,2817088,141.52536697469159642865,23.3805
ERR14783796,NODE_20_length_161551_cov_9.321557,gene:plasmid:89528,Pseudomonas helleri,Drugs,Fluoroquinolones,Fluoroquinolone-resistant_DNA_topoisomerases,PARC,HPCIA,9.321557,2817088,141.52536697469159642865,23.3805
ERR14783796,NODE_20_length_161551_cov_9.321557,gene:plasmid:89528,Pseudomonas helleri,Multi-compound,Biocide_and_metal_resistance,Biocide_and_metal_resistance_protein,RUVB,0,9.321557,2817088,141.52536697469159642865,23.3805
ERR14783796,NODE_138_length_32675_cov_1.610944,gene:plasmid:93399,Lelliottia amnigena,Multi-compound,Drug_and_biocide_resistance,Drug_and_biocide_RND_efflux_pumps,ACRB,Authorized for use in humans only ?,1.610944,2817088,141.52536697469159642865,4.0406
ERR14783796,NODE_138_length_32675_cov_1.610944,gene:plasmid:93399,Lelliottia amnigena,Multi-compound,Drug_and_biocide_resistance,Drug_and_biocide_RND_efflux_pumps,ACRB,Authorized for use in humans only ?,1.610944,2817088,141.52536697469159642865,4.0406
ERR14783796,NODE_7_length_273080_cov_4.731137,gene:proph:163818,Escherichia coli,Drugs,betalactams,Mutant_porin_proteins,OMPA,Authorized for use in humans only ?,4.731137,2817088,141.52536697469159642865,11.8667
ERR14783796,NODE_6_length_290039_cov_6.810777,gene:proph:169074;gene:proph:169075,AF180954 Hafnia alvei,Drugs,betalactams,Class_C_betalactamases,ACC,HIA ?,6.810777,2817088,141.52536697469159642865,17.0829
ERR14783796,NODE_2_length_507694_cov_4.184055,gene:proph:176833;gene:vir:108429;gene:proph:168063,Hafnia paralvei,Drugs,betalactams,Mutant_porin_proteins,OMP36,Authorized for use in humans only,4.184055,2817088,141.52536697469159642865,10.4945
ERR14783796,NODE_128_length_34475_cov_6.664435,gene:proph:176835;gene:plasmid:123887,Hafnia paralvei,Drugs,Elfamycins,EF-Tu_inhibition,TUFAB,NA,6.664435,2817088,141.52536697469159642865,16.7159
ERR14783796,NODE_128_length_34475_cov_6.664435,gene:proph:176835;gene:plasmid:123887,Hafnia paralvei,Drugs,Rifampin,Rifampin-resistant_beta-subunit_of_RNA_polymerase_RpoB,RPOB,CIA,6.664435,2817088,141.52536697469159642865,16.7159
ERR14783796,NODE_70_length_60313_cov_8.151597,gene:proph:184236;gene:proph:175955;gene:proph:184195;gene:proph:184194,Pseudomonas helleri,Biocides,Multi-biocide_resistance,Multi-biocide_RND_efflux_pump,EMHB,0,8.151597,2817088,141.52536697469159642865,20.446
ERR14783796,NODE_70_length_60313_cov_8.151597,gene:proph:184236;gene:proph:175955;gene:proph:184195;gene:proph:184194,Pseudomonas helleri,Multi-compound,Drug_and_biocide_resistance,Drug_and_biocide_RND_efflux_pumps,EMHC,0,8.151597,2817088,141.52536697469159642865,20.446
ERR14783796,NODE_23_length_142756_cov_3.989231,ICEberg|404|Tn5301|GenBank|S54034|1..515;gene:vir:1129;gene:vir:1130;gene:vir:1131;gene:vir:1132;gene:vir:1133;gene:vir:1134;gene:vir:1135;gene:vir:1136;gene:vir:1138;gene:proph:162954;gene:vir:1139;gene:vir:1141;gene:vir:1142;gene:vir:1143;gene:vir:1144;gene:vir:1145;gene:vir:1128,Lactococcus cremoris,Drugs,Multi-drug_resistance,Multi-drug_ABC_efflux_pumps,LMRD,HIA,3.989231,2817088,141.52536697469159642865,10.0059
ERR14783802,NODE_233_length_5779_cov_5.094657,gene:plasmid:139560;gene:plasmid:131185,Acetobacter orientalis,Drugs,MLS,Macrolide-resistant_23S_rRNA_mutation,MLS23S,CIA ?,5.094657,8031542,133.86184595685361540785,4.7387
ERR14783802,NODE_233_length_5779_cov_5.094657,gene:plasmid:139560;gene:plasmid:131185,Acetobacter ghanensis,Drugs,Aminoglycosides,Aminoglycoside-resistant_16S_ribosomal_subunit_protein,A16S,CIA,5.094657,8031542,133.86184595685361540785,4.7387
ERR14783805,NODE_1_length_197641_cov_52.627915,gene:proph:181867,Acinetobacter sp. TTH0-4,Drugs,Rifampin,Rifampin-resistant_beta-subunit_of_RNA_polymerase_RpoB,RPOB,CIA,52.627915,5037700,147.87285130118903467852,70.6473
ERR14783809,NODE_20_length_53577_cov_206.970571,gene:plasmid:135624,Macrococcoides bohemicum,Drugs,Fusidic_acid,Ribosomal_zinc-binding_protein,FUSC,HIA,206.970571,11752578,148.06733705575066168461,118.937
ERR14783810,NODE_200_length_19258_cov_316.177042,gene:plasmid:135624,Macrococcus sp. IME1552,Drugs,Fusidic_acid,Ribosomal_zinc-binding_protein,FUSC,HIA,316.177042,22506193,147.58635256526947938285,95.188
ERR14783810,NODE_6_length_220695_cov_21.408849,gene:vir:3412;gene:vir:94765;gene:proph:183066;gene:plasmid:135980;gene:plasmid:135959;gene:vir:3396;gene:proph:162945;gene:proph:183053;gene:vir:3399;gene:vir:3400;gene:vir:3401;gene:proph:183058;gene:vir:3404;gene:proph:183061;gene:vir:3407;gene:vir:3408;gene:proph:183064;gene:proph:183065;gene:proph:183067;gene:proph:183068;gene:proph:183069;gene:vir:3415;gene:proph:183066,Lactococcus lactis,Drugs,Multi-drug_resistance,Multi-drug_ABC_efflux_pumps,LMRD,HIA,21.408849,22506193,147.58635256526947938285,6.44533
ERR14783811,NODE_122_length_53577_cov_215.229598,gene:plasmid:135624,Macrococcus sp. IME1552,Drugs,Fusidic_acid,Ribosomal_zinc-binding_protein,FUSC,HIA,215.229598,30489630,146.52170275598621564118,48.1779
ERR14783811,NODE_1090_length_7837_cov_1.701167,gene:plasmid:85087,Gracilibacillus salitolerans,Drugs,MLS,23S_rRNA_methyltransferases,ERMA,CIA,1.701167,30489630,146.52170275598621564118,0.380796
ERR14783812,NODE_206_length_19258_cov_75.163713,gene:plasmid:135624,Macrococcoides bohemicum,Drugs,Fusidic_acid,Ribosomal_zinc-binding_protein,FUSC,HIA,75.163713,87219010,145.30561016457306727054,5.93082
ERR14783812,NODE_39_length_62188_cov_1130.053415,gene:vir:3412;gene:vir:94765;gene:proph:183066,Lactococcus lactis,Drugs,Multi-drug_resistance,Multi-drug_ABC_efflux_pumps,LMRD,HIA,1130.053415,87219010,145.30561016457306727054,89.1673
SRR13801804,NODE_765_length_3998_cov_5.983515,gene:plasmid:139560;gene:plasmid:117293,Acetobacter ghanensis,Drugs,Aminoglycosides,Aminoglycoside-resistant_16S_ribosomal_subunit_protein,A16S,CIA,5.983515,88772778,76.00000000000000000000,0.886876
SRR7287342,NODE_6_length_270580_cov_17.913509,gene:plasmid:117701;gene:plasmid:117686;gene:plasmid:117671;gene:proph:176833;gene:proph:176835,Enterobacter hormaechei,Drugs,Fluoroquinolones,Fluoroquinolone-resistant_DNA_topoisomerases,GYRB,HPCIA,17.913509,132366111,101.00000000000000000000,1.33993
SRR7287342,NODE_6_length_270580_cov_17.913509,gene:plasmid:117701;gene:plasmid:117686;gene:plasmid:117671;gene:proph:176833;gene:proph:176835,Enterobacter hormaechei,Drugs,Fosfomycin,Fosfomycin_target_mutation,UHPT,HPCIA,17.913509,132366111,101.00000000000000000000,1.33993
SRR7287342,NODE_6_length_270580_cov_17.913509,gene:plasmid:117701;gene:plasmid:117686;gene:plasmid:117671;gene:proph:176833;gene:proph:176835,Enterobacter hormaechei,Biocides,Acid_resistance,Acid_resistance_protein,EEFA,0,17.913509,132366111,101.00000000000000000000,1.33993
SRR7287342,NODE_6_length_270580_cov_17.913509,gene:plasmid:117701;gene:plasmid:117686;gene:plasmid:117671;gene:proph:176833;gene:proph:176835,Enterobacter hormaechei,Multi-compound,Biocide_and_metal_resistance,Biocide_and_metal_resistance_protein,YIEF,0,17.913509,132366111,101.00000000000000000000,1.33993
SRR7287342,NODE_7_length_219426_cov_7.755837,gene:plasmid:120395;gene:plasmid:93482;gene:plasmid:21988;gene:plasmid:21989;gene:plasmid:93486,Enterobacter hormaechei,Drugs,betalactams,Mutant_porin_proteins,OMP36,Authorized for use in humans only,7.755837,132366111,101.00000000000000000000,0.580137
SRR7287342,NODE_7_length_219426_cov_7.755837,gene:plasmid:120395;gene:plasmid:93482;gene:plasmid:21988;gene:plasmid:21989;gene:plasmid:93486,Enterobacter hormaechei,Biocides,Phenolic_compound_resistance,Phenolic_resistance_protein,FABI,0,7.755837,132366111,101.00000000000000000000,0.580137
SRR7287342,NODE_124_length_29184_cov_17.254750,gene:plasmid:123888;gene:plasmid:123887,Enterobacter hormaechei,Drugs,Rifampin,Rifampin-resistant_beta-subunit_of_RNA_polymerase_RpoB,RPOB,CIA,17.254750,132366111,101.00000000000000000000,1.29066
SRR7287342,NODE_2_length_573336_cov_9.786336,gene:plasmid:134726;gene:plasmid:134726;gene:plasmid:93469;gene:plasmid:93507;gene:plasmid:93509,Enterobacter hormaechei,Multi-compound,Drug_and_biocide_and_metal_resistance,Drug_and_biocide_and_metal_RND_efflux_pumps,MDTB,Not medically important,9.786336,132366111,101.00000000000000000000,0.732018
SRR7287342,NODE_2_length_573336_cov_9.786336,gene:plasmid:134726;gene:plasmid:134726;gene:plasmid:93469;gene:plasmid:93507;gene:plasmid:93509,Enterobacter hormaechei,Multi-compound,Drug_and_biocide_and_metal_resistance,Drug_and_biocide_and_metal_RND_efflux_pumps,MDTC,Not medically important,9.786336,132366111,101.00000000000000000000,0.732018
SRR7287342,NODE_2_length_573336_cov_9.786336,gene:plasmid:134726;gene:plasmid:134726;gene:plasmid:93469;gene:plasmid:93507;gene:plasmid:93509,Enterobacter hormaechei,Drugs,Multi-drug_resistance,Multi-drug_RND_efflux_regulator,ASMA,NA,9.786336,132366111,101.00000000000000000000,0.732018
SRR7287342,NODE_2_length_573336_cov_9.786336,gene:plasmid:134726;gene:plasmid:134726;gene:plasmid:93469;gene:plasmid:93507;gene:plasmid:93509,Enterobacter hormaechei,Multi-compound,Drug_and_biocide_resistance,Drug_and_biocide_ABC_efflux_pumps,YOGI,NA,9.786336,132366111,101.00000000000000000000,0.732018
SRR7287342,NODE_2_length_573336_cov_9.786336,gene:plasmid:134726;gene:plasmid:134726;gene:plasmid:93469;gene:plasmid:93507;gene:plasmid:93509,Enterobacter hormaechei,Drugs,Fluoroquinolones,Fluoroquinolone-resistant_DNA_topoisomerases,GYRA,HPCIA,9.786336,132366111,101.00000000000000000000,0.732018
SRR7287342,NODE_2_length_573336_cov_9.786336,gene:plasmid:134726;gene:plasmid:134726;gene:plasmid:93469;gene:plasmid:93507;gene:plasmid:93509,Enterobacter hormaechei,Multi-compound,Drug_and_biocide_and_metal_resistance,Drug_and_biocide_and_metal_RND_efflux_regulator,BAES,CIA,9.786336,132366111,101.00000000000000000000,0.732018
SRR7287342,NODE_2_length_573336_cov_9.786336,gene:plasmid:134726;gene:plasmid:134726;gene:plasmid:93469;gene:plasmid:93507;gene:plasmid:93509,Enterobacter hormaechei,Drugs,betalactams,Mutant_porin_proteins,OMP36,Authorized for use in humans only,9.786336,132366111,101.00000000000000000000,0.732018
SRR7287342,NODE_2_length_573336_cov_9.786336,gene:plasmid:134726;gene:plasmid:134726;gene:plasmid:93469;gene:plasmid:93507;gene:plasmid:93509,Enterobacter hormaechei,Biocides,Multi-biocide_resistance,Multi-biocide_MATE_efflux_pump,EMMDR,0,9.786336,132366111,101.00000000000000000000,0.732018
SRR7287342,NODE_403_length_5606_cov_7643.990414,gene:plasmid:139560;gene:plasmid:131185,Acetobacter ghanensis,Drugs,MLS,Macrolide-resistant_23S_rRNA_mutation,MLS23S,CIA ?,7643.990414,132366111,101.00000000000000000000,571.771
SRR7287342,NODE_403_length_5606_cov_7643.990414,gene:plasmid:139560;gene:plasmid:131185,other,Drugs,MLS,Macrolide-resistant_23S_rRNA_mutation,MLS23S,CIA ?,7643.990414,132366111,101.00000000000000000000,571.771
SRR7287342,NODE_43_length_96350_cov_8.252667,gene:plasmid:149415,Enterobacter hormaechei,Drugs,Multi-drug_resistance,Multi-drug_RND_efflux_pumps,HNS,Authorized for use in humans only ?,8.252667,132366111,101.00000000000000000000,0.6173
SRR7287342,NODE_13_length_185117_cov_11.416191,gene:plasmid:27818,Pseudomonas lundensis,Drugs,Multi-drug_resistance,Multi-drug_RND_efflux_pumps,MUXC,CIA,11.416191,132366111,101.00000000000000000000,0.853932
SRR7287342,NODE_258_length_10772_cov_26.625619,gene:plasmid:91747;gene:plasmid:91748;gene:plasmid:19782;gene:plasmid:154063;gene:plasmid:91749,Klebsiella pneumoniae,Drugs,betalactams,Class_A_betalactamases,CTX,Authorized for use in humans only ,26.625619,132366111,101.00000000000000000000,1.9916
SRR7287342,NODE_84_length_47347_cov_14.918257,gene:proph:170535;gene:proph:170540;gene:proph:179208;gene:proph:170536;gene:proph:170537;gene:proph:170528;gene:proph:179204,Enterobacter hormaechei,Drugs,Fosfomycin,Fosfomycin_thiol_transferases,FOSA,HPCIA,14.918257,132366111,101.00000000000000000000,1.11589
SRR7287342,NODE_1_length_635644_cov_9.722350,gene:proph:173726;gene:proph:169464;gene:proph:169512;gene:plasmid:130030;gene:proph:169495;gene:proph:176833;gene:proph:176835;gene:proph:163818;gene:plasmid:93448;gene:proph:169507;gene:vir:105780;gene:vir:105774,Enterobacter hormaechei,Multi-compound,Drug_and_biocide_resistance,Drug_and_biocide_MATE_efflux_pumps,MDTK,HPCIA,9.722350,132366111,101.00000000000000000000,0.727232
SRR7287342,NODE_1_length_635644_cov_9.722350,gene:proph:173726;gene:proph:169464;gene:proph:169512;gene:plasmid:130030;gene:proph:169495;gene:proph:176833;gene:proph:176835;gene:proph:163818;gene:plasmid:93448;gene:proph:169507;gene:vir:105780;gene:vir:105774,Enterobacter hormaechei,Drugs,betalactams,Mutant_porin_proteins,OMPA,Authorized for use in humans only ?,9.722350,132366111,101.00000000000000000000,0.727232
SRR7287342,NODE_1_length_635644_cov_9.722350,gene:proph:173726;gene:proph:169464;gene:proph:169512;gene:plasmid:130030;gene:proph:169495;gene:proph:176833;gene:proph:176835;gene:proph:163818;gene:plasmid:93448;gene:proph:169507;gene:vir:105780;gene:vir:105774,Enterobacter hormaechei,Drugs,betalactams,Mutant_porin_proteins,OMPK36,Authorized for use in humans only ?,9.722350,132366111,101.00000000000000000000,0.727232
SRR7287342,NODE_1_length_635644_cov_9.722350,gene:proph:173726;gene:proph:169464;gene:proph:169512;gene:plasmid:130030;gene:proph:169495;gene:proph:176833;gene:proph:176835;gene:proph:163818;gene:plasmid:93448;gene:proph:169507;gene:vir:105780;gene:vir:105774,Enterobacter hormaechei,Biocides,Phenolic_compound_resistance,Triclosan-resistant_mutation,FABG,0,9.722350,132366111,101.00000000000000000000,0.727232
SRR7287342,NODE_1_length_635644_cov_9.722350,gene:proph:173726;gene:proph:169464;gene:proph:169512;gene:plasmid:130030;gene:proph:169495;gene:proph:176833;gene:proph:176835;gene:proph:163818;gene:plasmid:93448;gene:proph:169507;gene:vir:105780;gene:vir:105774,Enterobacter hormaechei,Multi-compound,Drug_and_biocide_resistance,Drug_and_biocide_MFS_efflux_pumps,KDEA,0,9.722350,132366111,101.00000000000000000000,0.727232
SRR7287342,NODE_31_length_123900_cov_11.436357,gene:proph:183597,Enterobacter hormaechei,Multi-compound,Drug_and_biocide_resistance,Drug_and_biocide_RND_efflux_pumps,OQXB,Authorized for use in humans only ?,11.436357,132366111,101.00000000000000000000,0.85544
SRR7287342,NODE_31_length_123900_cov_11.436357,gene:proph:183597,Pantoea agglomerans,Multi-compound,Drug_and_biocide_resistance,Drug_and_biocide_MFS_efflux_pumps,KPN,0,11.436357,132366111,101.00000000000000000000,0.85544
SRR8282406,NODE_896_length_4975_cov_41.962638,gene:plasmid:117070,Enterobacter hormaechei,Drugs,MLS,Macrolide-resistant_23S_rRNA_mutation,MLS23S,CIA ?,41.962638,131525539,101.00000000000000000000,3.15887
SRR8282406,NODE_896_length_4975_cov_41.962638,gene:plasmid:117070,Enterobacter hormaechei,Drugs,Aminoglycosides,Aminoglycoside-resistant_16S_ribosomal_subunit_protein,A16S,CIA,41.962638,131525539,101.00000000000000000000,3.15887
SRR8282406,NODE_3_length_270564_cov_5.500948,gene:plasmid:117701;gene:plasmid:117686;gene:plasmid:117671;gene:proph:176833;gene:proph:176835,Enterobacter hormaechei,Drugs,Fluoroquinolones,Fluoroquinolone-resistant_DNA_topoisomerases,GYRB,HPCIA,5.500948,131525539,101.00000000000000000000,0.414101
SRR8282406,NODE_3_length_270564_cov_5.500948,gene:plasmid:117701;gene:plasmid:117686;gene:plasmid:117671;gene:proph:176833;gene:proph:176835,Enterobacter hormaechei,Drugs,Fosfomycin,Fosfomycin_target_mutation,UHPT,HPCIA,5.500948,131525539,101.00000000000000000000,0.414101
SRR8282406,NODE_3_length_270564_cov_5.500948,gene:plasmid:117701;gene:plasmid:117686;gene:plasmid:117671;gene:proph:176833;gene:proph:176835,Enterobacter hormaechei,Biocides,Acid_resistance,Acid_resistance_protein,EEFA,0,5.500948,131525539,101.00000000000000000000,0.414101
SRR8282406,NODE_3_length_270564_cov_5.500948,gene:plasmid:117701;gene:plasmid:117686;gene:plasmid:117671;gene:proph:176833;gene:proph:176835,Enterobacter hormaechei,Multi-compound,Biocide_and_metal_resistance,Biocide_and_metal_resistance_protein,YIEF,0,5.500948,131525539,101.00000000000000000000,0.414101
SRR8282406,NODE_161_length_45039_cov_3.190605,gene:plasmid:120395,Enterobacter hormaechei,Biocides,Phenolic_compound_resistance,Phenolic_resistance_protein,FABI,0,3.190605,131525539,101.00000000000000000000,0.240183
SRR8282406,NODE_264_length_29184_cov_5.434466,gene:plasmid:123888;gene:plasmid:123887,Enterobacter hormaechei,Drugs,Rifampin,Rifampin-resistant_beta-subunit_of_RNA_polymerase_RpoB,RPOB,CIA,5.434466,131525539,101.00000000000000000000,0.409096
SRR8282406,NODE_849_length_5606_cov_9129.129499,gene:plasmid:139560;gene:plasmid:117293,Acetobacter ghanensis,Drugs,MLS,Macrolide-resistant_23S_rRNA_mutation,MLS23S,CIA ?,9129.129499,131525539,101.00000000000000000000,687.223
SRR8282406,NODE_849_length_5606_cov_9129.129499,gene:plasmid:139560;gene:plasmid:117293,Croceicoccus sp. Ery5,Drugs,MLS,Macrolide-resistant_23S_rRNA_mutation,MLS23S,CIA ?,9129.129499,131525539,101.00000000000000000000,687.223
SRR8282406,NODE_188_length_39476_cov_3.173964,gene:plasmid:149415,Enterobacter hormaechei,Drugs,Multi-drug_resistance,Multi-drug_RND_efflux_pumps,HNS,Authorized for use in humans only ?,3.173964,131525539,101.00000000000000000000,0.23893
SRR8282406,NODE_115_length_58911_cov_3.153075,gene:plasmid:21988;gene:plasmid:21989,Enterobacter hormaechei,Drugs,betalactams,Mutant_porin_proteins,OMP36,Authorized for use in humans only,3.153075,131525539,101.00000000000000000000,0.237357
SRR8282406,NODE_153_length_47347_cov_4.901396,gene:proph:170535;gene:proph:170540;gene:proph:179208;gene:proph:170536;gene:proph:170537;gene:proph:170528;gene:proph:179204,Enterobacter hormaechei,Drugs,Fosfomycin,Fosfomycin_thiol_transferases,FOSA,HPCIA,4.901396,131525539,101.00000000000000000000,0.368968
