x,ERR11865385,ERR11865288,ERR14783464,ERR11865316,ERR11865425,ERR14783783,ERR11865359,ERR14783456,ERR14783551,ERR11865324,ERR14783806,ERR11865417,ERR11865305,ERR14783400,ERR11865546,ERR11865441,ERR11865340,ERR11865479,ERR11865497,ERR11865503,ERR11865473,ERR14783392,ERR11865509,ERR11865409,ERR11865403,ERR14783532,ERR11865330,ERR14783538,ERR14783442,ERR11865431,ERR11865278,ERR14783500,ERR14783494,ERR11865302,ERR11865296,ERR11865375,ERR11865391,ERR11865308,ERR11865467,ERR11865489,ERR14783386,ERR11865560,ERR11865483,ERR14783426,ERR11865354,ERR14783521,ERR11865455,ERR11865558,ERR14783784,ERR11865552,ERR14783519,ERR14783487,ERR11865556,ERR11865451,ERR14783483,ERR11865362,ERR14783410,ERR11865487,ERR11865469,ERR11865463,ERR11865350,ERR14783805,ERR14783455,ERR11865435,ERR11865538,ERR14783793,ERR11865298,ERR11865276,ERR11865395,ERR11865292,ERR11865306,ERR14783409,ERR11865371,ERR11865407,ERR14783391,ERR14783446,ERR11865334,ERR14783541,ERR14783441,ERR11865344,ERR11865499,ERR11865477,ERR11865493,ERR14783509,ERR14783473,ERR14783503,ERR11865548,ERR11865445,ERR14783794,ERR11865542,ERR14783802,ERR11865320,ERR14783522,ERR14783425,ERR11865419,ERR11865413,ERR11865312,ERR11865286,ERR14783510,ERR14783484,ERR14783460,ERR11865318,ERR11865381,ERR14783787,ERR11865421,ERR11865411,ERR11865322,ERR14783427,ERR11865328,ERR11865429,ERR14783785,ERR11865423,ERR11865367,ERR11865310,ERR11865284,ERR14783512,ERR14783486,ERR11865389,ERR11865383,ERR11865475,ERR11865491,ERR14783539,ERR14783434,ERR11865346,ERR11865447,ERR14783796,ERR11865540,ERR14783495,ERR14783401,ERR11865379,ERR11865397,ERR11865290,ERR11865304,ERR11865373,ERR14783492,ERR11865437,ERR14783433,ERR14783549,ERR14783439,ERR11865336,ERR11865405,ERR11865508,ERR14783399,ERR11865360,ERR14783418,ERR14783465,ERR11865554,ERR11865459,ERR14783788,ERR11865453,ERR14783550,ERR11865352,ERR11865358,ERR11865485,ERR11865511,ERR11865461,ERR14783809,ERR14783453,ERR14783424,ERR11865356,ERR14783523,ERR11865465,ERR14783384,ERR11865481,ERR11865364,ERR14783511,ERR14783485,ERR11865457,ERR14783786,ERR14783810,ERR11865332,ERR14783440,ERR11865338,ERR11865401,ERR11865399,ERR14783502,ERR11865300,ERR11865294,ERR11865377,ERR11865393,ERR11865439,ERR14783795,ERR11865433,ERR11865449,ERR11865544,ERR14783792,ERR11865443,ERR14783408,ERR11865307,ERR14783475,ERR14783402,ERR11865495,ERR11865501,ERR11865471,ERR14783390,ERR11865335,ERR11865342,ERR11865348,ERR14783447,ERR11865427,ERR11865387,ERR14783466,ERR14783411,ERR11865369,ERR11865314,ERR11865415,SRR13801805,ERR14783454,ERR14783553,ERR14783524,ERR11865326,ERR14783429
ERR11865385,0,"0,639","0,878","0,463","0,733","0,978","0,458","0,796","0,64","0,546","0,992","0,845","0,368","0,919","0,541","0,601","0,795","0,699","0,431","0,7","0,706","0,968","0,913","0,73","0,699","0,968","0,64","0,995","0,96","0,728","0,644","0,991","0,97","0,691","0,218","0,719","0,729","0,668","0,707","0,585","0,997","0,713","0,604","0,982","0,666","0,932","0,616","0,562","0,977","0,653","0,979","0,61","0,708","0,681","0,993","0,667","0,515","0,653","0,726","0,613","0,541","0,992","0,969","0,728","0,781","0,941","0,426","0,622","0,55","0,415","0,411","0,986","0,647","0,773","0,993","0,985","0,711","0,988","0,969","0,895","0,524","0,737","0,592","0,731","0,993","0,951","0,678","0,771","0,814","0,852","0,907","0,977","0,916","0,881","0,744","0,673","0,669","0,661","0,982","0,986","0,983","0,661","0,908","0,99","0,696","0,731","0,73","0,767","0,833","0,681","0,979","0,771","0,167","0,714","0,573","0,998","0,755","0,981","0,658","0,722","0,701","0,993","0,636","0,543","0,711","0,794","0,653","0,972","0,528","0,697","0,447","0,669","0,213","0,722","0,973","0,842","0,757","0,924","0,985","0,873","0,69","0,703","0,885","0,691","0,996","0,691","0,582","0,753","0,924","0,656","0,944","0,661","0,459","0,674","0,696","0,63","0,988","0,79","0,966","0,483","0,947","0,535","0,998","0,718","0,658","0,885","0,863","0,794","0,969","0,956","0,858","0,921","0,617","0,648","0,69","0,728","0,615","0,393","0,898","0,513","0,644","0,986","0,918","0,652","0,728","0,549","0,653","0,971","0,491","0,702","0,99","0,743","0,585","0,781","0,99","0,681","0,553","0,278","0,992","0,675","0,531","0,938","0,961","0,707","0,736","0,777","0,999","0,787","0,929","0,897","0,725","0,754"
ERR11865288,"0,639",0,"0,969","0,557","0,951","0,994","0,588","0,977","0,436","0,597","0,995","0,966","0,71","0,857","0,949","0,261","0,865","0,905","0,704","0,937","0,937","0,987","0,962","0,975","0,91","0,966","0,201","0,992","0,974","0,87","0,289","0,995","0,969","0,176","0,457","0,928","0,95","0,065","0,922","0,893","0,996","0,975","0,335","0,98","0,77","0,884","0,274","0,965","0,993","0,918","0,979","0,752","0,965","0,434","0,996","0,936","0,674","0,409","0,811","0,38","0,445","0,995","0,996","0,943","0,936","0,96","0,287","0,199","0,827","0,859","0,741","0,993","0,356","0,395","0,991","0,977","0,198","0,986","0,972","0,957","0,736","0,891","0,935","0,974","0,991","0,993","0,942","0,965","0,849","0,952","0,941","0,976","0,956","0,823","0,928","0,579","0,109","0,183","0,992","0,99","0,981","0,172","0,963","0,996","0,898","0,905","0,873","0,818","0,892","0,904","0,995","0,921","0,618","0,181","0,268","0,997","0,939","0,979","0,965","0,936","0,887","0,996","0,376","0,321","0,964","0,83","0,964","0,972","0,407","0,956","0,836","0,157","0,612","0,931","0,986","0,892","0,823","0,867","0,985","0,912","0,175","0,908","0,851","0,956","0,995","0,93","0,945","0,93","0,99","0,229","0,905","0,764","0,346","0,396","0,72","0,395","0,993","0,949","0,969","0,389","0,976","0,941","0,996","0,31","0,817","0,8","0,982","0,955","0,992","0,995","0,907","0,893","0,127","0,945","0,843","0,973","0,13","0,471","0,963","0,847","0,299","0,987","0,964","0,378","0,964","0,458","0,853","0,984","0,76","0,968","0,995","0,895","0,943","0,403","0,987","0,121","0,212","0,56","0,996","0,934","0,814","0,991","0,891","0,5","0,278","0,403","0,999","0,979","0,887","0,865","0,224","0,966"
ERR14783464,"0,878","0,969",0,"0,902","0,717","0,981","0,895","0,875","0,821","0,954","0,981","0,719","0,883","0,902","0,87","0,92","0,946","0,915","0,913","0,899","0,702","0,976","0,971","0,917","0,897","0,595","0,906","0,931","0,964","0,93","0,882","0,983","0,902","0,932","0,873","0,807","0,635","0,941","0,907","0,901","0,889","0,914","0,916","0,706","0,911","0,96","0,759","0,888","0,983","0,898","0,811","0,882","0,91","0,747","0,984","0,757","0,917","0,926","0,957","0,897","0,908","0,989","0,981","0,716","0,893","0,94","0,862","0,927","0,891","0,838","0,884","0,917","0,936","0,872","0,915","0,904","0,955","0,755","0,929","0,97","0,924","0,922","0,638","0,882","0,843","0,916","0,898","0,689","0,952","0,926","0,949","0,884","0,964","0,878","0,727","0,953","0,961","0,946","0,976","0,975","0,748","0,917","0,698","0,984","0,915","0,913","0,657","0,907","0,946","0,921","0,987","0,93","0,881","0,851","0,865","0,936","0,807","0,728","0,663","0,714","0,92","0,947","0,909","0,919","0,857","0,94","0,908","0,941","0,948","0,692","0,893","0,898","0,87","0,892","0,964","0,946","0,944","0,892","0,946","0,948","0,929","0,874","0,956","0,694","0,644","0,899","0,845","0,826","0,961","0,803","0,946","0,91","0,892","0,935","0,969","0,898","0,986","0,924","0,945","0,898","0,89","0,89","0,74","0,937","0,908","0,963","0,934","0,691","0,975","0,977","0,949","0,943","0,922","0,898","0,925","0,878","0,955","0,869","0,691","0,894","0,901","0,969","0,718","0,813","0,912","0,918","0,919","0,863","0,891","0,797","0,97","0,754","0,847","0,955","0,926","0,958","0,896","0,886","0,995","0,679","0,908","0,917","0,956","0,926","0,956","0,964","0,987","0,922","0,968","0,899","0,962","0,733"
ERR11865316,"0,463","0,557","0,902",0,"0,875","0,998","0,543","0,935","0,571","0,376","0,941","0,872","0,525","0,873","0,642","0,595","0,494","0,891","0,635","0,741","0,84","0,918","0,774","0,94","0,82","0,919","0,589","0,986","0,896","0,869","0,635","0,967","0,913","0,553","0,44","0,872","0,814","0,568","0,785","0,827","0,965","0,937","0,699","0,748","0,89","0,933","0,583","0,901","0,996","0,841","0,745","0,562","0,929","0,649","0,965","0,864","0,507","0,602","0,389","0,594","0,698","0,976","0,98","0,838","0,491","0,629","0,418","0,574","0,68","0,688","0,491","0,948","0,66","0,626","0,873","0,867","0,545","0,947","0,857","0,943","0,698","0,904","0,815","0,912","0,894","0,958","0,85","0,877","0,597","0,795","0,943","0,644","0,886","0,875","0,851","0,391","0,582","0,605","0,957","0,97","0,832","0,472","0,767","0,996","0,891","0,874","0,601","0,866","0,502","0,858","0,999","0,916","0,463","0,592","0,405","0,962","0,803","0,886","0,85","0,866","0,855","0,971","0,611","0,704","0,902","0,732","0,929","0,837","0,394","0,862","0,724","0,572","0,268","0,878","0,724","0,546","0,711","0,92","0,955","0,532","0,445","0,876","0,896","0,884","0,93","0,803","0,596","0,886","0,984","0,528","0,946","0,884","0,578","0,661","0,54","0,616","0,983","0,806","0,975","0,627","0,786","0,891","0,955","0,691","0,67","0,884","0,955","0,871","0,998","0,983","0,526","0,926","0,51","0,86","0,861","0,919","0,464","0,531","0,809","0,743","0,557","0,752","0,802","0,626","0,926","0,719","0,837","0,905","0,575","0,906","0,964","0,881","0,688","0,617","0,875","0,563","0,613","0,544","0,983","0,838","0,776","0,954","0,938","0,733","0,664","0,592","0,989","0,938","0,932","0,905","0,636","0,85"
ERR11865425,"0,733","0,951","0,717","0,875",0,"0,999","0,445","0,422","0,912","0,943","0,977","0,519","0,439","0,844","0,644","0,903","0,941","0,332","0,318","0,331","0,109","0,972","0,966","0,374","0,319","0,933","0,892","0,944","0,968","0,452","0,866","0,987","0,825","0,911","0,696","0,238","0,362","0,924","0,387","0,291","0,971","0,346","0,842","0,658","0,411","0,859","0,706","0,417","0,999","0,319","0,8","0,872","0,359","0,653","0,982","0,228","0,912","0,913","0,942","0,878","0,473","0,989","0,892","0,148","0,881","0,956","0,762","0,91","0,281","0,731","0,453","0,852","0,934","0,856","0,911","0,95","0,943","0,729","0,947","0,977","0,408","0,39","0,3","0,823","0,725","0,743","0,329","0,508","0,941","0,922","0,721","0,878","0,959","0,808","0,196","0,945","0,947","0,928","0,979","0,987","0,535","0,896","0,472","0,997","0,326","0,422","0,507","0,422","0,938","0,377",1,"0,448","0,702","0,828","0,838","0,889","0,83","0,5","0,272","0,047","0,41","0,912","0,904","0,712","0,76","0,944","0,292","0,942","0,941","0,343","0,515","0,877","0,706","0,325","0,957","0,945","0,955","0,879","0,946","0,944","0,907","0,346","0,896","0,168","0,813","0,899","0,791","0,309","0,795","0,781","0,898","0,455","0,629","0,924","0,951","0,871","0,986","0,92","0,865","0,723","0,883","0,358","0,963","0,928","0,918","0,792","0,643","0,451",1,"0,877","0,949","0,823","0,906","0,255","0,446","0,323","0,931","0,594","0,46","0,308","0,868","0,966","0,509","0,798","0,389","0,827","0,404","0,846","0,382","0,213","0,976","0,272","0,783","0,945","0,921","0,944","0,836","0,719","0,996","0,145","0,31","0,722","0,945","0,906","0,943","0,954","0,987","0,46","0,863","0,846","0,95","0,174"
ERR14783783,"0,978","0,994","0,981","0,998","0,999",0,"0,998","0,999","0,972","0,993","0,997","0,999","0,999","0,843","0,998","0,995","0,998","0,999","0,991","0,999","0,998","0,999","0,927","0,998","0,999","0,988","0,997","0,978","0,998","0,999","0,993","0,994","0,999","0,996","0,991","0,999","0,999","0,994","0,985","0,999","0,997","0,999","0,998","0,998","0,981","0,984","0,996","0,998","0,156","0,998","0,995","0,914","0,994","0,966","0,996","0,999","0,916","0,961","0,999","0,982","0,986","0,998",1,"0,999","0,999","0,997","0,971","0,994","0,999","0,998","0,999","0,968","0,994","0,995","0,996","0,988","0,996","0,99","0,993","0,921","0,969","0,999","0,997","0,976","0,992","0,994","0,996","0,999","0,998","0,997","0,998","0,999","0,964","0,996","0,999","0,993","0,999","0,976","0,988","0,985","0,997","0,998","0,999","0,909","0,999","0,941","0,998","0,995","0,998",1,"0,101",1,"0,987","0,995","0,983","0,996","0,969","0,999","0,999","0,997","0,999","0,99","0,92","0,939","0,999","0,988","0,99","0,999","0,993","0,999","0,925","0,989","0,999",1,"0,997","0,998","0,862","0,937","0,997","0,999","0,997","0,965","0,975","0,999","0,997","0,981","0,997",1,"0,934","0,997","0,985","0,985","0,994","0,991","0,933","0,99","0,998","0,999","0,996","0,999","0,931","0,984","0,996","0,998","0,99","0,988","0,95","0,999","0,723","0,998","0,995","0,996","0,997","0,999","0,969","0,999","0,998","0,999","0,999","0,999","0,997","0,999","0,999","0,993","0,995","0,999","0,967","0,951","0,999","0,999","0,92","0,955","0,999","0,997","0,995","0,996","0,996","0,997","0,999","0,999","0,959","0,975","0,985","0,998","0,999","0,996",1,"0,999","0,984","0,973","0,994","0,987"
ERR11865359,"0,458","0,588","0,895","0,543","0,445","0,998",0,"0,554","0,579","0,658","0,957","0,852","0,157","0,86","0,498","0,561","0,816","0,404","0,213","0,334","0,406","0,967","0,883","0,457","0,344","0,979","0,559","0,995","0,967","0,484","0,604","0,978","0,94","0,595","0,328","0,433","0,791","0,607","0,428","0,279","0,977","0,431","0,566","0,913","0,403","0,842","0,525","0,332","0,997","0,367","0,889","0,786","0,441","0,622","0,972","0,365","0,745","0,558","0,746","0,562","0,2","0,983","0,907","0,434","0,746","0,844","0,406","0,582","0,218","0,653","0,175","0,969","0,613","0,67","0,933","0,926","0,589","0,983","0,974","0,966","0,32","0,461","0,694","0,801","0,942","0,854","0,378","0,821","0,774","0,906","0,757","0,862","0,943","0,822","0,489","0,585","0,596","0,62","0,964","0,974","0,892","0,545","0,878","0,997","0,399","0,479","0,711","0,486","0,825","0,413","0,998","0,515","0,391","0,622","0,506","0,976","0,854","0,935","0,67","0,436","0,445","0,986","0,601","0,419","0,799","0,815","0,378","0,958","0,482","0,706","0,353","0,606","0,327","0,435","0,838","0,823","0,814","0,887","0,961","0,796","0,571","0,462","0,808","0,447","0,961","0,881","0,674","0,486","0,833","0,526","0,87","0,39","0,236","0,622","0,689","0,56","0,985","0,903","0,906","0,365","0,901","0,278","0,973","0,65","0,788","0,725","0,696","0,84","0,998","0,881","0,84","0,815","0,535","0,296","0,476","0,447","0,533","0,267","0,881","0,228","0,545","0,883","0,874","0,601","0,469","0,537","0,426","0,945","0,184","0,413","0,978","0,515","0,656","0,651","0,91","0,583","0,511","0,343","0,996","0,482","0,311","0,841","0,931","0,65","0,655","0,629","0,993","0,534","0,837","0,838","0,638","0,472"
ERR14783456,"0,796","0,977","0,875","0,935","0,422","0,999","0,554",0,"0,942","0,989","0,993","0,857","0,56","0,967","0,725","0,934","0,979","0,271","0,433","0,409","0,52","0,994","0,987","0,177","0,357","0,944","0,935","0,97","0,984","0,113","0,898","0,992","0,967","0,953","0,767","0,301","0,805","0,953","0,253","0,422","0,981","0,225","0,878","0,915","0,51","0,779","0,846","0,522","0,999","0,269","0,923","0,914","0,214","0,891","0,994","0,431","0,941","0,947","0,984","0,922","0,555","0,993","0,792","0,545","0,929","0,984","0,826","0,94","0,414","0,799","0,57","0,973","0,951","0,919","0,949","0,96","0,981","0,932","0,964","0,984","0,309","0,192","0,738","0,856","0,954","0,67","0,287","0,816","0,975","0,952","0,49","0,919","0,979","0,927","0,577","0,986","0,973","0,963","0,984","0,989","0,925","0,942","0,885","0,997","0,285","0,224","0,837","0,286","0,982","0,205",1,"0,081","0,772","0,924","0,904","0,98","0,871","0,92","0,708","0,435","0,156","0,984","0,937","0,762","0,804","0,978","0,321","0,968","0,969","0,738","0,614","0,922","0,792","0,223","0,988","0,981","0,978","0,955","0,957","0,983","0,952","0,204","0,904","0,527","0,967","0,922","0,854","0,41","0,783","0,879","0,908","0,549","0,711","0,951","0,987","0,914","0,99","0,941","0,782","0,784","0,929","0,478","0,976","0,951","0,944","0,612","0,331","0,837",1,"0,885","0,988","0,843","0,952","0,378","0,169","0,195","0,976","0,675","0,88","0,438","0,912","0,987","0,893","0,878","0,169","0,851","0,228","0,955","0,504","0,284","0,981","0,235","0,852","0,976","0,946","0,983","0,885","0,769","0,997","0,578","0,403","0,644","0,982","0,93","0,969","0,986","0,993","0,032","0,843","0,92","0,984","0,526"
ERR14783551,"0,64","0,436","0,821","0,571","0,912","0,972","0,579","0,942",0,"0,622","0,96","0,898","0,7","0,832","0,814","0,45","0,807","0,931","0,747","0,863","0,906","0,968","0,868","0,935","0,894","0,815","0,456","0,978","0,96","0,909","0,5","0,978","0,947","0,462","0,567","0,928","0,883","0,461","0,86","0,896","0,953","0,935","0,558","0,893","0,906","0,896","0,484","0,911","0,972","0,878","0,903","0,735","0,921","0,512","0,971","0,916","0,697","0,438","0,761","0,441","0,53","0,982","0,981","0,893","0,785","0,87","0,356","0,44","0,803","0,818","0,698","0,961","0,471","0,56","0,941","0,904","0,436","0,975","0,945","0,923","0,758","0,937","0,878","0,903","0,949","0,968","0,876","0,907","0,8","0,908","0,952","0,884","0,893","0,811","0,907","0,545","0,465","0,465","0,963","0,962","0,916","0,41","0,861","0,984","0,932","0,893","0,797","0,909","0,817","0,903","0,977","0,943","0,659","0,488","0,445","0,977","0,825","0,955","0,891","0,915","0,901","0,975","0,427","0,532","0,923","0,761","0,915","0,943","0,484","0,899","0,803","0,462","0,587","0,932","0,893","0,815","0,773","0,807","0,968","0,832","0,424","0,899","0,833","0,914","0,913","0,849","0,784","0,933","0,968","0,443","0,897","0,906","0,457","0,491","0,692","0,478","0,984","0,908","0,968","0,479","0,88","0,884","0,94","0,548","0,792","0,829","0,927","0,906","0,957","0,978","0,786","0,882","0,402","0,911","0,876","0,932","0,421","0,623","0,888","0,83","0,484","0,906","0,886","0,493","0,923","0,537","0,86","0,933","0,733","0,923","0,964","0,901","0,823","0,555","0,932","0,447","0,473","0,59","0,989","0,9","0,823","0,957","0,908","0,591","0,545","0,526","0,994","0,936","0,895","0,837","0,499","0,872"
ERR11865324,"0,546","0,597","0,954","0,376","0,943","0,993","0,658","0,989","0,622",0,"0,968","0,954","0,621","0,92","0,907","0,655","0,587","0,938","0,684","0,909","0,936","0,923","0,934","0,982","0,906","0,93","0,622","0,993","0,921","0,907","0,706","0,983","0,962","0,635","0,542","0,943","0,95","0,624","0,915","0,884","0,967","0,984","0,742","0,937","0,93","0,956","0,699","0,97","0,992","0,893","0,949","0,654","0,972","0,729","0,974","0,944","0,558","0,706","0,663","0,686","0,744","0,99","0,995","0,927","0,872","0,886","0,626","0,649","0,774","0,591","0,659","0,988","0,705","0,757","0,974","0,957","0,532","0,975","0,876","0,928","0,74","0,945","0,93","0,958","0,979","0,992","0,917","0,969","0,783","0,919","0,968","0,918","0,92","0,924","0,924","0,296","0,623","0,665","0,989","0,976","0,95","0,606","0,945","0,996","0,939","0,93","0,726","0,929","0,68","0,899","0,997","0,952","0,511","0,644","0,532","0,99","0,918","0,962","0,949","0,936","0,895","0,992","0,692","0,688","0,981","0,577","0,98","0,932","0,491","0,942","0,821","0,64","0,493","0,947","0,893","0,642","0,756","0,918","0,982","0,765","0,615","0,94","0,938","0,96","0,975","0,949","0,886","0,948","0,994","0,676","0,956","0,928","0,656","0,716","0,676","0,694","0,991","0,947","0,972","0,701","0,953","0,951","0,958","0,729","0,516","0,922","0,983","0,947","0,989","0,991","0,547","0,955","0,519","0,946","0,9","0,988","0,508","0,554","0,945","0,823","0,632","0,946","0,948","0,697","0,969","0,762","0,885","0,978","0,715","0,982","0,99","0,941","0,885","0,725","0,961","0,579","0,624","0,612","0,984","0,923","0,825","0,99","0,96","0,759","0,714","0,604","0,998","0,985","0,957","0,939","0,501","0,961"
ERR14783806,"0,992","0,995","0,981","0,941","0,977","0,997","0,957","0,993","0,96","0,968",0,"0,964","0,959","0,984","0,945","0,995","0,947",1,"0,999","0,959","0,974","0,973","0,952","0,995","0,959","0,993","0,966","0,995","0,975","0,999","0,996","0,979","0,982","0,964","0,992","0,996","0,968","0,992","0,968","0,998","0,989","0,995","0,99","0,945","0,998","0,992","0,96","0,972","0,997","0,977","0,948","0,96","0,99","0,97","0,271","0,992","0,981","0,96","0,935","0,961","0,987","0,074","0,993","0,962","0,936","0,937","0,957","0,997","0,956","0,981","0,953","0,984",1,"0,971","0,965","0,973","0,964","0,984","0,977","0,987",1,"0,999","0,968","0,979","0,971","0,989","0,961","0,977","0,926","0,891","0,985","0,94","0,96","0,984","0,975","0,951","0,99","0,981","0,988","0,942","0,951","0,957","0,957","0,998","0,999","0,971","0,952","0,973","0,927",1,"0,999",1,"0,999","0,971","0,961","0,987","0,96","0,965","0,966","0,984","0,994","0,99","0,966","0,993","0,996","0,966","0,994","0,964","0,949","0,972","0,981","0,978","0,947","0,998","0,911","0,934","0,957","0,991","0,971","0,933","0,963","0,996","0,987","0,986","0,973","0,985","0,935","0,996","0,999","0,958","0,994","0,995","0,966","0,986","0,957","0,969","0,992","0,987","0,994","0,973","0,953","0,991","0,984","0,994","0,98","0,986","0,976","0,981","0,997","0,992","0,943","0,991","0,961","0,981","0,995","0,994","0,968","0,984","0,953","0,98","0,957","0,945","0,953","0,984","0,987","0,993","0,992","0,975","0,956","0,99","0,987","0,987","0,937","0,964","0,953","0,964","0,974","0,988","0,996","0,976","0,994","0,988","0,993",1,"0,986","0,962","0,996","0,984","0,99","0,987","0,98","0,963"
ERR11865417,"0,845","0,966","0,719","0,872","0,519","0,999","0,852","0,857","0,898","0,954","0,964",0,"0,837","0,781","0,817","0,917","0,93","0,892","0,889","0,858","0,479","0,973","0,947","0,896","0,854","0,933","0,895","0,945","0,965","0,91","0,878","0,979","0,758","0,913","0,844","0,73","0,343","0,937","0,873","0,874","0,967","0,892","0,896","0,64","0,892","0,953","0,717","0,859","0,998","0,87","0,784","0,867","0,888","0,659","0,975","0,677","0,912","0,904","0,926","0,875","0,891","0,984","0,975","0,404","0,861","0,931","0,816","0,924","0,846","0,809","0,836","0,79","0,937","0,855","0,9","0,94","0,945","0,729","0,946","0,976","0,904","0,901","0,41","0,874","0,599","0,833","0,856","0,37","0,927","0,923","0,939","0,859","0,948","0,765","0,333","0,943","0,961","0,94","0,974","0,983","0,51","0,893","0,314","0,997","0,891","0,884","0,509","0,878","0,923","0,899","0,999","0,911","0,859","0,836","0,843","0,885","0,825","0,353","0,387","0,536","0,899","0,874","0,897","0,904","0,779","0,943","0,884","0,937","0,924","0,267","0,859","0,887","0,815","0,852","0,933","0,924","0,94","0,855","0,941","0,924","0,91","0,852","0,944","0,485","0,736","0,9","0,78","0,523","0,965","0,78","0,965","0,888","0,862","0,93","0,947","0,874","0,985","0,922","0,95","0,871","0,867","0,861","0,958","0,938","0,918","0,954","0,932","0,255","0,999","0,97","0,933","0,934","0,909","0,866","0,906","0,856","0,942","0,845","0,282","0,861","0,869","0,944","0,33","0,81","0,89","0,898","0,896","0,838","0,846","0,772","0,971","0,724","0,782","0,943","0,907","0,947","0,871","0,862","0,996","0,471","0,884","0,824","0,944","0,917","0,953","0,951","0,985","0,9","0,96","0,882","0,962","0,417"
ERR11865305,"0,368","0,71","0,883","0,525","0,439","0,999","0,157","0,56","0,7","0,621","0,959","0,837",0,"0,922","0,47","0,667","0,796","0,379","0,186","0,359","0,393","0,958","0,92","0,452","0,349","0,962","0,656","0,995","0,958","0,473","0,697","0,98","0,954","0,7","0,357","0,413","0,772","0,724","0,42","0,236","0,984","0,423","0,648","0,92","0,381","0,876","0,627","0,215","0,997","0,35","0,931","0,741","0,433","0,71","0,971","0,346","0,674","0,705","0,736","0,67","0,315","0,983","0,92","0,412","0,773","0,881","0,503","0,688","0,21","0,582","0,052","0,979","0,736","0,761","0,961","0,97","0,691","0,98","0,968","0,96","0,319","0,446","0,651","0,773","0,966","0,873","0,355","0,8","0,782","0,882","0,772","0,911","0,921","0,874","0,44","0,663","0,711","0,725","0,971","0,983","0,932","0,66","0,873","0,996","0,374","0,476","0,713","0,475","0,807","0,398","0,999","0,507","0,346","0,729","0,635","0,987","0,831","0,958","0,621","0,425","0,429","0,99","0,713","0,486","0,771","0,793","0,36","0,946","0,631","0,668","0,264","0,712","0,317","0,415","0,888","0,816","0,776","0,918","0,969","0,834","0,691","0,446","0,855","0,391","0,978","0,848","0,647","0,474","0,844","0,66","0,898","0,364","0,339","0,736","0,743","0,655","0,985","0,876","0,91","0,481","0,934","0,242","0,981","0,745","0,75","0,781","0,718","0,819","0,999","0,89","0,823","0,858","0,645","0,308","0,464","0,441","0,656","0,289","0,877","0,195","0,648","0,926","0,884","0,69","0,465","0,632","0,407","0,959","0,133","0,401","0,987","0,506","0,644","0,761","0,946","0,681","0,6","0,402","0,995","0,412","0,273","0,861","0,956","0,738","0,752","0,749","0,996","0,541","0,872","0,877","0,732","0,486"
ERR14783400,"0,919","0,857","0,902","0,873","0,844","0,843","0,86","0,967","0,832","0,92","0,984","0,781","0,922",0,"0,91","0,863","0,939","0,992","0,93","0,907","0,841","0,993","0,794","0,991","0,943","0,973","0,855","0,948","0,989","0,977","0,85","0,988","0,504","0,843","0,886","0,947","0,811","0,849","0,937","0,984","0,899","0,991","0,87","0,849","0,983","0,848","0,785","0,99","0,84","0,973","0,793","0,878","0,986","0,738","0,988","0,93","0,877","0,813","0,9","0,839","0,863","0,994","0,975","0,788","0,921","0,883","0,802","0,858","0,936","0,968","0,913","0,617","0,865","0,806","0,888","0,958","0,844","0,9","0,985","0,949","0,918","0,992","0,834","0,973","0,479","0,724","0,972","0,854","0,778","0,984","0,979","0,86","0,961","0,633","0,83","0,829","0,861","0,847","0,877","0,982","0,777","0,833","0,757","0,953","0,992","0,945","0,781","0,977","0,941","0,98","0,833","0,992","0,919","0,813","0,806","0,895","0,957","0,775","0,813","0,854","0,977","0,781","0,806","0,839","0,963","0,942","0,986","0,982","0,857","0,762","0,923","0,832","0,881","0,983","0,963","0,904","0,876","0,52","0,877","0,908","0,81","0,953","0,804","0,866","0,326","0,981","0,957","0,945","0,935","0,79","0,709","0,984","0,846","0,861","0,687","0,85","0,981","0,989","0,968","0,852","0,703","0,982","0,759","0,872","0,958","0,873","0,953","0,747","0,937","0,984","0,943","0,889","0,85","0,977","0,959","0,976","0,849","0,888","0,772","0,961","0,818","0,792","0,717","0,823","0,987","0,87","0,955","0,731","0,922","0,947","0,853","0,885","0,947","0,801","0,931","0,853","0,86","0,893","0,999","0,841","0,945","0,774","0,844","0,879","0,866","0,695","0,831","0,987","0,798","0,802","0,862","0,752"
ERR11865546,"0,541","0,949","0,87","0,642","0,644","0,998","0,498","0,725","0,814","0,907","0,945","0,817","0,47","0,91",0,"0,87","0,665","0,627","0,608","0,416","0,601","0,938","0,663","0,649","0,521","0,964","0,838","0,994","0,926","0,713","0,872","0,97","0,902","0,897","0,549","0,643","0,712","0,949","0,52","0,536","0,945","0,627","0,796","0,814","0,626","0,915","0,76","0,455","0,996","0,59","0,721","0,876","0,626","0,857","0,967","0,587","0,92","0,79","0,516","0,823","0,66","0,977","0,942","0,614","0,412","0,516","0,586","0,895","0,495","0,556","0,413","0,923","0,902","0,837","0,819","0,839","0,865","0,971","0,937","0,948","0,681","0,672","0,593","0,733","0,838","0,883","0,559","0,763","0,604","0,83","0,86","0,552","0,914","0,869","0,651","0,687","0,935","0,915","0,927","0,969","0,817","0,85","0,804","0,996","0,624","0,668","0,538","0,676","0,641","0,659","0,998","0,712","0,519","0,928","0,853","0,949","0,777","0,908","0,552","0,642","0,68","0,971","0,863","0,687","0,733","0,913","0,579","0,919","0,845","0,627","0,479","0,911","0,379","0,651","0,715","0,554","0,889","0,921","0,942","0,452","0,782","0,667","0,856","0,607","0,896","0,785","0,411","0,688","0,91","0,758","0,93","0,614","0,539","0,897","0,733","0,808","0,983","0,826","0,948","0,573","0,685","0,492","0,93","0,913","0,843","0,864","0,818","0,799","0,997","0,934","0,664","0,902","0,855","0,508","0,706","0,642","0,909","0,551","0,834","0,522","0,667","0,611","0,828","0,865","0,652","0,751","0,672","0,854","0,474","0,611","0,944","0,701","0,427","0,78","0,86","0,906","0,771","0,541","0,989","0,574","0,601","0,871","0,958","0,885","0,928","0,757","0,982","0,706","0,912","0,872","0,935","0,626"
ERR11865441,"0,601","0,261","0,92","0,595","0,903","0,995","0,561","0,934","0,45","0,655","0,995","0,917","0,667","0,863","0,87",0,"0,886","0,85","0,669","0,88","0,886","0,998","0,972","0,915","0,855","0,983","0,12","0,996","0,991","0,841","0,128","0,995","0,972","0,126","0,455","0,883","0,884","0,226","0,874","0,831","0,997","0,915","0,226","0,991","0,842","0,858","0,253","0,885","0,994","0,861","0,988","0,8","0,909","0,232","0,996","0,883","0,734","0,191","0,841","0,153","0,392","0,995","0,988","0,896","0,876","0,967","0,298","0,076","0,777","0,79","0,695","0,996","0,118","0,324","0,996","0,988","0,216","0,997","0,991","0,964","0,703","0,863","0,872","0,908","0,996","0,981","0,884","0,908","0,869","0,925","0,943","0,989","0,97","0,737","0,884","0,625","0,162","0,146","0,984","0,986","0,99","0,184","0,938","0,996","0,847","0,869","0,822","0,878","0,909","0,852","0,996","0,876","0,579","0,23","0,403","0,998","0,865","0,99","0,903","0,888","0,844","0,998","0,162","0,383","0,907","0,842","0,9","0,99","0,482","0,902","0,774","0,177","0,574","0,883","0,99","0,907","0,85","0,829","0,987","0,929","0,255","0,867","0,778","0,901","0,998","0,866","0,844","0,89","0,972","0,256","0,883","0,837","0,324","0,179","0,749","0,178","0,99","0,905","0,977","0,18","0,987","0,873","0,998","0,212","0,793","0,77","0,953","0,904","0,994","0,983","0,922","0,84","0,228","0,876","0,829","0,918","0,321","0,523","0,931","0,789","0,191","0,993","0,943","0,157","0,908","0,23","0,811","0,989","0,716","0,912","0,997","0,871","0,846","0,306","0,995","0,201","0,166","0,526","0,997","0,88","0,77","0,978","0,872","0,295","0,206","0,446",1,"0,932","0,853","0,801","0,237","0,922"
ERR11865340,"0,795","0,865","0,946","0,494","0,941","0,998","0,816","0,979","0,807","0,587","0,947","0,93","0,796","0,939","0,665","0,886",0,"0,963","0,9","0,796","0,946","0,864","0,763","0,973","0,913","0,958","0,801","0,995","0,867","0,931","0,908","0,981","0,927","0,839","0,839","0,967","0,922","0,871","0,827","0,906","0,96","0,974","0,911","0,769","0,951","0,971","0,855","0,945","0,996","0,882","0,761","0,726","0,961","0,896","0,962","0,953","0,784","0,837","0,349","0,853","0,899","0,979","0,989","0,919","0,475","0,558","0,722","0,889","0,839","0,6","0,732","0,958","0,892","0,821","0,891","0,952","0,705","0,971","0,833","0,897","0,922","0,968","0,913","0,953","0,911","0,971","0,895","0,952","0,642","0,819","0,977","0,623","0,891","0,942","0,939","0,56","0,866","0,874","0,968","0,983","0,878","0,801","0,835","0,997","0,964","0,945","0,585","0,931","0,138","0,916","0,999","0,971","0,791","0,855","0,745","0,969","0,898","0,947","0,92","0,95","0,915","0,976","0,86","0,851","0,969","0,778","0,97","0,879","0,726","0,926","0,858","0,861","0,645","0,971","0,702","0,214","0,809","0,955","0,978","0,334","0,697","0,963","0,953","0,946","0,941","0,884","0,647","0,969","0,993","0,813","0,971","0,947","0,861","0,894","0,743","0,845","0,988","0,876","0,981","0,874","0,805","0,934","0,949","0,905","0,632","0,949","0,982","0,934","0,997","0,991","0,156","0,966","0,74","0,948","0,925","0,977","0,788","0,782","0,909","0,864","0,704","0,729","0,889","0,889","0,955","0,918","0,917","0,92","0,768","0,967","0,971","0,957","0,762","0,792","0,916","0,801","0,816","0,836","0,978","0,93","0,891","0,968","0,973","0,919","0,9","0,722","0,991","0,974","0,971","0,956","0,79","0,909"
ERR11865479,"0,699","0,905","0,915","0,891","0,332","0,999","0,404","0,271","0,931","0,938",1,"0,892","0,379","0,992","0,627","0,85","0,963",0,"0,217","0,226","0,445",1,"0,991","0,111","0,132","0,992","0,86",1,"0,997","0,195","0,859",1,"0,989","0,909","0,634","0,153","0,835","0,911","0,139","0,19","0,998","0,066","0,802","0,999","0,308","0,839","0,826","0,351","0,998","0,055","0,999","0,974","0,095","0,882","0,999","0,324","0,976","0,925","0,969","0,893","0,432",1,"0,866","0,481","0,898","0,985","0,762","0,87","0,213","0,726","0,398","0,999","0,922","0,918",1,"0,996","0,918","0,999","0,999","0,982","0,129","0,096","0,734","0,823",1,"0,79","0,083","0,847","0,964","0,944","0,624","0,997","0,991","0,946","0,509","0,944","0,902","0,903","0,986","0,99","0,996","0,895","0,948","0,998","0,017","0,182","0,844","0,188","0,964","0,099",1,"0,188","0,656","0,924","0,895",1,"0,889","0,996","0,712","0,339","0,145",1,"0,93","0,651","0,804","0,96","0,116","0,999","0,965","0,739","0,449","0,903","0,682","0,07","0,999","0,97","0,983","0,956","0,99","0,974","0,915","0,113","0,912","0,467",1,"0,9","0,798","0,298","0,763","0,865","0,907","0,357","0,6","0,922","0,968","0,858","0,992","0,92","0,855","0,711","0,999","0,287",1,"0,889","0,917","0,72","0,52","0,862",1,"0,88","0,976","0,849","0,874","0,166","0,193","0,092","0,905","0,539","0,941","0,238","0,84",1,"0,952","0,882","0,143","0,815","0,127","0,995","0,308","0,164","0,999","0,209","0,788","0,926","0,999","0,916","0,798","0,687",1,"0,514","0,175","0,772","0,985","0,882","0,911","0,936",1,"0,255","0,839","0,93","0,923","0,486"
ERR11865497,"0,431","0,704","0,913","0,635","0,318","0,991","0,213","0,433","0,747","0,684","0,999","0,889","0,186","0,93","0,608","0,669","0,9","0,217",0,"0,261","0,429","0,999","0,967","0,303","0,233","0,984","0,697","0,997","0,995","0,336","0,694","0,999","0,974","0,736","0,395","0,266","0,829","0,723","0,303","0,142","0,998","0,269","0,662","0,998","0,291","0,847","0,675","0,328","0,99","0,226","0,994","0,807","0,283","0,732","0,999","0,305","0,74","0,748","0,857","0,71","0,26","0,999","0,897","0,468","0,891","0,975","0,562","0,684","0,11","0,666","0,228","0,995","0,736","0,789","0,999","0,995","0,749","0,999","0,998","0,962","0,15","0,293","0,72","0,817","0,998","0,839","0,254","0,843","0,879","0,939","0,71","0,996","0,967","0,89","0,497","0,739","0,721","0,727","0,985","0,988","0,995","0,717","0,945","0,995","0,211","0,348","0,799","0,367","0,922","0,254","0,991","0,366","0,408","0,752","0,678","0,999","0,866","0,996","0,703","0,319","0,291","0,997","0,745","0,495","0,798","0,852","0,185","0,999","0,707","0,732","0,346","0,723","0,444","0,265","0,999","0,92","0,853","0,923","0,989","0,94","0,737","0,287","0,863","0,453",1,"0,87","0,785","0,334","0,784","0,707","0,884","0,341","0,415","0,743","0,78","0,686","0,991","0,916","0,888","0,535","0,984","0,243","0,999","0,748","0,805","0,736","0,622","0,858","0,988","0,879","0,932","0,824","0,689","0,159","0,318","0,291","0,697","0,35","0,939","0,137","0,694","0,999","0,95","0,706","0,325","0,654","0,259","0,987","0,168","0,252","0,996","0,371","0,778","0,795","0,999","0,732","0,632","0,459","0,999","0,5","0,106","0,822","0,959","0,742","0,764","0,794",1,"0,42","0,842","0,886","0,758","0,464"
ERR11865503,"0,7","0,937","0,899","0,741","0,331","0,999","0,334","0,409","0,863","0,909","0,959","0,858","0,359","0,907","0,416","0,88","0,796","0,226","0,261",0,"0,431","0,969","0,801","0,287","0,104","0,982","0,856","0,995","0,968","0,366","0,884","0,974","0,895","0,901","0,669","0,257","0,801","0,937","0,21","0,224","0,942","0,252","0,82","0,875","0,363","0,839","0,792","0,372","0,998","0,218","0,732","0,924","0,269","0,866","0,973","0,338","0,952","0,825","0,753","0,847","0,436","0,984","0,864","0,453","0,635","0,754","0,676","0,902","0,166","0,716","0,328","0,942","0,922","0,851","0,831","0,902","0,88","0,983","0,976","0,968","0,315","0,297","0,711","0,813","0,846","0,776","0,212","0,824","0,732","0,912","0,681","0,77","0,946","0,892","0,506","0,797","0,926","0,914","0,926","0,975","0,802","0,864","0,861","0,997","0,22","0,329","0,681","0,337","0,781","0,277",1,"0,365","0,668","0,922","0,872","0,956","0,864","0,938","0,682","0,344","0,318","0,974","0,89","0,684","0,803","0,922","0,186","0,96","0,903","0,715","0,444","0,912","0,558","0,262","0,849","0,773","0,922","0,915","0,921","0,72","0,817","0,298","0,86","0,472","0,895","0,89","0,675","0,324","0,773","0,796","0,879","0,41","0,556","0,906","0,818","0,832","0,986","0,911","0,876","0,669","0,769","0,31","0,927","0,91","0,9","0,712","0,596","0,843",1,"0,874","0,797","0,817","0,87","0,148","0,363","0,273","0,909","0,571","0,884","0,243","0,751","0,743","0,875","0,876","0,304","0,811","0,31","0,86","0,268","0,231","0,94","0,367","0,605","0,835","0,868","0,91","0,806","0,689","0,996","0,507","0,221","0,753","0,951","0,889","0,922","0,824","0,979","0,387","0,833","0,884","0,931","0,436"
ERR11865473,"0,706","0,937","0,702","0,84","0,109","0,998","0,406","0,52","0,906","0,936","0,974","0,479","0,393","0,841","0,601","0,886","0,946","0,445","0,429","0,431",0,"0,975","0,951","0,49","0,419","0,926","0,882","0,942","0,96","0,549","0,847","0,976","0,821","0,9","0,658","0,317","0,309","0,907","0,492","0,355","0,969","0,465","0,824","0,623","0,445","0,881","0,671","0,367","0,997","0,441","0,77","0,865","0,474","0,618","0,984","0,211","0,899","0,895","0,924","0,861","0,499","0,983","0,914","0,105","0,857","0,936","0,733","0,894","0,385","0,703","0,397","0,849","0,927","0,843","0,901","0,921","0,935","0,708","0,937","0,972","0,509","0,496","0,239","0,81","0,699","0,778","0,443","0,443","0,924","0,913","0,77","0,854","0,96","0,804","0,135","0,921","0,935","0,918","0,975","0,978","0,505","0,879","0,449","0,996","0,44","0,513","0,453","0,524","0,936","0,484","0,998","0,546","0,677","0,811","0,822","0,887","0,803","0,46","0,235","0,092","0,511","0,911","0,897","0,688","0,715","0,945","0,416","0,933","0,936","0,295","0,449","0,865","0,661","0,421","0,938","0,936","0,952","0,876","0,937","0,926","0,897","0,445","0,89","0,088","0,809","0,883","0,752","0,384","0,838","0,75","0,906","0,431","0,589","0,911","0,936","0,861","0,986","0,91","0,887","0,693","0,863","0,329","0,96","0,917","0,911","0,83","0,707","0,409","0,998","0,886","0,949","0,851","0,89","0,365","0,542","0,438","0,923","0,553","0,397","0,356","0,847","0,95","0,478","0,776","0,498","0,817","0,503","0,835","0,388","0,327","0,973","0,355","0,748","0,928","0,908","0,937","0,822","0,695","0,996","0,083","0,422","0,758","0,941","0,895","0,931","0,936","0,986","0,558","0,885","0,84","0,945","0,188"
ERR14783392,"0,968","0,987","0,976","0,918","0,972","0,999","0,967","0,994","0,968","0,923","0,973","0,973","0,958","0,993","0,938","0,998","0,864",1,"0,999","0,969","0,975",0,"0,957","0,994","0,968","0,983","0,968","0,997","0,467","0,999","0,992","0,984","0,992","0,965","0,977","0,992","0,959","0,986","0,974","0,994","0,995","0,993","0,989","0,933","0,999","0,997","0,972","0,977",1,"0,969","0,951","0,905","0,983","0,976","0,981","0,985","0,936","0,971","0,882","0,97","0,994","0,989","0,997","0,972","0,873","0,901","0,964","0,993","0,964","0,966","0,958","0,993","0,999","0,979","0,98","0,979","0,966","0,967","0,789","0,974","0,999","0,999","0,952","0,973","0,984","0,996","0,969","0,975","0,952","0,785","0,992","0,913","0,954","0,994","0,974","0,955","0,989","0,967","0,995","0,999","0,957","0,961","0,953",1,1,"0,977","0,959","0,977","0,85",1,1,1,"0,998","0,966","0,949","0,995","0,947","0,95","0,958","0,977","0,989","0,996","0,968","0,998","0,993","0,968","0,991","0,724","0,923","0,967","0,995","0,965","0,942","0,998","0,743","0,9","0,96","0,996","0,99","0,88","0,962","0,994","0,995","0,977","0,991","0,898","0,863","0,994",1,"0,97","0,998","0,997","0,968","0,992","0,967","0,973","0,993","0,798","0,997","0,974","0,962","0,975","0,994","0,993","0,938","0,994","0,998","0,967",1,"0,996","0,869","0,996","0,959","0,992","0,998","0,994","0,944","0,988","0,953","0,987","0,974","0,943","0,96","0,979","0,985","0,99","0,998","0,987","0,964","0,986","0,995","0,987","0,887","0,977","0,967","0,961","0,969","0,991","0,841","0,964","0,989","0,995","0,997",1,"0,985","0,975","0,999","0,989","0,997","0,995","0,969","0,976"
ERR11865509,"0,913","0,962","0,971","0,774","0,966","0,927","0,883","0,987","0,868","0,934","0,952","0,947","0,92","0,794","0,663","0,972","0,763","0,991","0,967","0,801","0,951","0,957",0,"0,988","0,899","0,97","0,941","0,991","0,944","0,989","0,967","0,975","0,813","0,93","0,95","0,987","0,938","0,962","0,819","0,981","0,94","0,991","0,973","0,842","0,964","0,905","0,909","0,983","0,881","0,955","0,771","0,694","0,973","0,879","0,97","0,978","0,755","0,813","0,631","0,896","0,967","0,98","0,983","0,943","0,682","0,581","0,796","0,966","0,894","0,947","0,864","0,768","0,98","0,879","0,839","0,885","0,901","0,973","0,956","0,538","0,93","0,992","0,943","0,976","0,687","0,945","0,932","0,964","0,364","0,949","0,975","0,47","0,867","0,917","0,956","0,692","0,972","0,917","0,882","0,982","0,848","0,908","0,893","0,924","0,993","0,815","0,703","0,957","0,74","0,988","0,841","0,992","0,98","0,936","0,871","0,95","0,925","0,922","0,947","0,968","0,981","0,965","0,822","0,791","0,987","0,944","0,974","0,933","0,894","0,955","0,766","0,934","0,812","0,991","0,796","0,605","0,875","0,856","0,958","0,579","0,823","0,925","0,835","0,973","0,794","0,93","0,813","0,987","0,912","0,862","0,898","0,966","0,916","0,954","0,3","0,915","0,993","0,978","0,99","0,929","0,321","0,948","0,86","0,98","0,958","0,951","0,86","0,966","0,939","0,993","0,748","0,957","0,934","0,937","0,926","0,988","0,933","0,961","0,923","0,958","0,818","0,326","0,904","0,952","0,975","0,979","0,921","0,57","0,881","0,98","0,844","0,902","0,818","0,77","0,883","0,933","0,953","0,97","0,994","0,962","0,9","0,847","0,9","0,989","0,97","0,561","0,962","0,978","0,894","0,847","0,956","0,904"
ERR11865409,"0,73","0,975","0,917","0,94","0,374","0,998","0,457","0,177","0,935","0,982","0,995","0,896","0,452","0,991","0,649","0,915","0,973","0,111","0,303","0,287","0,49","0,994","0,988",0,"0,222","0,991","0,919","0,997","0,989","0,153","0,916","0,995","0,993","0,967","0,718","0,226","0,844","0,974","0,109","0,275","0,998","0,056","0,855","0,991","0,4","0,823","0,881","0,387","0,997","0,111","0,991","0,97","0,046","0,931","0,996","0,377","0,979","0,935","0,981","0,915","0,468","0,995","0,843","0,522","0,907","0,984","0,819","0,934","0,284","0,757","0,467","0,997","0,934","0,96","0,996","0,989","0,976","0,995","0,989","0,978","0,173","0,053","0,755","0,827","0,995","0,756","0,135","0,852","0,976","0,938","0,593","0,99","0,987","0,945","0,561","0,983","0,967","0,959","0,985","0,987","0,991","0,957","0,945","0,997","0,126","0,131","0,879","0,167","0,976","0,042","0,999","0,146","0,703","0,981","0,963","0,998","0,887","0,99","0,722","0,389","0,092","0,998","0,938","0,714","0,815","0,974","0,159","0,99","0,962","0,756","0,512","0,963","0,736","0,088","0,99","0,976","0,981","0,967","0,988","0,981","0,973","0,094","0,912","0,498","0,997","0,897","0,804","0,361","0,768","0,921","0,915","0,446","0,648","0,938","0,985","0,9","0,99","0,92","0,842","0,738","0,992","0,335","0,998","0,941","0,925","0,695","0,451","0,876","0,998","0,88","0,985","0,85","0,939","0,228","0,146","0,067","0,976","0,622","0,938","0,3","0,893","0,993","0,948","0,92","0,044","0,822","0,081","0,991","0,392","0,202","0,998","0,162","0,804","0,972","0,994","0,977","0,858","0,707","0,997","0,559","0,266","0,735","0,993","0,915","0,964","0,984",1,"0,159","0,849","0,933","0,978","0,502"
ERR11865403,"0,699","0,91","0,897","0,82","0,319","0,999","0,344","0,357","0,894","0,906","0,959","0,854","0,349","0,943","0,521","0,855","0,913","0,132","0,233","0,104","0,419","0,968","0,899","0,222",0,"0,988","0,836","0,995","0,963","0,295","0,859","0,974","0,934","0,877","0,634","0,182","0,793","0,912","0,215","0,206","0,967","0,182","0,799","0,928","0,327","0,84","0,776","0,356","0,998","0,154","0,833","0,929","0,202","0,847","0,973","0,319","0,957","0,839","0,89","0,847","0,429","0,983","0,862","0,446","0,736","0,877","0,717","0,877","0,146","0,715","0,355","0,972","0,926","0,892","0,9","0,896","0,888","0,982","0,974","0,971","0,238","0,213","0,704","0,808","0,909","0,783","0,149","0,82","0,829","0,909","0,648","0,89","0,951","0,92","0,484","0,887","0,901","0,891","0,95","0,975","0,839","0,853","0,896","0,997","0,124","0,252","0,775","0,266","0,902","0,215",1,"0,292","0,667","0,897","0,864","0,978","0,861","0,936","0,672","0,326","0,244","0,99","0,892","0,661","0,798","0,926","0,127","0,955","0,912","0,705","0,436","0,887","0,606","0,187","0,87","0,905","0,937","0,931","0,927","0,857","0,884","0,216","0,883","0,46","0,938","0,886","0,715","0,301","0,761","0,802","0,89","0,373","0,548","0,908","0,905","0,829","0,985","0,908","0,866","0,668","0,857","0,294","0,958","0,89","0,905","0,712","0,564","0,838",1,"0,874","0,916","0,834","0,844","0,13","0,291","0,206","0,88","0,539","0,88","0,233","0,805","0,841","0,887","0,865","0,242","0,812","0,231","0,918","0,273","0,167","0,965","0,294","0,622","0,887","0,883","0,886","0,782","0,687","0,996","0,496","0,186","0,764","0,964","0,885","0,9","0,878","0,988","0,334","0,834","0,905","0,909","0,449"
ERR14783532,"0,968","0,966","0,595","0,919","0,933","0,988","0,979","0,944","0,815","0,93","0,993","0,933","0,962","0,973","0,964","0,983","0,958","0,992","0,984","0,982","0,926","0,983","0,97","0,991","0,988",0,"0,976","0,945","0,963","0,989","0,923","0,957","0,97","0,944","0,946","0,93","0,901","0,928","0,986","0,981","0,892","0,993","0,982","0,886","0,989","0,98","0,922","0,987","0,989","0,979","0,904","0,848","0,988","0,919","0,992","0,917","0,856","0,979","0,958","0,966","0,981","0,993","0,996","0,929","0,964","0,959","0,932","0,959","0,977","0,927","0,963","0,974","0,983","0,936","0,947","0,743","0,952","0,919","0,895","0,975","0,987","0,993","0,902","0,967","0,956","0,985","0,967","0,922","0,949","0,98","0,985","0,877","0,927","0,972","0,931","0,936","0,976","0,969","0,989","0,983","0,908","0,935","0,908","0,991","0,994","0,991","0,897","0,978","0,958","0,988","0,994","0,993","0,974","0,91","0,886","0,966","0,848","0,901","0,912","0,93","0,984","0,984","0,956","0,982","0,922","0,94","0,989","0,932","0,964","0,924","0,978","0,907","0,971","0,961","0,976","0,96","0,948","0,92","0,957","0,956","0,929","0,929","0,98","0,923","0,813","0,966","0,975","0,936","0,996","0,917","0,958","0,987","0,979","0,979","0,976","0,973","0,996","0,98","0,964","0,98","0,91","0,986","0,849","0,98","0,904","0,985","0,951","0,923","0,976","0,995","0,928","0,984","0,973","0,99","0,987","0,939","0,959","0,944","0,908","0,976","0,979","0,982","0,915","0,913","0,989","0,981","0,986","0,955","0,965","0,922","0,957","0,936","0,98","0,981","0,925","0,962","0,976","0,973","0,986","0,92","0,979","0,983","0,987","0,988","0,98","0,958","0,995","0,992","0,984","0,958","0,953","0,936"
ERR11865330,"0,64","0,201","0,906","0,589","0,892","0,997","0,559","0,935","0,456","0,622","0,966","0,895","0,656","0,855","0,838","0,12","0,801","0,86","0,697","0,856","0,882","0,968","0,941","0,919","0,836","0,976",0,"0,995","0,968","0,838","0,172","0,987","0,96","0,084","0,502","0,888","0,878","0,17","0,856","0,843","0,985","0,919","0,196","0,946","0,734","0,842","0,171","0,888","0,996","0,852","0,951","0,791","0,911","0,293","0,974","0,887","0,75","0,25","0,803","0,216","0,426","0,988","0,983","0,873","0,837","0,92","0,32","0,113","0,762","0,77","0,682","0,986","0,219","0,276","0,972","0,98","0,133","0,983","0,954","0,948","0,725","0,853","0,866","0,902","0,974","0,974","0,865","0,903","0,84","0,905","0,915","0,936","0,938","0,743","0,873","0,59","0,125","0,093","0,976","0,982","0,953","0,154","0,903","0,996","0,854","0,854","0,768","0,763","0,819","0,862","0,998","0,883","0,599","0,172","0,378","0,99","0,862","0,972","0,881","0,884","0,848","0,991","0,233","0,302","0,912","0,802","0,909","0,964","0,493","0,886","0,797","0,119","0,571","0,891","0,931","0,824","0,822","0,812","0,978","0,853","0,219","0,878","0,783","0,898","0,98","0,882","0,807","0,894","0,974","0,166","0,865","0,73","0,352","0,264","0,738","0,233","0,985","0,907","0,952","0,223","0,956","0,881","0,982","0,182","0,765","0,737","0,953","0,891","0,996","0,978","0,839","0,843","0,157","0,883","0,815","0,922","0,282","0,474","0,903","0,8","0,112","0,949","0,91","0,236","0,91","0,306","0,822","0,973","0,702","0,913","0,99","0,862","0,81","0,281","0,962","0,126","0,061","0,56","0,996","0,871","0,787","0,971","0,856","0,355","0,175","0,412","0,997","0,929","0,844","0,805","0,166","0,901"
ERR14783538,"0,995","0,992","0,931","0,986","0,944","0,978","0,995","0,97","0,978","0,993","0,995","0,945","0,995","0,948","0,994","0,996","0,995",1,"0,997","0,995","0,942","0,997","0,991","0,997","0,995","0,945","0,995",0,"0,994",1,"0,978","0,983","0,964","0,983","0,989","0,948","0,938","0,98","0,993","0,999","0,973","0,998","0,995","0,935","0,997","0,98","0,943","0,997","0,977","0,995","0,936","0,964","0,995","0,944","0,995","0,943","0,974","0,993","0,994","0,988","0,993","0,995","0,996","0,944","0,994","0,992","0,979","0,99","0,995","0,986","0,995","0,965","0,997","0,953","0,959","0,956","0,993","0,936","0,982","0,993","0,997",1,"0,937","0,981","0,942","0,97","0,994","0,942","0,991","0,995","0,994","0,964","0,988","0,964","0,945","0,989","0,996","0,992","0,987","0,981","0,939","0,983","0,939","0,979",1,"0,993","0,939","0,992","0,994",1,"0,985",1,"0,998","0,941","0,957","0,831","0,957","0,937","0,94","0,943","0,998","0,944","0,982","0,996","0,976","0,958","0,995","0,985","0,991","0,942","0,993","0,97","0,995","0,988","0,993","0,994","0,976","0,959","0,973","0,993","0,98","0,974","0,986","0,943","0,956","0,99","0,993","0,952","0,992","0,943","0,984","0,996","0,995","0,993","0,992","0,99","0,986","0,997","0,967","0,995","0,953","0,995","0,957","0,996","0,983","0,992","0,967","0,945","0,98","0,989","0,991","0,977","0,994","0,996","0,995","0,98","0,992","0,985","0,939","0,995","0,994","0,993","0,94","0,946","0,995","0,997","0,995","0,952","0,995","0,947","0,935","0,945","0,994","0,994","0,969","0,994","0,995","0,996","0,998","0,941","0,995","0,972","0,981","0,999","0,995","0,992","0,989","0,995","0,987","0,931","0,993","0,94"
ERR14783442,"0,96","0,974","0,964","0,896","0,968","0,998","0,967","0,984","0,96","0,921","0,975","0,965","0,958","0,989","0,926","0,991","0,867","0,997","0,995","0,968","0,96","0,467","0,944","0,989","0,963","0,963","0,968","0,994",0,"0,995","0,979","0,979","0,988","0,955","0,959","0,978","0,93","0,971","0,974","0,99","0,994","0,985","0,98","0,906","0,994","0,995","0,963","0,967","0,998","0,966","0,943","0,883","0,974","0,967","0,981","0,963","0,903","0,963","0,884","0,956","0,983","0,986","0,997","0,964","0,873","0,868","0,952","0,982","0,959","0,929","0,956","0,99","0,995","0,974","0,978","0,915","0,964","0,954","0,642","0,96","0,997","0,997","0,942","0,958","0,979","0,994","0,965","0,957","0,925","0,76","0,989","0,901","0,941","0,99","0,963","0,952","0,98","0,959","0,992","0,996","0,946","0,947","0,939","0,998","0,997","0,977","0,947","0,974","0,858","0,997","0,999","0,998","0,99","0,955","0,939","0,994","0,908","0,936","0,941","0,961","0,984","0,995","0,954","0,994","0,976","0,963","0,983","0,645","0,915","0,954","0,985","0,956","0,942","0,987","0,767","0,899","0,949","0,995","0,983","0,871","0,954","0,98","0,992","0,96","0,986","0,825","0,846","0,983","0,996","0,964","0,996","0,99","0,967","0,985","0,96","0,966","0,993","0,77","0,996","0,969","0,955","0,97","0,992","0,985","0,928","0,992","0,993","0,957","0,998","0,996","0,873","0,994","0,959","0,985","0,993","0,98","0,936","0,972","0,937","0,979","0,973","0,923","0,95","0,967","0,976","0,985","0,993","0,983","0,961","0,968","0,993","0,976","0,892","0,977","0,964","0,96","0,968","0,973","0,854","0,957","0,983","0,993","0,996","0,997","0,977","0,971","0,998","0,984","0,995","0,993","0,967","0,964"
ERR11865431,"0,728","0,87","0,93","0,869","0,452","0,999","0,484","0,113","0,909","0,907","0,999","0,91","0,473","0,977","0,713","0,841","0,931","0,195","0,336","0,366","0,549","0,999","0,989","0,153","0,295","0,989","0,838",1,"0,995",0,"0,835","0,997","0,975","0,875","0,676","0,308","0,87","0,876","0,201","0,349","0,998","0,199","0,791","0,994","0,428","0,771","0,809","0,506","0,998","0,211","0,994","0,928","0,19","0,87","0,999","0,458","0,933","0,902","0,927","0,875","0,498","0,999","0,813","0,571","0,925","0,981","0,771","0,844","0,331","0,764","0,486","0,998","0,901","0,89","0,999","0,995","0,884","0,999","0,998","0,985","0,215","0,106","0,793","0,858","0,997","0,712","0,249","0,874","0,93","0,959","0,504","0,996","0,985","0,935","0,591","0,916","0,869","0,872","0,986","0,991","0,993","0,86","0,955","0,998","0,204","0,157","0,844","0,224","0,947","0,124","0,999","0,036","0,695","0,887","0,861","0,999","0,917","0,996","0,769","0,457","0,067","0,999","0,904","0,667","0,84","0,932","0,298","0,998","0,926","0,786","0,531","0,872","0,713","0,191","0,999","0,943","0,944","0,947","0,989","0,958","0,88","0,182","0,905","0,571","0,998","0,93","0,853","0,415","0,777","0,843","0,902","0,47","0,642","0,902","0,939","0,85","0,992","0,945","0,798","0,731","0,995","0,45","0,999","0,864","0,891","0,611","0,383","0,886",1,"0,885","0,954","0,847","0,847","0,342","0,065","0,208","0,868","0,582","0,952","0,362","0,824","0,998","0,958","0,869","0,142","0,815","0,125","0,993","0,409","0,329","0,998","0,214","0,845","0,897","0,999","0,88","0,787","0,716","0,999","0,611","0,303","0,688","0,976","0,872","0,878","0,903",1,"0,097","0,835","0,923","0,889","0,569"
ERR11865278,"0,644","0,289","0,882","0,635","0,866","0,993","0,604","0,898","0,5","0,706","0,996","0,878","0,697","0,85","0,872","0,128","0,908","0,859","0,694","0,884","0,847","0,992","0,967","0,916","0,859","0,923","0,172","0,978","0,979","0,835",0,"0,994","0,954","0,152","0,494","0,841","0,834","0,232","0,876","0,842","0,986","0,912","0,158","0,929","0,798","0,823","0,234","0,89","0,992","0,869","0,935","0,762","0,907","0,23","0,996","0,834","0,704","0,162","0,868","0,113","0,445","0,996","0,984","0,857","0,898","0,964","0,329","0,128","0,791","0,793","0,72","0,977","0,106","0,223","0,965","0,953","0,253","0,948","0,956","0,966","0,722","0,852","0,828","0,905","0,966","0,969","0,885","0,864","0,875","0,94","0,917","0,929","0,952","0,69","0,845","0,67","0,213","0,179","0,981","0,989","0,941","0,199","0,892","0,995","0,853","0,864","0,785","0,83","0,927","0,86","0,994","0,881","0,631","0,222","0,387","0,986","0,826","0,938","0,852","0,847","0,848","0,988","0,203","0,392","0,859","0,861","0,896","0,964","0,561","0,858","0,794","0,171","0,626","0,86","0,991","0,924","0,851","0,789","0,963","0,939","0,257","0,826","0,737","0,859","0,977","0,885","0,858","0,851","0,968","0,247","0,854","0,794","0,395","0,157","0,771","0,146","0,99","0,922","0,961","0,266","0,933","0,873","0,984","0,152","0,822","0,757","0,946","0,856","0,992","0,982","0,935","0,809","0,272","0,885","0,813","0,878","0,348","0,496","0,887","0,807","0,222","0,986","0,901","0,092","0,911","0,203","0,818","0,959","0,736","0,869","0,984","0,824","0,86","0,24","0,953","0,243","0,203","0,585","0,997","0,839","0,783","0,963","0,84","0,262","0,139","0,477","0,996","0,93","0,817","0,765","0,269","0,881"
ERR14783500,"0,991","0,995","0,983","0,967","0,987","0,994","0,978","0,992","0,978","0,983","0,979","0,979","0,98","0,988","0,97","0,995","0,981",1,"0,999","0,974","0,976","0,984","0,975","0,995","0,974","0,957","0,987","0,983","0,979","0,997","0,994",0,"0,987","0,984","0,992","0,99","0,971","0,991","0,986","0,997","0,993","0,995","0,989","0,959","0,999","0,994","0,972","0,991","0,982","0,985","0,95","0,975","0,99","0,981","0,983","0,988","0,984","0,976","0,967","0,977","0,989","0,985","0,997","0,973","0,967","0,965","0,976","0,997","0,975","0,981","0,975","0,989","0,999","0,986","0,965","0,969","0,983","0,983","0,975","0,987",1,"0,999","0,975","0,957","0,975","0,992","0,978","0,965","0,971","0,977","0,988","0,968","0,982","0,989","0,981","0,972","0,99","0,989","0,991","0,985","0,968","0,973","0,969","0,993","0,999","0,982","0,973","0,991","0,972",1,"0,991",1,"0,999","0,983","0,985","0,977","0,963","0,973","0,972","0,984","0,993","0,993","0,974","0,998","0,987","0,982","0,994","0,97","0,975","0,981","0,983","0,989","0,972","0,999","0,962","0,968","0,97","0,988","0,983","0,967","0,985","0,994","0,991","0,987","0,984","0,985","0,964","0,989","0,994","0,979","0,996","0,997","0,978","0,985","0,978","0,987","0,986","0,987","0,996","0,978","0,972","0,991","0,99","0,993","0,989","0,99","0,953","0,983","0,986","0,99","0,971","0,992","0,978","0,982","0,995","0,994","0,984","0,985","0,972","0,98","0,98","0,971","0,967","0,986","0,988","0,992","0,992","0,982","0,977","0,99","0,985","0,986","0,966","0,982","0,967","0,985","0,989","0,992","0,996","0,984","0,994","0,992","0,995",1,"0,983","0,98","0,998","0,985","0,995","0,993","0,988","0,973"
ERR14783494,"0,97","0,969","0,902","0,913","0,825","0,999","0,94","0,967","0,947","0,962","0,982","0,758","0,954","0,504","0,902","0,972","0,927","0,989","0,974","0,895","0,821","0,992","0,813","0,993","0,934","0,97","0,96","0,964","0,988","0,975","0,954","0,987",0,"0,949","0,963","0,939","0,789","0,957","0,936","0,98","0,858","0,993","0,97","0,829","0,989","0,906","0,877","0,992","0,998","0,969","0,76","0,937","0,99","0,842","0,987","0,918","0,95","0,932","0,894","0,949","0,968","0,993","0,975","0,763","0,913","0,885","0,917","0,967","0,942","0,963","0,937","0,361","0,976","0,897","0,877","0,954","0,947","0,89","0,982","0,989","0,976","0,99","0,813","0,988","0,587","0,623","0,969","0,765","0,757","0,986","0,976","0,841","0,975","0,689","0,809","0,887","0,97","0,964","0,881","0,988","0,749","0,938","0,732","0,997","0,99","0,976","0,753","0,973","0,928","0,976","0,999","0,99","0,972","0,912","0,917","0,889","0,967","0,747","0,794","0,836","0,973","0,607","0,953","0,975","0,75","0,96","0,992","0,98","0,957","0,734","0,963","0,941","0,926","0,98","0,958","0,889","0,951","0,775","0,747","0,893","0,911","0,966","0,862","0,85","0,61","0,99","0,955","0,938","0,982","0,886","0,908","0,988","0,951","0,968","0,792","0,954","0,994","0,992","0,966","0,955","0,747","0,988","0,815","0,972","0,971","0,93","0,984","0,706","0,999","0,993","0,931","0,933","0,959","0,972","0,974","0,977","0,958","0,959","0,749","0,966","0,914","0,768","0,687","0,924","0,988","0,977","0,972","0,741","0,94","0,944","0,825","0,899","0,941","0,891","0,924","0,959","0,965","0,973","0,999","0,821","0,972","0,771","0,886","0,977","0,968","0,8","0,916","0,989","0,908","0,867","0,966","0,733"
ERR11865302,"0,691","0,176","0,932","0,553","0,911","0,996","0,595","0,953","0,462","0,635","0,964","0,913","0,7","0,843","0,897","0,126","0,839","0,909","0,736","0,901","0,9","0,965","0,93","0,967","0,877","0,944","0,084","0,983","0,955","0,875","0,152","0,984","0,949",0,"0,519","0,909","0,901","0,125","0,895","0,898","0,983","0,967","0,236","0,906","0,816","0,848","0,19","0,955","0,995","0,897","0,915","0,731","0,956","0,279","0,973","0,909","0,69","0,243","0,791","0,212","0,451","0,987","0,988","0,891","0,877","0,908","0,312","0,089","0,802","0,846","0,726","0,975","0,217","0,266","0,952","0,938","0,119","0,954","0,931","0,959","0,76","0,896","0,889","0,952","0,957","0,979","0,907","0,924","0,825","0,915","0,928","0,899","0,92","0,745","0,889","0,597","0,09","0,079","0,981","0,985","0,92","0,093","0,892","0,996","0,902","0,889","0,819","0,82","0,855","0,907","0,997","0,922","0,671","0,113","0,312","0,983","0,895","0,935","0,902","0,902","0,887","0,986","0,206","0,374","0,936","0,814","0,959","0,923","0,454","0,905","0,845","0,072","0,616","0,913","0,924","0,858","0,808","0,82","0,964","0,872","0,154","0,893","0,785","0,922","0,971","0,925","0,882","0,912","0,987","0,191","0,875","0,81","0,379","0,258","0,721","0,242","0,985","0,937","0,964","0,243","0,922","0,939","0,98","0,215","0,825","0,752","0,975","0,913","0,995","0,988","0,867","0,845","0,172","0,935","0,85","0,946","0,232","0,505","0,896","0,85","0,177","0,941","0,898","0,222","0,952","0,321","0,858","0,956","0,745","0,937","0,983","0,874","0,883","0,263","0,936","0,098","0,138","0,61","0,995","0,891","0,831","0,976","0,856","0,379","0,173","0,408","0,995","0,967","0,846","0,808","0,156","0,918"
ERR11865296,"0,218","0,457","0,873","0,44","0,696","0,991","0,328","0,767","0,567","0,542","0,992","0,844","0,357","0,886","0,549","0,455","0,839","0,634","0,395","0,669","0,658","0,977","0,95","0,718","0,634","0,946","0,502","0,989","0,959","0,676","0,494","0,992","0,963","0,519",0,"0,657","0,744","0,483","0,681","0,552","0,993","0,701","0,493","0,958","0,621","0,903","0,48","0,569","0,99","0,641","0,96","0,69","0,698","0,569","0,994","0,622","0,602","0,584","0,779","0,526","0,433","0,992","0,963","0,686","0,826","0,946","0,306","0,451","0,523","0,491","0,396","0,987","0,557","0,647","0,982","0,955","0,558","0,97","0,935","0,942","0,485","0,676","0,606","0,759","0,983","0,94","0,669","0,778","0,828","0,889","0,875","0,953","0,934","0,846","0,683","0,535","0,503","0,532","0,981","0,987","0,964","0,482","0,898","0,994","0,631","0,698","0,716","0,7","0,87","0,649","0,991","0,715","0,17","0,544","0,398","0,994","0,779","0,96","0,631","0,672","0,651","0,993","0,555","0,416","0,724","0,81","0,651","0,937","0,411","0,669","0,472","0,507","0,221","0,661","0,977","0,872","0,796","0,897","0,977","0,894","0,51","0,652","0,851","0,663","0,99","0,784","0,67","0,692","0,921","0,508","0,921","0,61","0,323","0,579","0,691","0,514","0,988","0,847","0,952","0,37","0,954","0,568","0,993","0,591","0,719","0,834","0,853","0,798","0,987","0,95","0,886","0,893","0,459","0,627","0,66","0,698","0,416","0,198","0,888","0,511","0,523","0,981","0,908","0,52","0,718","0,48","0,623","0,973","0,448","0,673","0,991","0,694","0,668","0,66","0,975","0,518","0,427","0,159","0,994","0,628","0,513","0,932","0,94","0,612","0,6","0,645","0,998","0,771","0,9","0,866","0,576","0,732"
ERR11865375,"0,719","0,928","0,807","0,872","0,238","0,999","0,433","0,301","0,928","0,943","0,996","0,73","0,413","0,947","0,643","0,883","0,967","0,153","0,266","0,257","0,317","0,992","0,987","0,226","0,182","0,93","0,888","0,948","0,978","0,308","0,841","0,99","0,939","0,909","0,657",0,"0,686","0,904","0,25","0,236","0,976","0,186","0,827","0,823","0,364","0,835","0,735","0,386","0,998","0,172","0,842","0,889","0,203","0,8","0,996","0,165","0,917","0,925","0,971","0,884","0,456","0,996","0,876","0,384","0,905","0,982","0,752","0,887","0,248","0,724","0,43","0,953","0,93","0,852","0,924","0,954","0,944","0,86","0,946","0,984","0,253","0,23","0,598","0,826","0,895","0,78","0,183","0,658","0,961","0,938","0,664","0,899","0,978","0,904","0,369","0,947","0,931","0,92","0,982","0,99","0,85","0,888","0,792","0,998","0,145","0,294","0,716","0,291","0,968","0,217","0,999","0,306","0,683","0,822","0,829","0,967","0,836","0,841","0,567","0,23","0,259","0,972","0,913","0,686","0,694","0,963","0,157","0,964","0,965","0,563","0,484","0,869","0,701","0,141","0,991","0,973","0,968","0,936","0,948","0,973","0,905","0,185","0,898","0,305","0,941","0,899","0,798","0,168","0,766","0,774","0,898","0,412","0,62","0,926","0,967","0,868","0,99","0,921","0,853","0,726","0,895","0,325","0,968","0,912","0,924","0,75","0,569","0,673","0,999","0,88","0,979","0,823","0,904","0,208","0,309","0,168","0,928","0,561","0,755","0,279","0,865","0,989","0,81","0,784","0,244","0,824","0,255","0,92","0,355","0,08","0,979","0,22","0,799","0,946","0,938","0,943","0,827","0,707","0,998","0,399","0,229","0,761","0,967","0,89","0,932","0,955","0,989","0,343","0,84","0,899","0,947","0,394"
ERR11865391,"0,729","0,95","0,635","0,814","0,362","0,999","0,791","0,805","0,883","0,95","0,968","0,343","0,772","0,811","0,712","0,884","0,922","0,835","0,829","0,801","0,309","0,959","0,938","0,844","0,793","0,901","0,878","0,938","0,93","0,87","0,834","0,971","0,789","0,901","0,744","0,686",0,"0,912","0,837","0,798","0,967","0,833","0,851","0,479","0,835","0,95","0,62","0,764","0,998","0,813","0,701","0,808","0,832","0,56","0,981","0,596","0,859","0,879","0,898","0,848","0,84","0,979","0,973","0,316","0,789","0,904","0,745","0,894","0,778","0,664","0,76","0,821","0,914","0,833","0,884","0,884","0,946","0,629","0,902","0,965","0,859","0,853","0,126","0,805","0,642","0,853","0,806","0,353","0,905","0,868","0,926","0,795","0,949","0,786","0,352","0,931","0,944","0,923","0,974","0,976","0,319","0,872","0,208","0,997","0,833","0,837","0,322","0,846","0,91","0,849","0,999","0,871","0,758","0,787","0,798","0,878","0,729","0,206","0,143","0,384","0,851","0,899","0,875","0,861","0,742","0,941","0,816","0,89","0,913","0,244","0,76","0,856","0,714","0,805","0,906","0,906","0,938","0,874","0,93","0,894","0,897","0,787","0,937","0,368","0,768","0,82","0,634","0,726","0,956","0,716","0,963","0,828","0,792","0,906","0,939","0,853","0,985","0,855","0,948","0,8","0,828","0,773","0,957","0,919","0,872","0,948","0,909","0,232","0,999","0,967","0,927","0,928","0,888","0,778","0,866","0,789","0,931","0,762","0,18","0,777","0,836","0,93","0,266","0,748","0,838","0,85","0,849","0,815","0,785","0,67","0,971","0,633","0,632","0,936","0,886","0,949","0,822","0,773","0,993","0,262","0,822","0,839","0,943","0,894","0,936","0,946","0,985","0,859","0,957","0,872","0,957","0,383"
ERR11865308,"0,668","0,065","0,941","0,568","0,924","0,994","0,607","0,953","0,461","0,624","0,992","0,937","0,724","0,849","0,949","0,226","0,871","0,911","0,723","0,937","0,907","0,986","0,962","0,974","0,912","0,928","0,17","0,98","0,971","0,876","0,232","0,991","0,957","0,125","0,483","0,904","0,912",0,"0,924","0,901","0,989","0,977","0,303","0,934","0,783","0,87","0,216","0,965","0,993","0,919","0,938","0,719","0,965","0,376","0,994","0,905","0,649","0,37","0,822","0,339","0,426","0,991","0,994","0,916","0,937","0,957","0,294","0,163","0,833","0,851","0,753","0,983","0,32","0,342","0,967","0,94","0,167","0,95","0,933","0,956","0,75","0,897","0,899","0,972","0,97","0,987","0,943","0,932","0,853","0,952","0,94","0,926","0,949","0,796","0,902","0,6","0,081","0,154","0,992","0,989","0,943","0,114","0,925","0,995","0,905","0,908","0,843","0,819","0,895","0,909","0,995","0,926","0,647","0,118","0,276","0,989","0,894","0,937","0,929","0,908","0,893","0,99","0,33","0,316","0,933","0,836","0,966","0,946","0,448","0,925","0,846","0,098","0,636","0,91","0,98","0,895","0,828","0,85","0,97","0,913","0,109","0,886","0,827","0,924","0,981","0,934","0,946","0,908","0,99","0,171","0,893","0,776","0,36","0,358","0,732","0,36","0,992","0,952","0,965","0,349","0,942","0,947","0,987","0,279","0,831","0,784","0,979","0,927","0,993","0,995","0,909","0,876","0,139","0,946","0,849","0,943","0,182","0,478","0,926","0,854","0,267","0,983","0,929","0,315","0,964","0,419","0,859","0,967","0,771","0,936","0,988","0,874","0,943","0,371","0,955","0,091","0,181","0,586","0,994","0,903","0,825","0,983","0,877","0,467","0,246","0,397","0,997","0,978","0,873","0,845","0,192","0,941"
ERR11865467,"0,707","0,922","0,907","0,785","0,387","0,985","0,428","0,253","0,86","0,915","0,968","0,873","0,42","0,937","0,52","0,874","0,827","0,139","0,303","0,21","0,492","0,974","0,819","0,109","0,215","0,986","0,856","0,993","0,974","0,201","0,876","0,986","0,936","0,895","0,681","0,25","0,837","0,924",0,"0,301","0,966","0,128","0,823","0,903","0,387","0,799","0,814","0,444","0,984","0,143","0,882","0,911","0,105","0,861","0,976","0,405","0,933","0,867","0,784","0,847","0,481","0,988","0,843","0,508","0,775","0,804","0,68","0,89","0,277","0,755","0,402","0,945","0,927","0,85","0,902","0,983","0,877","0,985","0,98","0,945","0,171","0,115","0,744","0,831","0,914","0,738","0,158","0,849","0,82","0,925","0,594","0,82","0,932","0,902","0,54","0,803","0,921","0,888","0,951","0,985","0,937","0,873","0,883","0,991","0,155","0,145","0,724","0,168","0,819","0,104","0,986","0,195","0,71","0,913","0,848","0,965","0,867","0,972","0,718","0,397","0,144","0,972","0,887","0,681","0,827","0,932","0,218","0,966","0,911","0,745","0,487","0,894","0,639","0,123","0,922","0,791","0,917","0,928","0,979","0,787","0,82","0,102","0,871","0,521","0,94","0,881","0,74","0,371","0,765","0,832","0,889","0,433","0,625","0,91","0,817","0,822","0,986","0,925","0,836","0,727","0,841","0,359","0,958","0,908","0,915","0,673","0,478","0,861","0,981","0,877","0,83","0,823","0,873","0,268","0,173","0,136","0,904","0,603","0,912","0,33","0,753","0,842","0,909","0,871","0,13","0,828","0,113","0,908","0,333","0,26","0,96","0,185","0,768","0,838","0,951","0,903","0,809","0,725","0,997","0,553","0,257","0,711","0,962","0,893","0,921","0,839","0,988","0,233","0,818","0,892","0,923","0,479"
ERR11865489,"0,585","0,893","0,901","0,827","0,291","0,999","0,279","0,422","0,896","0,884","0,998","0,874","0,236","0,984","0,536","0,831","0,906","0,19","0,142","0,224","0,355","0,994","0,981","0,275","0,206","0,981","0,843","0,999","0,99","0,349","0,842","0,997","0,98","0,898","0,552","0,236","0,798","0,901","0,301",0,"0,998","0,232","0,779","0,995","0,225","0,882","0,806","0,2","0,997","0,196","0,996","0,926","0,26","0,871","0,998","0,202","0,931","0,89","0,917","0,853","0,328","0,997","0,903","0,402","0,861","0,968","0,714","0,853","0,124","0,611","0,258","0,999","0,886","0,911","0,998","0,992","0,91","0,997","0,993","0,973","0,284","0,278","0,676","0,789","0,998","0,847","0,222","0,819","0,927","0,92","0,722","0,993","0,978","0,936","0,445","0,909","0,89","0,893","0,985","0,989","0,993","0,881","0,934","0,998","0,182","0,354","0,788","0,36","0,907","0,239",1,"0,36","0,542","0,916","0,88","0,999","0,858","0,992","0,654","0,265","0,294","0,999","0,894","0,609","0,767","0,929","0,148","0,994","0,919","0,694","0,309","0,892","0,577","0,236","0,994","0,921","0,952","0,956","0,988","0,923","0,905","0,284","0,903","0,376","0,999","0,86","0,733","0,318","0,797","0,849","0,906","0,28","0,509","0,887","0,939","0,83","0,99","0,886","0,896","0,641","0,996","0,133","0,999","0,878","0,857","0,79","0,635","0,837",1,"0,876","0,924","0,863","0,857","0,101","0,347","0,258","0,891","0,46","0,926","0,063","0,822","0,996","0,94","0,849","0,304","0,766","0,287","0,993","0,183","0,212","0,999","0,377","0,723","0,921","0,997","0,906","0,77","0,588","0,998","0,427","0,138","0,833","0,985","0,851","0,903","0,931",1,"0,407","0,878","0,922","0,915","0,416"
ERR14783386,"0,997","0,996","0,889","0,965","0,971","0,997","0,977","0,981","0,953","0,967","0,989","0,967","0,984","0,899","0,945","0,997","0,96","0,998","0,998","0,942","0,969","0,995","0,94","0,998","0,967","0,892","0,985","0,973","0,994","0,998","0,986","0,993","0,858","0,983","0,993","0,976","0,967","0,989","0,966","0,998",0,"0,998","0,995","0,953","0,997","0,958","0,961","0,997","0,997","0,992","0,885","0,976","0,996","0,962","0,992","0,974","0,971","0,975","0,952","0,985","0,994","0,996","0,98","0,966","0,953","0,944","0,965","0,994","0,98","0,971","0,973","0,945","0,997","0,952","0,923","0,948","0,967","0,974","0,986","0,993","0,998","0,998","0,969","0,992","0,894","0,95","0,985","0,971","0,927","0,994","0,986","0,924","0,985","0,8","0,97","0,915","0,995","0,992","0,436","0,99","0,934","0,978","0,958","0,992","0,999","0,99","0,91","0,988","0,963","0,998","0,999","0,999","0,994","0,969","0,966","0,951","0,978","0,964","0,968","0,973","0,997","0,971","0,986","0,989","0,985","0,945","0,998","0,99","0,987","0,97","0,993","0,978","0,971","0,992","0,976","0,935","0,914","0,753","0,868","0,942","0,961","0,985","0,955","0,973","0,837","0,996","0,977","0,976","0,998","0,952","0,916","0,997","0,984","0,994","0,946","0,984","0,996","0,997","0,794","0,986","0,908","0,997","0,613","0,995","0,954","0,919","0,982","0,972","0,99","0,994","0,957","0,965","0,981","0,988","0,997","0,988","0,99","0,978","0,964","0,994","0,948","0,931","0,96","0,971","0,996","0,996","0,996","0,898","0,969","0,975","0,877","0,974","0,97","0,948","0,953","0,985","0,987","0,995","0,999","0,971","0,997","0,91","0,736","0,995","0,994","0,922","0,945","0,994","0,96","0,905","0,955","0,961"
ERR11865560,"0,713","0,975","0,914","0,937","0,346","0,999","0,431","0,225","0,935","0,984","0,995","0,892","0,423","0,991","0,627","0,915","0,974","0,066","0,269","0,252","0,465","0,993","0,991","0,056","0,182","0,993","0,919","0,998","0,985","0,199","0,912","0,995","0,993","0,967","0,701","0,186","0,833","0,977","0,128","0,232","0,998",0,"0,851","0,987","0,371","0,838","0,876","0,344","0,999","0,068","0,99","0,972","0,04","0,931","0,996","0,341","0,981","0,935","0,983","0,912","0,446","0,995","0,857","0,499","0,902","0,983","0,811","0,934","0,245","0,741","0,438","0,997","0,935","0,962","0,997","0,988","0,978","0,995","0,987","0,983","0,138","0,103","0,744","0,819","0,996","0,776","0,094","0,843","0,973","0,93","0,624","0,99","0,987","0,945","0,541","0,986","0,967","0,96","0,985","0,988","0,989","0,955","0,941","0,998","0,081","0,182","0,873","0,188","0,978","0,08",1,"0,194","0,684","0,981","0,966","0,998","0,884","0,991","0,705","0,36","0,14","0,999","0,936","0,704","0,802","0,975","0,11","0,99","0,961","0,742","0,487","0,963","0,721","0,053","0,991","0,977","0,982","0,967","0,987","0,983","0,977","0,106","0,912","0,473","0,997","0,893","0,792","0,331","0,764","0,921","0,915","0,42","0,633","0,94","0,988","0,9","0,99","0,914","0,855","0,727","0,993","0,296","0,998","0,94","0,92","0,719","0,491","0,866",1,"0,879","0,987","0,849","0,94","0,187","0,198","0,036","0,979","0,604","0,934","0,261","0,892","0,993","0,945","0,92","0,092","0,816","0,133","0,992","0,362","0,161","0,998","0,21","0,791","0,974","0,996","0,98","0,855","0,691","0,996","0,536","0,23","0,757","0,994","0,913","0,962","0,987",1,"0,208","0,848","0,932","0,981","0,481"
ERR11865483,"0,604","0,335","0,916","0,699","0,842","0,998","0,566","0,878","0,558","0,742","0,99","0,896","0,648","0,87","0,796","0,226","0,911","0,802","0,662","0,82","0,824","0,989","0,973","0,855","0,799","0,982","0,196","0,995","0,98","0,791","0,158","0,989","0,97","0,236","0,493","0,827","0,851","0,303","0,823","0,779","0,995","0,851",0,"0,979","0,607","0,804","0,261","0,811","0,996","0,805","0,983","0,85","0,847","0,338","0,991","0,817","0,804","0,242","0,878","0,186","0,429","0,991","0,974","0,836","0,904","0,962","0,362","0,251","0,735","0,735","0,669","0,994","0,201","0,222","0,991","0,983","0,305","0,991","0,98","0,968","0,691","0,8","0,804","0,84","0,989","0,959","0,824","0,86","0,888","0,939","0,892","0,981","0,972","0,677","0,826","0,704","0,266","0,198","0,983","0,986","0,984","0,31","0,944","0,996","0,796","0,815","0,823","0,668","0,926","0,807","0,998","0,831","0,587","0,308","0,511","0,996","0,893","0,984","0,828","0,828","0,798","0,996","0,296","0,347","0,841","0,867","0,837","0,978","0,619","0,834","0,739","0,263","0,578","0,829","0,982","0,923","0,877","0,775","0,983","0,939","0,363","0,82","0,723","0,834","0,992","0,908","0,826","0,837","0,947","0,293","0,832","0,598","0,379","0,208","0,797","0,183","0,989","0,93","0,931","0,263","0,985","0,808","0,995","0,06","0,841","0,731","0,915","0,877","0,997","0,964","0,934","0,798","0,333","0,814","0,772","0,855","0,427","0,491","0,938","0,744","0,213","0,982","0,948","0,204","0,849","0,174","0,773","0,987","0,687","0,844","0,995","0,814","0,82","0,257","0,989","0,295","0,177","0,543","0,997","0,816","0,738","0,955","0,819","0,281","0,084","0,524","0,999","0,873","0,805","0,753","0,317","0,861"
ERR14783426,"0,982","0,98","0,706","0,748","0,658","0,998","0,913","0,915","0,893","0,937","0,945","0,64","0,92","0,849","0,814","0,991","0,769","0,999","0,998","0,875","0,623","0,933","0,842","0,991","0,928","0,886","0,946","0,935","0,906","0,994","0,929","0,959","0,829","0,906","0,958","0,823","0,479","0,934","0,903","0,995","0,953","0,987","0,979",0,"0,997","0,946","0,7","0,972","0,998","0,964","0,454","0,772","0,983","0,675","0,965","0,729","0,862","0,905","0,753","0,911","0,976","0,976","0,987","0,611","0,75","0,7","0,817","0,974","0,928","0,924","0,859","0,86","0,997","0,807","0,823","0,872","0,899","0,592","0,854","0,974","0,998","0,998","0,494","0,966","0,709","0,91","0,94","0,566","0,789","0,886","0,974","0,628","0,849","0,859","0,658","0,847","0,981","0,96","0,966","0,989","0,335","0,861","0,419","0,998","0,998","0,961","0,453","0,946","0,743","0,998","0,998","0,999","0,995","0,773","0,756","0,904","0,85","0,472","0,498","0,65","0,988","0,926","0,916","0,995","0,876","0,945","0,986","0,85","0,807","0,595","0,971","0,877","0,825","0,959","0,793","0,769","0,891","0,927","0,921","0,749","0,823","0,924","0,943","0,617","0,806","0,957","0,78","0,836","0,989","0,738","0,973","0,994","0,951","0,976","0,871","0,93","0,992","0,966","0,962","0,961","0,716","0,984","0,935","0,987","0,967","0,961","0,982","0,57","0,997","0,992","0,754","0,939","0,939","0,971","0,992","0,932","0,932","0,938","0,482","0,967","0,894","0,782","0,489","0,829","0,977","0,988","0,987","0,77","0,877","0,81","0,946","0,739","0,86","0,904","0,836","0,941","0,963","0,98","0,989","0,588","0,99","0,898","0,94","0,998","0,973","0,894","0,981","0,976","0,965","0,907","0,967","0,622"
ERR11865354,"0,666","0,77","0,911","0,89","0,411","0,981","0,403","0,51","0,906","0,93","0,998","0,892","0,381","0,983","0,626","0,842","0,951","0,308","0,291","0,363","0,445","0,999","0,964","0,4","0,327","0,989","0,734","0,997","0,994","0,428","0,798","0,999","0,989","0,816","0,621","0,364","0,835","0,783","0,387","0,225","0,997","0,371","0,607","0,997",0,"0,865","0,716","0,353","0,98","0,357","0,995","0,938","0,382","0,861","0,998","0,326","0,941","0,902","0,967","0,869","0,418","0,998","0,909","0,483","0,898","0,983","0,737","0,822","0,305","0,721","0,4","0,991","0,91","0,795","0,999","0,989","0,826","0,999","0,99","0,945","0,377","0,353","0,731","0,819","0,998","0,858","0,365","0,848","0,963","0,94","0,717","0,991","0,959","0,945","0,509","0,936","0,799","0,732","0,984","0,985","0,996","0,833","0,947","0,991","0,296","0,404","0,839","0,234","0,951","0,383","0,982","0,435","0,646","0,819","0,821","0,999","0,86","0,996","0,712","0,388","0,409","0,994","0,905","0,529","0,804","0,954","0,3","0,998","0,955","0,739","0,423","0,782","0,683","0,363","0,998","0,959","0,951","0,935","0,989","0,963","0,848","0,366","0,906","0,469","0,998","0,868","0,795","0,421","0,805","0,737","0,883","0,083","0,594","0,905","0,944","0,841","0,991","0,921","0,859","0,707","0,973","0,264","0,998","0,665","0,902","0,775","0,662","0,863","0,974","0,879","0,968","0,874","0,787","0,277","0,393","0,39","0,828","0,476","0,941","0,257","0,723","0,996","0,952","0,871","0,417","0,816","0,369","0,982","0,309","0,358","0,993","0,42","0,789","0,865","0,999","0,809","0,669","0,676","0,998","0,515","0,272","0,84","0,948","0,878","0,745","0,907",1,"0,498","0,869","0,923","0,827","0,474"
ERR14783521,"0,932","0,884","0,96","0,933","0,859","0,984","0,842","0,779","0,896","0,956","0,992","0,953","0,876","0,848","0,915","0,858","0,971","0,839","0,847","0,839","0,881","0,997","0,905","0,823","0,84","0,98","0,842","0,98","0,995","0,771","0,823","0,994","0,906","0,848","0,903","0,835","0,95","0,87","0,799","0,882","0,958","0,838","0,804","0,946","0,865",0,"0,818","0,915","0,984","0,836","0,939","0,947","0,831","0,819","0,994","0,873","0,94","0,825","0,954","0,827","0,811","0,997","0,877","0,88","0,958","0,959","0,853","0,86","0,851","0,958","0,873","0,921","0,85","0,76","0,95","0,982","0,856","0,976","0,992","0,978","0,799","0,808","0,936","0,967","0,89","0,819","0,838","0,949","0,897","0,988","0,803","0,937","0,882","0,81","0,885","0,912","0,869","0,843","0,93","0,991","0,935","0,862","0,957","0,986","0,842","0,786","0,913","0,8","0,972","0,816","0,984","0,78","0,925","0,845","0,894","0,964","0,972","0,97","0,929","0,862","0,793","0,97","0,84","0,818","0,958","0,905","0,864","0,992","0,929","0,931","0,894","0,847","0,909","0,828","0,984","0,956","0,96","0,634","0,968","0,958","0,86","0,806","0,301","0,891","0,899","0,985","0,963","0,85","0,892","0,826","0,332","0,876","0,844","0,827","0,856","0,81","0,994","0,991","0,854","0,834","0,866","0,899","0,913","0,82","0,975","0,726","0,789","0,952","0,989","0,937","0,972","0,233","0,878","0,87","0,773","0,83","0,902","0,874","0,961","0,875","0,813","0,91","0,958","0,819","0,814","0,808","0,798","0,885","0,856","0,846","0,935","0,782","0,957","0,772","0,97","0,868","0,838","0,913","0,999","0,899","0,848","0,791","0,362","0,773","0,821","0,807","0,958","0,788","0,226","0,648","0,861","0,866"
ERR11865455,"0,616","0,274","0,759","0,583","0,706","0,996","0,525","0,846","0,484","0,699","0,96","0,717","0,627","0,785","0,76","0,253","0,855","0,826","0,675","0,792","0,671","0,972","0,909","0,881","0,776","0,922","0,171","0,943","0,963","0,809","0,234","0,972","0,877","0,19","0,48","0,735","0,62","0,216","0,814","0,806","0,961","0,876","0,261","0,7","0,716","0,818",0,"0,842","0,995","0,817","0,743","0,732","0,871","0,231","0,974","0,687","0,721","0,325","0,793","0,296","0,427","0,984","0,969","0,674","0,818","0,88","0,28","0,224","0,71","0,738","0,637","0,914","0,343","0,274","0,883","0,922","0,223","0,811","0,945","0,965","0,704","0,822","0,621","0,859","0,844","0,914","0,82","0,677","0,814","0,92","0,884","0,826","0,932","0,681","0,687","0,628","0,212","0,213","0,963","0,976","0,739","0,186","0,699","0,996","0,82","0,812","0,578","0,732","0,862","0,83","0,997","0,853","0,603","0,12","0,341","0,938","0,82","0,753","0,643","0,69","0,817","0,952","0,322","0,341","0,806","0,836","0,863","0,937","0,542","0,678","0,741","0,154","0,526","0,829","0,895","0,858","0,815","0,782","0,93","0,857","0,249","0,793","0,762","0,694","0,892","0,893","0,732","0,755","0,955","0,098","0,854","0,709","0,347","0,369","0,729","0,305","0,986","0,921","0,921","0,278","0,836","0,835","0,95","0,296","0,822","0,723","0,917","0,68","0,996","0,968","0,874","0,804","0,26","0,822","0,788","0,843","0,353","0,467","0,705","0,757","0,2","0,912","0,704","0,24","0,872","0,365","0,789","0,86","0,661","0,759","0,962","0,696","0,733","0,362","0,885","0,219","0,145","0,556","0,996","0,66","0,756","0,904","0,833","0,428","0,283","0,45","0,983","0,889","0,829","0,761","0,266","0,704"
ERR11865558,"0,562","0,965","0,888","0,901","0,417","0,998","0,332","0,522","0,911","0,97","0,972","0,859","0,215","0,99","0,455","0,885","0,945","0,351","0,328","0,372","0,367","0,977","0,983","0,387","0,356","0,987","0,888","0,997","0,967","0,506","0,89","0,991","0,992","0,955","0,569","0,386","0,764","0,965","0,444","0,2","0,997","0,344","0,811","0,972","0,353","0,915","0,842",0,"0,998","0,352","0,978","0,952","0,371","0,911","0,978","0,284","0,967","0,915","0,964","0,887","0,435","0,969","0,925","0,414","0,834","0,97","0,747","0,912","0,305","0,592","0,227","0,996","0,914","0,951","0,993","0,982","0,967","0,989","0,959","0,968","0,451","0,429","0,636","0,752","0,994","0,881","0,359","0,79","0,938","0,81","0,792","0,978","0,971","0,94","0,448","0,975","0,953","0,945","0,983","0,977","0,977","0,939","0,915","0,997","0,343","0,487","0,825","0,493","0,95","0,411",1,"0,502","0,534","0,974","0,947","0,997","0,815","0,981","0,595","0,403","0,456","0,998","0,915","0,626","0,739","0,962","0,262","0,974","0,929","0,661","0,281","0,948","0,591","0,388","0,943","0,953","0,974","0,965","0,984","0,961","0,965","0,431","0,905","0,332","0,989","0,802","0,654","0,46","0,844","0,893","0,931","0,332","0,512","0,921","0,98","0,869","0,988","0,831","0,925","0,64","0,988","0,125","0,996","0,923","0,872","0,849","0,709","0,823","0,999","0,894","0,971","0,898","0,911","0,245","0,502","0,372","0,964","0,461","0,906","0,218","0,858","0,983","0,924","0,893","0,411","0,762","0,452","0,989","0,298","0,324","0,996","0,51","0,659","0,964","0,99","0,968","0,805","0,558","0,993","0,378","0,319","0,87","0,993","0,893","0,951","0,979","0,999","0,507","0,91","0,926","0,971","0,475"
ERR14783784,"0,977","0,993","0,983","0,996","0,999","0,156","0,997","0,999","0,972","0,992","0,997","0,998","0,997","0,84","0,996","0,994","0,996","0,998","0,99","0,998","0,997",1,"0,881","0,997","0,998","0,989","0,996","0,977","0,998","0,998","0,992","0,982","0,998","0,995","0,99","0,998","0,998","0,993","0,984","0,997","0,997","0,999","0,996","0,998","0,98","0,984","0,995","0,998",0,"0,997","0,988","0,901","0,993","0,966","0,995","0,998","0,913","0,961","0,997","0,981","0,987","0,998",1,"0,998","0,997","0,995","0,97","0,993","0,998","0,996","0,997","0,949","0,993","0,994","0,99","0,988","0,995","0,992","0,993","0,87","0,969","0,998","0,996","0,971","0,991","0,995","0,995","0,999","0,996","0,997","0,997",1,"0,964","0,995","0,998","0,992","0,998","0,976","0,989","0,982","0,996","0,997","0,999","0,92","0,997","0,923","0,997","0,993","0,997","0,998","0,11","0,998","0,989","0,993","0,982","0,991","0,967","0,999","0,999","0,997","0,998","0,988","0,92","0,899","0,999","0,991","0,99","0,999","0,992","0,999","0,919","0,988","0,997","0,999","0,997","0,996","0,868","0,956","0,995","0,997","0,996","0,965","0,97","0,999","0,995","0,982","0,996","0,998","0,918","0,996","0,975","0,984","0,992","0,99","0,904","0,989","0,994","0,999","0,996","0,997","0,931","0,983","0,995","0,997","0,991","0,988","0,914","0,999","0,854","0,996","0,995","0,996","0,996","0,998","0,969","0,999","0,996","0,997","0,999","0,998","0,996","0,999","0,998","0,992","0,994","0,998","0,967","0,923","0,997","0,999","0,945","0,955","0,997","0,996","0,994","0,995","0,995","0,996","0,999","0,999","0,959","0,961","0,974","0,997","0,997","0,995",1,"0,999","0,977","0,957","0,994","0,988"
ERR11865552,"0,653","0,918","0,898","0,841","0,319","0,998","0,367","0,269","0,878","0,893","0,977","0,87","0,35","0,973","0,59","0,861","0,882","0,055","0,226","0,218","0,441","0,969","0,955","0,111","0,154","0,979","0,852","0,995","0,966","0,211","0,869","0,985","0,969","0,897","0,641","0,172","0,813","0,919","0,143","0,196","0,992","0,068","0,805","0,964","0,357","0,836","0,817","0,352","0,997",0,"0,967","0,895","0,082","0,872","0,981","0,331","0,915","0,874","0,886","0,849","0,403","0,988","0,862","0,469","0,856","0,939","0,742","0,883","0,185","0,671","0,367","0,99","0,893","0,908","0,981","0,981","0,906","0,978","0,965","0,965","0,141","0,14","0,709","0,808","0,983","0,784","0,051","0,83","0,902","0,906","0,63","0,96","0,955","0,928","0,511","0,906","0,908","0,898","0,979","0,985","0,967","0,882","0,918","0,997","0,072","0,198","0,8","0,211","0,885","0,093","0,999","0,225","0,625","0,912","0,885","0,993","0,865","0,969","0,687","0,34","0,148","0,993","0,877","0,664","0,804","0,908","0,122","0,96","0,89","0,717","0,427","0,898","0,635","0,095","0,954","0,89","0,923","0,954","0,975","0,904","0,903","0,142","0,898","0,46","0,989","0,884","0,749","0,323","0,763","0,855","0,906","0,405","0,566","0,887","0,918","0,838","0,986","0,907","0,856","0,668","0,97","0,287","0,992","0,896","0,862","0,716","0,515","0,846","0,998","0,875","0,897","0,837","0,862","0,17","0,203","0,094","0,894","0,548","0,912","0,207","0,831","0,967","0,924","0,862","0,13","0,785","0,137","0,98","0,295","0,165","0,993","0,232","0,752","0,917","0,974","0,905","0,792","0,649","0,996","0,504","0,186","0,764","0,983","0,875","0,911","0,926","0,998","0,247","0,837","0,916","0,916","0,469"
ERR14783519,"0,979","0,979","0,811","0,745","0,8","0,995","0,889","0,923","0,903","0,949","0,948","0,784","0,931","0,793","0,721","0,988","0,761","0,999","0,994","0,732","0,77","0,951","0,771","0,991","0,833","0,904","0,951","0,936","0,943","0,994","0,935","0,95","0,76","0,915","0,96","0,842","0,701","0,938","0,882","0,996","0,885","0,99","0,983","0,454","0,995","0,939","0,743","0,978","0,988","0,967",0,"0,807","0,982","0,791","0,968","0,784","0,879","0,878","0,727","0,922","0,98","0,978","0,97","0,759","0,614","0,708","0,812","0,973","0,898","0,941","0,871","0,868","0,994","0,798","0,728","0,809","0,91","0,772","0,895","0,974","0,995","0,999","0,71","0,973","0,633","0,91","0,943","0,713","0,717","0,913","0,972","0,588","0,872","0,884","0,801","0,817","0,985","0,96","0,921","0,976","0,465","0,879","0,646","0,991","0,999","0,955","0,593","0,952","0,739","0,999","0,984",1,"0,997","0,797","0,785","0,916","0,872","0,676","0,708","0,798","0,99","0,941","0,925","0,994","0,864","0,954","0,985","0,894","0,844","0,768","0,958","0,89","0,815","0,964","0,767","0,757","0,902","0,912","0,784","0,672","0,808","0,93","0,921","0,787","0,749","0,961","0,799","0,852","0,989","0,727","0,942","0,992","0,925","0,976","0,827","0,935","0,993","0,975","0,967","0,938","0,6","0,981","0,848","0,991","0,975","0,92","0,974","0,717","0,977","0,993","0,749","0,934","0,945","0,938","0,99","0,94","0,94","0,947","0,692","0,971","0,869","0,678","0,67","0,844","0,977","0,99","0,984","0,732","0,888","0,836","0,872","0,833","0,754","0,874","0,765","0,945","0,964","0,987","0,993","0,765","0,987","0,859","0,915","0,999","0,975","0,844","0,957","0,979","0,953","0,912","0,968","0,753"
ERR14783487,"0,61","0,752","0,882","0,562","0,872","0,914","0,786","0,914","0,735","0,654","0,96","0,867","0,741","0,878","0,876","0,8","0,726","0,974","0,807","0,924","0,865","0,905","0,694","0,97","0,929","0,848","0,791","0,964","0,883","0,928","0,762","0,975","0,937","0,731","0,69","0,889","0,808","0,719","0,911","0,926","0,976","0,972","0,85","0,772","0,938","0,947","0,732","0,952","0,901","0,895","0,807",0,"0,951","0,702","0,966","0,864","0,24","0,718","0,65","0,744","0,838","0,982","0,99","0,858","0,831","0,863","0,652","0,775","0,792","0,779","0,745","0,916","0,817","0,786","0,912","0,881","0,778","0,875","0,833","0,648","0,797","0,977","0,804","0,946","0,924","0,974","0,908","0,856","0,767","0,85","0,974","0,743","0,803","0,925","0,87","0,745","0,787","0,74","0,985","0,983","0,825","0,709","0,8","0,961","0,975","0,811","0,749","0,942","0,762","0,927","0,9","0,979","0,726","0,683","0,548","0,974","0,765","0,824","0,812","0,872","0,922","0,974","0,615","0,716","0,881","0,788","0,945","0,824","0,604","0,844","0,617","0,673","0,681","0,938","0,859","0,773","0,692","0,932","0,941","0,8","0,703","0,825","0,906","0,868","0,953","0,809","0,831","0,902","0,952","0,716","0,954","0,939","0,792","0,813","0,615","0,793","0,988","0,896","0,982","0,811","0,67","0,909","0,969","0,853","0,718","0,954","0,902","0,851","0,923","0,991","0,789","0,955","0,746","0,958","0,862","0,909","0,685","0,75","0,801","0,827","0,819","0,923","0,82","0,733","0,955","0,845","0,84","0,846","0,771","0,873","0,942","0,809","0,853","0,841","0,869","0,753","0,797","0,748","0,986","0,846","0,76","0,938","0,946","0,878","0,831","0,826","0,992","0,97","0,942","0,914","0,796","0,859"
ERR11865556,"0,708","0,965","0,91","0,929","0,359","0,994","0,441","0,214","0,921","0,972","0,99","0,888","0,433","0,986","0,626","0,909","0,961","0,095","0,283","0,269","0,474","0,983","0,973","0,046","0,202","0,988","0,911","0,995","0,974","0,19","0,907","0,99","0,99","0,956","0,698","0,203","0,832","0,965","0,105","0,26","0,996","0,04","0,847","0,983","0,382","0,831","0,871","0,371","0,993","0,082","0,982","0,951",0,"0,918","0,991","0,363","0,959","0,923","0,969","0,902","0,455","0,993","0,851","0,508","0,892","0,973","0,802","0,927","0,265","0,747","0,449","0,992","0,93","0,952","0,991","0,988","0,967","0,983","0,968","0,965","0,155","0,094","0,741","0,817","0,992","0,768","0,095","0,842","0,967","0,924","0,611","0,981","0,972","0,943","0,548","0,974","0,964","0,946","0,982","0,987","0,984","0,948","0,937","0,995","0,11","0,158","0,869","0,173","0,965","0,072","0,994","0,183","0,696","0,968","0,947","0,996","0,868","0,983","0,71","0,372","0,127","0,994","0,922","0,703","0,81","0,966","0,136","0,979","0,946","0,745","0,493","0,948","0,721","0,071","0,98","0,965","0,966","0,964","0,981","0,97","0,966","0,09","0,909","0,483","0,995","0,88","0,778","0,35","0,764","0,912","0,913","0,429","0,636","0,931","0,971","0,888","0,988","0,911","0,849","0,727","0,978","0,307","0,996","0,939","0,914","0,709","0,474","0,866","0,992","0,879","0,973","0,844","0,93","0,213","0,179","0,052","0,967","0,614","0,93","0,284","0,885","0,985","0,941","0,906","0,062","0,817","0,115","0,983","0,373","0,186","0,994","0,189","0,788","0,966","0,989","0,966","0,847","0,7","0,996","0,544","0,244","0,746","0,991","0,914","0,958","0,976","0,999","0,194","0,847","0,929","0,968","0,485"
ERR11865451,"0,681","0,434","0,747","0,649","0,653","0,966","0,622","0,891","0,512","0,729","0,97","0,659","0,71","0,738","0,857","0,232","0,896","0,882","0,732","0,866","0,618","0,976","0,879","0,931","0,847","0,919","0,293","0,944","0,967","0,87","0,23","0,981","0,842","0,279","0,569","0,8","0,56","0,376","0,861","0,871","0,962","0,931","0,338","0,675","0,861","0,819","0,231","0,911","0,966","0,872","0,791","0,702","0,918",0,"0,98","0,762","0,663","0,244","0,839","0,241","0,499","0,985","0,98","0,639","0,864","0,918","0,36","0,269","0,789","0,824","0,717","0,859","0,281","0,322","0,904","0,93","0,356","0,751","0,951","0,913","0,721","0,891","0,561","0,912","0,786","0,902","0,871","0,631","0,834","0,93","0,93","0,869","0,896","0,625","0,639","0,671","0,356","0,284","0,967","0,978","0,65","0,322","0,614","0,981","0,883","0,827","0,529","0,878","0,903","0,882","0,967","0,9","0,693","0,269","0,438","0,91","0,825","0,632","0,6","0,641","0,868","0,924","0,229","0,465","0,877","0,854","0,914","0,942","0,598","0,627","0,755","0,279","0,644","0,882","0,937","0,896","0,804","0,749","0,927","0,899","0,376","0,808","0,745","0,635","0,85","0,887","0,842","0,816","0,956","0,274","0,854","0,861","0,437","0,301","0,715","0,282","0,986","0,931","0,945","0,327","0,822","0,881","0,952","0,335","0,838","0,766","0,92","0,627","0,957","0,978","0,911","0,795","0,386","0,882","0,821","0,897","0,472","0,605","0,596","0,825","0,322","0,942","0,625","0,182","0,919","0,35","0,805","0,802","0,727","0,82","0,957","0,685","0,826","0,377","0,911","0,359","0,328","0,645","0,996","0,604","0,77","0,88","0,811","0,394","0,325","0,503","0,984","0,931","0,823","0,703","0,366","0,665"
ERR14783483,"0,993","0,996","0,984","0,965","0,982","0,996","0,972","0,994","0,971","0,974","0,271","0,975","0,971","0,988","0,967","0,996","0,962","0,999","0,999","0,973","0,984","0,981","0,97","0,996","0,973","0,992","0,974","0,995","0,981","0,999","0,996","0,983","0,987","0,973","0,994","0,996","0,981","0,994","0,976","0,998","0,992","0,996","0,991","0,965","0,998","0,994","0,974","0,978","0,995","0,981","0,968","0,966","0,991","0,98",0,"0,994","0,985","0,973","0,962","0,973","0,989","0,323","0,995","0,974","0,963","0,963","0,972","0,998","0,972","0,986","0,971","0,988","0,999","0,978","0,974","0,985","0,972","0,988","0,98","0,989","0,999","0,999","0,979","0,978","0,98","0,992","0,973","0,985","0,949","0,919","0,989","0,964","0,969","0,989","0,98","0,969","0,991","0,985","0,991","0,94","0,969","0,971","0,969","0,998","0,999","0,981","0,97","0,979","0,951",1,"0,999",1,"0,998","0,976","0,972","0,989","0,963","0,98","0,973","0,987","0,994","0,992","0,974","0,993","0,997","0,971","0,995","0,973","0,965","0,977","0,992","0,982","0,968","0,999","0,946","0,96","0,97","0,993","0,973","0,96","0,973","0,996","0,99","0,989","0,978","0,989","0,962","0,997","0,999","0,974","0,995","0,994","0,979","0,99","0,973","0,975","0,991","0,99","0,995","0,983","0,97","0,993","0,987","0,994","0,982","0,99","0,974","0,984","0,997","0,992","0,961","0,992","0,971","0,991","0,996","0,995","0,975","0,989","0,969","0,989","0,971","0,966","0,971","0,987","0,989","0,994","0,994","0,982","0,972","0,992","0,989","0,989","0,963","0,976","0,967","0,973","0,978","0,988","0,997","0,98","0,995","0,991","0,994","0,999","0,988","0,975","0,997","0,99","0,992","0,99","0,982","0,975"
ERR11865362,"0,667","0,936","0,757","0,864","0,228","0,999","0,365","0,431","0,916","0,944","0,992","0,677","0,346","0,93","0,587","0,883","0,953","0,324","0,305","0,338","0,211","0,985","0,978","0,377","0,319","0,917","0,887","0,943","0,963","0,458","0,834","0,988","0,918","0,909","0,622","0,165","0,596","0,905","0,405","0,202","0,974","0,341","0,817","0,729","0,326","0,873","0,687","0,284","0,998","0,331","0,784","0,864","0,363","0,762","0,994",0,"0,897","0,903","0,959","0,862","0,398","0,992","0,908","0,291","0,881","0,946","0,731","0,889","0,28","0,669","0,363","0,942","0,921","0,847","0,914","0,936","0,95","0,812","0,938","0,976","0,412","0,392","0,501","0,799","0,863","0,82","0,343","0,593","0,93","0,92","0,746","0,876","0,97","0,886","0,29","0,953","0,937","0,923","0,978","0,988","0,794","0,887","0,727","0,997","0,317","0,445","0,649","0,439","0,954","0,376",1,"0,457","0,631","0,81","0,819","0,958","0,802","0,776","0,469","0,19","0,414","0,967","0,899","0,666","0,655","0,954","0,277","0,942","0,952","0,481","0,416","0,864","0,66","0,304","0,982","0,962","0,964","0,932","0,942","0,961","0,906","0,336","0,889","0,194","0,92","0,87","0,761","0,253","0,809","0,76","0,9","0,356","0,58","0,915","0,958","0,865","0,989","0,895","0,883","0,69","0,878","0,222","0,966","0,914","0,907","0,812","0,669","0,611","0,999","0,876","0,968","0,845","0,905","0,24","0,458","0,317","0,933","0,519","0,68","0,219","0,862","0,962","0,754","0,771","0,397","0,802","0,412","0,9","0,286","0,188","0,977","0,333","0,754","0,95","0,927","0,949","0,819","0,658","0,995","0,294","0,298","0,803","0,965","0,89","0,935","0,961","0,988","0,48","0,876","0,89","0,954","0,307"
ERR14783410,"0,515","0,674","0,917","0,507","0,912","0,916","0,745","0,941","0,697","0,558","0,981","0,912","0,674","0,877","0,92","0,734","0,784","0,976","0,74","0,952","0,899","0,936","0,755","0,979","0,957","0,856","0,75","0,974","0,903","0,933","0,704","0,984","0,95","0,69","0,602","0,917","0,859","0,649","0,933","0,931","0,971","0,981","0,804","0,862","0,941","0,94","0,721","0,967","0,913","0,915","0,879","0,24","0,959","0,663","0,985","0,897",0,"0,686","0,703","0,712","0,789","0,989","0,994","0,905","0,904","0,909","0,611","0,702","0,826","0,809","0,696","0,93","0,751","0,774","0,945","0,901","0,716","0,906","0,856","0,704","0,746","0,979","0,859","0,963","0,952","0,984","0,915","0,899","0,776","0,918","0,982","0,839","0,82","0,904","0,91","0,674","0,719","0,688","0,978","0,993","0,889","0,67","0,882","0,965","0,978","0,847","0,813","0,957","0,819","0,931","0,912","0,98","0,63","0,665","0,53","0,983","0,812","0,878","0,889","0,904","0,925","0,981","0,583","0,681","0,908","0,806","0,958","0,871","0,564","0,897","0,652","0,648","0,626","0,941","0,937","0,824","0,634","0,921","0,941","0,843","0,661","0,847","0,904","0,899","0,97","0,869","0,911","0,926","0,957","0,703","0,947","0,943","0,746","0,76","0,592","0,759","0,992","0,941","0,979","0,758","0,724","0,915","0,964","0,801","0,749","0,929","0,92","0,896","0,925","0,995","0,833","0,95","0,7","0,969","0,87","0,925","0,625","0,687","0,881","0,843","0,785","0,961","0,891","0,698","0,961","0,796","0,851","0,847","0,71","0,914","0,955","0,836","0,915","0,809","0,918","0,686","0,753","0,673","0,988","0,891","0,772","0,952","0,938","0,83","0,781","0,755","0,995","0,981","0,939","0,901","0,674","0,906"
ERR11865487,"0,653","0,409","0,926","0,602","0,913","0,961","0,558","0,947","0,438","0,706","0,96","0,904","0,705","0,813","0,79","0,191","0,837","0,925","0,748","0,825","0,895","0,971","0,813","0,935","0,839","0,979","0,25","0,993","0,963","0,902","0,162","0,976","0,932","0,243","0,584","0,925","0,879","0,37","0,867","0,89","0,975","0,935","0,242","0,905","0,902","0,825","0,325","0,915","0,961","0,874","0,878","0,718","0,923","0,244","0,973","0,903","0,686",0,"0,773","0,083","0,46","0,984","0,977","0,889","0,758","0,845","0,334","0,231","0,764","0,834","0,706","0,946","0,097","0,281","0,929","0,911","0,306","0,982","0,975","0,893","0,743","0,931","0,879","0,919","0,931","0,961","0,875","0,911","0,77","0,914","0,949","0,873","0,892","0,68","0,9","0,63","0,315","0,244","0,958","0,974","0,885","0,276","0,883","0,981","0,926","0,859","0,792","0,91","0,845","0,898","0,962","0,937","0,666","0,338","0,47","0,974","0,871","0,939","0,893","0,908","0,895","0,98","0,138","0,452","0,927","0,83","0,916","0,955","0,512","0,895","0,758","0,29","0,581","0,931","0,855","0,841","0,791","0,792","0,952","0,81","0,345","0,876","0,711","0,914","0,952","0,865","0,794","0,93","0,957","0,316","0,856","0,902","0,382","0,13","0,657","0,144","0,986","0,915","0,979","0,246","0,834","0,885","0,969","0,224","0,811","0,765","0,923","0,906","0,949","0,981","0,857","0,801","0,344","0,87","0,857","0,939","0,448","0,637","0,885","0,823","0,276","0,869","0,88","0,154","0,924","0,212","0,838","0,906","0,742","0,929","0,959","0,876","0,764","0,256","0,907","0,32","0,299","0,608","0,996","0,9","0,793","0,942","0,837","0,283","0,207","0,469","0,991","0,938","0,819","0,745","0,351","0,879"
ERR11865469,"0,726","0,811","0,957","0,389","0,942","0,999","0,746","0,984","0,761","0,663","0,935","0,926","0,736","0,9","0,516","0,841","0,349","0,969","0,857","0,753","0,924","0,882","0,631","0,981","0,89","0,958","0,803","0,994","0,884","0,927","0,868","0,967","0,894","0,791","0,779","0,971","0,898","0,822","0,784","0,917","0,952","0,983","0,878","0,753","0,967","0,954","0,793","0,964","0,997","0,886","0,727","0,65","0,969","0,839","0,962","0,959","0,703","0,773",0,"0,801","0,868","0,973","0,987","0,911","0,463","0,343","0,666","0,841","0,763","0,783","0,659","0,93","0,856","0,779","0,832","0,896","0,741","0,97","0,913","0,939","0,888","0,973","0,901","0,959","0,851","0,954","0,886","0,947","0,446","0,877","0,97","0,428","0,897","0,906","0,935","0,469","0,818","0,833","0,949","0,98","0,843","0,742","0,839","0,997","0,971","0,931","0,561","0,936","0,332","0,921","0,999","0,976","0,766","0,808","0,693","0,955","0,912","0,903","0,927","0,952","0,917","0,971","0,811","0,887","0,978","0,802","0,98","0,87","0,651","0,928","0,796","0,817","0,545","0,976","0,631","0,252","0,762","0,944","0,97","0,182","0,625","0,967","0,923","0,952","0,907","0,922","0,618","0,972","0,995","0,747","0,962","0,963","0,791","0,848","0,587","0,812","0,99","0,926","0,987","0,81","0,683","0,947","0,939","0,878","0,721","0,934","0,978","0,94","0,998","0,991","0,386","0,948","0,763","0,919","0,916","0,984","0,729","0,811","0,887","0,794","0,662","0,572","0,865","0,849","0,964","0,884","0,897","0,873","0,707","0,975","0,952","0,957","0,727","0,692","0,887","0,771","0,826","0,799","0,983","0,931","0,848","0,949","0,957","0,901","0,859","0,662","0,985","0,97","0,952","0,93","0,829","0,899"
ERR11865463,"0,613","0,38","0,897","0,594","0,878","0,982","0,562","0,922","0,441","0,686","0,961","0,875","0,67","0,839","0,823","0,153","0,853","0,893","0,71","0,847","0,861","0,97","0,896","0,915","0,847","0,966","0,216","0,988","0,956","0,875","0,113","0,977","0,949","0,212","0,526","0,884","0,848","0,339","0,847","0,853","0,985","0,912","0,186","0,911","0,869","0,827","0,296","0,887","0,981","0,849","0,922","0,744","0,902","0,241","0,973","0,862","0,712","0,083","0,801",0,"0,433","0,983","0,98","0,851","0,831","0,899","0,312","0,198","0,759","0,784","0,687","0,968","0,086","0,249","0,958","0,95","0,299","0,971","0,955","0,934","0,729","0,902","0,84","0,896","0,958","0,967","0,852","0,877","0,824","0,912","0,938","0,914","0,902","0,674","0,864","0,636","0,294","0,224","0,97","0,981","0,929","0,255","0,884","0,989","0,893","0,862","0,78","0,877","0,861","0,867","0,983","0,911","0,628","0,309","0,451","0,984","0,83","0,949","0,856","0,869","0,867","0,982","0,149","0,447","0,891","0,826","0,892","0,936","0,503","0,863","0,762","0,26","0,578","0,89","0,918","0,859","0,791","0,795","0,966","0,872","0,328","0,861","0,718","0,882","0,971","0,859","0,793","0,893","0,961","0,314","0,857","0,869","0,369","0,096","0,707","0,087","0,985","0,913","0,974","0,239","0,909","0,855","0,981","0,182","0,807","0,77","0,932","0,872","0,977","0,976","0,873","0,799","0,323","0,871","0,848","0,908","0,419","0,586","0,88","0,792","0,256","0,93","0,889","0,1","0,903","0,161","0,829","0,946","0,721","0,897","0,977","0,866","0,798","0,24","0,944","0,299","0,259","0,576","0,996","0,856","0,788","0,955","0,843","0,234","0,165","0,489","0,995","0,919","0,821","0,75","0,333","0,866"
ERR11865350,"0,541","0,445","0,908","0,698","0,473","0,986","0,2","0,555","0,53","0,744","0,987","0,891","0,315","0,863","0,66","0,392","0,899","0,432","0,26","0,436","0,499","0,994","0,967","0,468","0,429","0,981","0,426","0,993","0,983","0,498","0,445","0,989","0,968","0,451","0,433","0,456","0,84","0,426","0,481","0,328","0,994","0,446","0,429","0,976","0,418","0,811","0,427","0,435","0,987","0,403","0,98","0,838","0,455","0,499","0,989","0,398","0,789","0,46","0,868","0,433",0,"0,987","0,911","0,528","0,896","0,955","0,35","0,409","0,324","0,708","0,347","0,992","0,429","0,565","0,991","0,967","0,462","0,993","0,981","0,963","0,349","0,48","0,75","0,818","0,988","0,861","0,423","0,852","0,878","0,939","0,764","0,976","0,966","0,775","0,561","0,703","0,42","0,466","0,978","0,973","0,982","0,42","0,94","0,991","0,428","0,512","0,823","0,525","0,906","0,438","0,987","0,527","0,466","0,469","0,566","0,996","0,874","0,982","0,734","0,461","0,467","0,995","0,443","0,295","0,822","0,856","0,396","0,977","0,587","0,755","0,461","0,453","0,519","0,457","0,979","0,91","0,86","0,857","0,981","0,928","0,444","0,474","0,769","0,517","0,99","0,897","0,811","0,502","0,815","0,445","0,843","0,439","0,178","0,456","0,786","0,444","0,99","0,928","0,905","0,253","0,981","0,371","0,995","0,5","0,803","0,673","0,691","0,873","0,982","0,88","0,924","0,776","0,4","0,367","0,487","0,46","0,504","0,369","0,933","0,284","0,445","0,977","0,944","0,45","0,478","0,392","0,443","0,985","0,298","0,431","0,993","0,525","0,805","0,557","0,988","0,43","0,375","0,409","0,996","0,567","0,347","0,847","0,908","0,511","0,504","0,551","0,999","0,542","0,804","0,803","0,483","0,515"
ERR14783805,"0,992","0,995","0,989","0,976","0,989","0,998","0,983","0,993","0,982","0,99","0,074","0,984","0,983","0,994","0,977","0,995","0,979",1,"0,999","0,984","0,983","0,989","0,98","0,995","0,983","0,993","0,988","0,995","0,986","0,999","0,996","0,985","0,993","0,987","0,992","0,996","0,979","0,991","0,988","0,997","0,996","0,995","0,991","0,976","0,998","0,997","0,984","0,969","0,998","0,988","0,978","0,982","0,993","0,985","0,323","0,992","0,989","0,984","0,973","0,983","0,987",0,"0,997","0,984","0,973","0,974","0,982","0,997","0,982","0,979","0,981","0,994",1,"0,988","0,986","0,977","0,986","0,992","0,983","0,987",1,1,"0,979","0,986","0,989","0,996","0,983","0,982","0,953","0,892","0,993","0,975","0,984","0,994","0,986","0,98","0,989","0,992","0,995","0,943","0,98","0,981","0,982","0,999",1,"0,986","0,981","0,992","0,958",1,1,1,"0,999","0,987","0,988","0,995","0,966","0,979","0,986","0,99","0,996","0,996","0,985","0,992","0,996","0,986","0,994","0,976","0,979","0,988","0,985","0,992","0,978","0,999","0,949","0,969","0,982","0,996","0,979","0,97","0,987","0,996","0,995","0,99","0,985","0,983","0,973","0,996",1,"0,983","0,998","0,994","0,983","0,985","0,983","0,989","0,996","0,987","0,998","0,983","0,981","0,993","0,993","0,993","0,988","0,995","0,979","0,995","0,998","0,996","0,975","0,996","0,979","0,984","0,995","0,994","0,987","0,983","0,98","0,982","0,98","0,977","0,981","0,988","0,989","0,992","0,991","0,99","0,982","0,99","0,995","0,99","0,975","0,986","0,981","0,988","0,989","0,987","0,996","0,986","0,994","0,996","0,997",1,"0,988","0,985","0,999","0,986","0,995","0,995","0,992","0,985"
ERR14783455,"0,969","0,996","0,981","0,98","0,892",1,"0,907","0,792","0,981","0,995","0,993","0,975","0,92","0,975","0,942","0,988","0,989","0,866","0,897","0,864","0,914","0,997","0,983","0,843","0,862","0,996","0,983","0,996","0,997","0,813","0,984","0,997","0,975","0,988","0,963","0,876","0,973","0,994","0,843","0,903","0,98","0,857","0,974","0,987","0,909","0,877","0,969","0,925",1,"0,862","0,97","0,99","0,851","0,98","0,995","0,908","0,994","0,977","0,987","0,98","0,911","0,997",0,"0,914","0,971","0,985","0,962","0,989","0,885","0,97","0,917","0,986","0,991","0,982","0,974","0,987","0,989","0,995","0,995","0,997","0,862","0,841","0,962","0,973","0,973","0,483","0,862","0,973","0,977","0,992","0,519","0,982","0,993","0,969","0,92","0,987","0,995","0,991","0,975","0,994","0,971","0,984","0,981","0,999","0,869","0,833","0,968","0,846","0,989","0,846",1,"0,807","0,965","0,991","0,986","0,987","0,982","0,989","0,955","0,898","0,829","0,991","0,985","0,952","0,971","0,992","0,882","0,994","0,99","0,957","0,934","0,989","0,955","0,854","0,986","0,988","0,99","0,967","0,977","0,983","0,986","0,848","0,952","0,921","0,975","0,99","0,97","0,888","0,914","0,972","0,938","0,918","0,939","0,989","0,986","0,977","0,995","0,992","0,517","0,953","0,974","0,915","0,978","0,99","0,99","0,558","0,797","0,976",1,"0,942","0,99","0,92","0,987","0,887","0,825","0,853","0,993","0,943","0,982","0,903","0,973","0,978","0,981","0,983","0,837","0,97","0,844","0,972","0,902","0,878","0,98","0,843","0,963","0,984","0,977","0,993","0,976","0,963",1,"0,93","0,892","0,523","0,981","0,985","0,993","0,984","0,989","0,791","0,911","0,958","0,995","0,901"
ERR11865435,"0,728","0,943","0,716","0,838","0,148","0,999","0,434","0,545","0,893","0,927","0,962","0,404","0,412","0,788","0,614","0,896","0,919","0,481","0,468","0,453","0,105","0,972","0,943","0,522","0,446","0,929","0,873","0,944","0,964","0,571","0,857","0,973","0,763","0,891","0,686","0,384","0,316","0,916","0,508","0,402","0,966","0,499","0,836","0,611","0,483","0,88","0,674","0,414","0,998","0,469","0,759","0,858","0,508","0,639","0,974","0,291","0,905","0,889","0,911","0,851","0,528","0,984","0,914",0,"0,849","0,923","0,734","0,903","0,416","0,723","0,423","0,798","0,931","0,838","0,897","0,938","0,923","0,728","0,945","0,973","0,54","0,526","0,288","0,822","0,631","0,747","0,462","0,491","0,914","0,92","0,773","0,851","0,943","0,756","0,162","0,917","0,939","0,919","0,971","0,983","0,493","0,865","0,311","0,997","0,477","0,541","0,475","0,537","0,91","0,516",1,"0,571","0,697","0,814","0,815","0,884","0,823","0,35","0,226","0,165","0,539","0,883","0,885","0,706","0,749","0,931","0,458","0,938","0,917","0,224","0,497","0,867","0,673","0,477","0,927","0,915","0,926","0,85","0,934","0,913","0,887","0,479","0,885","0,171","0,745","0,898","0,758","0,431","0,842","0,756","0,907","0,47","0,614","0,915","0,929","0,854","0,986","0,919","0,886","0,713","0,859","0,381","0,957","0,922","0,914","0,827","0,722","0,319","0,999","0,887","0,922","0,849","0,887","0,416","0,569","0,474","0,917","0,581","0,313","0,4","0,846","0,941","0,344","0,791","0,529","0,824","0,534","0,831","0,414","0,371","0,967","0,39","0,751","0,925","0,903","0,925","0,824","0,714","0,996","0,141","0,463","0,725","0,938","0,9","0,933","0,932","0,985","0,582","0,886","0,84","0,943","0,107"
ERR11865538,"0,781","0,936","0,893","0,491","0,881","0,999","0,746","0,929","0,785","0,872","0,936","0,861","0,773","0,921","0,412","0,876","0,475","0,898","0,891","0,635","0,857","0,873","0,682","0,907","0,736","0,964","0,837","0,994","0,873","0,925","0,898","0,967","0,913","0,877","0,826","0,905","0,789","0,937","0,775","0,861","0,953","0,902","0,904","0,75","0,898","0,958","0,818","0,834","0,997","0,856","0,614","0,831","0,892","0,864","0,963","0,881","0,904","0,758","0,463","0,831","0,896","0,973","0,971","0,849",0,"0,478","0,696","0,878","0,758","0,728","0,693","0,942","0,89","0,825","0,82","0,762","0,84","0,97","0,908","0,932","0,914","0,912","0,804","0,869","0,853","0,943","0,827","0,862","0,574","0,718","0,949","0,529","0,905","0,925","0,878","0,717","0,917","0,9","0,936","0,967","0,737","0,816","0,752","0,997","0,899","0,878","0,62","0,884","0,438","0,908","0,999","0,924","0,82","0,915","0,811","0,956","0,755","0,879","0,828","0,89","0,907","0,974","0,841","0,915","0,891","0,891","0,887","0,863","0,789","0,857","0,807","0,894","0,553","0,91","0,499","0,521","0,875","0,949","0,933","0,362","0,764","0,907","0,93","0,88","0,909","0,617","0,371","0,916","0,979","0,743","0,966","0,891","0,794","0,879","0,761","0,84","0,983","0,665","0,982","0,818","0,684","0,842","0,94","0,905","0,776","0,924","0,944","0,867","0,999","0,98","0,492","0,956","0,816","0,799","0,917","0,907","0,881","0,849","0,789","0,831","0,755","0,571","0,789","0,88","0,898","0,903","0,902","0,871","0,739","0,891","0,952","0,908","0,33","0,809","0,804","0,889","0,858","0,832","0,976","0,855","0,881","0,937","0,964","0,925","0,918","0,788","0,985","0,913","0,957","0,937","0,927","0,837"
ERR14783793,"0,941","0,96","0,94","0,629","0,956","0,997","0,844","0,984","0,87","0,886","0,937","0,931","0,881","0,883","0,516","0,967","0,558","0,985","0,975","0,754","0,936","0,901","0,581","0,984","0,877","0,959","0,92","0,992","0,868","0,981","0,964","0,965","0,885","0,908","0,946","0,982","0,904","0,957","0,804","0,968","0,944","0,983","0,962","0,7","0,983","0,959","0,88","0,97","0,995","0,939","0,708","0,863","0,973","0,918","0,963","0,946","0,909","0,845","0,343","0,899","0,955","0,974","0,985","0,923","0,478",0,"0,788","0,967","0,859","0,91","0,802","0,916","0,976","0,857","0,822","0,841","0,865","0,967","0,92","0,951","0,981","0,986","0,924","0,958","0,816","0,932","0,911","0,947","0,471","0,894","0,971","0,376","0,898","0,889","0,936","0,596","0,954","0,944","0,936","0,978","0,816","0,869","0,844","0,984","0,987","0,944","0,595","0,945","0,509","0,98","0,997","0,987","0,961","0,921","0,857","0,951","0,917","0,886","0,921","0,957","0,97","0,971","0,913","0,978","0,976","0,915","0,98","0,86","0,841","0,932","0,922","0,933","0,707","0,989","0,609","0,357","0,878","0,951","0,953","0,285","0,761","0,975","0,921","0,961","0,878","0,935","0,659","0,981","0,971","0,835","0,967","0,98","0,888","0,955","0,659","0,912","0,991","0,944","0,989","0,902","0,637","0,969","0,928","0,969","0,921","0,948","0,976","0,95","0,997","0,991","0,539","0,958","0,906","0,914","0,976","0,985","0,902","0,945","0,888","0,935","0,766","0,473","0,866","0,952","0,973","0,966","0,969","0,851","0,833","0,973","0,94","0,965","0,722","0,756","0,87","0,909","0,939","0,947","0,986","0,946","0,967","0,932","0,962","0,983","0,954","0,719","0,982","0,972","0,955","0,938","0,943","0,891"
ERR11865298,"0,426","0,287","0,862","0,418","0,762","0,971","0,406","0,826","0,356","0,626","0,957","0,816","0,503","0,802","0,586","0,298","0,722","0,762","0,562","0,676","0,733","0,964","0,796","0,819","0,717","0,932","0,32","0,979","0,952","0,771","0,329","0,976","0,917","0,312","0,306","0,752","0,745","0,294","0,68","0,714","0,965","0,811","0,362","0,817","0,737","0,853","0,28","0,747","0,97","0,742","0,812","0,652","0,802","0,36","0,972","0,731","0,611","0,334","0,666","0,312","0,35","0,982","0,962","0,734","0,696","0,788",0,"0,295","0,627","0,611","0,487","0,934","0,386","0,419","0,892","0,922","0,324","0,945","0,929","0,904","0,589","0,785","0,68","0,79","0,904","0,927","0,744","0,777","0,73","0,896","0,893","0,774","0,87","0,738","0,741","0,502","0,328","0,335","0,955","0,98","0,875","0,246","0,811","0,985","0,761","0,74","0,627","0,767","0,729","0,762","0,972","0,807","0,451","0,334","0,308","0,963","0,776","0,914","0,714","0,748","0,752","0,965","0,329","0,323","0,761","0,81","0,778","0,919","0,434","0,74","0,596","0,307","0,337","0,758","0,88","0,738","0,757","0,826","0,956","0,748","0,217","0,709","0,767","0,755","0,936","0,834","0,642","0,772","0,931","0,276","0,879","0,734","0,23","0,403","0,602","0,326","0,985","0,896","0,953","0,278","0,788","0,72","0,956","0,444","0,781","0,762","0,873","0,797","0,961","0,958","0,745","0,838","0,262","0,75","0,727","0,786","0,312","0,396","0,841","0,66","0,293","0,842","0,844","0,34","0,81","0,366","0,697","0,888","0,528","0,769","0,953","0,733","0,682","0,431","0,903","0,312","0,272","0,407","0,995","0,718","0,628","0,91","0,882","0,473","0,436","0,401","0,988","0,838","0,848","0,792","0,397","0,741"
ERR11865276,"0,622","0,199","0,927","0,574","0,91","0,994","0,582","0,94","0,44","0,649","0,997","0,924","0,688","0,858","0,895","0,076","0,889","0,87","0,684","0,902","0,894","0,993","0,966","0,934","0,877","0,959","0,113","0,99","0,982","0,844","0,128","0,997","0,967","0,089","0,451","0,887","0,894","0,163","0,89","0,853","0,994","0,934","0,251","0,974","0,822","0,86","0,224","0,912","0,993","0,883","0,973","0,775","0,927","0,269","0,998","0,889","0,702","0,231","0,841","0,198","0,409","0,997","0,989","0,903","0,878","0,967","0,295",0,"0,799","0,801","0,716","0,99","0,164","0,316","0,987","0,968","0,173","0,981","0,965","0,964","0,717","0,861","0,881","0,928","0,988","0,983","0,903","0,916","0,863","0,93","0,934","0,971","0,953","0,753","0,89","0,621","0,118","0,117","0,983","0,988","0,976","0,124","0,923","0,995","0,863","0,876","0,83","0,853","0,912","0,871","0,994","0,892","0,604","0,175","0,334","0,995","0,873","0,974","0,912","0,895","0,86","0,995","0,19","0,365","0,912","0,843","0,919","0,966","0,479","0,91","0,798","0,116","0,601","0,888","0,992","0,91","0,837","0,832","0,98","0,928","0,196","0,869","0,791","0,909","0,993","0,862","0,881","0,893","0,977","0,224","0,884","0,817","0,345","0,217","0,744","0,227","0,99","0,903","0,973","0,212","0,968","0,893","0,994","0,224","0,789","0,764","0,959","0,909","0,992","0,987","0,923","0,849","0,184","0,902","0,818","0,925","0,262","0,488","0,915","0,814","0,214","0,991","0,929","0,197","0,929","0,289","0,825","0,979","0,736","0,92","0,993","0,863","0,882","0,311","0,983","0,155","0,147","0,553","0,995","0,888","0,787","0,979","0,87","0,344","0,212","0,42","0,999","0,948","0,855","0,813","0,194","0,927"
ERR11865395,"0,55","0,827","0,891","0,68","0,281","0,999","0,218","0,414","0,803","0,774","0,956","0,846","0,21","0,936","0,495","0,777","0,839","0,213","0,11","0,166","0,385","0,964","0,894","0,284","0,146","0,977","0,762","0,995","0,959","0,331","0,791","0,975","0,942","0,802","0,523","0,248","0,778","0,833","0,277","0,124","0,98","0,245","0,735","0,928","0,305","0,851","0,71","0,305","0,998","0,185","0,898","0,792","0,265","0,789","0,972","0,28","0,826","0,764","0,763","0,759","0,324","0,982","0,885","0,416","0,758","0,859","0,627","0,799",0,"0,636","0,217","0,972","0,832","0,838","0,941","0,913","0,815","0,981","0,97","0,965","0,24","0,29","0,682","0,795","0,947","0,819","0,197","0,811","0,779","0,899","0,689","0,879","0,937","0,893","0,464","0,784","0,822","0,819","0,966","0,974","0,901","0,774","0,89","0,997","0,206","0,324","0,716","0,338","0,848","0,238",1,"0,364","0,521","0,825","0,774","0,98","0,847","0,931","0,653","0,291","0,28","0,989","0,804","0,588","0,788","0,836","0,174","0,95","0,781","0,691","0,326","0,814","0,463","0,252","0,854","0,843","0,84","0,93","0,956","0,809","0,807","0,289","0,867","0,427","0,964","0,872","0,686","0,321","0,783","0,729","0,889","0,355","0,434","0,823","0,815","0,755","0,985","0,897","0,883","0,564","0,91","0,239","0,976","0,828","0,782","0,739","0,608","0,831","0,999","0,872","0,862","0,827","0,761","0,088","0,324","0,269","0,788","0,436","0,873","0,098","0,738","0,893","0,88","0,788","0,303","0,725","0,261","0,95","0,157","0,223","0,98","0,363","0,645","0,829","0,921","0,807","0,707","0,556","0,995","0,464","0,111","0,803","0,964","0,813","0,837","0,816","0,994","0,392","0,846","0,891","0,84","0,423"
ERR11865292,"0,415","0,859","0,838","0,688","0,731","0,998","0,653","0,799","0,818","0,591","0,981","0,809","0,582","0,968","0,556","0,79","0,6","0,726","0,666","0,716","0,703","0,966","0,947","0,757","0,715","0,927","0,77","0,986","0,929","0,764","0,793","0,981","0,963","0,846","0,491","0,724","0,664","0,851","0,755","0,611","0,971","0,741","0,735","0,924","0,721","0,958","0,738","0,592","0,996","0,671","0,941","0,779","0,747","0,824","0,986","0,669","0,809","0,834","0,783","0,784","0,708","0,979","0,97","0,723","0,728","0,91","0,611","0,801","0,636",0,"0,59","0,988","0,828","0,878","0,971","0,905","0,794","0,963","0,822","0,917","0,735","0,762","0,583","0,704","0,976","0,952","0,699","0,724","0,848","0,818","0,91","0,902","0,93","0,918","0,741","0,698","0,854","0,861","0,979","0,977","0,941","0,813","0,859","0,996","0,723","0,781","0,57","0,778","0,683","0,713","0,999","0,794","0,439","0,87","0,811","0,991","0,687","0,932","0,653","0,726","0,735","0,992","0,811","0,683","0,689","0,755","0,704","0,867","0,814","0,695","0,556","0,847","0,484","0,727","0,928","0,636","0,872","0,931","0,972","0,774","0,853","0,741","0,931","0,692","0,98","0,695","0,509","0,758","0,942","0,788","0,96","0,712","0,652","0,833","0,899","0,778","0,986","0,751","0,954","0,668","0,951","0,616","0,963","0,85","0,521","0,928","0,877","0,761","0,997","0,96","0,627","0,951","0,735","0,662","0,757","0,731","0,838","0,495","0,848","0,584","0,703","0,961","0,875","0,789","0,759","0,727","0,725","0,974","0,633","0,704","0,991","0,772","0,514","0,889","0,956","0,86","0,676","0,54","0,98","0,668","0,657","0,947","0,982","0,82","0,879","0,807","0,998","0,801","0,957","0,936","0,763","0,77"
ERR11865306,"0,411","0,741","0,884","0,491","0,453","0,999","0,175","0,57","0,698","0,659","0,953","0,836","0,052","0,913","0,413","0,695","0,732","0,398","0,228","0,328","0,397","0,958","0,864","0,467","0,355","0,963","0,682","0,995","0,956","0,486","0,72","0,975","0,937","0,726","0,396","0,43","0,76","0,753","0,402","0,258","0,973","0,438","0,669","0,859","0,4","0,873","0,637","0,227","0,997","0,367","0,871","0,745","0,449","0,717","0,971","0,363","0,696","0,706","0,659","0,687","0,347","0,981","0,917","0,423","0,693","0,802","0,487","0,716","0,217","0,59",0,"0,964","0,76","0,751","0,927","0,951","0,687","0,98","0,967","0,961","0,353","0,461","0,651","0,775","0,936","0,865","0,365","0,799","0,718","0,885","0,772","0,837","0,922","0,864","0,453","0,637","0,74","0,75","0,958","0,978","0,901","0,678","0,839","0,996","0,393","0,482","0,662","0,489","0,741","0,413","0,999","0,521","0,387","0,755","0,655","0,975","0,83","0,944","0,625","0,438","0,443","0,981","0,735","0,511","0,773","0,796","0,379","0,944","0,667","0,67","0,262","0,737","0,29","0,432","0,853","0,746","0,771","0,913","0,962","0,754","0,677","0,461","0,848","0,406","0,958","0,851","0,589","0,488","0,847","0,65","0,896","0,383","0,357","0,756","0,717","0,671","0,985","0,879","0,91","0,497","0,882","0,265","0,967","0,767","0,755","0,776","0,719","0,82","0,999","0,892","0,758","0,854","0,673","0,315","0,478","0,455","0,691","0,322","0,865","0,21","0,629","0,862","0,867","0,714","0,479","0,654","0,422","0,931","0,104","0,416","0,976","0,519","0,634","0,743","0,925","0,71","0,627","0,437","0,994","0,419","0,293","0,852","0,951","0,757","0,774","0,725","0,992","0,549","0,869","0,87","0,752","0,472"
ERR14783409,"0,986","0,993","0,917","0,948","0,852","0,968","0,969","0,973","0,961","0,988","0,984","0,79","0,979","0,617","0,923","0,996","0,958","0,999","0,995","0,942","0,849","0,993","0,768","0,997","0,972","0,974","0,986","0,965","0,99","0,998","0,977","0,989","0,361","0,975","0,987","0,953","0,821","0,983","0,945","0,999","0,945","0,997","0,994","0,86","0,991","0,921","0,914","0,996","0,949","0,99","0,868","0,916","0,992","0,859","0,988","0,942","0,93","0,946","0,93","0,968","0,992","0,994","0,986","0,798","0,942","0,916","0,934","0,99","0,972","0,988","0,964",0,"0,997","0,926","0,911","0,958","0,971","0,902","0,984","0,825","0,982","0,999","0,843","0,989","0,713","0,657","0,979","0,838","0,859","0,99","0,984","0,862","0,961","0,728","0,841","0,919","0,995","0,978","0,915","0,99","0,806","0,968","0,768","0,667","0,999","0,942","0,804","0,981","0,954","0,999","0,933","0,999","0,999","0,942","0,943","0,897","0,969","0,78","0,823","0,863","0,996","0,627","0,943","0,933","0,945","0,985","0,993","0,984","0,979","0,773","0,95","0,964","0,958","0,989","0,963","0,922","0,955","0,791","0,915","0,92","0,943","0,96","0,891","0,874","0,717","0,988","0,964","0,953","0,654","0,919","0,888","0,992","0,979","0,989","0,823","0,976","0,995","0,996","0,971","0,982","0,796","0,989","0,907","0,997","0,995","0,966","0,933","0,747","0,976","0,994","0,954","0,93","0,985","0,984","0,981","0,982","0,986","0,986","0,782","0,992","0,943","0,861","0,728","0,949","0,992","0,996","0,978","0,59","0,966","0,954","0,878","0,894","0,967","0,922","0,947","0,982","0,989","0,996","0,999","0,85","0,975","0,777","0,691","0,999","0,991","0,875","0,963","0,993","0,921","0,571","0,987","0,763"
ERR11865371,"0,647","0,356","0,936","0,66","0,934","0,994","0,613","0,951","0,471","0,705",1,"0,937","0,736","0,865","0,902","0,118","0,892","0,922","0,736","0,922","0,927","0,999","0,98","0,934","0,926","0,983","0,219","0,997","0,995","0,901","0,106","0,999","0,976","0,217","0,557","0,93","0,914","0,32","0,927","0,886","0,997","0,935","0,201","0,997","0,91","0,85","0,343","0,914","0,993","0,893","0,994","0,817","0,93","0,281","0,999","0,921","0,751","0,097","0,856","0,086","0,429",1,"0,991","0,931","0,89","0,976","0,386","0,164","0,832","0,828","0,76","0,997",0,"0,285","0,999","0,993","0,298","0,999","0,989","0,967","0,767","0,93","0,907","0,93","0,999","0,986","0,91","0,932","0,883","0,939","0,97","0,991","0,977","0,706","0,933","0,674","0,256","0,23","0,985","0,986","0,996","0,276","0,946","0,996","0,923","0,935","0,869","0,939","0,915","0,893","0,994","0,936","0,619","0,317","0,501","0,999","0,895","0,996","0,929","0,93","0,898","0,998","0,157","0,459","0,928","0,853","0,923","0,999","0,514","0,927","0,834","0,264","0,648","0,931","0,999","0,913","0,856","0,819","0,99","0,933","0,344","0,926","0,751","0,926","0,998","0,884","0,886","0,935","0,977","0,351","0,876","0,913","0,387","0,086","0,775","0,132","0,991","0,915","0,987","0,232","0,993","0,9","0,998","0,171","0,793","0,791","0,963","0,925","0,992","0,987","0,927","0,82","0,318","0,917","0,894","0,939","0,425","0,617","0,939","0,833","0,276","0,999","0,95","0,111","0,93","0,155","0,882","0,992","0,793","0,936","0,998","0,933","0,886","0,266","0,999","0,291","0,261","0,565","0,998","0,923","0,843","0,983","0,861","0,235","0,167","0,508",1,"0,949","0,845","0,779","0,314","0,941"
ERR11865407,"0,773","0,395","0,872","0,626","0,856","0,995","0,67","0,919","0,56","0,757","0,971","0,855","0,761","0,806","0,837","0,324","0,821","0,918","0,789","0,851","0,843","0,979","0,879","0,96","0,892","0,936","0,276","0,953","0,974","0,89","0,223","0,986","0,897","0,266","0,647","0,852","0,833","0,342","0,85","0,911","0,952","0,962","0,222","0,807","0,795","0,76","0,274","0,951","0,994","0,908","0,798","0,786","0,952","0,322","0,978","0,847","0,774","0,281","0,779","0,249","0,565","0,988","0,982","0,838","0,825","0,857","0,419","0,316","0,838","0,878","0,751","0,926","0,285",0,"0,866","0,956","0,325","0,895","0,958","0,97","0,801","0,907","0,824","0,95","0,874","0,941","0,915","0,858","0,805","0,939","0,93","0,809","0,943","0,623","0,839","0,643","0,34","0,253","0,96","0,985","0,847","0,32","0,801","0,995","0,913","0,898","0,714","0,799","0,825","0,916","0,996","0,927","0,758","0,267","0,448","0,945","0,89","0,872","0,84","0,848","0,901","0,955","0,342","0,485","0,915","0,861","0,954","0,953","0,628","0,847","0,87","0,269","0,676","0,917","0,934","0,822","0,851","0,722","0,948","0,831","0,309","0,883","0,67","0,858","0,911","0,93","0,87","0,86","0,983","0,253","0,798","0,79","0,523","0,215","0,728","0,196","0,987","0,94","0,939","0,418","0,821","0,938","0,94","0,199","0,865","0,746","0,968","0,852","0,995","0,985","0,833","0,745","0,386","0,934","0,869","0,93","0,468","0,624","0,83","0,874","0,256","0,884","0,826","0,211","0,95","0,255","0,874","0,882","0,766","0,869","0,954","0,832","0,895","0,134","0,909","0,345","0,314","0,711","0,997","0,834","0,859","0,934","0,767","0,236","0,174","0,488","0,981","0,96","0,765","0,69","0,369","0,844"
ERR14783391,"0,993","0,991","0,915","0,873","0,911","0,996","0,933","0,949","0,941","0,974","0,965","0,9","0,961","0,888","0,819","0,996","0,891",1,"0,999","0,831","0,901","0,98","0,839","0,996","0,9","0,947","0,972","0,959","0,978","0,999","0,965","0,965","0,877","0,952","0,982","0,924","0,884","0,967","0,902","0,998","0,923","0,997","0,991","0,823","0,999","0,95","0,883","0,993","0,99","0,981","0,728","0,912","0,991","0,904","0,974","0,914","0,945","0,929","0,832","0,958","0,991","0,986","0,974","0,897","0,82","0,822","0,892","0,987","0,941","0,971","0,927","0,911","0,999","0,866",0,"0,908","0,946","0,908","0,958","0,99",1,"0,999","0,888","0,923","0,811","0,925","0,968","0,904","0,809","0,978","0,979","0,758","0,962","0,916","0,911","0,864","0,991","0,98","0,938","0,984","0,778","0,934","0,854","0,999","0,999","0,973","0,778","0,968","0,88",1,"0,999",1,"0,999","0,9","0,885","0,924","0,938","0,87","0,891","0,915","0,995","0,955","0,963","0,998","0,956","0,971","0,996","0,957","0,958","0,902","0,98","0,936","0,902","0,978","0,9","0,844","0,954","0,933","0,914","0,806","0,877","0,959","0,934","0,912","0,862","0,986","0,911","0,929","0,999","0,849","0,954","0,998","0,955","0,988","0,867","0,961","0,974","0,988","0,978","0,962","0,738","0,993","0,902","0,994","0,987","0,943","0,966","0,907","0,999","0,905","0,881","0,946","0,97","0,964","0,996","0,963","0,969","0,969","0,874","0,984","0,891","0,792","0,864","0,915","0,991","0,994","0,993","0,832","0,935","0,915","0,905","0,926","0,885","0,892","0,532","0,971","0,98","0,994","0,996","0,902","0,995","0,918","0,946","0,999","0,988","0,874","0,971","0,986","0,952","0,928","0,982","0,882"
ERR14783446,"0,985","0,977","0,904","0,867","0,95","0,988","0,926","0,96","0,904","0,957","0,973","0,94","0,97","0,958","0,839","0,988","0,952","0,996","0,995","0,902","0,921","0,979","0,885","0,989","0,896","0,743","0,98","0,956","0,915","0,995","0,953","0,969","0,954","0,938","0,955","0,954","0,884","0,94","0,983","0,992","0,948","0,988","0,983","0,872","0,989","0,982","0,922","0,982","0,988","0,981","0,809","0,881","0,988","0,93","0,985","0,936","0,901","0,911","0,896","0,95","0,967","0,977","0,987","0,938","0,762","0,841","0,922","0,968","0,913","0,905","0,951","0,958","0,993","0,956","0,908",0,"0,972","0,946","0,823","0,973","0,996","0,996","0,908","0,939","0,92","0,974","0,968","0,928","0,841","0,947","0,974","0,787","0,946","0,969","0,941","0,928","0,977","0,976","0,969","0,965","0,823","0,919","0,916","0,985","0,996","0,971","0,876","0,977","0,924","0,997","0,993","0,997","0,984","0,936","0,926","0,958","0,795","0,862","0,924","0,945","0,992","0,984","0,946","0,989","0,945","0,948","0,987","0,847","0,953","0,936","0,949","0,945","0,902","0,958","0,775","0,92","0,948","0,963","0,924","0,807","0,936","0,955","0,97","0,942","0,93","0,935","0,884","0,96","0,995","0,891","0,976","0,98","0,925","0,971","0,933","0,974","0,995","0,966","0,978","0,928","0,843","0,989","0,929","0,984","0,879","0,973","0,947","0,946","0,961","0,994","0,925","0,977","0,963","0,917","0,99","0,95","0,962","0,928","0,893","0,962","0,963","0,833","0,898","0,946","0,986","0,988","0,984","0,916","0,961","0,941","0,958","0,956","0,779","0,96","0,864","0,977","0,984","0,959","0,97","0,936","0,99","0,972","0,981","0,994","0,979","0,93","0,992","0,978","0,981","0,956","0,981","0,932"
ERR11865334,"0,711","0,198","0,955","0,545","0,943","0,996","0,589","0,981","0,436","0,532","0,964","0,945","0,691","0,844","0,865","0,216","0,705","0,918","0,749","0,88","0,935","0,966","0,901","0,976","0,888","0,952","0,133","0,993","0,964","0,884","0,253","0,983","0,947","0,119","0,558","0,944","0,946","0,167","0,877","0,91","0,967","0,978","0,305","0,899","0,826","0,856","0,223","0,967","0,995","0,906","0,91","0,778","0,967","0,356","0,972","0,95","0,716","0,306","0,741","0,299","0,462","0,986","0,989","0,923","0,84","0,865","0,324","0,173","0,815","0,794","0,687","0,971","0,298","0,325","0,946","0,972",0,"0,983","0,946","0,945","0,771","0,905","0,931","0,96","0,954","0,98","0,905","0,96","0,776","0,935","0,935","0,885","0,925","0,763","0,921","0,471","0,107","0,172","0,973","0,977","0,925","0,124","0,898","0,995","0,912","0,898","0,761","0,835","0,752","0,916","0,997","0,93","0,666","0,154","0,341","0,98","0,933","0,966","0,945","0,938","0,897","0,984","0,301","0,347","0,976","0,752","0,974","0,956","0,47","0,943","0,859","0,138","0,59","0,947","0,897","0,723","0,788","0,817","0,971","0,798","0,157","0,929","0,804","0,958","0,961","0,949","0,846","0,944","0,991","0,202","0,875","0,823","0,391","0,332","0,696","0,305","0,988","0,956","0,957","0,312","0,914","0,953","0,959","0,282","0,764","0,75","0,981","0,952","0,994","0,989","0,706","0,857","0,141","0,944","0,86","0,98","0,251","0,487","0,938","0,86","0,17","0,907","0,924","0,316","0,964","0,393","0,868","0,946","0,707","0,974","0,981","0,906","0,888","0,29","0,941","0,085","0,152","0,622","0,993","0,929","0,843","0,977","0,865","0,433","0,247","0,316","0,994","0,974","0,855","0,819","0,089","0,927"
ERR14783541,"0,988","0,986","0,755","0,947","0,729","0,99","0,983","0,932","0,975","0,975","0,984","0,729","0,98","0,9","0,971","0,997","0,971","0,999","0,999","0,983","0,708","0,967","0,973","0,995","0,982","0,919","0,983","0,936","0,954","0,999","0,948","0,983","0,89","0,954","0,97","0,86","0,629","0,95","0,985","0,997","0,974","0,995","0,991","0,592","0,999","0,976","0,811","0,989","0,992","0,978","0,772","0,875","0,983","0,751","0,988","0,812","0,906","0,982","0,97","0,971","0,993","0,992","0,995","0,728","0,97","0,967","0,945","0,981","0,981","0,963","0,98","0,902","0,999","0,895","0,908","0,946","0,983",0,"0,92","0,987","0,999","0,999","0,635","0,983","0,657","0,931","0,978","0,684","0,973","0,966","0,99","0,867","0,966","0,907","0,739","0,979","0,993","0,975","0,992","0,998","0,656","0,949","0,643","0,925","0,999","0,985","0,666","0,976","0,97",1,"0,992",1,"0,999","0,841","0,868","0,928","0,913","0,624","0,657","0,723","0,992","0,925","0,967","0,997","0,931","0,983","0,994","0,932","0,972","0,701","0,995","0,914","0,977","0,967","0,965","0,973","0,971","0,943","0,951","0,968","0,941","0,941","0,981","0,698","0,876","0,982","0,962","0,882","0,986","0,853","0,984","0,996","0,983","0,993","0,979","0,979","0,994","0,982","0,969","0,984","0,873","0,988","0,965","0,993","0,98","0,994","0,992","0,693","0,955","0,996","0,971","0,959","0,981","0,994","0,997","0,948","0,968","0,965","0,643","0,992","0,985","0,971","0,671","0,868","0,985","0,992","0,997","0,842","0,981","0,855","0,977","0,789","0,972","0,985","0,919","0,981","0,983","0,993","0,995","0,686","0,992","0,929","0,956","0,999","0,99","0,983","0,987","0,991","0,983","0,93","0,983","0,75"
ERR14783441,"0,969","0,972","0,929","0,857","0,947","0,993","0,974","0,964","0,945","0,876","0,977","0,946","0,968","0,985","0,937","0,991","0,833","0,999","0,998","0,976","0,937","0,789","0,956","0,989","0,974","0,895","0,954","0,982","0,642","0,998","0,956","0,975","0,982","0,931","0,935","0,946","0,902","0,933","0,98","0,993","0,986","0,987","0,98","0,854","0,99","0,992","0,945","0,959","0,993","0,965","0,895","0,833","0,968","0,951","0,98","0,938","0,856","0,975","0,913","0,955","0,981","0,983","0,995","0,945","0,908","0,92","0,929","0,965","0,97","0,822","0,967","0,984","0,989","0,958","0,958","0,823","0,946","0,92",0,"0,928","0,998","0,999","0,908","0,946","0,968","0,991","0,965","0,932","0,946","0,81","0,987","0,832","0,923","0,986","0,948","0,92","0,976","0,962","0,992","0,987","0,903","0,92","0,911","0,997","0,998","0,981","0,894","0,968","0,823","0,999","0,997",1,"0,952","0,932","0,903","0,988","0,805","0,901","0,918","0,942","0,988","0,989","0,947","0,979","0,948","0,943","0,985","0,65","0,921","0,935","0,986","0,934","0,956","0,96","0,833","0,868","0,936","0,988","0,965","0,841","0,927","0,959","0,989","0,933","0,966","0,863","0,872","0,963","0,998","0,941","0,992","0,989","0,971","0,98","0,969","0,964","0,992","0,879","0,992","0,974","0,925","0,976","0,981","0,979","0,886","0,992","0,982","0,937","0,991","0,995","0,809","0,99","0,941","0,986","0,994","0,951","0,939","0,909","0,91","0,98","0,961","0,945","0,924","0,939","0,966","0,986","0,993","0,974","0,971","0,939","0,986","0,957","0,925","0,966","0,933","0,947","0,955","0,965","0,916","0,93","0,986","0,989","0,994","0,983","0,98","0,956","0,997","0,985","0,992","0,986","0,948","0,946"
ERR11865344,"0,895","0,957","0,97","0,943","0,977","0,921","0,966","0,984","0,923","0,928","0,987","0,976","0,96","0,949","0,948","0,964","0,897","0,982","0,962","0,968","0,972","0,974","0,538","0,978","0,971","0,975","0,948","0,993","0,96","0,985","0,966","0,987","0,989","0,959","0,942","0,984","0,965","0,956","0,945","0,973","0,993","0,983","0,968","0,974","0,945","0,978","0,965","0,968","0,87","0,965","0,974","0,648","0,965","0,913","0,989","0,976","0,704","0,893","0,939","0,934","0,963","0,987","0,997","0,973","0,932","0,951","0,904","0,964","0,965","0,917","0,961","0,825","0,967","0,97","0,99","0,973","0,945","0,987","0,928",0,"0,926","0,984","0,96","0,97","0,99","0,995","0,962","0,974","0,958","0,938","0,988","0,962","0,887","0,99","0,973","0,939","0,961","0,923","0,993","0,988","0,976","0,961","0,97","0,87","0,984","0,835","0,942","0,981","0,896","0,983","0,826","0,986","0,948","0,957","0,917","0,996","0,917","0,975","0,971","0,973","0,978","0,991","0,83","0,744","0,984","0,952","0,96","0,963","0,932","0,974","0,77","0,948","0,952","0,988","0,963","0,908","0,902","0,939","0,989","0,913","0,959","0,914","0,957","0,975","0,991","0,885","0,937","0,984","0,85","0,965","0,931","0,949","0,964","0,951","0,768","0,95","0,993","0,946","0,994","0,966","0,828","0,931","0,993","0,969","0,93","0,992","0,863","0,98","0,929","0,996","0,918","0,992","0,939","0,973","0,925","0,984","0,951","0,948","0,969","0,963","0,954","0,978","0,97","0,955","0,969","0,973","0,918","0,695","0,963","0,976","0,933","0,895","0,945","0,961","0,985","0,94","0,948","0,954","0,992","0,972","0,887","0,885","0,922","0,975","0,97","0,955","0,999","0,981","0,97","0,876","0,947","0,962"
ERR11865499,"0,524","0,736","0,924","0,698","0,408","0,969","0,32","0,309","0,758","0,74",1,"0,904","0,319","0,918","0,681","0,703","0,922","0,129","0,15","0,315","0,509","0,999","0,93","0,173","0,238","0,987","0,725","0,997","0,997","0,215","0,722",1,"0,976","0,76","0,485","0,253","0,859","0,75","0,171","0,284","0,998","0,138","0,691","0,998","0,377","0,799","0,704","0,451","0,969","0,141","0,995","0,797","0,155","0,721","0,999","0,412","0,746","0,743","0,888","0,729","0,349",1,"0,862","0,54","0,914","0,981","0,589","0,717","0,24","0,735","0,353","0,982","0,767","0,801",1,"0,996","0,771","0,999","0,998","0,926",0,"0,164","0,768","0,846","0,999","0,786","0,181","0,866","0,9","0,953","0,627","0,997","0,937","0,893","0,562","0,772","0,749","0,731","0,986","0,989","0,996","0,745","0,955","0,985","0,145","0,191","0,831","0,24","0,94","0,133","0,97","0,239","0,508","0,773","0,706","0,999","0,889","0,996","0,751","0,412","0,17","0,994","0,739","0,517","0,829","0,874","0,221","0,999","0,752","0,771","0,413","0,746","0,534","0,14","0,999","0,936","0,857","0,915","0,99","0,953","0,762","0,132","0,856","0,533",1,"0,894","0,832","0,373","0,758","0,733","0,879","0,425","0,492","0,771","0,765","0,717","0,992","0,937","0,851","0,593","0,952","0,367",1,"0,767","0,843","0,671","0,505","0,88","0,96","0,883","0,948","0,817","0,722","0,278","0,168","0,16","0,732","0,436","0,949","0,277","0,72","0,999","0,958","0,739","0,197","0,692","0,107","0,968","0,29","0,269","0,987","0,22","0,826","0,808","0,999","0,758","0,67","0,543","0,999","0,576","0,167","0,756","0,951","0,765","0,782","0,807",1,"0,295","0,806","0,879","0,778","0,528"
ERR11865477,"0,737","0,891","0,922","0,904","0,39","0,999","0,461","0,192","0,937","0,945","0,999","0,901","0,446","0,992","0,672","0,863","0,968","0,096","0,293","0,297","0,496","0,999","0,992","0,053","0,213","0,993","0,853",1,"0,997","0,106","0,852","0,999","0,99","0,896","0,676","0,23","0,853","0,897","0,115","0,278","0,998","0,103","0,8","0,998","0,353","0,808","0,822","0,429","0,998","0,14","0,999","0,977","0,094","0,891","0,999","0,392","0,979","0,931","0,973","0,902","0,48",1,"0,841","0,526","0,912","0,986","0,785","0,861","0,29","0,762","0,461","0,999","0,93","0,907","0,999","0,996","0,905","0,999","0,999","0,984","0,164",0,"0,763","0,841","0,999","0,754","0,168","0,862","0,968","0,952","0,562","0,997","0,991","0,947","0,55","0,949","0,889","0,891","0,987","0,99","0,996","0,883","0,953","0,998","0,106","0,096","0,86","0,141","0,968","0,055",1,"0,11","0,699","0,91","0,882","0,999","0,903","0,996","0,742","0,397","0,068","0,999","0,936","0,662","0,823","0,964","0,207","0,999","0,969","0,763","0,51","0,891","0,719","0,097","0,999","0,974","0,984","0,952","0,99","0,977","0,901","0,094","0,915","0,518",1,"0,916","0,827","0,356","0,77","0,857","0,906","0,398","0,638","0,929","0,971","0,87","0,992","0,933","0,828","0,738","0,999","0,369",1,"0,88","0,927","0,67","0,453","0,875",1,"0,882","0,979","0,852","0,864","0,253","0,099","0,114","0,89","0,564","0,947","0,319","0,835","0,999","0,956","0,892","0,063","0,831","0,066","0,995","0,376","0,245","0,999","0,139","0,817","0,915","0,999","0,901","0,796","0,723","0,999","0,562","0,256","0,733","0,982","0,891","0,9","0,923",1,"0,175","0,838","0,931","0,909","0,528"
ERR11865493,"0,592","0,935","0,638","0,815","0,3","0,997","0,694","0,738","0,878","0,93","0,968","0,41","0,651","0,834","0,593","0,872","0,913","0,734","0,72","0,711","0,239","0,952","0,943","0,755","0,704","0,902","0,866","0,937","0,942","0,793","0,828","0,975","0,813","0,889","0,606","0,598","0,126","0,899","0,744","0,676","0,969","0,744","0,804","0,494","0,731","0,936","0,621","0,636","0,996","0,709","0,71","0,804","0,741","0,561","0,979","0,501","0,859","0,879","0,901","0,84","0,75","0,979","0,962","0,288","0,804","0,924","0,68","0,881","0,682","0,583","0,651","0,843","0,907","0,824","0,888","0,908","0,931","0,635","0,908","0,96","0,768","0,763",0,"0,761","0,69","0,849","0,704","0,348","0,912","0,866","0,895","0,809","0,943","0,795","0,33","0,924","0,935","0,91","0,976","0,979","0,385","0,862","0,302","0,996","0,731","0,757","0,331","0,764","0,898","0,757","0,997","0,792","0,612","0,778","0,781","0,885","0,729","0,314","0,117","0,302","0,768","0,91","0,87","0,773","0,687","0,93","0,711","0,897","0,907","0,224","0,64","0,844","0,585","0,713","0,919","0,907","0,934","0,877","0,936","0,903","0,883","0,698","0,917","0,283","0,798","0,819","0,652","0,647","0,932","0,713","0,952","0,721","0,695","0,897","0,934","0,84","0,984","0,86","0,936","0,709","0,834","0,644","0,959","0,914","0,875","0,925","0,867","0,308","0,996","0,951","0,917","0,914","0,873","0,674","0,784","0,701","0,914","0,65","0,286","0,662","0,831","0,945","0,357","0,74","0,752","0,777","0,759","0,818","0,679","0,579","0,973","0,558","0,651","0,932","0,893","0,931","0,791","0,654","0,993","0,171","0,713","0,835","0,942","0,888","0,931","0,94","0,986","0,788","0,943","0,851","0,942","0,368"
ERR14783509,"0,731","0,974","0,882","0,912","0,823","0,976","0,801","0,856","0,903","0,958","0,979","0,874","0,773","0,973","0,733","0,908","0,953","0,823","0,817","0,813","0,81","0,973","0,976","0,827","0,808","0,967","0,902","0,981","0,958","0,858","0,905","0,957","0,988","0,952","0,759","0,826","0,805","0,972","0,831","0,789","0,992","0,819","0,84","0,966","0,819","0,967","0,859","0,752","0,971","0,808","0,973","0,946","0,817","0,912","0,978","0,799","0,963","0,919","0,959","0,896","0,818","0,986","0,973","0,822","0,869","0,958","0,79","0,928","0,795","0,704","0,775","0,989","0,93","0,95","0,923","0,939","0,96","0,983","0,946","0,97","0,846","0,841","0,761",0,"0,987","0,956","0,805","0,82","0,947","0,901","0,923","0,968","0,965","0,937","0,829","0,957","0,958","0,951","0,965","0,97","0,974","0,938","0,919","0,981","0,821","0,842","0,849","0,845","0,954","0,837","0,984","0,859","0,73","0,969","0,951","0,972","0,762","0,971","0,777","0,818","0,841","0,989","0,908","0,846","0,806","0,948","0,799","0,958","0,94","0,804","0,776","0,951","0,742","0,83","0,957","0,954","0,956","0,956","0,974","0,96","0,962","0,836","0,949","0,804","0,984","0,859","0,747","0,844","0,94","0,904","0,972","0,816","0,795","0,932","0,975","0,882","0,956","0,891","0,969","0,81","0,971","0,768","0,983","0,935","0,894","0,937","0,808","0,852","0,949","0,878","0,955","0,96","0,921","0,792","0,854","0,821","0,963","0,79","0,912","0,784","0,874","0,967","0,928","0,901","0,827","0,832","0,84","0,979","0,792","0,806","0,882","0,847","0,749","0,96","0,931","0,963","0,836","0,765","0,992","0,793","0,812","0,953","0,99","0,91","0,951","0,97","0,998","0,849","0,968","0,948","0,966","0,835"
ERR14783473,"0,993","0,991","0,843","0,894","0,725","0,992","0,942","0,954","0,949","0,979","0,971","0,599","0,966","0,479","0,838","0,996","0,911",1,"0,998","0,846","0,699","0,984","0,687","0,995","0,909","0,956","0,974","0,942","0,979","0,997","0,966","0,975","0,587","0,957","0,983","0,895","0,642","0,97","0,914","0,998","0,894","0,996","0,989","0,709","0,998","0,89","0,844","0,994","0,991","0,983","0,633","0,924","0,992","0,786","0,98","0,863","0,952","0,931","0,851","0,958","0,988","0,989","0,973","0,631","0,853","0,816","0,904","0,988","0,947","0,976","0,936","0,713","0,999","0,874","0,811","0,92","0,954","0,657","0,968","0,99","0,999","0,999","0,69","0,987",0,"0,814","0,971","0,717","0,643","0,98","0,978","0,711","0,965","0,763","0,693","0,848","0,993","0,981","0,858","0,986","0,575","0,939","0,54","0,994",1,"0,975","0,621","0,972","0,902",1,"0,993",1,1,"0,894","0,901","0,865","0,947","0,56","0,648","0,736","0,994","0,851","0,96","0,998","0,925","0,976","0,995","0,961","0,962","0,571","0,982","0,943","0,917","0,968","0,919","0,835","0,952","0,697","0,864","0,83","0,893","0,961","0,866","0,742","0,376","0,988","0,925","0,898","0,99","0,853","0,842","0,997","0,961","0,988","0,62","0,965","0,994","0,992","0,966","0,967","0,51","0,993","0,705","0,994","0,99","0,934","0,981","0,558","0,989","0,993","0,903","0,931","0,973","0,969","0,995","0,968","0,973","0,974","0,55","0,986","0,899","0,595","0,533","0,916","0,991","0,994","0,993","0,632","0,943","0,913","0,861","0,857","0,905","0,864","0,874","0,974","0,982","0,993","0,998","0,711","0,995","0,765","0,885",1,"0,987","0,675","0,897","0,988","0,833","0,852","0,985","0,602"
ERR14783503,"0,951","0,993","0,916","0,958","0,743","0,994","0,854","0,67","0,968","0,992","0,989","0,833","0,873","0,724","0,883","0,981","0,971","0,79","0,839","0,776","0,778","0,996","0,945","0,756","0,783","0,985","0,974","0,97","0,994","0,712","0,969","0,992","0,623","0,979","0,94","0,78","0,853","0,987","0,738","0,847","0,95","0,776","0,959","0,91","0,858","0,819","0,914","0,881","0,995","0,784","0,91","0,974","0,768","0,902","0,992","0,82","0,984","0,961","0,954","0,967","0,861","0,996","0,483","0,747","0,943","0,932","0,927","0,983","0,819","0,952","0,865","0,657","0,986","0,941","0,925","0,974","0,98","0,931","0,991","0,995","0,786","0,754","0,849","0,956","0,814",0,"0,784","0,88","0,931","0,987","0,32","0,93","0,988","0,735","0,778","0,952","0,992","0,986","0,95","0,989","0,858","0,971","0,837","0,968","0,795","0,744","0,847","0,762","0,969","0,761","0,996","0,703","0,944","0,96","0,963","0,913","0,965","0,855","0,826","0,757","0,736","0,75","0,972","0,925","0,943","0,985","0,814","0,989","0,984","0,791","0,895","0,973","0,923","0,77","0,977","0,951","0,981","0,848","0,955","0,948","0,959","0,756","0,91","0,8","0,819","0,983","0,948","0,803","0,827","0,929","0,906","0,871","0,905","0,983","0,95","0,964","0,993","0,987","0,473","0,927","0,913","0,865","0,941","0,984","0,984","0,394","0,702","0,814","0,992","0,925","0,97","0,866","0,98","0,822","0,731","0,765","0,989","0,909","0,845","0,846","0,937","0,932","0,812","0,951","0,746","0,954","0,759","0,891","0,843","0,785","0,948","0,712","0,94","0,95","0,955","0,988","0,962","0,941","0,999","0,801","0,83","0,273","0,937","0,977","0,988","0,949","0,972","0,68","0,867","0,883","0,991","0,708"
ERR11865548,"0,678","0,942","0,898","0,85","0,329","0,996","0,378","0,287","0,876","0,917","0,961","0,856","0,355","0,972","0,559","0,884","0,895","0,083","0,254","0,212","0,443","0,969","0,932","0,135","0,149","0,967","0,865","0,994","0,965","0,249","0,885","0,978","0,969","0,907","0,669","0,183","0,806","0,943","0,158","0,222","0,985","0,094","0,824","0,94","0,365","0,838","0,82","0,359","0,995","0,051","0,943","0,908","0,095","0,871","0,973","0,343","0,915","0,875","0,886","0,852","0,423","0,983","0,862","0,462","0,827","0,911","0,744","0,903","0,197","0,699","0,365","0,979","0,91","0,915","0,968","0,968","0,905","0,978","0,965","0,962","0,181","0,168","0,704","0,805","0,971","0,784",0,"0,826","0,887","0,906","0,635","0,934","0,928","0,923","0,515","0,904","0,934","0,918","0,97","0,981","0,947","0,891","0,903","0,995","0,086","0,212","0,807","0,227","0,884","0,139","0,997","0,25","0,66","0,928","0,898","0,988","0,856","0,961","0,681","0,348","0,189","0,988","0,881","0,684","0,804","0,918","0,126","0,957","0,893","0,714","0,448","0,915","0,645","0,125","0,923","0,892","0,909","0,951","0,964","0,891","0,916","0,167","0,897","0,464","0,981","0,88","0,717","0,332","0,762","0,86","0,904","0,413","0,586","0,903","0,921","0,848","0,985","0,908","0,856","0,685","0,943","0,291","0,982","0,917","0,888","0,719","0,522","0,844","0,994","0,874","0,897","0,831","0,876","0,177","0,239","0,119","0,918","0,574","0,892","0,233","0,835","0,944","0,905","0,878","0,133","0,801","0,176","0,96","0,294","0,172","0,987","0,252","0,727","0,92","0,957","0,904","0,809","0,674","0,996","0,514","0,213","0,764","0,981","0,895","0,93","0,918","0,996","0,262","0,835","0,912","0,923","0,454"
ERR11865445,"0,771","0,965","0,689","0,877","0,508","0,999","0,821","0,816","0,907","0,969","0,977","0,37","0,8","0,854","0,763","0,908","0,952","0,847","0,843","0,824","0,443","0,975","0,964","0,852","0,82","0,922","0,903","0,942","0,957","0,874","0,864","0,965","0,765","0,924","0,778","0,658","0,353","0,932","0,849","0,819","0,971","0,843","0,86","0,566","0,848","0,949","0,677","0,79","0,999","0,83","0,713","0,856","0,842","0,631","0,985","0,593","0,899","0,911","0,947","0,877","0,852","0,982","0,973","0,491","0,862","0,947","0,777","0,916","0,811","0,724","0,799","0,838","0,932","0,858","0,904","0,928","0,96","0,684","0,932","0,974","0,866","0,862","0,348","0,82","0,717","0,88","0,826",0,"0,942","0,908","0,927","0,857","0,961","0,82","0,362","0,96","0,959","0,941","0,975","0,983","0,553","0,896","0,475","0,997","0,846","0,855","0,455","0,855","0,944","0,859",1,"0,877","0,791","0,829","0,844","0,904","0,79","0,514","0,366","0,485","0,861","0,923","0,895","0,868","0,468","0,956","0,83","0,928","0,937","0,397","0,799","0,887","0,769","0,804","0,952","0,943","0,942","0,898","0,838","0,944","0,922","0,806","0,921","0,385","0,793","0,874","0,748","0,573","0,954","0,772","0,963","0,842","0,821","0,925","0,964","0,879","0,986","0,9","0,947","0,827","0,865","0,801","0,962","0,935","0,905","0,942","0,912","0,352",1,"0,965","0,955","0,927","0,914","0,812","0,872","0,804","0,952","0,789","0,437","0,805","0,87","0,96","0,508","0,789","0,849","0,856","0,858","0,833","0,813","0,706","0,965","0,669","0,747","0,955","0,913","0,964","0,84","0,799","0,995","0,433","0,837","0,868","0,936","0,91","0,948","0,966","0,987","0,863","0,957","0,875","0,969","0,544"
ERR14783794,"0,814","0,849","0,952","0,597","0,941","0,998","0,774","0,975","0,8","0,783","0,926","0,927","0,782","0,778","0,604","0,869","0,642","0,964","0,879","0,732","0,924","0,952","0,364","0,976","0,829","0,949","0,84","0,991","0,925","0,93","0,875","0,971","0,757","0,825","0,828","0,961","0,905","0,853","0,82","0,927","0,927","0,973","0,888","0,789","0,963","0,897","0,814","0,938","0,996","0,902","0,717","0,767","0,967","0,834","0,949","0,93","0,776","0,77","0,446","0,824","0,878","0,953","0,977","0,914","0,574","0,471","0,73","0,863","0,779","0,848","0,718","0,859","0,883","0,805","0,809","0,841","0,776","0,973","0,946","0,958","0,9","0,968","0,912","0,947","0,643","0,931","0,887","0,942",0,"0,863","0,964","0,43","0,904","0,875","0,926","0,557","0,854","0,856","0,859","0,961","0,798","0,789","0,868","0,995","0,965","0,935","0,615","0,935","0,645","0,927","0,999","0,971","0,832","0,84","0,769","0,947","0,914","0,913","0,924","0,942","0,921","0,97","0,835","0,9","0,962","0,831","0,971","0,918","0,763","0,921","0,844","0,844","0,66","0,966","0,747","0,497","0,794","0,876","0,918","0,494","0,707","0,957","0,828","0,945","0,749","0,938","0,772","0,963","0,98","0,765","0,915","0,959","0,809","0,871","0,368","0,839","0,987","0,944","0,982","0,826","0,358","0,951","0,836","0,891","0,811","0,908","0,968","0,936","0,998","0,989","0,664","0,94","0,817","0,904","0,923","0,974","0,801","0,846","0,9","0,839","0,725","0,177","0,882","0,864","0,959","0,896","0,908","0,684","0,746","0,964","0,895","0,95","0,717","0,683","0,843","0,808","0,856","0,846","0,99","0,931","0,873","0,897","0,922","0,91","0,874","0,432","0,959","0,966","0,889","0,88","0,837","0,897"
ERR11865542,"0,852","0,952","0,926","0,795","0,922","0,997","0,906","0,952","0,908","0,919","0,891","0,923","0,882","0,984","0,83","0,925","0,819","0,944","0,939","0,912","0,913","0,785","0,949","0,938","0,909","0,98","0,905","0,995","0,76","0,959","0,94","0,977","0,986","0,915","0,889","0,938","0,868","0,952","0,925","0,92","0,994","0,93","0,939","0,886","0,94","0,988","0,92","0,81","0,997","0,906","0,913","0,85","0,924","0,93","0,919","0,92","0,918","0,914","0,877","0,912","0,939","0,892","0,992","0,92","0,718","0,894","0,896","0,93","0,899","0,818","0,885","0,99","0,939","0,939","0,978","0,947","0,935","0,966","0,81","0,938","0,953","0,952","0,866","0,901","0,98","0,987","0,906","0,908","0,863",0,"0,976","0,912","0,908","0,98","0,925","0,939","0,931","0,912","0,984","0,947","0,922","0,89","0,873","0,996","0,943","0,931","0,886","0,939","0,812","0,95","0,999","0,96","0,894","0,942","0,893","0,994","0,812","0,938","0,883","0,92","0,944","0,995","0,907","0,946","0,93","0,931","0,915","0,805","0,8","0,907","0,9","0,915","0,846","0,945","0,736","0,856","0,939","0,989","0,972","0,865","0,929","0,944","0,983","0,916","0,979","0,609","0,681","0,95","0,988","0,913","0,992","0,934","0,906","0,932","0,954","0,922","0,983","0,552","0,992","0,913","0,954","0,891","0,991","0,944","0,821","0,983","0,971","0,912","0,997","0,988","0,881","0,988","0,881","0,914","0,951","0,937","0,914","0,913","0,873","0,905","0,918","0,936","0,889","0,923","0,918","0,939","0,945","0,977","0,898","0,923","0,991","0,942","0,738","0,942","0,965","0,932","0,91","0,889","0,969","0,9","0,927","0,985","0,991","0,961","0,93","0,959","0,998","0,946","0,987","0,983","0,946","0,926"
ERR14783802,"0,907","0,941","0,949","0,943","0,721","0,998","0,757","0,49","0,952","0,968","0,985","0,939","0,772","0,979","0,86","0,943","0,977","0,624","0,71","0,681","0,77","0,992","0,975","0,593","0,648","0,985","0,915","0,994","0,989","0,504","0,917","0,988","0,976","0,928","0,875","0,664","0,926","0,94","0,594","0,722","0,986","0,624","0,892","0,974","0,717","0,803","0,884","0,792","0,997","0,63","0,972","0,974","0,611","0,93","0,989","0,746","0,982","0,949","0,97","0,938","0,764","0,993","0,519","0,773","0,949","0,971","0,893","0,934","0,689","0,91","0,772","0,984","0,97","0,93","0,979","0,974","0,935","0,99","0,987","0,988","0,627","0,562","0,895","0,923","0,978","0,32","0,635","0,927","0,964","0,976",0,"0,972","0,98","0,949","0,782","0,959","0,939","0,931","0,976","0,984","0,973","0,92","0,961","0,997","0,63","0,558","0,92","0,58","0,974","0,591","0,999","0,494","0,893","0,934","0,934","0,988","0,95","0,977","0,879","0,726","0,547","0,991","0,953","0,834","0,921","0,968","0,682","0,984","0,974","0,884","0,805","0,93","0,877","0,611","0,976","0,973","0,973","0,947","0,976","0,969","0,932","0,594","0,926","0,791","0,978","0,969","0,924","0,703","0,838","0,904","0,909","0,738","0,831","0,963","0,967","0,929","0,99","0,977","0,502","0,874","0,974","0,763","0,984","0,931","0,967","0,19","0,551","0,934","0,996","0,904","0,976","0,875","0,919","0,694","0,529","0,62","0,932","0,804","0,957","0,728","0,898","0,976","0,956","0,942","0,578","0,922","0,579","0,977","0,731","0,681","0,985","0,586","0,919","0,93","0,977","0,936","0,891","0,894","0,999","0,808","0,692","0,278","0,972","0,948","0,936","0,944","0,996","0,481","0,858","0,936","0,94","0,762"
ERR11865320,"0,977","0,976","0,884","0,644","0,878","0,999","0,862","0,919","0,884","0,918","0,94","0,859","0,911","0,86","0,552","0,989","0,623","0,997","0,996","0,77","0,854","0,913","0,47","0,99","0,89","0,877","0,936","0,964","0,901","0,996","0,929","0,968","0,841","0,899","0,953","0,899","0,795","0,926","0,82","0,993","0,924","0,99","0,981","0,628","0,991","0,937","0,826","0,978",1,"0,96","0,588","0,743","0,981","0,869","0,964","0,876","0,839","0,873","0,428","0,914","0,976","0,975","0,982","0,851","0,529","0,376","0,774","0,971","0,879","0,902","0,837","0,862","0,991","0,809","0,758","0,787","0,885","0,867","0,832","0,962","0,997","0,997","0,809","0,968","0,711","0,93","0,934","0,857","0,43","0,912","0,972",0,"0,911","0,895","0,879","0,595","0,975","0,956","0,918","0,979","0,708","0,857","0,736","0,999","0,997","0,951","0,505","0,943","0,58","0,997","0,999","0,998","0,986","0,848","0,76","0,933","0,826","0,765","0,823","0,885","0,988","0,957","0,925","0,991","0,904","0,936","0,988","0,831","0,883","0,855","0,951","0,868","0,753","0,954","0,628","0,393","0,893","0,923","0,927","0,344","0,738","0,921","0,896","0,875","0,817","0,952","0,702","0,913","0,999","0,762","0,948","0,99","0,904","0,97","0,578","0,921","0,992","0,959","0,981","0,92","0,416","0,98","0,879","0,983","0,952","0,954","0,975","0,863","0,999","0,992","0,602","0,948","0,926","0,92","0,991","0,928","0,922","0,926","0,779","0,96","0,784","0,363","0,769","0,882","0,98","0,986","0,986","0,757","0,864","0,882","0,905","0,909","0,739","0,729","0,782","0,929","0,954","0,974","0,988","0,853","0,988","0,903","0,941","0,994","0,975","0,637","0,969","0,974","0,935","0,905","0,959","0,834"
ERR14783522,"0,916","0,956","0,964","0,886","0,959","0,964","0,943","0,979","0,893","0,92","0,96","0,948","0,921","0,961","0,914","0,97","0,891","0,991","0,967","0,946","0,96","0,954","0,867","0,987","0,951","0,927","0,938","0,988","0,941","0,985","0,952","0,982","0,975","0,92","0,934","0,978","0,949","0,949","0,932","0,978","0,985","0,987","0,972","0,849","0,959","0,882","0,932","0,971","0,964","0,955","0,872","0,803","0,972","0,896","0,969","0,97","0,82","0,892","0,897","0,902","0,966","0,984","0,993","0,943","0,905","0,898","0,87","0,953","0,937","0,93","0,922","0,961","0,977","0,943","0,962","0,946","0,925","0,966","0,923","0,887","0,937","0,991","0,943","0,965","0,965","0,988","0,928","0,961","0,904","0,908","0,98","0,911",0,"0,975","0,954","0,916","0,968","0,91","0,983","0,989","0,873","0,918","0,929","0,984","0,992","0,924","0,918","0,957","0,884","0,985","0,965","0,991","0,976","0,927","0,881","0,986","0,916","0,95","0,937","0,961","0,979","0,983","0,877","0,931","0,977","0,509","0,969","0,92","0,832","0,948","0,9","0,922","0,921","0,983","0,909","0,897","0,871","0,973","0,973","0,89","0,921","0,924","0,969","0,966","0,976","0,923","0,907","0,978","0,981","0,931","0,982","0,959","0,953","0,96","0,885","0,929","0,991","0,974","0,989","0,959","0,867","0,949","0,981","0,978","0,946","0,981","0,958","0,956","0,951","0,992","0,892","0,983","0,934","0,982","0,937","0,979","0,922","0,955","0,931","0,967","0,943","0,923","0,933","0,94","0,971","0,976","0,931","0,934","0,928","0,972","0,972","0,923","0,918","0,952","0,946","0,919","0,946","0,962","0,991","0,954","0,917","0,974","0,981","0,988","0,967","0,935","0,996","0,984","0,978","0,895","0,94","0,933"
ERR14783425,"0,881","0,823","0,878","0,875","0,808","0,996","0,822","0,927","0,811","0,924","0,984","0,765","0,874","0,633","0,869","0,737","0,942","0,946","0,89","0,892","0,804","0,994","0,917","0,945","0,92","0,972","0,743","0,964","0,99","0,935","0,69","0,989","0,689","0,745","0,846","0,904","0,786","0,796","0,902","0,936","0,8","0,945","0,677","0,859","0,945","0,81","0,681","0,94","0,995","0,928","0,884","0,925","0,943","0,625","0,989","0,886","0,904","0,68","0,906","0,674","0,775","0,994","0,969","0,756","0,925","0,889","0,738","0,753","0,893","0,918","0,864","0,728","0,706","0,623","0,916","0,969","0,763","0,907","0,986","0,99","0,893","0,947","0,795","0,937","0,763","0,735","0,923","0,82","0,875","0,98","0,949","0,895","0,975",0,"0,795","0,843","0,787","0,755","0,79","0,986","0,816","0,761","0,764","0,96","0,946","0,937","0,766","0,932","0,944","0,936","0,996","0,949","0,875","0,742","0,824","0,9","0,947","0,79","0,777","0,817","0,934","0,827","0,717","0,786","0,916","0,945","0,943","0,984","0,868","0,73","0,916","0,752","0,839","0,938","0,966","0,913","0,833","0,638","0,942","0,915","0,758","0,927","0,731","0,827","0,771","0,974","0,922","0,904","0,912","0,714","0,827","0,944","0,762","0,67","0,862","0,648","0,991","0,981","0,946","0,712","0,89","0,94","0,911","0,704","0,95","0,77","0,948","0,728","0,997","0,972","0,946","0,784","0,797","0,93","0,933","0,932","0,841","0,847","0,776","0,915","0,69","0,914","0,727","0,66","0,943","0,637","0,928","0,85","0,866","0,904","0,943","0,871","0,923","0,628","0,95","0,784","0,737","0,85","0,999","0,804","0,921","0,829","0,701","0,668","0,705","0,757","0,974","0,945","0,812","0,676","0,759","0,723"
ERR11865419,"0,744","0,928","0,727","0,851","0,196","0,999","0,489","0,577","0,907","0,924","0,975","0,333","0,44","0,83","0,651","0,884","0,939","0,509","0,497","0,506","0,135","0,974","0,956","0,561","0,484","0,931","0,873","0,945","0,963","0,591","0,845","0,981","0,809","0,889","0,683","0,369","0,352","0,902","0,54","0,445","0,97","0,541","0,826","0,658","0,509","0,885","0,687","0,448","0,998","0,511","0,801","0,87","0,548","0,639","0,98","0,29","0,91","0,9","0,935","0,864","0,561","0,986","0,92","0,162","0,878","0,936","0,741","0,89","0,464","0,741","0,453","0,841","0,933","0,839","0,911","0,941","0,921","0,739","0,948","0,973","0,562","0,55","0,33","0,829","0,693","0,778","0,515","0,362","0,926","0,925","0,782","0,879","0,954","0,795",0,"0,921","0,925","0,907","0,975","0,985","0,536","0,868","0,459","0,997","0,505","0,566","0,51","0,567","0,931","0,547","0,999","0,591","0,714","0,808","0,819","0,889","0,834","0,488","0,272","0,194","0,56","0,905","0,895","0,704","0,722","0,941","0,504","0,936","0,934","0,287","0,521","0,857","0,7","0,49","0,954","0,938","0,946","0,869","0,939","0,937","0,886","0,502","0,891","0,142","0,798","0,905","0,794","0,296","0,847","0,764","0,909","0,498","0,627","0,919","0,942","0,855","0,986","0,926","0,889","0,728","0,88","0,438","0,962","0,91","0,918","0,837","0,74","0,391","0,999","0,892","0,941","0,858","0,881","0,469","0,588","0,516","0,906","0,586","0,42","0,455","0,849","0,953","0,495","0,784","0,566","0,831","0,555","0,846","0,457","0,418","0,973","0,413","0,788","0,924","0,92","0,921","0,82","0,727","0,996","0,175","0,491","0,759","0,94","0,895","0,921","0,932","0,986","0,615","0,889","0,845","0,93","0,241"
ERR11865413,"0,673","0,579","0,953","0,391","0,945","0,993","0,585","0,986","0,545","0,296","0,951","0,943","0,663","0,829","0,687","0,625","0,56","0,944","0,739","0,797","0,921","0,955","0,692","0,983","0,887","0,936","0,59","0,989","0,952","0,916","0,67","0,972","0,887","0,597","0,535","0,947","0,931","0,6","0,803","0,909","0,915","0,986","0,704","0,847","0,936","0,912","0,628","0,975","0,992","0,906","0,817","0,745","0,974","0,671","0,969","0,953","0,674","0,63","0,469","0,636","0,703","0,98","0,987","0,917","0,717","0,596","0,502","0,621","0,784","0,698","0,637","0,919","0,674","0,643","0,864","0,928","0,471","0,979","0,92","0,939","0,772","0,949","0,924","0,957","0,848","0,952","0,904","0,96","0,557","0,939","0,959","0,595","0,916","0,843","0,921",0,"0,598","0,636","0,939","0,965","0,894","0,549","0,889","0,992","0,945","0,917","0,551","0,923","0,602","0,916","0,996","0,954","0,622","0,612","0,49","0,957","0,915","0,938","0,948","0,939","0,907","0,97","0,652","0,662","0,983","0,588","0,982","0,941","0,475","0,945","0,83","0,616","0,493","0,95","0,833","0,417","0,767","0,857","0,969","0,535","0,471","0,943","0,866","0,963","0,889","0,955","0,8","0,95","0,993","0,584","0,919","0,935","0,612","0,673","0,491","0,638","0,99","0,966","0,962","0,65","0,72","0,96","0,889","0,695","0,607","0,873","0,969","0,955","0,987","0,99","0,517","0,913","0,506","0,929","0,906","0,987","0,506","0,535","0,922","0,843","0,47","0,667","0,905","0,656","0,969","0,725","0,89","0,862","0,689","0,98","0,942","0,938","0,853","0,522","0,917","0,547","0,605","0,594","0,99","0,929","0,852","0,942","0,918","0,727","0,675","0,397","0,982","0,975","0,911","0,874","0,498","0,917"
ERR11865312,"0,669","0,109","0,961","0,582","0,947","0,999","0,596","0,973","0,465","0,623","0,99","0,961","0,711","0,861","0,935","0,162","0,866","0,902","0,721","0,926","0,935","0,989","0,972","0,967","0,901","0,976","0,125","0,996","0,98","0,869","0,213","0,99","0,97","0,09","0,503","0,931","0,944","0,081","0,921","0,89","0,995","0,967","0,266","0,981","0,799","0,869","0,212","0,953","0,998","0,908","0,985","0,787","0,964","0,356","0,991","0,937","0,719","0,315","0,818","0,294","0,42","0,989","0,995","0,939","0,917","0,954","0,328","0,118","0,822","0,854","0,74","0,995","0,256","0,34","0,991","0,977","0,107","0,993","0,976","0,961","0,749","0,889","0,935","0,958","0,993","0,992","0,934","0,959","0,854","0,931","0,939","0,975","0,968","0,787","0,925","0,598",0,"0,127","0,991","0,984","0,983","0,087","0,957","0,997","0,895","0,904","0,869","0,84","0,887","0,901","0,999","0,918","0,632","0,113","0,326","0,996","0,94","0,981","0,958","0,935","0,886","0,997","0,286","0,33","0,964","0,826","0,964","0,977","0,451","0,951","0,84","0,093","0,621","0,934","0,977","0,887","0,84","0,845","0,984","0,909","0,152","0,918","0,821","0,953","0,994","0,93","0,928","0,933","0,99","0,187","0,892","0,793","0,348","0,298","0,74","0,31","0,989","0,935","0,97","0,283","0,986","0,946","0,996","0,238","0,815","0,77","0,982","0,957","0,999","0,992","0,899","0,871","0,129","0,931","0,846","0,97","0,197","0,49","0,956","0,84","0,227","0,985","0,958","0,291","0,959","0,361","0,855","0,988","0,759","0,965","0,997","0,9","0,923","0,318","0,988","0,051","0,141","0,571","0,994","0,93","0,824","0,991","0,876","0,414","0,203","0,399","0,999","0,971","0,869","0,839","0,139","0,968"
ERR11865286,"0,661","0,183","0,946","0,605","0,928","0,976","0,62","0,963","0,465","0,665","0,981","0,94","0,725","0,847","0,915","0,146","0,874","0,903","0,727","0,914","0,918","0,967","0,917","0,959","0,891","0,969","0,093","0,992","0,959","0,872","0,179","0,989","0,964","0,079","0,532","0,92","0,923","0,154","0,888","0,893","0,992","0,96","0,198","0,96","0,732","0,843","0,213","0,945","0,976","0,898","0,96","0,74","0,946","0,284","0,985","0,923","0,688","0,244","0,833","0,224","0,466","0,992","0,991","0,919","0,9","0,944","0,335","0,117","0,819","0,861","0,75","0,978","0,23","0,253","0,98","0,976","0,172","0,975","0,962","0,923","0,731","0,891","0,91","0,951","0,981","0,986","0,918","0,941","0,856","0,912","0,931","0,956","0,91","0,755","0,907","0,636","0,127",0,"0,984","0,987","0,964","0,161","0,929","0,988","0,897","0,866","0,857","0,781","0,894","0,902","0,977","0,918","0,676","0,164","0,359","0,992","0,905","0,966","0,932","0,918","0,884","0,988","0,21","0,337","0,948","0,838","0,943","0,954","0,507","0,928","0,808","0,097","0,648","0,924","0,962","0,894","0,806","0,819","0,976","0,909","0,224","0,877","0,785","0,936","0,987","0,896","0,905","0,923","0,976","0,2","0,866","0,729","0,4","0,267","0,717","0,259","0,986","0,925","0,959","0,267","0,931","0,908","0,991","0,174","0,821","0,753","0,958","0,928","0,969","0,989","0,906","0,849","0,211","0,933","0,823","0,957","0,28","0,538","0,929","0,852","0,174","0,969","0,932","0,251","0,947","0,333","0,83","0,96","0,766","0,951","0,984","0,864","0,905","0,294","0,973","0,149","0,132","0,621","0,996","0,91","0,794","0,975","0,846","0,385","0,136","0,444","0,998","0,965","0,845","0,807","0,187","0,934"
ERR14783510,"0,982","0,992","0,976","0,957","0,979","0,988","0,964","0,984","0,963","0,989","0,988","0,974","0,971","0,877","0,927","0,984","0,968","0,986","0,985","0,926","0,975","0,995","0,882","0,985","0,95","0,989","0,976","0,987","0,992","0,986","0,981","0,991","0,881","0,981","0,981","0,982","0,974","0,992","0,951","0,985","0,436","0,985","0,983","0,966","0,984","0,93","0,963","0,983","0,989","0,979","0,921","0,985","0,982","0,967","0,991","0,978","0,978","0,958","0,949","0,97","0,978","0,995","0,975","0,971","0,936","0,936","0,955","0,983","0,966","0,979","0,958","0,915","0,985","0,96","0,938","0,969","0,973","0,992","0,992","0,993","0,986","0,987","0,976","0,965","0,858","0,95","0,97","0,975","0,859","0,984","0,976","0,918","0,983","0,79","0,975","0,939","0,991","0,984",0,"0,983","0,95","0,973","0,965","0,966","0,986","0,976","0,928","0,976","0,966","0,987","0,989","0,987","0,981","0,987","0,978","0,927","0,973","0,985","0,971","0,978","0,985","0,978","0,97","0,985","0,98","0,983","0,983","0,991","0,981","0,975","0,978","0,984","0,956","0,985","0,974","0,942","0,899","0,862","0,9","0,942","0,963","0,982","0,913","0,981","0,876","0,98","0,96","0,981","0,98","0,958","0,896","0,985","0,969","0,981","0,878","0,972","0,989","0,986","0,979","0,973","0,856","0,983","0,874","0,985","0,982","0,847","0,977","0,976","0,986","0,985","0,966","0,945","0,977","0,975","0,985","0,984","0,988","0,981","0,972","0,981","0,945","0,856","0,966","0,979","0,982","0,984","0,983","0,807","0,954","0,982","0,924","0,98","0,954","0,935","0,963","0,983","0,979","0,983","0,999","0,979","0,984","0,924","0,724","0,987","0,986","0,872","0,959","0,982","0,93","0,879","0,971","0,963"
ERR14783484,"0,986","0,99","0,975","0,97","0,987","0,985","0,974","0,989","0,962","0,976","0,942","0,983","0,983","0,982","0,969","0,986","0,983","0,99","0,988","0,975","0,978","0,999","0,982","0,987","0,975","0,983","0,982","0,981","0,996","0,991","0,989","0,985","0,988","0,985","0,987","0,99","0,976","0,989","0,985","0,989","0,99","0,988","0,986","0,989","0,985","0,991","0,976","0,977","0,982","0,985","0,976","0,983","0,987","0,978","0,94","0,988","0,993","0,974","0,98","0,981","0,973","0,943","0,994","0,983","0,967","0,978","0,98","0,988","0,974","0,977","0,978","0,99","0,986","0,985","0,984","0,965","0,977","0,998","0,987","0,988","0,989","0,99","0,979","0,97","0,986","0,989","0,981","0,983","0,961","0,947","0,984","0,979","0,989","0,986","0,985","0,965","0,984","0,987","0,983",0,"0,981","0,98","0,983","0,989","0,989","0,98","0,97","0,988","0,976","0,99","0,985","0,991","0,985","0,99","0,985","0,985","0,953","0,981","0,985","0,986","0,99","0,993","0,978","0,981","0,989","0,966","0,987","0,992","0,98","0,986","0,975","0,987","0,971","0,99","0,97","0,977","0,976","0,981","0,973","0,973","0,987","0,988","0,988","0,987","0,975","0,981","0,969","0,99","0,99","0,974","0,988","0,97","0,972","0,98","0,981","0,984","0,991","0,985","0,993","0,97","0,982","0,987","0,986","0,986","0,964","0,981","0,968","0,989","0,985","0,992","0,973","0,989","0,977","0,973","0,987","0,988","0,99","0,98","0,977","0,98","0,973","0,98","0,974","0,984","0,986","0,988","0,985","0,983","0,98","0,987","0,984","0,987","0,968","0,974","0,981","0,986","0,983","0,968","0,997","0,985","0,988","0,989","0,992","0,988","0,985","0,973","0,998","0,985","0,99","0,983","0,981","0,98"
ERR14783460,"0,983","0,981","0,748","0,832","0,535","0,997","0,892","0,925","0,916","0,95","0,951","0,51","0,932","0,777","0,817","0,99","0,878","0,996","0,995","0,802","0,505","0,957","0,848","0,991","0,839","0,908","0,953","0,939","0,946","0,993","0,941","0,968","0,749","0,92","0,964","0,85","0,319","0,943","0,937","0,993","0,934","0,989","0,984","0,335","0,996","0,935","0,739","0,977","0,996","0,967","0,465","0,825","0,984","0,65","0,969","0,794","0,889","0,885","0,843","0,929","0,982","0,98","0,971","0,493","0,737","0,816","0,875","0,976","0,901","0,941","0,901","0,806","0,996","0,847","0,778","0,823","0,925","0,656","0,903","0,976","0,996","0,996","0,385","0,974","0,575","0,858","0,947","0,553","0,798","0,922","0,973","0,708","0,873","0,816","0,536","0,894","0,983","0,964","0,95","0,981",0,"0,884","0,308","0,997","0,995","0,958","0,447","0,95","0,861","0,996","0,998","0,997","0,994","0,808","0,801","0,861","0,886","0,292","0,378","0,568","0,988","0,895","0,931","0,994","0,921","0,953","0,988","0,905","0,849","0,462","0,962","0,896","0,857","0,964","0,792","0,865","0,913","0,877","0,887","0,793","0,879","0,934","0,948","0,573","0,719","0,972","0,835","0,869","0,996","0,75","0,962","0,993","0,926","0,978","0,891","0,939","0,992","0,978","0,963","0,938","0,682","0,984","0,913","0,989","0,973","0,946","0,974","0,453","0,998","0,992","0,867","0,942","0,948","0,939","0,991","0,943","0,943","0,947","0,328","0,969","0,925","0,771","0,353","0,853","0,979","0,987","0,987","0,738","0,912","0,842","0,932","0,77","0,771","0,924","0,777","0,95","0,967","0,984","0,994","0,474","0,989","0,842","0,926","0,997","0,976","0,9","0,974","0,979","0,961","0,879","0,971","0,512"
ERR11865318,"0,661","0,172","0,917","0,472","0,896","0,998","0,545","0,942","0,41","0,606","0,957","0,893","0,66","0,833","0,85","0,184","0,801","0,895","0,717","0,864","0,879","0,961","0,908","0,957","0,853","0,935","0,154","0,983","0,947","0,86","0,199","0,973","0,938","0,093","0,482","0,888","0,872","0,114","0,873","0,881","0,978","0,955","0,31","0,861","0,833","0,862","0,186","0,939","0,997","0,882","0,879","0,709","0,948","0,322","0,971","0,887","0,67","0,276","0,742","0,255","0,42","0,981","0,984","0,865","0,816","0,869","0,246","0,124","0,774","0,813","0,678","0,968","0,276","0,32","0,934","0,919","0,124","0,949","0,92","0,961","0,745","0,883","0,862","0,938","0,939","0,971","0,891","0,896","0,789","0,89","0,92","0,857","0,918","0,761","0,868","0,549","0,087","0,161","0,973","0,98","0,884",0,"0,845","0,997","0,888","0,876","0,772","0,826","0,81","0,894","0,998","0,912","0,635","0,127","0,254","0,977","0,865","0,919","0,877","0,886","0,874","0,982","0,254","0,37","0,915","0,801","0,95","0,913","0,413","0,885","0,822","0,108","0,553","0,897","0,877","0,814","0,784","0,836","0,957","0,829","0,097","0,88","0,8","0,905","0,958","0,905","0,821","0,894","0,985","0,156","0,887","0,828","0,332","0,308","0,691","0,282","0,984","0,911","0,964","0,285","0,895","0,928","0,973","0,289","0,797","0,765","0,968","0,892","0,998","0,986","0,822","0,856","0,129","0,914","0,84","0,931","0,191","0,462","0,866","0,823","0,234","0,911","0,854","0,273","0,945","0,374","0,845","0,943","0,701","0,921","0,977","0,862","0,837","0,311","0,909","0,089","0,18","0,573","0,992","0,871","0,816","0,968","0,87","0,427","0,246","0,367","0,993","0,953","0,859","0,821","0,19","0,887"
ERR11865381,"0,908","0,963","0,698","0,767","0,472","0,999","0,878","0,885","0,861","0,945","0,957","0,314","0,873","0,757","0,804","0,938","0,835","0,948","0,945","0,861","0,449","0,953","0,893","0,945","0,896","0,908","0,903","0,939","0,939","0,955","0,892","0,969","0,732","0,892","0,898","0,792","0,208","0,925","0,883","0,934","0,958","0,941","0,944","0,419","0,947","0,957","0,699","0,915","0,999","0,918","0,646","0,8","0,937","0,614","0,969","0,727","0,882","0,883","0,839","0,884","0,94","0,982","0,981","0,311","0,752","0,844","0,811","0,923","0,89","0,859","0,839","0,768","0,946","0,801","0,854","0,916","0,898","0,643","0,911","0,97","0,955","0,953","0,302","0,919","0,54","0,837","0,903","0,475","0,868","0,873","0,961","0,736","0,929","0,764","0,459","0,889","0,957","0,929","0,965","0,983","0,308","0,845",0,"0,997","0,947","0,929","0,391","0,912","0,824","0,952",1,"0,959","0,924","0,793","0,767","0,869","0,808","0,107","0,264","0,503","0,947","0,868","0,881","0,954","0,852","0,934","0,934","0,899","0,883","0,235","0,919","0,862","0,811","0,912","0,861","0,84","0,902","0,862","0,933","0,836","0,847","0,889","0,949","0,501","0,7","0,861","0,747","0,815","0,984","0,728","0,97","0,943","0,912","0,934","0,906","0,894","0,984","0,868","0,957","0,922","0,783","0,921","0,945","0,947","0,896","0,961","0,963","0,211",1,"0,983","0,841","0,937","0,893","0,923","0,953","0,892","0,93","0,892","0,076","0,918","0,88","0,876","0,119","0,803","0,939","0,944","0,945","0,791","0,852","0,784","0,96","0,726","0,81","0,908","0,862","0,937","0,918","0,92","0,994","0,397","0,939","0,823","0,936","0,959","0,945","0,916","0,982","0,942","0,966","0,885","0,959","0,338"
ERR14783787,"0,99","0,996","0,984","0,996","0,997","0,909","0,997","0,997","0,984","0,996","0,998","0,997","0,996","0,953","0,996","0,996","0,997","0,998","0,995","0,997","0,996",1,"0,924","0,997","0,997","0,991","0,996","0,979","0,998","0,998","0,995","0,993","0,997","0,996","0,994","0,998","0,997","0,995","0,991","0,998","0,992","0,998","0,996","0,998","0,991","0,986","0,996","0,997","0,92","0,997","0,991","0,961","0,995","0,981","0,998","0,997","0,965","0,981","0,997","0,989","0,991","0,999","0,999","0,997","0,997","0,984","0,985","0,995","0,997","0,996","0,996","0,667","0,996","0,995","0,999","0,985","0,995","0,925","0,997","0,87","0,985","0,998","0,996","0,981","0,994","0,968","0,995","0,997","0,995","0,996","0,997","0,999","0,984","0,96","0,997","0,992","0,997","0,988","0,966","0,989","0,997","0,997","0,997",0,"0,998","0,963","0,996","0,995","0,997","0,998","0,887","0,998","0,993","0,995","0,991","0,991","0,984","0,998","0,997","0,996","0,998","0,99","0,964","0,947","0,998","0,979","0,994","0,996","0,995","0,997","0,966","0,993","0,997","0,998","0,998","0,996","0,953","0,935","0,96","0,998","0,996","0,983","0,979","0,997","0,997","0,991","0,996","0,998","0,56","0,996","0,933","0,992","0,995","0,994","0,957","0,993","0,998","0,997","0,994","0,997","0,969","0,992","0,994","0,997","0,994","0,99","0,945","0,998","0,814","0,998","0,997","0,978","0,996","0,997","0,984","0,997","0,996","0,997","0,997","0,997","0,996","0,998","0,997","0,994","0,995","0,997","0,984","0,792","0,996","0,997","0,932","0,978","0,997","0,996","0,998","0,995","0,996","0,996","0,999","0,997","0,981","0,935","0,783","0,998","0,996","0,995",1,"0,997","0,981","0,696","0,994","0,992"
ERR11865421,"0,696","0,898","0,915","0,891","0,326","0,999","0,399","0,285","0,932","0,939","0,999","0,891","0,374","0,992","0,624","0,847","0,964","0,017","0,211","0,22","0,44",1,"0,993","0,126","0,124","0,994","0,854",1,"0,997","0,204","0,853","0,999","0,99","0,902","0,631","0,145","0,833","0,905","0,155","0,182","0,999","0,081","0,796","0,998","0,296","0,842","0,82","0,343","0,997","0,072","0,999","0,975","0,11","0,883","0,999","0,317","0,978","0,926","0,971","0,893","0,428",1,"0,869","0,477","0,899","0,987","0,761","0,863","0,206","0,723","0,393","0,999","0,923","0,913","0,999","0,996","0,912","0,999","0,998","0,984","0,145","0,106","0,731","0,821",1,"0,795","0,086","0,846","0,965","0,943","0,63","0,997","0,992","0,946","0,505","0,945","0,895","0,897","0,986","0,989","0,995","0,888","0,947","0,998",0,"0,19","0,844","0,197","0,966","0,115",1,"0,2","0,654","0,918","0,888","0,999","0,888","0,996","0,708","0,333","0,16","0,999","0,93","0,644","0,802","0,961","0,107","0,999","0,966","0,736","0,444","0,897","0,679","0,085","0,999","0,972","0,984","0,955","0,99","0,975","0,908","0,128","0,913","0,462","0,999","0,898","0,795","0,292","0,762","0,859","0,907","0,345","0,598","0,923","0,969","0,858","0,991","0,919","0,858","0,71","0,999","0,278",1,"0,884","0,918","0,725","0,53","0,861",1,"0,88","0,978","0,849","0,867","0,157","0,202","0,108","0,897","0,528","0,94","0,231","0,834",1,"0,951","0,882","0,158","0,815","0,137","0,995","0,302","0,156","0,999","0,219","0,784","0,922","0,999","0,909","0,791","0,685",1,"0,509","0,169","0,778","0,984","0,882","0,906","0,931",1,"0,269","0,838","0,93","0,917","0,482"
ERR11865411,"0,731","0,905","0,913","0,874","0,422","0,941","0,479","0,224","0,893","0,93","0,971","0,884","0,476","0,945","0,668","0,869","0,945","0,182","0,348","0,329","0,513","0,977","0,815","0,131","0,252","0,991","0,854","0,993","0,977","0,157","0,864","0,982","0,976","0,889","0,698","0,294","0,837","0,908","0,145","0,354","0,99","0,182","0,815","0,961","0,404","0,786","0,812","0,487","0,923","0,198","0,955","0,811","0,158","0,827","0,981","0,445","0,847","0,859","0,931","0,862","0,512","0,986","0,833","0,541","0,878","0,944","0,74","0,876","0,324","0,781","0,482","0,942","0,935","0,898","0,973","0,971","0,898","0,985","0,981","0,835","0,191","0,096","0,757","0,842","0,975","0,744","0,212","0,855","0,935","0,931","0,558","0,951","0,924","0,937","0,566","0,917","0,904","0,866","0,976","0,98","0,958","0,876","0,929","0,963","0,19",0,"0,84","0,199","0,938","0,139","0,923","0,157","0,737","0,9","0,861","0,99","0,874","0,963","0,742","0,433","0,117","0,986","0,833","0,598","0,838","0,945","0,269","0,97","0,935","0,762","0,418","0,881","0,712","0,175","0,945","0,938","0,931","0,923","0,974","0,934","0,896","0,125","0,876","0,551","0,983","0,893","0,797","0,406","0,739","0,844","0,885","0,447","0,642","0,915","0,814","0,849","0,986","0,933","0,823","0,737","0,87","0,403","0,988","0,895","0,927","0,664","0,393","0,871","0,954","0,879","0,948","0,845","0,858","0,307","0,106","0,189","0,889","0,606","0,914","0,373","0,826","0,958","0,923","0,882","0,113","0,841","0,094","0,906","0,405","0,307","0,958","0,142","0,793","0,901","0,966","0,895","0,802","0,75","0,997","0,582","0,267","0,69","0,957","0,902","0,906","0,906","0,997","0,201","0,814","0,892","0,907","0,525"
ERR11865322,"0,73","0,873","0,657","0,601","0,507","0,998","0,711","0,837","0,797","0,726","0,952","0,509","0,713","0,781","0,538","0,822","0,585","0,844","0,799","0,681","0,453","0,959","0,703","0,879","0,775","0,897","0,768","0,939","0,947","0,844","0,785","0,973","0,753","0,819","0,716","0,716","0,322","0,843","0,724","0,788","0,91","0,873","0,823","0,453","0,839","0,913","0,578","0,825","0,997","0,8","0,593","0,749","0,869","0,529","0,97","0,649","0,813","0,792","0,561","0,78","0,823","0,981","0,968","0,475","0,62","0,595","0,627","0,83","0,716","0,57","0,662","0,804","0,869","0,714","0,778","0,876","0,761","0,666","0,894","0,942","0,831","0,86","0,331","0,849","0,621","0,847","0,807","0,455","0,615","0,886","0,92","0,505","0,918","0,766","0,51","0,551","0,869","0,857","0,928","0,97","0,447","0,772","0,391","0,996","0,844","0,84",0,"0,833","0,627","0,821","0,999","0,875","0,722","0,727","0,687","0,868","0,755","0,449","0,391","0,493","0,826","0,904","0,828","0,785","0,797","0,809","0,861","0,911","0,828","0,458","0,73","0,79","0,577","0,824","0,82","0,46","0,856","0,841","0,924","0,539","0,708","0,801","0,884","0,468","0,745","0,855","0,616","0,748","0,963","0,61","0,928","0,836","0,74","0,856","0,685","0,768","0,984","0,884","0,933","0,769","0,626","0,823","0,883","0,861","0,726","0,909","0,917","0,451","0,997","0,97","0,61","0,898","0,754","0,79","0,84","0,831","0,834","0,675","0,414","0,76","0,605","0,677","0,444","0,704","0,87","0,845","0,822","0,717","0,695","0,728","0,927","0,655","0,651","0,719","0,842","0,842","0,747","0,771","0,994","0,418","0,792","0,832","0,905","0,838","0,879","0,657","0,971","0,887","0,919","0,823","0,813","0,519"
ERR14783427,"0,767","0,818","0,907","0,866","0,422","0,995","0,486","0,286","0,909","0,929","0,973","0,878","0,475","0,977","0,676","0,878","0,931","0,188","0,367","0,337","0,524","0,977","0,957","0,167","0,266","0,978","0,763","0,992","0,974","0,224","0,83","0,991","0,973","0,82","0,7","0,291","0,846","0,819","0,168","0,36","0,988","0,188","0,668","0,946","0,234","0,8","0,732","0,493","0,993","0,211","0,952","0,942","0,173","0,878","0,979","0,439","0,957","0,91","0,936","0,877","0,525","0,992","0,846","0,537","0,884","0,945","0,767","0,853","0,338","0,778","0,489","0,981","0,939","0,799","0,968","0,977","0,835","0,976","0,968","0,981","0,24","0,141","0,764","0,845","0,972","0,762","0,227","0,855","0,935","0,939","0,58","0,943","0,957","0,932","0,567","0,923","0,84","0,781","0,976","0,988","0,95","0,826","0,912","0,995","0,197","0,199","0,833",0,"0,931","0,162","0,997","0,228","0,739","0,831","0,835","0,987","0,886","0,97","0,734","0,434","0,191","0,99","0,911","0,628","0,829","0,944","0,288","0,964","0,938","0,757","0,567","0,81","0,719","0,173","0,947","0,938","0,94","0,934","0,976","0,937","0,84","0,166","0,905","0,547","0,98","0,92","0,808","0,401","0,775","0,749","0,883","0,274","0,66","0,934","0,944","0,851","0,987","0,935","0,798","0,754","0,956","0,435","0,985","0,723","0,926","0,666","0,504","0,861","0,996","0,88","0,941","0,846","0,816","0,331","0,209","0,187","0,839","0,57","0,915","0,392","0,75","0,958","0,918","0,886","0,188","0,844","0,177","0,967","0,411","0,305","0,986","0,222","0,8","0,865","0,96","0,828","0,718","0,755","0,997","0,582","0,329","0,742","0,945","0,902","0,784","0,901","0,996","0,277","0,826","0,92","0,851","0,531"
ERR11865328,"0,833","0,892","0,946","0,502","0,938","0,998","0,825","0,982","0,817","0,68","0,927","0,923","0,807","0,941","0,641","0,909","0,138","0,964","0,922","0,781","0,936","0,85","0,74","0,976","0,902","0,958","0,819","0,994","0,858","0,947","0,927","0,972","0,928","0,855","0,87","0,968","0,91","0,895","0,819","0,907","0,963","0,978","0,926","0,743","0,951","0,972","0,862","0,95","0,997","0,885","0,739","0,762","0,965","0,903","0,951","0,954","0,819","0,845","0,332","0,861","0,906","0,958","0,989","0,91","0,438","0,509","0,729","0,912","0,848","0,683","0,741","0,954","0,915","0,825","0,88","0,924","0,752","0,97","0,823","0,896","0,94","0,968","0,898","0,954","0,902","0,969","0,884","0,944","0,645","0,812","0,974","0,58","0,884","0,944","0,931","0,602","0,887","0,894","0,966","0,976","0,861","0,81","0,824","0,997","0,966","0,938","0,627","0,931",0,"0,935","0,999","0,972","0,825","0,87","0,771","0,967","0,882","0,929","0,919","0,948","0,932","0,974","0,87","0,887","0,973","0,823","0,974","0,846","0,75","0,922","0,87","0,882","0,655","0,973","0,643","0,271","0,818","0,96","0,972","0,273","0,71","0,963","0,954","0,947","0,936","0,894","0,615","0,969","0,994","0,82","0,974","0,945","0,87","0,904","0,742","0,859","0,989","0,889","0,984","0,882","0,785","0,936","0,952","0,922","0,731","0,951","0,979","0,935","0,998","0,99","0,184","0,967","0,776","0,936","0,939","0,981","0,815","0,831","0,898","0,876","0,732","0,699","0,879","0,903","0,959","0,938","0,927","0,915","0,777","0,971","0,969","0,954","0,736","0,794","0,904","0,821","0,837","0,863","0,978","0,925","0,912","0,966","0,974","0,934","0,912","0,753","0,99","0,969","0,971","0,957","0,843","0,902"
ERR11865429,"0,681","0,904","0,921","0,858","0,377",1,"0,413","0,205","0,903","0,899",1,"0,899","0,398","0,98","0,659","0,852","0,916","0,099","0,254","0,277","0,484",1,"0,988","0,042","0,215","0,988","0,862",1,"0,997","0,124","0,86",1,"0,976","0,907","0,649","0,217","0,849","0,909","0,104","0,239","0,998","0,08","0,807","0,998","0,383","0,816","0,83","0,411","0,998","0,093","0,999","0,927","0,072","0,882",1,"0,376","0,931","0,898","0,921","0,867","0,438",1,"0,846","0,516","0,908","0,98","0,762","0,871","0,238","0,713","0,413","0,999","0,893","0,916",1,"0,997","0,916",1,"0,999","0,983","0,133","0,055","0,757","0,837",1,"0,761","0,139","0,859","0,927","0,95","0,591","0,997","0,985","0,936","0,547","0,916","0,901","0,902","0,987","0,99","0,996","0,894","0,952","0,998","0,115","0,139","0,821","0,162","0,935",0,1,"0,144","0,644","0,921","0,894",1,"0,901","0,997","0,735","0,383","0,064",1,"0,901","0,666","0,819","0,929","0,185","0,999","0,921","0,758","0,456","0,902","0,668","0,081",1,"0,932","0,947","0,955","0,99","0,95","0,912","0,088","0,905","0,506",1,"0,913","0,821","0,35","0,768","0,866","0,907","0,431","0,595","0,895","0,937","0,85","0,992","0,931","0,839","0,699","0,999","0,35",1,"0,889","0,878","0,683","0,466","0,873",1,"0,882","0,945","0,844","0,875","0,232","0,122","0,092","0,903","0,566","0,946","0,261","0,843",1,"0,955","0,866","0,075","0,797","0,055","0,995","0,343","0,226","0,999","0,165","0,811","0,924",1,"0,913","0,804","0,673",1,"0,55","0,221","0,741","0,984","0,864","0,909","0,933",1,"0,188","0,84","0,922","0,92","0,518"
ERR14783785,"0,979","0,995","0,987","0,999",1,"0,101","0,998",1,"0,977","0,997","0,999","0,999","0,999","0,833","0,998","0,996","0,999",1,"0,991",1,"0,998",1,"0,841","0,999",1,"0,994","0,998","0,985","0,999","0,999","0,994","0,991","0,999","0,997","0,991","0,999","0,999","0,995","0,986",1,"0,999",1,"0,998","0,998","0,982","0,984","0,997",1,"0,11","0,999","0,984","0,9","0,994","0,967","0,999",1,"0,912","0,962","0,999","0,983","0,987",1,1,1,"0,999","0,997","0,972","0,994",1,"0,999","0,999","0,933","0,994","0,996","0,999","0,993","0,997","0,992","0,997","0,826","0,97",1,"0,997","0,984","0,993","0,996","0,997",1,"0,999","0,999","0,999","0,999","0,965","0,996","0,999","0,996","0,999","0,977","0,989","0,985","0,998","0,998",1,"0,887",1,"0,923","0,999","0,997","0,999",1,0,1,"0,989","0,995","0,984","0,999","0,976",1,1,"0,998",1,"0,99","0,92","0,883",1,"0,995","0,991","0,999","0,994",1,"0,919","0,989","0,999",1,"0,999","0,999","0,877","0,93","0,998","0,999","0,997","0,966","0,97",1,"0,999","0,982","0,998",1,"0,888","0,998","0,969","0,986","0,994","0,991","0,904","0,99",1,1,"0,997","0,999","0,929","0,985","0,998","0,998","0,995","0,989","0,91",1,"0,786","0,999","0,997","0,998","0,997",1,"0,97",1,"0,999","0,999",1,1,"0,997","0,999","0,999","0,994","0,996",1,"0,968","0,899","0,999",1,"0,919","0,956",1,"0,998","0,999","0,997","0,997","0,998","0,999",1,"0,96","0,949","0,967","0,998","0,999","0,996",1,1,"0,977","0,948","0,995","0,989"
ERR11865423,"0,771","0,921","0,93","0,916","0,448",1,"0,515","0,081","0,943","0,952",1,"0,911","0,507","0,992","0,712","0,876","0,971","0,188","0,366","0,365","0,546",1,"0,992","0,146","0,292","0,993","0,883",1,"0,998","0,036","0,881",1,"0,99","0,922","0,715","0,306","0,871","0,926","0,195","0,36","0,999","0,194","0,831","0,999","0,435","0,78","0,853","0,502","0,998","0,225",1,"0,979","0,183","0,9",1,"0,457","0,98","0,937","0,976","0,911","0,527",1,"0,807","0,571","0,924","0,987","0,807","0,892","0,364","0,794","0,521","0,999","0,936","0,927",1,"0,997","0,93",1,1,"0,986","0,239","0,11","0,792","0,859",1,"0,703","0,25","0,877","0,971","0,96","0,494","0,998","0,991","0,949","0,591","0,954","0,918","0,918","0,987","0,991","0,997","0,912","0,959","0,998","0,2","0,157","0,875","0,228","0,972","0,144",1,0,"0,736","0,935","0,914",1,"0,917","0,997","0,771","0,455","0,087",1,"0,941","0,705","0,843","0,966","0,293",1,"0,972","0,788","0,567","0,918","0,753","0,185",1,"0,977","0,985","0,957","0,991","0,979","0,928","0,178","0,917","0,568",1,"0,93","0,853","0,414","0,778","0,886","0,91","0,477","0,674","0,935","0,973","0,881","0,992","0,945","0,795","0,763","0,999","0,445",1,"0,905","0,936","0,615","0,361","0,889",1,"0,885","0,981","0,855","0,896","0,336","0,096","0,202","0,922","0,628","0,954","0,395","0,864",1,"0,961","0,901","0,137","0,846","0,152","0,996","0,441","0,323",1,"0,219","0,844","0,935",1,"0,929","0,831","0,755",1,"0,608","0,332","0,679","0,985","0,899","0,923","0,943",1,"0,063","0,844","0,933","0,934","0,569"
ERR11865367,"0,167","0,618","0,881","0,463","0,702","0,987","0,391","0,772","0,659","0,511","0,999","0,859","0,346","0,919","0,519","0,579","0,791","0,656","0,408","0,668","0,677","0,998","0,98","0,703","0,667","0,974","0,599","0,998","0,99","0,695","0,631","0,999","0,972","0,671","0,17","0,683","0,758","0,647","0,71","0,542","0,994","0,684","0,587","0,995","0,646","0,925","0,603","0,534","0,989","0,625","0,997","0,726","0,696","0,693","0,998","0,631","0,63","0,666","0,766","0,628","0,466","0,999","0,965","0,697","0,82","0,961","0,451","0,604","0,521","0,439","0,387","0,999","0,619","0,758","0,999","0,984","0,666","0,999","0,952","0,948","0,508","0,699","0,612","0,73",1,"0,944","0,66","0,791","0,832","0,894","0,893","0,986","0,976","0,875","0,714","0,622","0,632","0,676","0,981","0,985","0,994","0,635","0,924","0,993","0,654","0,737","0,722","0,739","0,825","0,644","0,989","0,736",0,"0,696","0,588","0,999","0,809","0,994","0,632","0,695","0,673","0,999","0,657","0,495","0,729","0,782","0,643","0,998","0,528","0,673","0,466","0,665","0,184","0,682","0,997","0,835","0,807","0,919","0,988","0,863","0,666","0,702","0,877","0,666","0,996","0,807","0,647","0,72","0,918","0,639","0,937","0,642","0,382","0,656","0,714","0,623","0,991","0,841","0,958","0,418","0,998","0,556","0,994","0,684","0,647","0,862","0,859","0,812","0,979","0,95","0,849","0,912","0,571","0,607","0,691","0,698","0,586","0,3","0,915","0,481","0,61","0,998","0,932","0,641","0,713","0,537","0,655","0,993","0,466","0,676","0,999","0,744","0,64","0,747","0,998","0,645","0,52","0,196","0,996","0,64","0,548","0,939","0,961","0,666","0,711","0,74",1,"0,765","0,923","0,888","0,684","0,75"
ERR11865310,"0,714","0,181","0,851","0,592","0,828","0,995","0,622","0,924","0,488","0,644","0,971","0,836","0,729","0,813","0,928","0,23","0,855","0,924","0,752","0,922","0,811","0,966","0,936","0,981","0,897","0,91","0,172","0,941","0,955","0,887","0,222","0,983","0,912","0,113","0,544","0,822","0,787","0,118","0,913","0,916","0,969","0,981","0,308","0,773","0,819","0,845","0,12","0,974","0,993","0,912","0,797","0,683","0,968","0,269","0,976","0,81","0,665","0,338","0,808","0,309","0,469","0,987","0,991","0,814","0,915","0,921","0,334","0,175","0,825","0,87","0,755","0,942","0,317","0,267","0,9","0,936","0,154","0,841","0,932","0,957","0,773","0,91","0,778","0,969","0,894","0,96","0,928","0,829","0,84","0,942","0,934","0,848","0,927","0,742","0,808","0,612","0,113","0,164","0,987","0,99","0,808","0,127","0,793","0,995","0,918","0,9","0,727","0,831","0,87","0,921","0,995","0,935","0,696",0,"0,27","0,959","0,889","0,802","0,801","0,816","0,9","0,966","0,3","0,382","0,919","0,831","0,973","0,923","0,487","0,813","0,862","0,074","0,651","0,922","0,939","0,872","0,817","0,818","0,944","0,887","0,169","0,876","0,803","0,828","0,929","0,948","0,919","0,838","0,99","0,111","0,877","0,813","0,401","0,347","0,73","0,334","0,99","0,966","0,95","0,331","0,854","0,955","0,96","0,29","0,848","0,767","0,98","0,819","0,993","0,991","0,883","0,842","0,201","0,951","0,861","0,94","0,246","0,527","0,793","0,867","0,26","0,951","0,806","0,221","0,965","0,408","0,869","0,902","0,771","0,85","0,972","0,8","0,919","0,347","0,907","0,117","0,185","0,633","0,995","0,796","0,845","0,955","0,853","0,455","0,252","0,421","0,987","0,978","0,853","0,805","0,184","0,845"
ERR11865284,"0,573","0,268","0,865","0,405","0,838","0,983","0,506","0,904","0,445","0,532","0,961","0,843","0,635","0,806","0,853","0,403","0,745","0,895","0,678","0,872","0,822","0,949","0,871","0,963","0,864","0,886","0,378","0,957","0,939","0,861","0,387","0,985","0,917","0,312","0,398","0,829","0,798","0,276","0,848","0,88","0,966","0,966","0,511","0,756","0,821","0,894","0,341","0,947","0,982","0,885","0,785","0,548","0,947","0,438","0,972","0,819","0,53","0,47","0,693","0,451","0,566","0,988","0,986","0,815","0,811","0,857","0,308","0,334","0,774","0,811","0,655","0,943","0,501","0,448","0,885","0,926","0,341","0,868","0,903","0,917","0,706","0,882","0,781","0,951","0,901","0,963","0,898","0,844","0,769","0,893","0,934","0,76","0,881","0,824","0,819","0,49","0,326","0,359","0,978","0,985","0,801","0,254","0,767","0,991","0,888","0,861","0,687","0,835","0,771","0,894","0,984","0,914","0,588","0,27",0,"0,964","0,824","0,831","0,809","0,827","0,874","0,967","0,458","0,49","0,89","0,784","0,945","0,904","0,298","0,825","0,79","0,271","0,502","0,895","0,864","0,785","0,741","0,873","0,939","0,8","0,252","0,828","0,857","0,838","0,936","0,868","0,816","0,843","0,983","0,293","0,913","0,817","0,465","0,517","0,633","0,465","0,985","0,917","0,96","0,511","0,79","0,901","0,957","0,497","0,779","0,842","0,966","0,828","0,977","0,989","0,791","0,893","0,289","0,929","0,815","0,916","0,179","0,434","0,795","0,825","0,441","0,907","0,791","0,406","0,947","0,582","0,823","0,898","0,682","0,856","0,962","0,793","0,844","0,499","0,864","0,305","0,399","0,522","0,993","0,802","0,778","0,953","0,9","0,612","0,467","0,479","0,989","0,967","0,892","0,863","0,403","0,828"
ERR14783512,"0,998","0,997","0,936","0,962","0,889","0,996","0,976","0,98","0,977","0,99","0,987","0,885","0,987","0,895","0,949","0,998","0,969",1,"0,999","0,956","0,887","0,995","0,95","0,998","0,978","0,966","0,99","0,831","0,994","0,999","0,986","0,977","0,889","0,983","0,994","0,967","0,878","0,989","0,965","0,999","0,951","0,998","0,996","0,904","0,999","0,964","0,938","0,997","0,991","0,993","0,916","0,974","0,996","0,91","0,989","0,958","0,983","0,974","0,955","0,984","0,996","0,995","0,987","0,884","0,956","0,951","0,963","0,995","0,98","0,991","0,975","0,897","0,999","0,945","0,924","0,958","0,98","0,928","0,988","0,996","0,999","0,999","0,885","0,972","0,865","0,913","0,988","0,904","0,947","0,994","0,988","0,933","0,986","0,9","0,889","0,957","0,996","0,992","0,927","0,985","0,861","0,977","0,869","0,991","0,999","0,99","0,868","0,987","0,967",1,"0,999",1,"0,999","0,959","0,964",0,"0,963","0,875","0,881","0,898","0,997","0,924","0,985","0,999","0,985","0,987","0,998","0,988","0,987","0,885","0,993","0,978","0,969","0,992","0,973","0,958","0,983","0,911","0,969","0,949","0,959","0,985","0,963","0,906","0,88","0,996","0,975","0,968","0,999","0,94","0,969","0,999","0,984","0,995","0,956","0,985","0,987","0,998","0,967","0,986","0,926","0,998","0,942","0,997","0,988","0,97","0,972","0,887","0,996","0,988","0,966","0,951","0,99","0,988","0,998","0,987","0,99","0,989","0,876","0,994","0,962","0,948","0,872","0,965","0,996","0,997","0,997","0,906","0,978","0,966","0,93","0,938","0,974","0,961","0,953","0,99","0,993","0,997","0,998","0,888","0,998","0,893","0,949","0,999","0,995","0,955","0,978","0,994","0,97","0,921","0,992","0,878"
ERR14783486,"0,755","0,939","0,807","0,803","0,83","0,969","0,854","0,871","0,825","0,918","0,96","0,825","0,831","0,957","0,777","0,865","0,898","0,889","0,866","0,864","0,803","0,947","0,925","0,887","0,861","0,848","0,862","0,957","0,908","0,917","0,826","0,963","0,967","0,895","0,779","0,836","0,729","0,894","0,867","0,858","0,978","0,884","0,893","0,85","0,86","0,972","0,82","0,815","0,967","0,865","0,872","0,765","0,868","0,825","0,963","0,802","0,812","0,871","0,912","0,83","0,874","0,966","0,982","0,823","0,755","0,917","0,776","0,873","0,847","0,687","0,83","0,969","0,895","0,89","0,938","0,795","0,933","0,913","0,805","0,917","0,889","0,903","0,729","0,762","0,947","0,965","0,856","0,79","0,914","0,812","0,95","0,826","0,916","0,947","0,834","0,915","0,94","0,905","0,973","0,953","0,886","0,865","0,808","0,984","0,888","0,874","0,755","0,886","0,882","0,901","0,976","0,917","0,809","0,889","0,824","0,963",0,"0,869","0,77","0,823","0,901","0,978","0,834","0,881","0,81","0,923","0,847","0,854","0,883","0,808","0,801","0,856","0,789","0,855","0,887","0,888","0,895","0,959","0,94","0,899","0,891","0,83","0,953","0,807","0,957","0,665","0,671","0,858","0,967","0,81","0,975","0,854","0,848","0,881","0,935","0,855","0,983","0,78","0,976","0,859","0,873","0,803","0,968","0,913","0,82","0,962","0,864","0,81","0,952","0,977","0,89","0,962","0,867","0,846","0,894","0,829","0,932","0,799","0,794","0,837","0,865","0,941","0,828","0,81","0,88","0,892","0,878","0,94","0,846","0,81","0,966","0,844","0,705","0,94","0,908","0,941","0,863","0,82","0,975","0,792","0,853","0,949","0,981","0,913","0,938","0,943","0,995","0,896","0,972","0,953","0,942","0,822"
ERR11865389,"0,981","0,979","0,728","0,886","0,5","0,999","0,935","0,92","0,955","0,962","0,965","0,353","0,958","0,775","0,908","0,99","0,947","0,996","0,996","0,938","0,46","0,95","0,922","0,99","0,936","0,901","0,972","0,937","0,936","0,996","0,938","0,973","0,747","0,935","0,96","0,841","0,206","0,937","0,972","0,992","0,964","0,991","0,984","0,472","0,996","0,97","0,753","0,981","0,999","0,969","0,676","0,824","0,983","0,632","0,98","0,776","0,878","0,939","0,903","0,949","0,982","0,979","0,989","0,35","0,879","0,886","0,914","0,974","0,931","0,932","0,944","0,78","0,996","0,872","0,87","0,862","0,966","0,624","0,901","0,975","0,996","0,996","0,314","0,971","0,56","0,855","0,961","0,514","0,913","0,938","0,977","0,765","0,95","0,79","0,488","0,938","0,981","0,966","0,985","0,981","0,292","0,919","0,107","0,998","0,996","0,963","0,449","0,97","0,929","0,997",1,"0,997","0,994","0,802","0,831","0,875","0,869",0,"0,314","0,531","0,989","0,877","0,948","0,995","0,918","0,966","0,989","0,888","0,944","0,276","0,959","0,895","0,91","0,959","0,862","0,926","0,948","0,876","0,934","0,877","0,919","0,931","0,97","0,53","0,714","0,961","0,899","0,863","0,998","0,789","0,98","0,993","0,936","0,976","0,933","0,967","0,992","0,967","0,968","0,94","0,808","0,983","0,953","0,988","0,969","0,984","0,976","0,257",1,"0,994","0,937","0,952","0,957","0,944","0,991","0,936","0,95","0,942","0,088","0,966","0,959","0,909","0,164","0,84","0,983","0,987","0,986","0,809","0,954","0,825","0,968","0,756","0,884","0,955","0,867","0,967","0,975","0,983","0,992","0,424","0,988","0,843","0,946","0,997","0,978","0,944","0,984","0,976","0,977","0,901","0,975","0,403"
ERR11865383,"0,658","0,965","0,663","0,85","0,272","0,999","0,67","0,708","0,891","0,949","0,966","0,387","0,621","0,813","0,552","0,903","0,92","0,712","0,703","0,682","0,235","0,958","0,947","0,722","0,672","0,912","0,881","0,94","0,941","0,769","0,852","0,972","0,794","0,902","0,631","0,567","0,143","0,929","0,718","0,654","0,968","0,705","0,828","0,498","0,712","0,929","0,643","0,595","0,999","0,687","0,708","0,812","0,71","0,6","0,973","0,469","0,889","0,893","0,927","0,856","0,734","0,986","0,955","0,226","0,828","0,921","0,714","0,912","0,653","0,653","0,625","0,823","0,929","0,84","0,891","0,924","0,945","0,657","0,918","0,971","0,751","0,742","0,117","0,777","0,648","0,826","0,681","0,366","0,924","0,883","0,879","0,823","0,937","0,777","0,272","0,948","0,958","0,932","0,971","0,985","0,378","0,877","0,264","0,997","0,708","0,742","0,391","0,734","0,919","0,735",1,"0,771","0,632","0,801","0,809","0,881","0,77","0,314",0,"0,293","0,746","0,901","0,875","0,755","0,677","0,941","0,673","0,905","0,907","0,159","0,635","0,866","0,633","0,682","0,922","0,924","0,926","0,872","0,93","0,924","0,899","0,681","0,899","0,271","0,772","0,849","0,692","0,607","0,919","0,746","0,947","0,703","0,679","0,928","0,952","0,857","0,984","0,88","0,928","0,697","0,841","0,622","0,958","0,932","0,894","0,909","0,85","0,274",1,"0,941","0,932","0,903","0,899","0,662","0,767","0,665","0,933","0,637","0,258","0,651","0,854","0,937","0,323","0,774","0,727","0,792","0,744","0,819","0,654","0,547","0,968","0,55","0,696","0,947","0,895","0,945","0,815","0,638","0,994","0,17","0,696","0,81","0,942","0,907","0,948","0,957","0,986","0,762","0,937","0,844","0,961","0,304"
ERR11865475,"0,722","0,936","0,714","0,866","0,047","0,997","0,436","0,435","0,915","0,936","0,984","0,536","0,425","0,854","0,642","0,888","0,95","0,339","0,319","0,344","0,092","0,977","0,968","0,389","0,326","0,93","0,884","0,943","0,961","0,457","0,847","0,984","0,836","0,902","0,672","0,23","0,384","0,908","0,397","0,265","0,973","0,36","0,828","0,65","0,388","0,862","0,69","0,403","0,997","0,34","0,798","0,872","0,372","0,641","0,987","0,19","0,904","0,908","0,952","0,869","0,461","0,99","0,898","0,165","0,89","0,957","0,748","0,895","0,291","0,726","0,438","0,863","0,93","0,848","0,915","0,945","0,938","0,723","0,942","0,973","0,412","0,397","0,302","0,818","0,736","0,757","0,348","0,485","0,942","0,92","0,726","0,885","0,961","0,817","0,194","0,939","0,935","0,918","0,978","0,986","0,568","0,886","0,503","0,996","0,333","0,433","0,493","0,434","0,948","0,383","0,998","0,455","0,695","0,816","0,827","0,898","0,823","0,531","0,293",0,"0,415","0,919","0,903","0,697","0,739","0,951","0,303","0,94","0,944","0,354","0,491","0,867","0,696","0,321","0,969","0,955","0,957","0,884","0,945","0,954","0,899","0,345","0,894","0,139","0,827","0,89","0,792","0,302","0,799","0,772","0,897","0,432","0,62","0,92","0,952","0,864","0,986","0,917","0,868","0,721","0,883","0,34","0,965","0,917","0,916","0,796","0,653","0,465","0,997","0,878","0,959","0,828","0,899","0,271","0,451","0,337","0,924","0,577","0,479","0,295","0,862","0,968","0,54","0,783","0,401","0,824","0,409","0,846","0,366","0,225","0,976","0,271","0,787","0,941","0,927","0,936","0,826","0,711","0,996","0,147","0,313","0,735","0,943","0,897","0,931","0,949","0,987","0,476","0,866","0,846","0,944","0,189"
ERR11865491,"0,701","0,887","0,92","0,855","0,41","0,999","0,445","0,156","0,901","0,895","0,994","0,899","0,429","0,977","0,68","0,844","0,915","0,145","0,291","0,318","0,511","0,989","0,981","0,092","0,244","0,984","0,848","0,998","0,984","0,067","0,848","0,993","0,973","0,887","0,651","0,259","0,851","0,893","0,144","0,294","0,997","0,14","0,798","0,988","0,409","0,793","0,817","0,456","0,998","0,148","0,99","0,922","0,127","0,868","0,994","0,414","0,925","0,895","0,917","0,867","0,467","0,996","0,829","0,539","0,907","0,97","0,752","0,86","0,28","0,735","0,443","0,996","0,898","0,901","0,995","0,992","0,897","0,992","0,988","0,978","0,17","0,068","0,768","0,841","0,994","0,736","0,189","0,861","0,921","0,944","0,547","0,988","0,979","0,934","0,56","0,907","0,886","0,884","0,985","0,99","0,988","0,874","0,947","0,998","0,16","0,117","0,826","0,191","0,932","0,064",1,"0,087","0,673","0,9","0,874","0,997","0,901","0,989","0,746","0,415",0,"0,998","0,898","0,67","0,829","0,925","0,241","0,987","0,916","0,766","0,496","0,884","0,685","0,135","0,989","0,929","0,941","0,951","0,986","0,945","0,893","0,127","0,903","0,533","0,996","0,916","0,828","0,378","0,773","0,852","0,904","0,454","0,614","0,897","0,932","0,838","0,99","0,93","0,819","0,71","0,991","0,395","0,997","0,877","0,878","0,647","0,425","0,874",1,"0,882","0,941","0,844","0,858","0,287","0,065","0,151","0,882","0,576","0,941","0,311","0,832","0,99","0,951","0,859","0,08","0,803","0,085","0,991","0,365","0,274","0,997","0,181","0,82","0,909","0,993","0,894","0,794","0,695","0,999","0,575","0,254","0,714","0,98","0,868","0,892","0,916","0,999","0,138","0,837","0,921","0,902","0,539"
ERR14783539,"0,993","0,996","0,947","0,971","0,912","0,99","0,986","0,984","0,975","0,992","0,99","0,874","0,99","0,781","0,971","0,998","0,976",1,"0,997","0,974","0,911","0,996","0,965","0,998","0,99","0,984","0,991","0,944","0,995","0,999","0,988","0,993","0,607","0,986","0,993","0,972","0,899","0,99","0,972","0,999","0,971","0,999","0,996","0,926","0,994","0,97","0,952","0,998","0,988","0,993","0,941","0,974","0,994","0,924","0,992","0,967","0,981","0,98","0,971","0,982","0,995","0,996","0,991","0,883","0,974","0,971","0,965","0,995","0,989","0,992","0,981","0,627","0,998","0,955","0,955","0,984","0,984","0,925","0,989","0,991","0,994","0,999","0,91","0,989","0,851","0,75","0,988","0,923","0,97","0,995","0,991","0,957","0,983","0,827","0,905","0,97","0,997","0,988","0,978","0,993","0,895","0,982","0,868","0,99","0,999","0,986","0,904","0,99","0,974",1,"0,99",1,"0,999","0,966","0,967","0,924","0,978","0,877","0,901","0,919","0,998",0,"0,983","0,993","0,988","0,988","0,996","0,991","0,989","0,867","0,989","0,979","0,98","0,993","0,985","0,972","0,98","0,887","0,977","0,971","0,968","0,982","0,972","0,926","0,861","0,993","0,981","0,975","0,992","0,958","0,974","0,995","0,991","0,993","0,967","0,985","0,997","0,998","0,922","0,993","0,948","0,994","0,961","0,998","0,996","0,982","0,979","0,863","0,989","0,995","0,973","0,963","0,991","0,995","0,993","0,99","0,992","0,991","0,876","0,995","0,973","0,971","0,847","0,971","0,994","0,998","0,992","0,926","0,982","0,973","0,898","0,945","0,987","0,974","0,973","0,991","0,993","0,998","0,999","0,912","0,992","0,907","0,956","0,999","0,996","0,972","0,983","0,995","0,975","0,935","0,993","0,858"
ERR14783434,"0,636","0,376","0,909","0,611","0,904","0,92","0,601","0,937","0,427","0,692","0,966","0,897","0,713","0,806","0,863","0,162","0,86","0,93","0,745","0,89","0,897","0,968","0,822","0,938","0,892","0,956","0,233","0,982","0,954","0,904","0,203","0,974","0,953","0,206","0,555","0,913","0,875","0,33","0,887","0,894","0,986","0,936","0,296","0,916","0,905","0,84","0,322","0,915","0,92","0,877","0,925","0,615","0,922","0,229","0,974","0,899","0,583","0,138","0,811","0,149","0,443","0,985","0,985","0,885","0,841","0,913","0,329","0,19","0,804","0,811","0,735","0,943","0,157","0,342","0,963","0,946","0,301","0,967","0,947","0,83","0,739","0,936","0,87","0,908","0,96","0,972","0,881","0,895","0,835","0,907","0,953","0,925","0,877","0,717","0,895","0,652","0,286","0,21","0,97","0,978","0,931","0,254","0,881","0,964","0,93","0,833","0,828","0,911","0,87","0,901","0,92","0,941","0,657","0,3","0,458","0,985","0,834","0,948","0,875","0,903","0,898","0,983",0,"0,401","0,909","0,829","0,917","0,924","0,492","0,884","0,716","0,248","0,628","0,923","0,933","0,871","0,757","0,809","0,963","0,886","0,33","0,867","0,736","0,903","0,972","0,85","0,841","0,919","0,945","0,337","0,868","0,906","0,392","0,2","0,649","0,22","0,985","0,908","0,98","0,25","0,832","0,882","0,983","0,28","0,799","0,778","0,903","0,888","0,927","0,981","0,88","0,827","0,319","0,911","0,858","0,927","0,415","0,616","0,881","0,829","0,282","0,943","0,891","0,204","0,923","0,264","0,839","0,904","0,767","0,916","0,955","0,853","0,845","0,336","0,952","0,297","0,277","0,591","0,995","0,891","0,791","0,944","0,852","0,347","0,262","0,498","0,996","0,939","0,836","0,766","0,327","0,887"
ERR11865346,"0,543","0,321","0,919","0,704","0,712","0,939","0,419","0,762","0,532","0,688","0,993","0,904","0,486","0,839","0,687","0,383","0,851","0,651","0,495","0,684","0,688","0,998","0,791","0,714","0,661","0,982","0,302","0,996","0,994","0,667","0,392","0,998","0,975","0,374","0,416","0,686","0,861","0,316","0,681","0,609","0,989","0,704","0,347","0,995","0,529","0,818","0,341","0,626","0,899","0,664","0,994","0,716","0,703","0,465","0,993","0,666","0,681","0,452","0,887","0,447","0,295","0,992","0,952","0,706","0,915","0,978","0,323","0,365","0,588","0,683","0,511","0,933","0,459","0,485","0,998","0,989","0,347","0,997","0,979","0,744","0,517","0,662","0,773","0,846","0,998","0,925","0,684","0,868","0,9","0,946","0,834","0,991","0,931","0,786","0,704","0,662","0,33","0,337","0,985","0,981","0,994","0,37","0,954","0,947","0,644","0,598","0,785","0,628","0,887","0,666","0,883","0,705","0,495","0,382","0,49","0,999","0,881","0,995","0,755","0,697","0,67","0,993","0,401",0,"0,832","0,836","0,669","0,997","0,618","0,774","0,454","0,347","0,537","0,686","0,996","0,869","0,851","0,793","0,986","0,927","0,387","0,644","0,748","0,692","0,996","0,896","0,835","0,708","0,844","0,353","0,83","0,524","0,227","0,482","0,675","0,445","0,991","0,937","0,919","0,301","0,9","0,614","0,987","0,408","0,793","0,72","0,735","0,882","0,951","0,932","0,886","0,832","0,289","0,656","0,613","0,712","0,424","0,287","0,949","0,582","0,318","0,995","0,957","0,458","0,717","0,421","0,604","0,891","0,538","0,699","0,951","0,645","0,829","0,496","0,998","0,337","0,252","0,46","0,998","0,669","0,534","0,871","0,859","0,513","0,413","0,488",1,"0,757","0,812","0,763","0,361","0,734"
ERR11865447,"0,711","0,964","0,857","0,902","0,76","0,999","0,799","0,804","0,923","0,981","0,996","0,779","0,771","0,963","0,733","0,907","0,969","0,804","0,798","0,803","0,715","0,993","0,987","0,815","0,798","0,922","0,912","0,976","0,976","0,84","0,859","0,987","0,75","0,936","0,724","0,694","0,742","0,933","0,827","0,767","0,985","0,802","0,841","0,876","0,804","0,958","0,806","0,739","0,999","0,804","0,864","0,881","0,81","0,877","0,997","0,655","0,908","0,927","0,978","0,891","0,822","0,996","0,971","0,749","0,891","0,976","0,761","0,912","0,788","0,689","0,773","0,945","0,928","0,915","0,956","0,945","0,976","0,931","0,948","0,984","0,829","0,823","0,687","0,806","0,925","0,943","0,804","0,468","0,962","0,93","0,921","0,904","0,977","0,916","0,722","0,983","0,964","0,948","0,98","0,989","0,921","0,915","0,852","0,998","0,802","0,838","0,797","0,829","0,973","0,819",1,"0,843","0,729","0,919","0,89","0,985","0,81","0,918","0,677","0,739","0,829","0,988","0,909","0,832",0,"0,971","0,785","0,957","0,961","0,679","0,761","0,9","0,738","0,761","0,991","0,972","0,962","0,956","0,835","0,975","0,934","0,768","0,916","0,678","0,93","0,879","0,772","0,714","0,942","0,86","0,967","0,798","0,799","0,935","0,983","0,888","0,99","0,904","0,964","0,806","0,93","0,751","0,981","0,935","0,914","0,937","0,898","0,674",1,"0,962","0,984","0,949","0,934","0,777","0,842","0,765","0,966","0,753","0,816","0,771","0,885","0,986","0,861","0,86","0,819","0,825","0,829","0,957","0,79","0,74","0,975","0,796","0,767","0,971","0,94","0,977","0,844","0,748","0,995","0,723","0,795","0,937","0,975","0,907","0,959","0,982","0,995","0,845","0,958","0,941","0,979","0,781"
ERR14783796,"0,794","0,83","0,94","0,732","0,944","0,988","0,815","0,978","0,761","0,577","0,966","0,943","0,793","0,942","0,913","0,842","0,778","0,96","0,852","0,922","0,945","0,968","0,944","0,974","0,926","0,94","0,802","0,958","0,963","0,932","0,861","0,982","0,96","0,814","0,81","0,963","0,941","0,836","0,932","0,929","0,945","0,975","0,867","0,945","0,954","0,905","0,836","0,962","0,991","0,908","0,954","0,788","0,966","0,854","0,971","0,954","0,806","0,83","0,802","0,826","0,856","0,986","0,992","0,931","0,891","0,915","0,81","0,843","0,836","0,755","0,796","0,985","0,853","0,861","0,971","0,948","0,752","0,983","0,943","0,952","0,874","0,964","0,93","0,948","0,976","0,985","0,918","0,956","0,831","0,931","0,968","0,936","0,509","0,945","0,941","0,588","0,826","0,838","0,983","0,966","0,953","0,801","0,934","0,979","0,961","0,945","0,809","0,944","0,823","0,929","0,995","0,966","0,782","0,831","0,784","0,987","0,923","0,966","0,941","0,951","0,925","0,988","0,829","0,836","0,971",0,"0,972","0,957","0,766","0,939","0,877","0,828","0,765","0,966","0,929","0,791","0,821","0,914","0,975","0,859","0,813","0,96","0,955","0,955","0,97","0,946","0,901","0,964","0,989","0,828","0,965","0,954","0,823","0,847","0,834","0,834","0,986","0,949","0,959","0,835","0,957","0,953","0,931","0,861","0,655","0,946","0,974","0,948","0,943","0,987","0,762","0,966","0,76","0,946","0,925","0,976","0,794","0,777","0,934","0,864","0,791","0,941","0,936","0,847","0,963","0,875","0,913","0,971","0,81","0,97","0,986","0,954","0,898","0,844","0,961","0,801","0,808","0,821","0,992","0,937","0,883","0,985","0,972","0,875","0,854","0,777","0,997","0,971","0,969","0,86","0,74","0,949"
ERR11865540,"0,653","0,964","0,908","0,929","0,292","0,99","0,378","0,321","0,915","0,98","0,994","0,884","0,36","0,986","0,579","0,9","0,97","0,116","0,185","0,186","0,416","0,991","0,974","0,159","0,127","0,989","0,909","0,995","0,983","0,298","0,896","0,994","0,992","0,959","0,651","0,157","0,816","0,966","0,218","0,148","0,998","0,11","0,837","0,986","0,3","0,864","0,863","0,262","0,99","0,122","0,985","0,945","0,136","0,914","0,995","0,277","0,958","0,916","0,98","0,892","0,396","0,994","0,882","0,458","0,887","0,98","0,778","0,919","0,174","0,704","0,379","0,993","0,923","0,954","0,996","0,987","0,974","0,994","0,985","0,96","0,221","0,207","0,711","0,799","0,995","0,814","0,126","0,83","0,971","0,915","0,682","0,988","0,969","0,943","0,504","0,982","0,964","0,943","0,983","0,987","0,988","0,95","0,934","0,994","0,107","0,269","0,861","0,288","0,974","0,185","0,991","0,293","0,643","0,973","0,945","0,998","0,847","0,989","0,673","0,303","0,241","0,996","0,917","0,669","0,785","0,972",0,"0,988","0,944","0,72","0,412","0,945","0,686","0,159","0,988","0,974","0,966","0,964","0,987","0,98","0,972","0,197","0,906","0,424","0,997","0,844","0,755","0,28","0,755","0,911","0,912","0,351","0,598","0,921","0,973","0,879","0,99","0,896","0,88","0,703","0,977","0,196","0,998","0,936","0,91","0,765","0,558","0,856","0,987","0,877","0,985","0,845","0,931","0,102","0,285","0,141","0,974","0,563","0,927","0,182","0,881","0,991","0,94","0,904","0,191","0,8","0,223","0,984","0,299","0,09","0,995","0,297","0,759","0,97","0,995","0,973","0,838","0,654","0,995","0,491","0,142","0,794","0,992","0,907","0,961","0,982","0,999","0,306","0,86","0,928","0,974","0,431"
ERR14783495,"0,972","0,972","0,941","0,837","0,942","0,999","0,958","0,968","0,943","0,932","0,964","0,937","0,946","0,982","0,919","0,99","0,879","0,999","0,999","0,96","0,933","0,724","0,933","0,99","0,955","0,932","0,964","0,985","0,645","0,998","0,964","0,97","0,98","0,923","0,937","0,964","0,89","0,946","0,966","0,994","0,99","0,99","0,978","0,85","0,998","0,992","0,937","0,974","0,999","0,96","0,894","0,824","0,979","0,942","0,973","0,942","0,871","0,955","0,87","0,936","0,977","0,976","0,994","0,938","0,863","0,86","0,919","0,966","0,95","0,867","0,944","0,984","0,999","0,953","0,957","0,847","0,956","0,932","0,65","0,963","0,999","0,999","0,897","0,958","0,961","0,989","0,957","0,928","0,918","0,805","0,984","0,831","0,92","0,984","0,936","0,941","0,977","0,954","0,991","0,992","0,905","0,913","0,899","0,996","0,999","0,97","0,911","0,964","0,846","0,999","0,999",1,"0,998","0,923","0,904","0,988","0,854","0,888","0,905","0,94","0,987","0,991","0,924","0,997","0,957","0,957","0,988",0,"0,901","0,924","0,976","0,934","0,927","0,971","0,762","0,886","0,932","0,991","0,968","0,86","0,921","0,966","0,986","0,936","0,976","0,875","0,849","0,97","0,995","0,935","0,994","0,994","0,958","0,978","0,952","0,958","0,992","0,884","0,994","0,961","0,919","0,978","0,986","0,986","0,947","0,991","0,986","0,936","0,998","0,994","0,856","0,991","0,948","0,975","0,992","0,961","0,921","0,938","0,895","0,969","0,966","0,907","0,914","0,944","0,978","0,986","0,987","0,971","0,951","0,945","0,988","0,957","0,874","0,968","0,927","0,955","0,969","0,974","0,94","0,922","0,988","0,988","0,993",1,"0,972","0,964","0,997","0,978","0,992","0,989","0,968","0,941"
ERR14783401,"0,528","0,407","0,948","0,394","0,941","0,993","0,482","0,969","0,484","0,491","0,949","0,924","0,631","0,857","0,845","0,482","0,726","0,965","0,707","0,903","0,936","0,923","0,894","0,962","0,912","0,964","0,493","0,991","0,915","0,926","0,561","0,975","0,957","0,454","0,411","0,965","0,913","0,448","0,911","0,919","0,987","0,961","0,619","0,807","0,955","0,929","0,542","0,929","0,992","0,89","0,844","0,604","0,946","0,598","0,965","0,952","0,564","0,512","0,651","0,503","0,587","0,979","0,99","0,917","0,789","0,841","0,434","0,479","0,781","0,814","0,667","0,979","0,514","0,628","0,958","0,953","0,47","0,972","0,921","0,932","0,752","0,969","0,907","0,94","0,962","0,984","0,893","0,937","0,763","0,8","0,974","0,883","0,832","0,868","0,934","0,475","0,451","0,507","0,981","0,98","0,849","0,413","0,883","0,995","0,966","0,935","0,828","0,938","0,75","0,921","0,994","0,972","0,528","0,487","0,298","0,987","0,883","0,944","0,907","0,944","0,916","0,989","0,492","0,618","0,961","0,766","0,944","0,901",0,"0,925","0,825","0,477","0,474","0,97","0,829","0,76","0,733","0,923","0,973","0,787","0,432","0,954","0,889","0,947","0,977","0,854","0,789","0,967","0,989","0,511","0,948","0,951","0,496","0,546","0,643","0,544","0,985","0,882","0,988","0,526","0,916","0,929","0,984","0,609","0,728","0,886","0,975","0,936","0,991","0,989","0,774","0,922","0,403","0,944","0,91","0,963","0,311","0,522","0,892","0,821","0,559","0,906","0,893","0,552","0,945","0,591","0,891","0,959","0,722","0,953","0,983","0,947","0,81","0,61","0,938","0,424","0,517","0,426","0,988","0,93","0,845","0,981","0,939","0,661","0,577","0,584","0,996","0,961","0,933","0,902","0,522","0,916"
ERR11865379,"0,697","0,956","0,692","0,862","0,343","0,999","0,706","0,738","0,899","0,942","0,972","0,267","0,668","0,762","0,627","0,902","0,926","0,739","0,732","0,715","0,295","0,967","0,955","0,756","0,705","0,924","0,886","0,942","0,954","0,786","0,858","0,981","0,734","0,905","0,669","0,563","0,244","0,925","0,745","0,694","0,97","0,742","0,834","0,595","0,739","0,931","0,678","0,661","0,999","0,717","0,768","0,844","0,745","0,627","0,977","0,481","0,897","0,895","0,928","0,863","0,755","0,988","0,957","0,224","0,857","0,932","0,74","0,91","0,691","0,695","0,67","0,773","0,927","0,847","0,902","0,936","0,943","0,701","0,935","0,974","0,771","0,763","0,224","0,804","0,571","0,791","0,714","0,397","0,921","0,907","0,884","0,855","0,948","0,73","0,287","0,945","0,951","0,928","0,975","0,986","0,462","0,885","0,235","0,997","0,736","0,762","0,458","0,757","0,922","0,758",1,"0,788","0,673","0,813","0,825","0,885","0,808","0,276","0,159","0,354","0,766","0,867","0,884","0,774","0,679","0,939","0,72","0,924","0,925",0,"0,678","0,869","0,676","0,702","0,944","0,931","0,942","0,837","0,938","0,93","0,902","0,708","0,907","0,295","0,71","0,881","0,75","0,605","0,921","0,765","0,948","0,732","0,71","0,924","0,949","0,864","0,985","0,906","0,93","0,725","0,863","0,671","0,96","0,928","0,906","0,915","0,862","0,115",1,"0,943","0,935","0,907","0,901","0,699","0,784","0,708","0,928","0,677","0,202","0,69","0,861","0,948","0,221","0,787","0,754","0,812","0,765","0,834","0,693","0,606","0,973","0,586","0,743","0,945","0,91","0,943","0,825","0,683","0,996","0,264","0,726","0,787","0,944","0,906","0,943","0,954","0,986","0,787","0,937","0,848","0,954","0,225"
ERR11865397,"0,447","0,836","0,893","0,724","0,515","0,925","0,353","0,614","0,803","0,821","0,981","0,859","0,264","0,923","0,479","0,774","0,858","0,449","0,346","0,444","0,449","0,995","0,766","0,512","0,436","0,978","0,797","0,993","0,985","0,531","0,794","0,983","0,963","0,845","0,472","0,484","0,76","0,846","0,487","0,309","0,993","0,487","0,739","0,971","0,423","0,894","0,741","0,281","0,919","0,427","0,958","0,617","0,493","0,755","0,992","0,416","0,652","0,758","0,796","0,762","0,461","0,985","0,934","0,497","0,807","0,922","0,596","0,798","0,326","0,556","0,262","0,95","0,834","0,87","0,98","0,949","0,859","0,995","0,986","0,77","0,413","0,51","0,64","0,776","0,982","0,895","0,448","0,799","0,844","0,9","0,805","0,951","0,9","0,916","0,521","0,83","0,84","0,808","0,978","0,975","0,962","0,822","0,919","0,966","0,444","0,418","0,73","0,567","0,87","0,456","0,919","0,567","0,466","0,862","0,79","0,993","0,801","0,959","0,635","0,491","0,496","0,989","0,716","0,454","0,761","0,877","0,412","0,976","0,825","0,678",0,"0,832","0,472","0,483","0,939","0,862","0,849","0,922","0,977","0,873","0,853","0,452","0,854","0,464","0,989","0,795","0,666","0,54","0,83","0,783","0,911","0,411","0,431","0,818","0,714","0,77","0,989","0,877","0,929","0,568","0,83","0,284","0,992","0,843","0,79","0,842","0,683","0,834","0,936","0,909","0,889","0,895","0,793","0,358","0,461","0,504","0,832","0,39","0,895","0,272","0,764","0,961","0,91","0,795","0,523","0,722","0,409","0,91","0,326","0,471","0,964","0,497","0,664","0,87","0,972","0,851","0,723","0,514","0,995","0,417","0,281","0,856","0,959","0,821","0,861","0,875","0,998","0,596","0,888","0,879","0,871","0,552"
ERR11865290,"0,669","0,157","0,898","0,572","0,877","0,989","0,606","0,922","0,462","0,64","0,978","0,887","0,712","0,832","0,911","0,177","0,861","0,903","0,723","0,912","0,865","0,965","0,934","0,963","0,887","0,907","0,119","0,97","0,956","0,872","0,171","0,989","0,941","0,072","0,507","0,869","0,856","0,098","0,894","0,892","0,978","0,963","0,263","0,877","0,782","0,847","0,154","0,948","0,988","0,898","0,89","0,673","0,948","0,279","0,982","0,864","0,648","0,29","0,817","0,26","0,453","0,992","0,989","0,867","0,894","0,933","0,307","0,116","0,814","0,847","0,737","0,964","0,264","0,269","0,936","0,945","0,138","0,914","0,934","0,948","0,746","0,891","0,844","0,951","0,943","0,973","0,915","0,887","0,844","0,915","0,93","0,868","0,922","0,752","0,857","0,616","0,093","0,097","0,984","0,987","0,896","0,108","0,862","0,993","0,897","0,881","0,79","0,81","0,882","0,902","0,989","0,918","0,665","0,074","0,271","0,978","0,856","0,895","0,866","0,867","0,884","0,979","0,248","0,347","0,9","0,828","0,945","0,934","0,477","0,869","0,832",0,"0,631","0,903","0,953","0,883","0,813","0,821","0,95","0,898","0,163","0,852","0,791","0,88","0,962","0,898","0,901","0,877","0,983","0,152","0,874","0,776","0,382","0,298","0,726","0,288","0,986","0,927","0,958","0,287","0,887","0,918","0,974","0,24","0,818","0,754","0,969","0,87","0,985","0,989","0,893","0,847","0,18","0,935","0,84","0,922","0,243","0,507","0,86","0,851","0,215","0,961","0,87","0,229","0,95","0,363","0,848","0,938","0,754","0,895","0,975","0,837","0,901","0,313","0,915","0,112","0,13","0,608","0,995","0,853","0,814","0,967","0,855","0,415","0,205","0,423","0,993","0,967","0,847","0,81","0,157","0,886"
ERR11865304,"0,213","0,612","0,87","0,268","0,706","0,999","0,327","0,792","0,587","0,493","0,947","0,815","0,317","0,881","0,379","0,574","0,645","0,682","0,444","0,558","0,661","0,942","0,812","0,736","0,606","0,971","0,571","0,995","0,942","0,713","0,626","0,972","0,926","0,616","0,221","0,701","0,714","0,636","0,639","0,577","0,971","0,721","0,578","0,825","0,683","0,909","0,526","0,591","0,997","0,635","0,815","0,681","0,721","0,644","0,968","0,66","0,626","0,581","0,545","0,578","0,519","0,978","0,955","0,673","0,553","0,707","0,337","0,601","0,463","0,484","0,29","0,958","0,648","0,676","0,902","0,902","0,59","0,977","0,956","0,952","0,534","0,719","0,585","0,742","0,917","0,923","0,645","0,769","0,66","0,846","0,877","0,753","0,921","0,839","0,7","0,493","0,621","0,648","0,956","0,971","0,857","0,553","0,811","0,997","0,679","0,712","0,577","0,719","0,655","0,668","0,999","0,753","0,184","0,651","0,502","0,969","0,789","0,91","0,633","0,696","0,685","0,98","0,628","0,537","0,738","0,765","0,686","0,927","0,474","0,676","0,472","0,631",0,"0,705","0,749","0,673","0,756","0,9","0,959","0,635","0,549","0,718","0,852","0,69","0,946","0,799","0,453","0,734","0,93","0,519","0,925","0,672","0,361","0,655","0,581","0,571","0,984","0,833","0,954","0,413","0,841","0,607","0,964","0,682","0,695","0,837","0,859","0,793","0,999","0,949","0,682","0,895","0,541","0,594","0,704","0,732","0,539","0,348","0,84","0,506","0,522","0,8","0,835","0,621","0,735","0,546","0,665","0,924","0,383","0,706","0,971","0,745","0,49","0,653","0,892","0,604","0,51","0,286","0,992","0,641","0,571","0,916","0,942","0,679","0,688","0,632","0,991","0,775","0,906","0,867","0,671","0,702"
ERR11865373,"0,722","0,931","0,892","0,878","0,325",1,"0,435","0,223","0,932","0,947","0,998","0,852","0,415","0,983","0,651","0,883","0,971","0,07","0,265","0,262","0,421","0,998","0,991","0,088","0,187","0,961","0,891","0,988","0,987","0,191","0,86","0,999","0,98","0,913","0,661","0,141","0,805","0,91","0,123","0,236","0,992","0,053","0,829","0,959","0,363","0,828","0,829","0,388","0,999","0,095","0,964","0,938","0,071","0,882","0,999","0,304","0,941","0,931","0,976","0,89","0,457","0,999","0,854","0,477","0,91","0,989","0,758","0,888","0,252","0,727","0,432","0,989","0,931","0,917","0,978","0,958","0,947","0,967","0,96","0,988","0,14","0,097","0,713","0,83","0,968","0,77","0,125","0,804","0,966","0,945","0,611","0,954","0,983","0,938","0,49","0,95","0,934","0,924","0,985","0,99","0,964","0,897","0,912","0,998","0,085","0,175","0,824","0,173","0,973","0,081",1,"0,185","0,682","0,922","0,895","0,992","0,855","0,959","0,682","0,321","0,135","0,993","0,923","0,686","0,761","0,966","0,159","0,971","0,97","0,702","0,483","0,903","0,705",0,"0,996","0,977","0,979","0,955","0,976","0,978","0,914","0,078","0,906","0,441","0,987","0,904","0,811","0,287","0,767","0,866","0,907","0,411","0,622","0,929","0,971","0,87","0,991","0,925","0,846","0,728","0,967","0,327","0,991","0,915","0,928","0,711","0,493","0,818",1,"0,88","0,983","0,845","0,907","0,208","0,189","0,04","0,932","0,563","0,886","0,28","0,868","0,994","0,922","0,866","0,119","0,826","0,127","0,978","0,357","0,171","0,992","0,182","0,803","0,948","0,97","0,946","0,83","0,709","0,998","0,499","0,231","0,751","0,984","0,89","0,937","0,957","0,997","0,228","0,84","0,924","0,95","0,48"
ERR14783492,"0,973","0,986","0,964","0,724","0,957","0,997","0,838","0,988","0,893","0,893","0,911","0,933","0,888","0,963","0,715","0,99","0,702","0,999","0,999","0,849","0,938","0,743","0,796","0,99","0,87","0,976","0,931","0,993","0,767","0,999","0,991","0,962","0,958","0,924","0,977","0,991","0,906","0,98","0,922","0,994","0,976","0,991","0,982","0,793","0,998","0,984","0,895","0,943","0,997","0,954","0,767","0,859","0,98","0,937","0,946","0,982","0,937","0,855","0,631","0,918","0,979","0,949","0,986","0,927","0,499","0,609","0,88","0,992","0,854","0,928","0,853","0,963","0,999","0,934","0,9","0,775","0,897","0,965","0,833","0,963","0,999","0,999","0,919","0,957","0,919","0,977","0,923","0,952","0,747","0,736","0,976","0,628","0,909","0,966","0,954","0,833","0,977","0,962","0,974","0,97","0,792","0,877","0,861","0,998","0,999","0,945","0,82","0,947","0,643",1,"0,999",1,"0,997","0,939","0,864","0,973","0,887","0,862","0,922","0,969","0,989","0,985","0,933","0,996","0,991","0,929","0,988","0,762","0,829","0,944","0,939","0,953","0,749","0,996",0,"0,706","0,889","0,98","0,959","0,519","0,891","0,991","0,972","0,971","0,945","0,887","0,58","0,993","0,999","0,851","0,987","0,993","0,887","0,972","0,854","0,92","0,991","0,898","0,991","0,907","0,816","0,978","0,966","0,988","0,944","0,97","0,976","0,959","0,995","0,991","0,67","0,981","0,916","0,901","0,992","0,988","0,915","0,963","0,875","0,953","0,903","0,736","0,85","0,969","0,977","0,986","0,986","0,934","0,878","0,978","0,975","0,978","0,581","0,906","0,842","0,92","0,953","0,978","0,947","0,948","0,988","0,975","0,985","0,999","0,974","0,872","0,992","0,973","0,982","0,974","0,958","0,911"
ERR11865437,"0,842","0,892","0,946","0,546","0,945","0,998","0,823","0,981","0,815","0,642","0,934","0,924","0,816","0,904","0,554","0,907","0,214","0,97","0,92","0,773","0,936","0,9","0,605","0,976","0,905","0,96","0,824","0,994","0,899","0,943","0,924","0,968","0,889","0,858","0,872","0,973","0,906","0,895","0,791","0,921","0,935","0,977","0,923","0,769","0,959","0,956","0,858","0,953","0,996","0,89","0,757","0,773","0,965","0,896","0,96","0,962","0,824","0,841","0,252","0,859","0,91","0,969","0,988","0,915","0,521","0,357","0,738","0,91","0,843","0,636","0,746","0,922","0,913","0,822","0,844","0,92","0,723","0,973","0,868","0,908","0,936","0,974","0,907","0,954","0,835","0,951","0,892","0,943","0,497","0,856","0,973","0,393","0,897","0,913","0,938","0,417","0,887","0,894","0,942","0,977","0,865","0,814","0,84","0,996","0,972","0,938","0,46","0,938","0,271","0,932","0,999","0,977","0,835","0,872","0,785","0,958","0,888","0,926","0,924","0,955","0,929","0,972","0,871","0,869","0,972","0,791","0,974","0,886","0,76","0,931","0,862","0,883","0,673","0,977","0,706",0,"0,819","0,936","0,971","0,217","0,702","0,969","0,926","0,955","0,893","0,911","0,666","0,974","0,994","0,818","0,959","0,959","0,864","0,9","0,625","0,861","0,989","0,913","0,98","0,877","0,658","0,948","0,916","0,92","0,687","0,948","0,975","0,944","0,997","0,99","0,266","0,957","0,76","0,936","0,937","0,979","0,825","0,795","0,895","0,869","0,648","0,54","0,878","0,903","0,961","0,93","0,925","0,857","0,779","0,97","0,946","0,959","0,764","0,702","0,903","0,827","0,839","0,867","0,984","0,934","0,91","0,942","0,959","0,932","0,911","0,622","0,983","0,966","0,955","0,933","0,807","0,9"
ERR14783433,"0,757","0,823","0,944","0,711","0,955","0,862","0,814","0,978","0,773","0,756","0,957","0,94","0,776","0,876","0,889","0,85","0,809","0,983","0,853","0,922","0,952","0,96","0,875","0,981","0,937","0,948","0,822","0,976","0,949","0,944","0,851","0,97","0,951","0,808","0,796","0,968","0,938","0,828","0,917","0,952","0,914","0,982","0,877","0,891","0,951","0,96","0,815","0,974","0,868","0,923","0,902","0,692","0,966","0,804","0,97","0,964","0,634","0,791","0,762","0,791","0,86","0,982","0,99","0,926","0,875","0,878","0,757","0,837","0,84","0,872","0,771","0,955","0,856","0,851","0,954","0,948","0,788","0,971","0,936","0,902","0,857","0,984","0,934","0,956","0,952","0,981","0,909","0,942","0,794","0,939","0,973","0,893","0,871","0,833","0,946","0,767","0,84","0,806","0,899","0,976","0,913","0,784","0,902","0,953","0,984","0,931","0,856","0,94","0,818","0,947","0,877","0,985","0,807","0,817","0,741","0,983","0,895","0,948","0,926","0,957","0,941","0,98","0,757","0,851","0,962","0,821","0,966","0,932","0,733","0,942","0,849","0,813","0,756","0,979","0,889","0,819",0,"0,897","0,951","0,835","0,795","0,939","0,94","0,963","0,966","0,922","0,877","0,967","0,977","0,816","0,949","0,956","0,832","0,846","0,784","0,818","0,99","0,965","0,977","0,847","0,882","0,943","0,93","0,876","0,823","0,856","0,964","0,944","0,864","0,99","0,828","0,959","0,799","0,967","0,912","0,978","0,782","0,822","0,925","0,877","0,83","0,921","0,907","0,838","0,968","0,877","0,897","0,891","0,759","0,971","0,97","0,935","0,889","0,844","0,937","0,786","0,835","0,821","0,994","0,949","0,863","0,969","0,918","0,892","0,862","0,804","0,995","0,975","0,961","0,883","0,754","0,908"
ERR14783549,"0,924","0,867","0,892","0,92","0,879","0,937","0,887","0,955","0,807","0,918","0,991","0,855","0,918","0,52","0,921","0,829","0,955","0,956","0,923","0,915","0,876","0,996","0,856","0,967","0,931","0,92","0,812","0,959","0,995","0,947","0,789","0,988","0,775","0,82","0,897","0,936","0,874","0,85","0,928","0,956","0,753","0,967","0,775","0,927","0,935","0,634","0,782","0,965","0,956","0,954","0,912","0,932","0,964","0,749","0,993","0,932","0,921","0,792","0,944","0,795","0,857","0,996","0,967","0,85","0,949","0,951","0,826","0,832","0,93","0,931","0,913","0,791","0,819","0,722","0,933","0,963","0,817","0,943","0,988","0,939","0,915","0,952","0,877","0,956","0,697","0,848","0,951","0,898","0,876","0,989","0,947","0,923","0,973","0,638","0,869","0,857","0,845","0,819","0,862","0,981","0,877","0,836","0,862","0,935","0,955","0,923","0,841","0,934","0,96","0,955","0,93","0,957","0,919","0,818","0,873","0,911","0,959","0,876","0,872","0,884","0,951","0,887","0,809","0,793","0,956","0,914","0,964","0,991","0,923","0,837","0,922","0,821","0,9","0,955","0,98","0,936","0,897",0,"0,946","0,946","0,832","0,937","0,567","0,895","0,54","0,982","0,956","0,937","0,929","0,8","0,509","0,936","0,849","0,793","0,81","0,772","0,993","0,989","0,842","0,822","0,832","0,959","0,677","0,791","0,939","0,799","0,916","0,841","0,938","0,977","0,951","0,662","0,845","0,955","0,932","0,959","0,883","0,876","0,868","0,946","0,772","0,889","0,84","0,783","0,964","0,778","0,935","0,795","0,91","0,943","0,867","0,893","0,948","0,727","0,96","0,841","0,807","0,911","0,999","0,878","0,931","0,825","0,611","0,728","0,794","0,753","0,867","0,966","0,591","0,592","0,805","0,831"
ERR14783439,"0,985","0,985","0,946","0,955","0,946","0,997","0,961","0,957","0,968","0,982","0,971","0,941","0,969","0,877","0,942","0,987","0,978","0,99","0,989","0,921","0,937","0,99","0,958","0,988","0,927","0,957","0,978","0,973","0,983","0,989","0,963","0,983","0,747","0,964","0,977","0,948","0,93","0,97","0,979","0,988","0,868","0,987","0,983","0,921","0,989","0,968","0,93","0,984","0,995","0,975","0,784","0,941","0,981","0,927","0,973","0,942","0,941","0,952","0,97","0,966","0,981","0,979","0,977","0,934","0,933","0,953","0,956","0,98","0,956","0,972","0,962","0,915","0,99","0,948","0,914","0,924","0,971","0,951","0,965","0,989","0,99","0,99","0,936","0,974","0,864","0,955","0,964","0,838","0,918","0,972","0,976","0,927","0,973","0,942","0,939","0,969","0,984","0,976","0,9","0,973","0,887","0,957","0,933","0,96","0,99","0,974","0,924","0,976","0,972","0,99","0,998","0,991","0,988","0,944","0,939","0,969","0,94","0,934","0,93","0,945","0,986","0,977","0,963","0,986","0,835","0,975","0,987","0,968","0,973","0,938","0,977","0,95","0,959","0,976","0,959","0,971","0,951","0,946",0,"0,955","0,962","0,962","0,949","0,946","0,868","0,982","0,959","0,948","0,986","0,926","0,882","0,987","0,961","0,982","0,968","0,977","0,99","0,984","0,978","0,965","0,899","0,985","0,886","0,986","0,978","0,945","0,925","0,918","0,991","0,99","0,978","0,941","0,973","0,967","0,988","0,968","0,977","0,97","0,931","0,979","0,971","0,931","0,923","0,946","0,981","0,986","0,986","0,603","0,954","0,95","0,844","0,951","0,933","0,969","0,919","0,975","0,979","0,982","0,998","0,942","0,987","0,899","0,94","0,991","0,98","0,951","0,943","0,982","0,966","0,926","0,964","0,935"
ERR11865336,"0,873","0,912","0,948","0,532","0,944","0,999","0,796","0,983","0,832","0,765","0,933","0,924","0,834","0,908","0,452","0,929","0,334","0,974","0,94","0,72","0,926","0,88","0,579","0,981","0,857","0,956","0,853","0,993","0,871","0,958","0,939","0,967","0,893","0,872","0,894","0,973","0,894","0,913","0,787","0,923","0,942","0,983","0,939","0,749","0,963","0,958","0,857","0,961","0,997","0,904","0,672","0,8","0,97","0,899","0,96","0,961","0,843","0,81","0,182","0,872","0,928","0,97","0,983","0,913","0,362","0,285","0,748","0,928","0,809","0,774","0,754","0,92","0,933","0,831","0,806","0,807","0,798","0,968","0,841","0,913","0,953","0,977","0,903","0,96","0,83","0,948","0,891","0,944","0,494","0,865","0,969","0,344","0,89","0,915","0,937","0,535","0,909","0,909","0,942","0,973","0,793","0,829","0,836","0,998","0,975","0,934","0,539","0,937","0,273","0,95","0,999","0,979","0,863","0,887","0,8","0,949","0,899","0,877","0,924","0,954","0,945","0,971","0,886","0,927","0,975","0,859","0,98","0,86","0,787","0,93","0,873","0,898","0,635","0,978","0,519","0,217","0,835","0,946","0,955",0,"0,71","0,969","0,929","0,954","0,891","0,919","0,612","0,974","0,995","0,786","0,964","0,963","0,84","0,917","0,642","0,874","0,991","0,924","0,986","0,86","0,638","0,951","0,926","0,936","0,817","0,942","0,972","0,943","0,998","0,991","0,34","0,954","0,824","0,89","0,951","0,982","0,843","0,872","0,884","0,891","0,704","0,505","0,858","0,917","0,964","0,949","0,941","0,855","0,792","0,973","0,945","0,958","0,635","0,731","0,849","0,846","0,875","0,898","0,982","0,933","0,93","0,942","0,961","0,947","0,927","0,676","0,983","0,968","0,957","0,936","0,883","0,897"
ERR11865405,"0,69","0,175","0,929","0,445","0,907","0,997","0,571","0,952","0,424","0,615","0,963","0,91","0,691","0,81","0,782","0,255","0,697","0,915","0,737","0,817","0,897","0,962","0,823","0,973","0,884","0,929","0,219","0,98","0,954","0,88","0,257","0,985","0,911","0,154","0,51","0,905","0,897","0,109","0,82","0,905","0,961","0,977","0,363","0,823","0,848","0,86","0,249","0,965","0,996","0,903","0,808","0,703","0,966","0,376","0,973","0,906","0,661","0,345","0,625","0,328","0,444","0,987","0,986","0,887","0,764","0,761","0,217","0,196","0,807","0,853","0,677","0,943","0,344","0,309","0,877","0,936","0,157","0,941","0,927","0,959","0,762","0,901","0,883","0,962","0,893","0,959","0,916","0,922","0,707","0,929","0,932","0,738","0,921","0,758","0,886","0,471","0,152","0,224","0,963","0,987","0,879","0,097","0,847","0,996","0,908","0,896","0,708","0,84","0,71","0,912","0,997","0,928","0,666","0,169","0,252","0,959","0,891","0,919","0,899","0,899","0,893","0,968","0,33","0,387","0,934","0,813","0,972","0,921","0,432","0,902","0,853","0,163","0,549","0,914","0,891","0,702","0,795","0,832","0,962","0,71",0,"0,892","0,796","0,918","0,929","0,942","0,838","0,91","0,991","0,186","0,884","0,843","0,364","0,376","0,62","0,339","0,988","0,952","0,966","0,358","0,812","0,95","0,951","0,346","0,829","0,77","0,98","0,91","0,996","0,99","0,727","0,853","0,162","0,943","0,855","0,943","0,195","0,495","0,891","0,855","0,226","0,819","0,88","0,328","0,962","0,435","0,863","0,901","0,703","0,934","0,959","0,873","0,882","0,298","0,906","0,13","0,243","0,603","0,995","0,887","0,835","0,955","0,867","0,479","0,311","0,309","0,987","0,974","0,855","0,818","0,237","0,894"
ERR11865508,"0,703","0,908","0,874","0,876","0,346","0,965","0,462","0,204","0,899","0,94","0,996","0,852","0,446","0,953","0,667","0,867","0,963","0,113","0,287","0,298","0,445","0,994","0,925","0,094","0,216","0,929","0,878","0,974","0,98","0,182","0,826","0,994","0,966","0,893","0,652","0,185","0,787","0,886","0,102","0,284","0,985","0,106","0,82","0,924","0,366","0,806","0,793","0,431","0,965","0,142","0,93","0,825","0,09","0,808","0,996","0,336","0,847","0,876","0,967","0,861","0,474","0,996","0,848","0,479","0,907","0,975","0,709","0,869","0,289","0,741","0,461","0,96","0,926","0,883","0,959","0,955","0,929","0,941","0,959","0,914","0,132","0,094","0,698","0,836","0,961","0,756","0,167","0,806","0,957","0,944","0,594","0,921","0,924","0,927","0,502","0,943","0,918","0,877","0,982","0,988","0,934","0,88","0,889","0,983","0,128","0,125","0,801","0,166","0,963","0,088","0,966","0,178","0,702","0,876","0,828","0,985","0,83","0,931","0,681","0,345","0,127","0,982","0,867","0,644","0,768","0,96","0,197","0,966","0,954","0,708","0,452","0,852","0,718","0,078","0,991","0,969","0,939","0,937","0,962","0,969","0,892",0,"0,885","0,467","0,974","0,881","0,819","0,313","0,753","0,832","0,894","0,413","0,638","0,915","0,913","0,85","0,991","0,928","0,834","0,737","0,887","0,349","0,982","0,903","0,926","0,696","0,457","0,821","0,955","0,882","0,973","0,838","0,891","0,256","0,14","0,079","0,913","0,572","0,883","0,322","0,856","0,988","0,897","0,833","0,119","0,829","0,077","0,933","0,378","0,196","0,971","0,108","0,814","0,934","0,947","0,926","0,819","0,721","0,996","0,509","0,208","0,722","0,968","0,892","0,921","0,941","0,995","0,228","0,824","0,904","0,931","0,471"
ERR14783399,"0,885","0,851","0,956","0,896","0,896","0,975","0,808","0,904","0,833","0,938","0,987","0,944","0,855","0,804","0,856","0,778","0,953","0,912","0,863","0,86","0,89","0,995","0,835","0,912","0,883","0,98","0,783","0,986","0,992","0,905","0,737","0,991","0,862","0,785","0,851","0,898","0,937","0,827","0,871","0,903","0,955","0,912","0,723","0,943","0,906","0,301","0,762","0,905","0,97","0,898","0,921","0,906","0,909","0,745","0,99","0,889","0,904","0,711","0,923","0,718","0,769","0,995","0,952","0,885","0,93","0,921","0,767","0,791","0,867","0,931","0,848","0,891","0,751","0,67","0,934","0,97","0,804","0,981","0,989","0,957","0,856","0,915","0,917","0,949","0,866","0,91","0,897","0,921","0,828","0,983","0,926","0,896","0,969","0,731","0,891","0,866","0,821","0,785","0,913","0,988","0,948","0,8","0,949","0,979","0,913","0,876","0,884","0,905","0,954","0,905","0,97","0,917","0,877","0,803","0,857","0,963","0,953","0,97","0,899","0,894","0,903","0,972","0,736","0,748","0,916","0,955","0,906","0,986","0,889","0,907","0,854","0,791","0,852","0,906","0,972","0,926","0,94","0,567","0,949","0,929","0,796","0,885",0,"0,895","0,875","0,974","0,936","0,898","0,915","0,779","0,391","0,906","0,758","0,718","0,789","0,699","0,992","0,984","0,954","0,728","0,822","0,9","0,911","0,749","0,958","0,808","0,895","0,93","0,983","0,954","0,956","0,26","0,83","0,898","0,89","0,901","0,867","0,829","0,956","0,885","0,737","0,854","0,949","0,73","0,91","0,684","0,886","0,85","0,856","0,896","0,91","0,879","0,929","0,663","0,954","0,821","0,778","0,852","0,999","0,892","0,875","0,866","0,365","0,64","0,75","0,741","0,964","0,914","0,284","0,607","0,817","0,876"
ERR11865360,"0,691","0,956","0,694","0,884","0,168","0,999","0,447","0,527","0,914","0,96","0,986","0,485","0,391","0,866","0,607","0,901","0,946","0,467","0,453","0,472","0,088","0,977","0,973","0,498","0,46","0,923","0,898","0,943","0,96","0,571","0,859","0,987","0,85","0,922","0,663","0,305","0,368","0,924","0,521","0,376","0,973","0,473","0,834","0,617","0,469","0,891","0,694","0,332","0,999","0,46","0,787","0,868","0,483","0,635","0,989","0,194","0,899","0,914","0,952","0,882","0,517","0,99","0,921","0,171","0,88","0,961","0,755","0,909","0,427","0,692","0,406","0,874","0,926","0,858","0,912","0,942","0,958","0,698","0,933","0,975","0,533","0,518","0,283","0,804","0,742","0,8","0,464","0,385","0,945","0,916","0,791","0,875","0,966","0,827","0,142","0,963","0,953","0,936","0,981","0,987","0,573","0,905","0,501","0,997","0,462","0,551","0,468","0,547","0,947","0,506",1,"0,568","0,666","0,828","0,838","0,906","0,807","0,53","0,271","0,139","0,533","0,926","0,903","0,692","0,678","0,955","0,424","0,936","0,947","0,295","0,464","0,88","0,69","0,441","0,971","0,955","0,963","0,895","0,946","0,954","0,918","0,467","0,895",0,"0,839","0,878","0,772","0,364","0,845","0,777","0,915","0,455","0,608","0,926","0,964","0,876","0,986","0,903","0,894","0,705","0,881","0,332","0,966","0,928","0,908","0,847","0,726","0,411",1,"0,892","0,96","0,86","0,917","0,399","0,566","0,443","0,945","0,558","0,454","0,382","0,873","0,971","0,543","0,788","0,508","0,81","0,531","0,844","0,423","0,326","0,977","0,374","0,763","0,957","0,924","0,959","0,835","0,678","0,995","0,126","0,446","0,782","0,947","0,905","0,948","0,968","0,987","0,574","0,896","0,846","0,963","0,248"
ERR14783418,"0,996","0,995","0,644","0,93","0,813","0,997","0,961","0,967","0,913","0,975","0,973","0,736","0,978","0,326","0,896","0,998","0,941",1,1,"0,895","0,809","0,991","0,794","0,997","0,938","0,813","0,98","0,956","0,986","0,998","0,977","0,984","0,61","0,971","0,99","0,941","0,768","0,981","0,94","0,999","0,837","0,997","0,992","0,806","0,998","0,899","0,892","0,989","0,995","0,989","0,749","0,953","0,995","0,85","0,978","0,92","0,97","0,952","0,907","0,971","0,99","0,985","0,975","0,745","0,909","0,878","0,936","0,993","0,964","0,98","0,958","0,717","0,998","0,911","0,862","0,93","0,961","0,876","0,966","0,991",1,1,"0,798","0,984","0,376","0,819","0,981","0,793","0,749","0,979","0,978","0,817","0,976","0,771","0,798","0,889","0,994","0,987","0,876","0,975","0,719","0,958","0,7","0,997","0,999","0,983","0,745","0,98","0,936",1,"0,999",1,"0,996","0,929","0,936","0,88","0,957","0,714","0,772","0,827","0,996","0,861","0,972","0,996","0,93","0,97","0,997","0,976","0,977","0,71","0,989","0,962","0,946","0,987","0,945","0,893","0,966","0,54","0,868","0,891","0,929","0,974","0,875","0,839",0,"0,993","0,954","0,941","0,992","0,9","0,73","0,997","0,973","0,991","0,742","0,975","0,993","0,995","0,959","0,977","0,672","0,996","0,61","0,994","0,988","0,939","0,975","0,677","0,995","0,992","0,929","0,939","0,979","0,98","0,997","0,978","0,983","0,979","0,718","0,991","0,927","0,734","0,651","0,941","0,993","0,996","0,996","0,72","0,962","0,941","0,87","0,899","0,941","0,902","0,912","0,98","0,985","0,993","0,998","0,808","0,997","0,794","0,89","0,997","0,991","0,766","0,837","0,991","0,848","0,858","0,981","0,707"
ERR14783465,"0,691","0,93","0,899","0,803","0,899","0,981","0,881","0,922","0,849","0,949","0,985","0,9","0,848","0,981","0,785","0,866","0,884","0,9","0,87","0,89","0,883","0,898","0,93","0,897","0,886","0,966","0,882","0,99","0,825","0,93","0,885","0,985","0,99","0,925","0,784","0,899","0,82","0,934","0,881","0,86","0,996","0,893","0,908","0,957","0,868","0,985","0,893","0,802","0,982","0,884","0,961","0,809","0,88","0,887","0,989","0,87","0,869","0,865","0,922","0,859","0,897","0,983","0,99","0,898","0,617","0,935","0,834","0,862","0,872","0,695","0,851","0,988","0,884","0,93","0,986","0,935","0,949","0,982","0,863","0,885","0,894","0,916","0,819","0,859","0,988","0,983","0,88","0,874","0,938","0,609","0,969","0,952","0,923","0,974","0,905","0,955","0,93","0,896","0,98","0,981","0,972","0,905","0,861","0,991","0,898","0,893","0,855","0,92","0,894","0,913","0,982","0,93","0,807","0,948","0,868","0,996","0,665","0,961","0,849","0,89","0,916","0,993","0,85","0,896","0,879","0,946","0,844","0,875","0,854","0,881","0,795","0,898","0,799","0,904","0,887","0,911","0,922","0,982","0,982","0,919","0,942","0,881","0,974","0,878","0,993",0,"0,579","0,915","0,974","0,886","0,988","0,858","0,881","0,872","0,939","0,879","0,987","0,308","0,989","0,889","0,94","0,784","0,995","0,909","0,771","0,978","0,946","0,884","0,971","0,985","0,928","0,984","0,867","0,861","0,9","0,892","0,935","0,859","0,847","0,85","0,901","0,965","0,886","0,879","0,893","0,904","0,887","0,972","0,87","0,875","0,991","0,897","0,652","0,952","0,978","0,946","0,885","0,819","0,95","0,87","0,85","0,977","0,99","0,931","0,935","0,966","0,999","0,919","0,985","0,977","0,954","0,888"
ERR11865554,"0,582","0,945","0,845","0,596","0,791","0,997","0,674","0,854","0,784","0,886","0,935","0,78","0,647","0,957","0,411","0,844","0,647","0,798","0,785","0,675","0,752","0,863","0,813","0,804","0,715","0,975","0,807","0,993","0,846","0,853","0,858","0,964","0,955","0,882","0,67","0,798","0,634","0,946","0,74","0,733","0,977","0,792","0,826","0,78","0,795","0,963","0,732","0,654","0,996","0,749","0,799","0,831","0,778","0,842","0,962","0,761","0,911","0,794","0,618","0,793","0,811","0,973","0,97","0,758","0,371","0,659","0,642","0,881","0,686","0,509","0,589","0,964","0,886","0,87","0,911","0,884","0,846","0,962","0,872","0,937","0,832","0,827","0,652","0,747","0,925","0,948","0,717","0,748","0,772","0,681","0,924","0,702","0,907","0,922","0,794","0,8","0,928","0,905","0,96","0,969","0,835","0,821","0,747","0,996","0,795","0,797","0,616","0,808","0,615","0,821","0,998","0,853","0,647","0,919","0,816","0,975","0,671","0,899","0,692","0,792","0,828","0,981","0,841","0,835","0,772","0,901","0,755","0,849","0,789","0,75","0,666","0,901","0,453","0,811","0,58","0,666","0,877","0,956","0,959","0,612","0,838","0,819","0,936","0,772","0,954","0,579",0,"0,833","0,958","0,746","0,97","0,785","0,723","0,881","0,843","0,776","0,983","0,636","0,973","0,746","0,836","0,684","0,97","0,903","0,786","0,933","0,904","0,754","0,996","0,966","0,66","0,954","0,822","0,705","0,844","0,804","0,892","0,734","0,782","0,707","0,727","0,783","0,786","0,849","0,797","0,817","0,821","0,93","0,641","0,779","0,975","0,836","0,254","0,862","0,884","0,896","0,761","0,683","0,977","0,74","0,775","0,943","0,979","0,872","0,924","0,868","0,993","0,836","0,962","0,943","0,933","0,751"
ERR11865459,"0,753","0,93","0,826","0,886","0,309",1,"0,486","0,41","0,933","0,948","0,996","0,523","0,474","0,945","0,688","0,89","0,969","0,298","0,334","0,324","0,384","0,994","0,987","0,361","0,301","0,936","0,894","0,952","0,983","0,415","0,851","0,989","0,938","0,912","0,692","0,168","0,726","0,908","0,371","0,318","0,976","0,331","0,837","0,836","0,421","0,85","0,755","0,46","0,998","0,323","0,852","0,902","0,35","0,816","0,997","0,253","0,926","0,93","0,972","0,893","0,502","0,996","0,888","0,431","0,916","0,981","0,772","0,893","0,321","0,758","0,488","0,953","0,935","0,86","0,929","0,96","0,944","0,882","0,963","0,984","0,373","0,356","0,647","0,844","0,898","0,803","0,332","0,573","0,963","0,95","0,703","0,913","0,978","0,904","0,296","0,95","0,933","0,923","0,981","0,99","0,869","0,894","0,815","0,998","0,292","0,406","0,748","0,401","0,969","0,35",1,"0,414","0,72","0,838","0,843","0,968","0,858","0,863","0,607","0,302","0,378","0,975","0,919","0,708","0,714","0,964","0,28","0,97","0,967","0,605","0,54","0,877","0,734","0,287","0,993","0,974","0,967","0,937","0,948","0,974","0,91","0,313","0,898","0,364","0,941","0,915","0,833",0,"0,781","0,794","0,899","0,464","0,655","0,931","0,969","0,875","0,991","0,934","0,866","0,75","0,906","0,401","0,969","0,915","0,931","0,774","0,629","0,694",1,"0,882","0,979","0,827","0,909","0,29","0,417","0,313","0,931","0,602","0,786","0,354","0,873","0,99","0,823","0,799","0,378","0,837","0,375","0,927","0,414","0,211","0,977","0,335","0,825","0,946","0,944","0,944","0,839","0,739","0,998","0,463","0,3","0,786","0,966","0,897","0,933","0,954","0,99","0,451","0,854","0,903","0,948","0,446"
ERR14783788,"0,924","0,99","0,961","0,984","0,795","0,934","0,833","0,783","0,968","0,994","0,999","0,965","0,844","0,935","0,91","0,972","0,993","0,763","0,784","0,773","0,838",1,"0,912","0,768","0,761","0,996","0,974","0,992","0,996","0,777","0,968","0,994","0,982","0,987","0,921","0,766","0,956","0,99","0,765","0,797","0,998","0,764","0,947","0,989","0,805","0,892","0,955","0,844","0,918","0,763","0,989","0,952","0,764","0,956","0,999","0,809","0,957","0,957","0,995","0,961","0,815",1,"0,914","0,842","0,979","0,971","0,931","0,977","0,783","0,942","0,847","0,654","0,977","0,983","0,999","0,995","0,991","0,986","0,998","0,85","0,758","0,77","0,932","0,94","0,99","0,827","0,762","0,954","0,98","0,988","0,838","0,999","0,981","0,912","0,847","0,993","0,99","0,976","0,98","0,99","0,996","0,985","0,984","0,56","0,762","0,739","0,963","0,775","0,994","0,768","0,888","0,778","0,918","0,99","0,983","0,999","0,967","0,998","0,919","0,799","0,773","0,992","0,945","0,844","0,942","0,989","0,755","0,995","0,989","0,921","0,83","0,983","0,93","0,767","0,999","0,994","0,977","0,929","0,986","0,995","0,991","0,753","0,915","0,845","0,992","0,974","0,958","0,781",0,"0,974","0,883","0,824","0,889","0,976","0,949","0,963","0,995","0,985","0,91","0,917","0,966","0,815","0,998","0,979","0,981","0,857","0,763","0,96","0,903","0,919","0,995","0,893","0,981","0,778","0,763","0,767","0,993","0,89","0,983","0,801","0,963","0,992","0,985","0,971","0,767","0,942","0,757","0,806","0,817","0,763","0,946","0,756","0,955","0,988","0,999","0,992","0,954","0,921","0,999","0,868","0,758","0,799","0,765","0,968","0,985","0,993",1,"0,782","0,882","0,642","0,991","0,822"
ERR11865453,"0,656","0,229","0,803","0,528","0,781","0,997","0,526","0,879","0,443","0,676","0,958","0,78","0,66","0,79","0,758","0,256","0,813","0,865","0,707","0,796","0,75","0,97","0,862","0,921","0,802","0,917","0,166","0,943","0,964","0,843","0,247","0,979","0,886","0,191","0,508","0,774","0,716","0,171","0,832","0,849","0,952","0,921","0,293","0,738","0,737","0,826","0,098","0,893","0,996","0,855","0,727","0,716","0,912","0,274","0,974","0,76","0,703","0,316","0,747","0,314","0,445","0,983","0,972","0,756","0,743","0,835","0,276","0,224","0,729","0,788","0,65","0,919","0,351","0,253","0,849","0,891","0,202","0,853","0,941","0,965","0,733","0,857","0,713","0,904","0,853","0,929","0,86","0,772","0,765","0,913","0,904","0,762","0,931","0,714","0,764","0,584","0,187","0,2","0,958","0,974","0,75","0,156","0,728","0,996","0,859","0,844","0,61","0,749","0,82","0,866","0,998","0,886","0,639","0,111","0,293","0,94","0,81","0,789","0,746","0,772","0,852","0,958","0,337","0,353","0,86","0,828","0,911","0,935","0,511","0,765","0,783","0,152","0,519","0,866","0,851","0,818","0,816","0,8","0,926","0,786","0,186","0,832","0,779","0,777","0,9","0,886","0,746","0,794","0,974",0,"0,859","0,73","0,344","0,377","0,688","0,331","0,986","0,913","0,933","0,315","0,791","0,884","0,939","0,287","0,809","0,74","0,939","0,768","0,997","0,978","0,834","0,825","0,215","0,848","0,819","0,883","0,309","0,489","0,746","0,797","0,21","0,865","0,748","0,244","0,911","0,416","0,822","0,866","0,674","0,796","0,955","0,765","0,754","0,35","0,853","0,177","0,183","0,587","0,996","0,744","0,793","0,922","0,839","0,46","0,277","0,393","0,981","0,923","0,837","0,783","0,269","0,768"
ERR14783550,"0,944","0,905","0,946","0,946","0,898","0,985","0,87","0,908","0,897","0,956","0,994","0,965","0,898","0,709","0,93","0,883","0,971","0,907","0,884","0,879","0,906","0,998","0,898","0,915","0,89","0,958","0,865","0,984","0,996","0,902","0,854","0,996","0,908","0,875","0,921","0,898","0,963","0,893","0,889","0,906","0,916","0,915","0,832","0,973","0,883","0,332","0,854","0,931","0,975","0,906","0,942","0,954","0,913","0,854","0,995","0,9","0,947","0,856","0,962","0,857","0,843","0,998","0,938","0,907","0,966","0,967","0,879","0,884","0,889","0,96","0,896","0,888","0,876","0,798","0,954","0,976","0,875","0,984","0,992","0,931","0,879","0,906","0,952","0,972","0,842","0,906","0,904","0,963","0,915","0,992","0,909","0,948","0,982","0,827","0,909","0,919","0,892","0,866","0,896","0,988","0,962","0,887","0,97","0,933","0,907","0,885","0,928","0,883","0,974","0,907","0,969","0,91","0,937","0,877","0,913","0,969","0,975","0,98","0,947","0,897","0,904","0,974","0,868","0,83","0,967","0,965","0,912","0,994","0,948","0,948","0,911","0,874","0,925","0,907","0,987","0,959","0,949","0,509","0,882","0,964","0,884","0,894","0,391","0,915","0,73","0,988","0,97","0,899","0,883","0,859",0,"0,891","0,871","0,857","0,868","0,842","0,995","0,993","0,91","0,863","0,885","0,917","0,842","0,845","0,974","0,812","0,891","0,966","0,987","0,943","0,969","0,276","0,894","0,906","0,892","0,91","0,92","0,891","0,973","0,9","0,838","0,925","0,972","0,853","0,913","0,841","0,893","0,779","0,879","0,901","0,913","0,883","0,965","0,809","0,973","0,89","0,862","0,928","0,999","0,921","0,889","0,844","0,375","0,81","0,847","0,834","0,879","0,916","0,147","0,667","0,872","0,895"
ERR11865352,"0,661","0,764","0,91","0,884","0,455","0,985","0,39","0,549","0,906","0,928","0,995","0,888","0,364","0,984","0,614","0,837","0,947","0,357","0,341","0,41","0,431","0,997","0,966","0,446","0,373","0,987","0,73","0,996","0,99","0,47","0,794","0,997","0,988","0,81","0,61","0,412","0,828","0,776","0,433","0,28","0,997","0,42","0,598","0,994","0,083","0,876","0,709","0,332","0,984","0,405","0,992","0,939","0,429","0,861","0,994","0,356","0,943","0,902","0,963","0,869","0,439","0,994","0,918","0,47","0,891","0,98","0,734","0,817","0,355","0,712","0,383","0,992","0,913","0,79","0,998","0,98","0,823","0,996","0,989","0,949","0,425","0,398","0,721","0,816","0,997","0,871","0,413","0,842","0,959","0,934","0,738","0,99","0,959","0,944","0,498","0,935","0,793","0,729","0,985","0,97","0,993","0,828","0,943","0,992","0,345","0,447","0,836","0,274","0,945","0,431","0,986","0,477","0,642","0,813","0,817","0,999","0,854","0,993","0,703","0,432","0,454","0,995","0,906","0,524","0,798","0,954","0,351","0,994","0,951","0,732","0,411","0,776","0,672","0,411","0,993","0,959","0,956","0,936","0,987","0,963","0,843","0,413","0,906","0,455","0,997","0,858","0,785","0,464","0,824","0,73","0,891",0,"0,587","0,904","0,945","0,838","0,991","0,913","0,872","0,693","0,974","0,245","0,998","0,664","0,828","0,792","0,691","0,859","0,98","0,885","0,967","0,885","0,783","0,328","0,436","0,437","0,821","0,463","0,937","0,31","0,718","0,994","0,948","0,867","0,462","0,811","0,415","0,982","0,33","0,407","0,994","0,462","0,778","0,863","0,997","0,804","0,663","0,61","0,995","0,502","0,325","0,855","0,948","0,878","0,739","0,906",1,"0,539","0,879","0,924","0,824","0,502"
ERR11865358,"0,459","0,346","0,892","0,578","0,629","0,994","0,236","0,711","0,457","0,656","0,966","0,862","0,339","0,846","0,539","0,324","0,861","0,6","0,415","0,556","0,589","0,968","0,916","0,648","0,548","0,979","0,352","0,995","0,967","0,642","0,395","0,978","0,951","0,379","0,323","0,62","0,792","0,36","0,625","0,509","0,984","0,633","0,379","0,951","0,594","0,844","0,347","0,512","0,992","0,566","0,925","0,792","0,636","0,437","0,979","0,58","0,746","0,382","0,791","0,369","0,178","0,983","0,939","0,614","0,794","0,888","0,23","0,345","0,434","0,652","0,357","0,979","0,387","0,523","0,955","0,925","0,391","0,983","0,971","0,964","0,492","0,638","0,695","0,795","0,961","0,905","0,586","0,821","0,809","0,906","0,831","0,904","0,953","0,762","0,627","0,612","0,348","0,4","0,969","0,972","0,926","0,332","0,912","0,995","0,598","0,642","0,74","0,66","0,87","0,595","0,994","0,674","0,382","0,401","0,465","0,984","0,848","0,936","0,679","0,62","0,614","0,991","0,392","0,227","0,799","0,823","0,598","0,958","0,496","0,71","0,431","0,382","0,361","0,622","0,887","0,864","0,832","0,849","0,961","0,84","0,364","0,638","0,758","0,608","0,973","0,881","0,723","0,655","0,889","0,344","0,871","0,587",0,"0,414","0,719","0,383","0,985","0,904","0,937","0,151","0,933","0,528","0,981","0,456","0,782","0,726","0,798","0,842","0,992","0,921","0,885","0,818","0,291","0,521","0,634","0,643","0,383","0,261","0,893","0,459","0,373","0,919","0,901","0,393","0,651","0,342","0,598","0,961","0,421","0,619","0,984","0,67","0,687","0,495","0,939","0,351","0,298","0,34","0,996","0,567","0,513","0,897","0,902","0,471","0,454","0,463","0,995","0,695","0,839","0,793","0,418","0,664"
ERR11865485,"0,674","0,396","0,935","0,661","0,924","0,991","0,622","0,951","0,491","0,716","0,986","0,93","0,736","0,861","0,897","0,179","0,894","0,922","0,743","0,906","0,911","0,992","0,954","0,938","0,908","0,979","0,264","0,993","0,985","0,902","0,157","0,985","0,968","0,258","0,579","0,926","0,906","0,358","0,91","0,887","0,994","0,94","0,208","0,976","0,905","0,827","0,369","0,921","0,99","0,887","0,976","0,813","0,931","0,301","0,99","0,915","0,76","0,13","0,848","0,096","0,456","0,985","0,989","0,915","0,879","0,955","0,403","0,217","0,823","0,833","0,756","0,989","0,086","0,215","0,988","0,971","0,332","0,993","0,98","0,951","0,771","0,929","0,897","0,932","0,988","0,983","0,903","0,925","0,871","0,932","0,963","0,97","0,96","0,67","0,919","0,673","0,298","0,267","0,981","0,98","0,978","0,308","0,934","0,994","0,923","0,915","0,856","0,934","0,904","0,895","0,991","0,935","0,656","0,347","0,517","0,995","0,881","0,976","0,928","0,92","0,897","0,993","0,2","0,482","0,935","0,847","0,921","0,978","0,546","0,924","0,818","0,298","0,655","0,929","0,972","0,9","0,846","0,793","0,982","0,917","0,376","0,915","0,718","0,926","0,991","0,872","0,881","0,931","0,976","0,377","0,857","0,904","0,414",0,"0,758","0,061","0,989","0,918","0,985","0,272","0,969","0,901","0,994","0,176","0,813","0,79","0,956","0,93","0,988","0,985","0,915","0,794","0,348","0,9","0,885","0,942","0,458","0,628","0,924","0,823","0,307","0,979","0,937","0,142","0,931","0,103","0,87","0,979","0,786","0,937","0,992","0,918","0,88","0,194","0,984","0,33","0,305","0,603","0,996","0,912","0,837","0,978","0,838","0,177","0,163","0,519","0,999","0,943","0,821","0,748","0,351","0,928"
ERR11865511,"0,696","0,72","0,969","0,54","0,951","0,933","0,689","0,987","0,692","0,676","0,957","0,947","0,743","0,687","0,733","0,749","0,743","0,968","0,78","0,818","0,936","0,967","0,3","0,985","0,905","0,976","0,738","0,992","0,96","0,939","0,771","0,978","0,792","0,721","0,691","0,967","0,939","0,732","0,817","0,939","0,946","0,988","0,797","0,871","0,944","0,856","0,729","0,98","0,904","0,918","0,827","0,615","0,971","0,715","0,973","0,958","0,592","0,657","0,587","0,707","0,786","0,983","0,986","0,929","0,761","0,659","0,602","0,744","0,815","0,899","0,717","0,823","0,775","0,728","0,867","0,933","0,696","0,979","0,969","0,768","0,765","0,971","0,934","0,975","0,62","0,95","0,921","0,964","0,368","0,954","0,967","0,578","0,885","0,862","0,942","0,491","0,74","0,717","0,878","0,981","0,891","0,691","0,906","0,957","0,969","0,814","0,685","0,944","0,742","0,937","0,904","0,973","0,714","0,73","0,633","0,956","0,935","0,933","0,952","0,952","0,932","0,967","0,649","0,675","0,983","0,834","0,973","0,952","0,643","0,949","0,714","0,726","0,581","0,971","0,854","0,625","0,784","0,81","0,968","0,642","0,62","0,913","0,789","0,964","0,742","0,939","0,843","0,969","0,949","0,688","0,868","0,945","0,719","0,758",0,"0,733","0,992","0,976","0,986","0,738","0,278","0,941","0,822","0,796","0,861","0,897","0,9","0,959","0,946","0,992","0,755","0,922","0,706","0,926","0,88","0,987","0,678","0,735","0,931","0,868","0,65","0,389","0,915","0,761","0,969","0,807","0,869","0,649","0,757","0,98","0,877","0,894","0,865","0,621","0,916","0,709","0,751","0,733","0,996","0,943","0,824","0,885","0,891","0,819","0,779","0,329","0,951","0,977","0,837","0,836","0,751","0,913"
ERR11865461,"0,63","0,395","0,898","0,616","0,871","0,99","0,56","0,914","0,478","0,694","0,969","0,874","0,655","0,85","0,808","0,178","0,845","0,858","0,686","0,832","0,861","0,973","0,915","0,9","0,829","0,973","0,233","0,99","0,966","0,85","0,146","0,987","0,954","0,242","0,514","0,868","0,853","0,36","0,822","0,83","0,984","0,9","0,183","0,93","0,841","0,81","0,305","0,869","0,989","0,838","0,935","0,793","0,888","0,282","0,975","0,865","0,759","0,144","0,812","0,087","0,444","0,989","0,977","0,854","0,84","0,912","0,326","0,227","0,755","0,778","0,671","0,976","0,132","0,196","0,961","0,974","0,305","0,979","0,964","0,95","0,717","0,87","0,84","0,882","0,965","0,964","0,848","0,879","0,839","0,922","0,929","0,921","0,929","0,648","0,855","0,638","0,31","0,259","0,972","0,984","0,939","0,282","0,894","0,993","0,858","0,849","0,768","0,851","0,859","0,85","0,99","0,881","0,623","0,334","0,465","0,985","0,855","0,967","0,857","0,864","0,838","0,985","0,22","0,445","0,888","0,834","0,879","0,958","0,544","0,864","0,77","0,288","0,571","0,87","0,92","0,861","0,818","0,772","0,977","0,874","0,339","0,85","0,699","0,876","0,975","0,879","0,776","0,875","0,963","0,331","0,842","0,838","0,383","0,061","0,733",0,"0,986","0,921","0,967","0,264","0,932","0,847","0,982","0,187","0,815","0,762","0,934","0,869","0,987","0,973","0,869","0,78","0,342","0,864","0,83","0,899","0,433","0,573","0,905","0,79","0,249","0,938","0,903","0,135","0,891","0,105","0,814","0,958","0,693","0,889","0,982","0,857","0,79","0,181","0,949","0,314","0,255","0,576","0,995","0,849","0,77","0,957","0,829","0,168","0,178","0,489","0,995","0,911","0,804","0,73","0,345","0,863"
ERR14783809,"0,988","0,993","0,986","0,983","0,986","0,998","0,985","0,99","0,984","0,991","0,992","0,985","0,985","0,981","0,983","0,99","0,988","0,992","0,991","0,986","0,986","0,993","0,993","0,99","0,985","0,996","0,985","0,986","0,993","0,992","0,99","0,986","0,994","0,985","0,988","0,99","0,985","0,992","0,986","0,99","0,996","0,99","0,989","0,992","0,991","0,994","0,986","0,988","0,994","0,986","0,993","0,988","0,988","0,986","0,991","0,989","0,992","0,986","0,99","0,985","0,99","0,996","0,995","0,986","0,983","0,991","0,985","0,99","0,985","0,986","0,985","0,995","0,991","0,987","0,974","0,995","0,988","0,994","0,992","0,993","0,992","0,992","0,984","0,956","0,994","0,993","0,985","0,986","0,987","0,983","0,99","0,992","0,991","0,991","0,986","0,99","0,989","0,986","0,989","0,991","0,992","0,984","0,984","0,998","0,991","0,986","0,984","0,987","0,989","0,992",1,"0,992","0,991","0,99","0,985","0,987","0,983","0,992","0,984","0,986","0,99","0,997","0,985","0,991","0,99","0,986","0,99","0,992","0,985","0,985","0,989","0,986","0,984","0,991","0,991","0,989","0,99","0,993","0,99","0,991","0,988","0,991","0,992","0,986","0,993","0,987","0,983","0,991","0,995","0,986","0,995","0,991","0,985","0,989","0,992","0,986",0,"0,987","0,995","0,986","0,992","0,988","0,995","0,989","0,985","0,991","0,973","0,986","0,999","0,312","0,991","0,993","0,984","0,989","0,991","0,99","0,989","0,988","0,984","0,988","0,985","0,993","0,985","0,987","0,988","0,989","0,991","0,992","0,985","0,988","0,982","0,988","0,983","0,986","0,957","0,989","0,985","0,989","0,998","0,985","0,99","0,993","0,995","0,992","0,988","0,99","0,999","0,989","0,994","0,992","0,989","0,986"
ERR14783453,"0,79","0,949","0,924","0,806","0,92","0,999","0,903","0,941","0,908","0,947","0,987","0,922","0,876","0,989","0,826","0,905","0,876","0,92","0,916","0,911","0,91","0,798","0,978","0,92","0,908","0,98","0,907","0,997","0,77","0,945","0,922","0,987","0,992","0,937","0,847","0,921","0,855","0,952","0,925","0,886","0,997","0,914","0,93","0,966","0,921","0,991","0,921","0,831","0,999","0,907","0,975","0,896","0,911","0,931","0,99","0,895","0,941","0,915","0,926","0,913","0,928","0,987","0,992","0,919","0,665","0,944","0,896","0,903","0,897","0,751","0,879","0,996","0,915","0,94","0,988","0,966","0,956","0,982","0,879","0,946","0,937","0,933","0,86","0,891","0,992","0,987","0,908","0,9","0,944","0,552","0,977","0,959","0,974","0,981","0,926","0,966","0,935","0,925","0,986","0,985","0,978","0,911","0,868","0,997","0,919","0,933","0,884","0,935","0,889","0,931",1,"0,945","0,841","0,966","0,917","0,998","0,78","0,967","0,88","0,917","0,93","0,998","0,908","0,937","0,904","0,949","0,896","0,884","0,882","0,906","0,877","0,927","0,833","0,925","0,898","0,913","0,965","0,989","0,984","0,924","0,952","0,928","0,984","0,903","0,995","0,308","0,636","0,934","0,985","0,913","0,993","0,913","0,904","0,918","0,976","0,921","0,987",0,"0,992","0,909","0,981","0,856","0,997","0,929","0,783","0,984","0,97","0,904","0,999","0,989","0,937","0,989","0,881","0,891","0,942","0,917","0,944","0,891","0,868","0,881","0,924","0,973","0,887","0,917","0,92","0,923","0,934","0,987","0,895","0,901","0,998","0,937","0,695","0,956","0,981","0,956","0,91","0,86","0,928","0,896","0,904","0,986","0,993","0,946","0,936","0,975","0,999","0,936","0,991","0,987","0,962","0,93"
ERR14783424,"0,966","0,969","0,945","0,975","0,865","0,996","0,906","0,782","0,968","0,972","0,994","0,95","0,91","0,968","0,948","0,977","0,981","0,855","0,888","0,876","0,887","0,997","0,99","0,842","0,866","0,964","0,952","0,967","0,996","0,798","0,961","0,996","0,966","0,964","0,952","0,853","0,948","0,965","0,836","0,896","0,794","0,855","0,931","0,962","0,859","0,854","0,921","0,925","0,996","0,856","0,967","0,982","0,849","0,945","0,995","0,883","0,979","0,979","0,987","0,974","0,905","0,998","0,517","0,886","0,982","0,989","0,953","0,973","0,883","0,954","0,91","0,971","0,987","0,939","0,978","0,978","0,957","0,969","0,992","0,994","0,851","0,828","0,936","0,969","0,966","0,473","0,856","0,947","0,982","0,992","0,502","0,981","0,989","0,946","0,889","0,962","0,97","0,959","0,979","0,993","0,963","0,964","0,957","0,994","0,858","0,823","0,933","0,798","0,984","0,839","0,997","0,795","0,958","0,95","0,96","0,967","0,976","0,968","0,928","0,868","0,819","0,922","0,98","0,919","0,964","0,959","0,88","0,994","0,988","0,93","0,929","0,958","0,954","0,846","0,991","0,98","0,977","0,842","0,978","0,986","0,966","0,834","0,954","0,894","0,959","0,989","0,973","0,866","0,91","0,933","0,91","0,872","0,937","0,985","0,986","0,967","0,995","0,992",0,"0,953","0,977","0,913","0,851","0,943","0,965","0,541","0,791","0,949","0,994","0,941","0,98","0,906","0,962","0,888","0,808","0,848","0,973","0,917","0,959","0,898","0,94","0,991","0,958","0,96","0,834","0,968","0,832","0,958","0,889","0,862","0,964","0,807","0,972","0,967","0,983","0,966","0,944","0,959","0,999","0,901","0,881","0,515","0,949","0,976","0,956","0,961","0,989","0,79","0,899","0,934","0,948","0,878"
ERR11865356,"0,483","0,389","0,898","0,627","0,723","0,999","0,365","0,784","0,479","0,701","0,973","0,871","0,481","0,852","0,573","0,18","0,874","0,711","0,535","0,669","0,693","0,974","0,929","0,738","0,668","0,98","0,223","0,995","0,969","0,731","0,266","0,978","0,955","0,243","0,37","0,726","0,8","0,349","0,727","0,641","0,986","0,727","0,263","0,961","0,707","0,834","0,278","0,64","0,997","0,668","0,938","0,811","0,727","0,327","0,983","0,69","0,758","0,246","0,81","0,239","0,253","0,983","0,953","0,713","0,818","0,902","0,278","0,212","0,564","0,668","0,497","0,982","0,232","0,418","0,962","0,928","0,312","0,984","0,974","0,966","0,593","0,738","0,709","0,81","0,967","0,927","0,685","0,827","0,826","0,913","0,874","0,92","0,959","0,712","0,728","0,65","0,283","0,267","0,973","0,97","0,938","0,285","0,922","0,997","0,71","0,737","0,769","0,754","0,882","0,699","0,999","0,763","0,418","0,331","0,511","0,986","0,859","0,94","0,697","0,721","0,71","0,993","0,25","0,301","0,806","0,835","0,703","0,961","0,526","0,725","0,568","0,287","0,413","0,728","0,907","0,877","0,847","0,822","0,965","0,86","0,358","0,737","0,728","0,705","0,977","0,889","0,746","0,75","0,917","0,315","0,863","0,693","0,151","0,272","0,738","0,264","0,986","0,909","0,953",0,"0,944","0,649","0,984","0,333","0,784","0,72","0,844","0,853","0,998","0,94","0,899","0,803","0,326","0,638","0,724","0,735","0,434","0,392","0,903","0,577","0,256","0,933","0,91","0,265","0,737","0,205","0,695","0,966","0,55","0,717","0,987","0,757","0,715","0,386","0,949","0,311","0,204","0,357","0,996","0,681","0,63","0,92","0,879","0,359","0,327","0,486","0,996","0,769","0,828","0,756","0,334","0,748"
ERR14783523,"0,947","0,976","0,89","0,786","0,883","0,931","0,901","0,929","0,88","0,953","0,953","0,867","0,934","0,703","0,685","0,987","0,805","0,999","0,984","0,769","0,863","0,962","0,321","0,992","0,857","0,91","0,956","0,953","0,955","0,995","0,933","0,972","0,747","0,922","0,954","0,895","0,828","0,942","0,841","0,996","0,908","0,993","0,985","0,716","0,973","0,866","0,836","0,988","0,931","0,97","0,6","0,67","0,978","0,822","0,97","0,878","0,724","0,834","0,683","0,909","0,981","0,981","0,974","0,859","0,684","0,637","0,788","0,968","0,91","0,951","0,882","0,796","0,993","0,821","0,738","0,843","0,914","0,873","0,925","0,828","0,952","0,999","0,834","0,971","0,51","0,913","0,943","0,865","0,358","0,954","0,974","0,416","0,867","0,89","0,88","0,72","0,986","0,931","0,856","0,982","0,682","0,895","0,783","0,969","0,999","0,87","0,626","0,956","0,785","0,999","0,929","0,999","0,998","0,854","0,79","0,926","0,873","0,808","0,841","0,883","0,991","0,948","0,832","0,9","0,93","0,957","0,977","0,919","0,916","0,863","0,83","0,887","0,841","0,967","0,816","0,658","0,882","0,832","0,899","0,638","0,812","0,887","0,822","0,881","0,672","0,94","0,836","0,906","0,966","0,791","0,885","0,974","0,933","0,969","0,278","0,932","0,992","0,981","0,977","0,944",0,"0,961","0,773","0,992","0,978","0,938","0,918","0,87","0,943","0,992","0,79","0,94","0,951","0,946","0,949","0,947","0,948","0,953","0,815","0,974","0,837","0,251","0,803","0,874","0,981","0,989","0,94","0,567","0,897","0,885","0,852","0,838","0,798","0,789","0,79","0,945","0,967","0,988","0,994","0,865","0,925","0,856","0,906","0,999","0,978","0,479","0,939","0,981","0,861","0,861","0,965","0,829"
ERR11865465,"0,535","0,941","0,89","0,891","0,358","0,984","0,278","0,478","0,884","0,951","0,991","0,861","0,242","0,982","0,492","0,873","0,934","0,287","0,243","0,31","0,329","0,975","0,948","0,335","0,294","0,986","0,881","0,995","0,97","0,45","0,873","0,991","0,988","0,939","0,568","0,325","0,773","0,947","0,359","0,133","0,997","0,296","0,808","0,984","0,264","0,899","0,835","0,125","0,983","0,287","0,981","0,909","0,307","0,881","0,993","0,222","0,915","0,885","0,947","0,855","0,371","0,993","0,915","0,381","0,842","0,969","0,72","0,893","0,239","0,616","0,265","0,989","0,9","0,938","0,993","0,989","0,953","0,988","0,976","0,931","0,367","0,369","0,644","0,768","0,993","0,865","0,291","0,801","0,951","0,891","0,763","0,98","0,949","0,94","0,438","0,96","0,946","0,908","0,983","0,987","0,984","0,928","0,921","0,992","0,278","0,403","0,823","0,435","0,936","0,35","0,985","0,445","0,556","0,955","0,901","0,998","0,803","0,983","0,622","0,34","0,395","0,994","0,882","0,614","0,751","0,953","0,196","0,978","0,929","0,671","0,284","0,918","0,607","0,327","0,978","0,948","0,943","0,959","0,985","0,951","0,95","0,349","0,9","0,332","0,996","0,784","0,684","0,401","0,815","0,884","0,917","0,245","0,528","0,901","0,941","0,847","0,988","0,856","0,913","0,649","0,961",0,"0,997","0,919","0,877","0,826","0,664","0,821","0,978","0,88","0,954","0,881","0,902","0,182","0,424","0,323","0,949","0,485","0,913","0,154","0,853","0,987","0,928","0,875","0,354","0,774","0,369","0,977","0,232","0,273","0,992","0,435","0,68","0,955","0,99","0,951","0,801","0,589","0,996","0,406","0,226","0,847","0,988","0,888","0,943","0,967","0,999","0,461","0,896","0,921","0,955","0,413"
ERR14783384,"0,998","0,996","0,74","0,955","0,963","0,996","0,973","0,976","0,94","0,958","0,984","0,958","0,981","0,759","0,93","0,998","0,949",1,"0,999","0,927","0,96","0,994","0,86","0,998","0,958","0,849","0,982","0,957","0,992","0,999","0,984","0,99","0,815","0,98","0,993","0,968","0,957","0,987","0,958","0,999","0,613","0,998","0,995","0,935","0,998","0,913","0,95","0,996","0,995","0,992","0,848","0,969","0,996","0,952","0,987","0,966","0,964","0,969","0,939","0,981","0,995","0,993","0,978","0,957","0,94","0,928","0,956","0,994","0,976","0,963","0,967","0,907","0,998","0,94","0,902","0,929","0,959","0,965","0,981","0,993",1,1,"0,959","0,983","0,705","0,941","0,982","0,962","0,836","0,991","0,984","0,879","0,981","0,911","0,962","0,889","0,996","0,991","0,874","0,986","0,913","0,973","0,945","0,994",1,"0,988","0,883","0,985","0,952",1,"0,998",1,"0,994","0,96","0,957","0,942","0,968","0,953","0,958","0,965","0,997","0,961","0,983","0,987","0,981","0,931","0,998","0,986","0,984","0,96","0,992","0,974","0,964","0,991","0,966","0,916","0,93","0,677","0,886","0,926","0,951","0,982","0,911","0,966","0,61","0,995","0,97","0,969","0,998","0,939","0,842","0,998","0,981","0,994","0,822","0,982","0,995","0,997","0,851","0,984","0,773","0,997",0,"0,995","0,942","0,928","0,973","0,963","0,992","0,993","0,944","0,96","0,977","0,986","0,998","0,985","0,989","0,973","0,953","0,994","0,935","0,827","0,947","0,963","0,995","0,997","0,997","0,811","0,962","0,967","0,844","0,967","0,961","0,928","0,94","0,982","0,984","0,996","0,998","0,962","0,998","0,886","0,914","0,996","0,994","0,809","0,911","0,994","0,878","0,892","0,944","0,948"
ERR11865481,"0,718","0,31","0,937","0,691","0,928","0,998","0,65","0,951","0,548","0,729","0,994","0,938","0,745","0,872","0,913","0,212","0,905","0,889","0,748","0,91","0,917","0,993","0,98","0,941","0,89","0,98","0,182","0,996","0,985","0,864","0,152","0,993","0,972","0,215","0,591","0,912","0,919","0,279","0,908","0,878","0,995","0,94","0,06","0,987","0,665","0,82","0,296","0,923","0,997","0,896","0,991","0,853","0,939","0,335","0,994","0,914","0,801","0,224","0,878","0,182","0,5","0,993","0,99","0,922","0,905","0,969","0,444","0,224","0,828","0,85","0,767","0,997","0,171","0,199","0,994","0,984","0,282","0,993","0,979","0,969","0,767","0,88","0,914","0,935","0,994","0,984","0,917","0,935","0,891","0,944","0,931","0,983","0,978","0,704","0,91","0,695","0,238","0,174","0,985","0,986","0,989","0,289","0,947","0,997","0,884","0,895","0,861","0,723","0,922","0,889","0,998","0,905","0,684","0,29","0,497","0,997","0,913","0,988","0,932","0,917","0,877","0,998","0,28","0,408","0,935","0,861","0,936","0,986","0,609","0,928","0,843","0,24","0,682","0,915","0,988","0,92","0,876","0,791","0,986","0,936","0,346","0,903","0,749","0,928","0,994","0,909","0,903","0,915","0,979","0,287","0,845","0,664","0,456","0,176","0,796","0,187","0,989","0,929","0,943","0,333","0,992","0,919","0,995",0,"0,83","0,759","0,966","0,931","0,997","0,986","0,931","0,817","0,309","0,913","0,846","0,943","0,407","0,571","0,941","0,842","0,233","0,989","0,951","0,198","0,937","0,228","0,854","0,991","0,78","0,937","0,997","0,891","0,9","0,231","0,993","0,27","0,218","0,637","0,996","0,912","0,828","0,982","0,818","0,282","0,052","0,511","0,999","0,95","0,822","0,775","0,294","0,945"
ERR11865364,"0,658","0,817","0,908","0,67","0,918","0,99","0,788","0,944","0,792","0,516","0,98","0,918","0,75","0,958","0,843","0,793","0,632","0,917","0,805","0,9","0,911","0,938","0,958","0,925","0,905","0,904","0,765","0,983","0,928","0,891","0,822","0,989","0,971","0,825","0,719","0,924","0,872","0,831","0,915","0,857","0,954","0,92","0,841","0,967","0,902","0,975","0,822","0,872","0,991","0,862","0,975","0,718","0,914","0,838","0,982","0,907","0,749","0,811","0,721","0,807","0,803","0,988","0,99","0,914","0,776","0,921","0,781","0,789","0,782","0,521","0,755","0,995","0,793","0,865","0,987","0,879","0,764","0,98","0,886","0,93","0,843","0,927","0,875","0,894","0,99","0,984","0,888","0,905","0,811","0,821","0,967","0,952","0,946","0,95","0,918","0,607","0,815","0,821","0,982","0,964","0,973","0,797","0,896","0,994","0,918","0,927","0,726","0,926","0,731","0,878","0,995","0,936","0,647","0,848","0,779","0,988","0,82","0,969","0,894","0,916","0,878","0,996","0,799","0,793","0,914","0,655","0,91","0,947","0,728","0,906","0,79","0,818","0,695","0,928","0,944","0,687","0,823","0,939","0,978","0,817","0,829","0,926","0,958","0,908","0,988","0,771","0,786","0,931","0,981","0,809","0,974","0,828","0,782","0,813","0,861","0,815","0,985","0,783","0,965","0,784","0,978","0,877","0,942","0,83",0,"0,954","0,958","0,903","0,983","0,985","0,703","0,971","0,698","0,904","0,887","0,928","0,788","0,702","0,886","0,776","0,758","0,97","0,908","0,813","0,921","0,833","0,871","0,986","0,779","0,917","0,99","0,929","0,799","0,86","0,981","0,811","0,765","0,582","0,992","0,899","0,805","0,982","0,98","0,846","0,847","0,79","0,999","0,939","0,975","0,962","0,723","0,927"
ERR14783511,"0,885","0,8","0,963","0,884","0,792","0,988","0,725","0,612","0,829","0,922","0,986","0,954","0,781","0,873","0,864","0,77","0,949","0,72","0,736","0,712","0,83","0,994","0,951","0,695","0,712","0,985","0,737","0,992","0,992","0,611","0,757","0,99","0,93","0,752","0,834","0,75","0,948","0,784","0,673","0,79","0,919","0,719","0,731","0,961","0,775","0,726","0,723","0,849","0,988","0,716","0,92","0,954","0,709","0,766","0,99","0,812","0,929","0,765","0,934","0,77","0,673","0,995","0,558","0,827","0,924","0,948","0,762","0,764","0,739","0,928","0,776","0,966","0,791","0,746","0,943","0,973","0,75","0,994","0,992","0,992","0,671","0,67","0,925","0,937","0,934","0,394","0,719","0,942","0,908","0,983","0,19","0,954","0,981","0,77","0,837","0,873","0,77","0,753","0,847","0,981","0,946","0,765","0,961","0,99","0,725","0,664","0,909","0,666","0,951","0,683","0,989","0,615","0,862","0,767","0,842","0,97","0,962","0,984","0,909","0,796","0,647","0,982","0,778","0,72","0,937","0,946","0,765","0,991","0,886","0,915","0,842","0,754","0,837","0,711","0,97","0,948","0,856","0,799","0,945","0,942","0,77","0,696","0,808","0,847","0,939","0,978","0,933","0,774","0,857","0,74","0,812","0,792","0,726","0,79","0,897","0,762","0,991","0,984","0,541","0,72","0,938","0,826","0,928","0,759","0,954",0,"0,641","0,949","0,99","0,915","0,951","0,791","0,785","0,77","0,629","0,718","0,828","0,784","0,969","0,78","0,713","0,94","0,961","0,776","0,682","0,762","0,669","0,923","0,744","0,765","0,955","0,685","0,921","0,75","0,959","0,768","0,724","0,846","0,999","0,86","0,752","0,355","0,844","0,788","0,76","0,783","0,983","0,605","0,777","0,791","0,746","0,812"
ERR14783485,"0,863","0,982","0,934","0,955","0,643","0,95","0,696","0,331","0,927","0,983","0,976","0,932","0,718","0,953","0,818","0,953","0,982","0,52","0,622","0,596","0,707","0,998","0,86","0,451","0,564","0,951","0,953","0,967","0,993","0,383","0,946","0,953","0,984","0,975","0,853","0,569","0,909","0,979","0,478","0,635","0,982","0,491","0,915","0,982","0,662","0,789","0,917","0,709","0,914","0,515","0,974","0,902","0,474","0,92","0,974","0,669","0,92","0,923","0,978","0,932","0,691","0,979","0,797","0,722","0,944","0,976","0,873","0,959","0,608","0,877","0,719","0,933","0,963","0,968","0,966","0,947","0,981","0,992","0,982","0,863","0,505","0,453","0,867","0,808","0,981","0,702","0,522","0,912","0,968","0,971","0,551","0,975","0,958","0,948","0,74","0,969","0,982","0,958","0,977","0,968","0,974","0,968","0,963","0,945","0,53","0,393","0,917","0,504","0,979","0,466","0,91","0,361","0,859","0,98","0,966","0,972","0,864","0,976","0,85","0,653","0,425","0,979","0,903","0,735","0,898","0,974","0,558","0,986","0,975","0,862","0,683","0,969","0,859","0,493","0,976","0,975","0,964","0,916","0,925","0,972","0,98","0,457","0,895","0,726","0,975","0,946","0,904","0,629","0,763","0,939","0,891","0,691","0,798","0,956","0,9","0,934","0,973","0,97","0,791","0,844","0,918","0,664","0,973","0,966","0,958","0,641",0,"0,93","0,96","0,867","0,982","0,864","0,96","0,59","0,397","0,485","0,984","0,793","0,954","0,637","0,926","0,979","0,956","0,946","0,438","0,9","0,445","0,902","0,672","0,568","0,902","0,459","0,9","0,971","0,969","0,985","0,919","0,853","0,997","0,76","0,578","0,639","0,96","0,949","0,978","0,973","0,997","0,319","0,842","0,889","0,982","0,692"
ERR11865457,"0,794","0,955","0,691","0,871","0,451","0,999","0,84","0,837","0,906","0,947","0,981","0,255","0,819","0,747","0,799","0,904","0,934","0,862","0,858","0,843","0,409","0,967","0,966","0,876","0,838","0,923","0,891","0,945","0,957","0,886","0,856","0,983","0,706","0,913","0,798","0,673","0,232","0,927","0,861","0,837","0,972","0,866","0,877","0,57","0,863","0,952","0,68","0,823","0,999","0,846","0,717","0,851","0,866","0,627","0,984","0,611","0,896","0,906","0,94","0,872","0,873","0,995","0,976","0,319","0,867","0,95","0,797","0,909","0,831","0,761","0,82","0,747","0,925","0,852","0,907","0,946","0,952","0,693","0,937","0,98","0,88","0,875","0,308","0,852","0,558","0,814","0,844","0,352","0,936","0,912","0,934","0,863","0,956","0,728","0,391","0,955","0,957","0,928","0,976","0,989","0,453","0,892","0,211","0,998","0,861","0,871","0,451","0,861","0,935","0,873",1,"0,889","0,812","0,819","0,828","0,887","0,81","0,257","0,274","0,465","0,874","0,863","0,888","0,882","0,674","0,948","0,856","0,936","0,936","0,115","0,834","0,87","0,793","0,818","0,959","0,944","0,944","0,841","0,918","0,943","0,91","0,821","0,93","0,411","0,677","0,884","0,754","0,694","0,96","0,768","0,966","0,859","0,842","0,93","0,959","0,869","0,986","0,904","0,949","0,853","0,87","0,821","0,963","0,931","0,903","0,949","0,93",0,1,"0,97","0,948","0,931","0,91","0,844","0,889","0,83","0,936","0,818","0,185","0,838","0,867","0,963","0,159","0,788","0,87","0,88","0,88","0,835","0,832","0,733","0,965","0,687","0,754","0,952","0,917","0,952","0,846","0,832","0,998","0,386","0,854","0,819","0,937","0,904","0,949","0,962","0,987","0,892","0,961","0,88","0,956","0,315"
ERR14783786,"0,969","0,992","0,975","0,998",1,"0,723","0,998",1,"0,957","0,989","0,997","0,999","0,999","0,937","0,997","0,994","0,997",1,"0,988",1,"0,998",1,"0,939","0,998",1,"0,976","0,996","0,98","0,998",1,"0,992","0,986","0,999","0,995","0,987","0,999","0,999","0,993","0,981",1,"0,99",1,"0,997","0,997","0,974","0,989","0,996","0,999","0,854","0,998","0,977","0,923","0,992","0,957","0,997","0,999","0,925","0,949","0,998","0,977","0,982","0,998",1,"0,999","0,999","0,997","0,961","0,992","0,999","0,997","0,999","0,976","0,992","0,995","0,999","0,961","0,994","0,955","0,991","0,929","0,96",1,"0,996","0,949","0,989","0,992","0,994",1,"0,998","0,997","0,996","0,999","0,951","0,997","0,999","0,987","0,999","0,969","0,986","0,985","0,998","0,998",1,"0,814",1,"0,954","0,997","0,996","0,998",1,"0,786",1,"0,979","0,993","0,977","0,996","0,952",1,1,"0,997",1,"0,989","0,927","0,951",1,"0,943","0,987","0,998","0,991",1,"0,936","0,985","0,999",1,"0,995","0,997","0,864","0,938","0,991","0,998","0,996","0,955","0,983",1,"0,995","0,971","0,996",1,"0,903","0,997","0,987","0,98","0,992","0,988","0,946","0,987","0,999","0,999","0,994","0,998","0,943","0,978","0,992","0,997","0,983","0,99","0,96",1,0,"0,999","0,992","0,995","0,996",1,"0,961",1,"0,998","0,998","0,999","0,999","0,996","0,999","0,999","0,991","0,995","0,999","0,958","0,959","0,999",1,"0,851","0,956","0,999","0,997","0,999","0,995","0,994","0,996","0,999",1,"0,945","0,985","0,989","0,998","0,999","0,994",1,1,"0,989","0,978","0,992","0,986"
ERR14783810,"0,956","0,995","0,977","0,983","0,877","0,998","0,881","0,885","0,978","0,991","0,992","0,97","0,89","0,984","0,934","0,983","0,991","0,88","0,879","0,874","0,886","0,996","0,993","0,88","0,874","0,995","0,978","0,989","0,996","0,885","0,982","0,99","0,993","0,988","0,95","0,88","0,967","0,995","0,877","0,876","0,994","0,879","0,964","0,992","0,879","0,937","0,968","0,894","0,996","0,875","0,993","0,991","0,879","0,978","0,992","0,876","0,995","0,981","0,991","0,976","0,88","0,996","0,942","0,887","0,98","0,991","0,958","0,987","0,872","0,96","0,892","0,994","0,987","0,985","0,905","0,994","0,989","0,996","0,995","0,996","0,883","0,882","0,951","0,878","0,993","0,925","0,874","0,965","0,989","0,988","0,904","0,992","0,992","0,972","0,892","0,99","0,992","0,989","0,985","0,992","0,992","0,986","0,983","0,998","0,88","0,879","0,97","0,88","0,99","0,882","0,999","0,885","0,95","0,991","0,989","0,988","0,977","0,994","0,941","0,878","0,882","0,995","0,981","0,932","0,962","0,987","0,877","0,994","0,989","0,943","0,909","0,989","0,949","0,88","0,991","0,99","0,99","0,977","0,99","0,991","0,99","0,882","0,954","0,892","0,992","0,985","0,966","0,882","0,919","0,978","0,943","0,885","0,921","0,985","0,992","0,973","0,312","0,989","0,941","0,94","0,992","0,88","0,993","0,986","0,985","0,915","0,867","0,97","0,999",0,"0,99","0,93","0,983","0,875","0,884","0,88","0,991","0,924","0,982","0,874","0,97","0,993","0,984","0,98","0,879","0,959","0,882","0,992","0,872","0,878","0,941","0,883","0,965","0,988","0,9","0,991","0,966","0,947","0,999","0,905","0,878","0,921","0,993","0,979","0,99","0,989","0,998","0,883","0,936","0,96","0,991","0,878"
ERR11865332,"0,858","0,907","0,949","0,526","0,949","0,995","0,84","0,988","0,786","0,547","0,943","0,933","0,823","0,943","0,664","0,922","0,156","0,976","0,932","0,797","0,949","0,869","0,748","0,985","0,916","0,928","0,839","0,991","0,873","0,954","0,935","0,971","0,931","0,867","0,886","0,979","0,927","0,909","0,83","0,924","0,957","0,987","0,934","0,754","0,968","0,972","0,874","0,971","0,995","0,897","0,749","0,789","0,973","0,911","0,961","0,968","0,833","0,857","0,386","0,873","0,924","0,975","0,99","0,922","0,492","0,539","0,745","0,923","0,862","0,627","0,758","0,954","0,927","0,833","0,881","0,925","0,706","0,971","0,809","0,918","0,948","0,979","0,917","0,955","0,903","0,97","0,897","0,955","0,664","0,881","0,976","0,602","0,892","0,946","0,941","0,517","0,899","0,906","0,966","0,973","0,867","0,822","0,841","0,997","0,978","0,948","0,61","0,941","0,184","0,945","0,997","0,981","0,849","0,883","0,791","0,966","0,89","0,937","0,932","0,959","0,941","0,973","0,88","0,886","0,984","0,762","0,985","0,856","0,774","0,935","0,889","0,893","0,682","0,983","0,67","0,266","0,828","0,951","0,978","0,34","0,727","0,973","0,956","0,96","0,929","0,928","0,66","0,979","0,995","0,834","0,969","0,967","0,885","0,915","0,755","0,869","0,991","0,937","0,98","0,899","0,79","0,954","0,944","0,931","0,703","0,951","0,982","0,948","0,992","0,99",0,"0,968","0,774","0,952","0,947","0,989","0,835","0,806","0,914","0,892","0,726","0,716","0,893","0,912","0,967","0,944","0,936","0,918","0,791","0,98","0,968","0,962","0,774","0,804","0,905","0,834","0,855","0,893","0,97","0,938","0,924","0,967","0,975","0,942","0,921","0,719","0,99","0,976","0,972","0,957","0,795","0,91"
ERR14783440,"0,921","0,893","0,943","0,926","0,823","0,996","0,815","0,843","0,882","0,955","0,991","0,934","0,858","0,889","0,902","0,84","0,966","0,849","0,824","0,817","0,851","0,996","0,957","0,85","0,834","0,984","0,843","0,977","0,994","0,847","0,809","0,992","0,933","0,845","0,893","0,823","0,928","0,876","0,823","0,863","0,965","0,849","0,798","0,939","0,874","0,233","0,804","0,898","0,996","0,837","0,934","0,955","0,844","0,795","0,992","0,845","0,95","0,801","0,948","0,799","0,776","0,996","0,92","0,849","0,956","0,958","0,838","0,849","0,827","0,951","0,854","0,93","0,82","0,745","0,946","0,977","0,857","0,959","0,99","0,992","0,817","0,852","0,914","0,96","0,931","0,866","0,831","0,927","0,94","0,988","0,875","0,948","0,983","0,784","0,858","0,913","0,871","0,849","0,945","0,989","0,942","0,856","0,937","0,978","0,849","0,845","0,898","0,846","0,967","0,844","0,998","0,855","0,912","0,842","0,893","0,951","0,962","0,952","0,903","0,828","0,844","0,963","0,827","0,832","0,949","0,966","0,845","0,991","0,922","0,907","0,895","0,847","0,895","0,845","0,981","0,957","0,959","0,662","0,941","0,954","0,853","0,838","0,26","0,86","0,939","0,984","0,954","0,827","0,893","0,825","0,276","0,885","0,818","0,794","0,922","0,78","0,993","0,989","0,906","0,803","0,94","0,881","0,96","0,817","0,971","0,791","0,864","0,931","0,995","0,93","0,968",0,"0,878","0,846","0,843","0,842","0,905","0,869","0,943","0,853","0,81","0,96","0,938","0,79","0,844","0,771","0,839","0,903","0,839","0,824","0,961","0,816","0,954","0,767","0,968","0,87","0,839","0,895","0,999","0,872","0,836","0,857","0,335","0,734","0,818","0,86","0,98","0,854","0,173","0,675","0,866","0,832"
ERR11865338,"0,617","0,127","0,922","0,51","0,906","0,997","0,535","0,952","0,402","0,519","0,961","0,909","0,645","0,85","0,855","0,228","0,74","0,874","0,689","0,87","0,89","0,959","0,934","0,939","0,844","0,973","0,157","0,994","0,959","0,847","0,272","0,978","0,959","0,172","0,459","0,904","0,888","0,139","0,873","0,857","0,981","0,94","0,333","0,939","0,787","0,878","0,26","0,911","0,996","0,862","0,945","0,746","0,93","0,386","0,971","0,905","0,7","0,344","0,763","0,323","0,4","0,979","0,987","0,887","0,816","0,906","0,262","0,184","0,761","0,735","0,673","0,985","0,318","0,386","0,97","0,963","0,141","0,981","0,941","0,939","0,722","0,864","0,873","0,921","0,973","0,98","0,876","0,914","0,817","0,881","0,919","0,926","0,934","0,797","0,881","0,506","0,129","0,211","0,977","0,977","0,948","0,129","0,893","0,996","0,867","0,858","0,754","0,816","0,776","0,875","0,997","0,896","0,571","0,201","0,289","0,99","0,867","0,957","0,899","0,899","0,858","0,991","0,319","0,289","0,934","0,76","0,931","0,948","0,403","0,901","0,793","0,18","0,541","0,907","0,916","0,76","0,799","0,845","0,973","0,824","0,162","0,891","0,83","0,917","0,979","0,867","0,822","0,909","0,981","0,215","0,894","0,783","0,291","0,348","0,706","0,342","0,984","0,881","0,962","0,326","0,951","0,902","0,977","0,309","0,698","0,785","0,96","0,91","0,996","0,983","0,774","0,878",0,"0,892","0,822","0,943","0,161","0,404","0,887","0,798","0,232","0,943","0,9","0,34","0,928","0,418","0,825","0,971","0,697","0,934","0,99","0,871","0,825","0,353","0,959","0,115","0,17","0,528","0,994","0,883","0,791","0,977","0,887","0,457","0,289","0,334","0,997","0,941","0,874","0,846","0,187","0,918"
ERR11865401,"0,648","0,945","0,898","0,86","0,255","0,999","0,296","0,378","0,911","0,946","0,981","0,866","0,308","0,977","0,508","0,876","0,948","0,166","0,159","0,148","0,365","0,992","0,937","0,228","0,13","0,99","0,883","0,996","0,985","0,342","0,885","0,982","0,972","0,935","0,627","0,208","0,778","0,946","0,268","0,101","0,988","0,187","0,814","0,971","0,277","0,87","0,822","0,245","0,998","0,17","0,938","0,958","0,213","0,882","0,991","0,24","0,969","0,87","0,919","0,871","0,367","0,984","0,887","0,416","0,799","0,914","0,75","0,902","0,088","0,662","0,315","0,984","0,917","0,934","0,964","0,917","0,944","0,994","0,986","0,973","0,278","0,253","0,674","0,792","0,969","0,822","0,177","0,812","0,904","0,914","0,694","0,92","0,982","0,93","0,469","0,929","0,931","0,933","0,975","0,973","0,939","0,914","0,923","0,997","0,157","0,307","0,79","0,331","0,936","0,232",1,"0,336","0,607","0,951","0,929","0,988","0,846","0,944","0,662","0,271","0,287","0,995","0,911","0,656","0,777","0,946","0,102","0,975","0,944","0,699","0,358","0,935","0,594","0,208","0,901","0,936","0,967","0,955","0,967","0,89","0,943","0,256","0,898","0,399","0,98","0,861","0,705","0,29","0,778","0,848","0,906","0,328","0,521","0,9","0,926","0,864","0,989","0,891","0,888","0,638","0,946","0,182","0,986","0,913","0,904","0,77","0,59","0,844",1,"0,875","0,952","0,846","0,892",0,"0,335","0,211","0,94","0,516","0,9","0,12","0,843","0,935","0,909","0,881","0,257","0,794","0,272","0,968","0,243","0,163","0,988","0,346","0,659","0,93","0,951","0,946","0,815","0,637","0,995","0,45","0,136","0,807","0,984","0,887","0,933","0,927","0,996","0,355","0,865","0,918","0,954","0,42"
ERR11865399,"0,69","0,843","0,925","0,861","0,446","0,969","0,476","0,169","0,876","0,9","0,995","0,906","0,464","0,959","0,706","0,829","0,925","0,193","0,318","0,363","0,542","0,998","0,926","0,146","0,291","0,987","0,815","0,995","0,993","0,065","0,813","0,995","0,974","0,85","0,66","0,309","0,866","0,849","0,173","0,347","0,997","0,198","0,772","0,992","0,393","0,773","0,788","0,502","0,969","0,203","0,99","0,862","0,179","0,821","0,996","0,458","0,87","0,857","0,916","0,848","0,487","0,995","0,825","0,569","0,917","0,976","0,727","0,818","0,324","0,757","0,478","0,981","0,894","0,869","0,996","0,99","0,86","0,997","0,994","0,925","0,168","0,099","0,784","0,854","0,995","0,731","0,239","0,872","0,923","0,951","0,529","0,991","0,937","0,933","0,588","0,906","0,846","0,823","0,985","0,987","0,991","0,84","0,953","0,984","0,202","0,106","0,84","0,209","0,939","0,122","0,97","0,096","0,691","0,861","0,815","0,998","0,894","0,991","0,767","0,451","0,065","0,993","0,858","0,613","0,842","0,925","0,285","0,992","0,91","0,784","0,461","0,84","0,704","0,189","0,992","0,937","0,912","0,932","0,988","0,951","0,855","0,14","0,89","0,566","0,997","0,9","0,844","0,417","0,763","0,819","0,892","0,436","0,634","0,885","0,88","0,83","0,991","0,942","0,808","0,724","0,949","0,424","0,998","0,846","0,887","0,629","0,397","0,889","0,961","0,884","0,947","0,843","0,822","0,335",0,"0,203","0,841","0,558","0,948","0,352","0,802","0,994","0,956","0,854","0,133","0,809","0,075","0,966","0,4","0,323","0,986","0,173","0,838","0,878","0,995","0,853","0,765","0,707","0,997","0,605","0,249","0,696","0,965","0,869","0,861","0,888","0,999","0,153","0,823","0,909","0,866","0,556"
ERR14783502,"0,728","0,973","0,878","0,919","0,323","0,999","0,447","0,195","0,932","0,988","0,994","0,856","0,441","0,976","0,642","0,918","0,977","0,092","0,291","0,273","0,438","0,994","0,988","0,067","0,206","0,939","0,922","0,98","0,98","0,208","0,878","0,994","0,977","0,946","0,698","0,168","0,789","0,943","0,136","0,258","0,988","0,036","0,855","0,932","0,39","0,83","0,843","0,372","0,999","0,094","0,94","0,909","0,052","0,897","0,995","0,317","0,925","0,939","0,984","0,908","0,46","0,994","0,853","0,474","0,907","0,985","0,786","0,925","0,269","0,731","0,455","0,982","0,939","0,93","0,963","0,95","0,98","0,948","0,951","0,984","0,16","0,114","0,701","0,821","0,968","0,765","0,119","0,804","0,974","0,937","0,62","0,928","0,979","0,932","0,516","0,987","0,97","0,957","0,984","0,988","0,943","0,931","0,892","0,997","0,108","0,189","0,831","0,187","0,981","0,092",1,"0,202","0,698","0,94","0,916","0,987","0,829","0,936","0,665","0,337","0,151","0,99","0,927","0,712","0,765","0,976","0,141","0,961","0,963","0,708","0,504","0,922","0,732","0,04","0,988","0,979","0,978","0,959","0,968","0,982","0,943","0,079","0,901","0,443","0,978","0,892","0,804","0,313","0,767","0,883","0,91","0,437","0,643","0,942","0,987","0,899","0,99","0,917","0,848","0,735","0,947","0,323","0,985","0,943","0,928","0,718","0,485","0,83",1,"0,88","0,989","0,842","0,943","0,211","0,203",0,"0,973","0,592","0,885","0,284","0,896","0,987","0,902","0,882","0,106","0,821","0,141","0,968","0,38","0,137","0,988","0,183","0,802","0,975","0,952","0,982","0,86","0,701","0,995","0,504","0,254","0,745","0,987","0,917","0,966","0,986","0,996","0,211","0,842","0,923","0,983","0,458"
ERR11865300,"0,615","0,13","0,955","0,464","0,931","0,998","0,533","0,976","0,421","0,508","0,968","0,942","0,656","0,849","0,909","0,321","0,788","0,905","0,697","0,909","0,923","0,944","0,933","0,976","0,88","0,959","0,282","0,992","0,936","0,868","0,348","0,984","0,958","0,232","0,416","0,928","0,931","0,182","0,904","0,891","0,99","0,979","0,427","0,932","0,828","0,902","0,353","0,964","0,996","0,894","0,94","0,685","0,967","0,472","0,975","0,933","0,625","0,448","0,729","0,419","0,504","0,987","0,993","0,917","0,881","0,902","0,312","0,262","0,788","0,838","0,691","0,986","0,425","0,468","0,969","0,962","0,251","0,968","0,939","0,951","0,732","0,89","0,914","0,963","0,973","0,989","0,918","0,952","0,801","0,914","0,932","0,922","0,922","0,841","0,906","0,506","0,197","0,28","0,988","0,99","0,943","0,191","0,93","0,996","0,897","0,889","0,834","0,839","0,815","0,903","0,999","0,922","0,586","0,246","0,179","0,99","0,932","0,95","0,933","0,924","0,882","0,992","0,415","0,424","0,966","0,794","0,974","0,921","0,311","0,928","0,832","0,243","0,539","0,932","0,915","0,825","0,782","0,883","0,977","0,843","0,195","0,913","0,867","0,945","0,983","0,935","0,892","0,931","0,993","0,309","0,92","0,821","0,383","0,458","0,678","0,433","0,989","0,944","0,973","0,434","0,948","0,949","0,989","0,407","0,788","0,828","0,984","0,936","0,998","0,991","0,835","0,905","0,161","0,94","0,841","0,973",0,"0,426","0,929","0,833","0,376","0,945","0,933","0,43","0,962","0,514","0,851","0,971","0,717","0,964","0,99","0,89","0,891","0,441","0,956","0,179","0,297","0,517","0,992","0,911","0,813","0,987","0,908","0,555","0,371","0,429","0,997","0,976","0,899","0,88","0,289","0,95"
ERR11865294,"0,393","0,471","0,869","0,531","0,594","0,999","0,267","0,675","0,623","0,554","0,984","0,845","0,289","0,888","0,551","0,523","0,782","0,539","0,35","0,571","0,553","0,988","0,961","0,622","0,539","0,944","0,474","0,985","0,972","0,582","0,496","0,985","0,959","0,505","0,198","0,561","0,762","0,478","0,603","0,46","0,978","0,604","0,491","0,938","0,476","0,874","0,467","0,461","0,997","0,548","0,947","0,75","0,614","0,605","0,989","0,519","0,687","0,637","0,811","0,586","0,369","0,983","0,943","0,581","0,849","0,945","0,396","0,488","0,436","0,495","0,322","0,986","0,617","0,624","0,969","0,928","0,487","0,965","0,909","0,948","0,436","0,564","0,65","0,79","0,974","0,909","0,574","0,789","0,846","0,913","0,804","0,926","0,955","0,847","0,586","0,535","0,49","0,538","0,981","0,98","0,947","0,462","0,892","0,997","0,528","0,606","0,675","0,57","0,831","0,566","0,999","0,628","0,3","0,527","0,434","0,989","0,799","0,942","0,637","0,577","0,576","0,991","0,616","0,287","0,753","0,777","0,563","0,938","0,522","0,677","0,39","0,507","0,348","0,563","0,963","0,795","0,822","0,876","0,97","0,872","0,495","0,572","0,829","0,558","0,979","0,859","0,734","0,602","0,89","0,489","0,891","0,463","0,261","0,628","0,735","0,573","0,988","0,891","0,917","0,392","0,953","0,485","0,973","0,571","0,702","0,784","0,793","0,818","0,998","0,924","0,806","0,869","0,404","0,516","0,558","0,592","0,426",0,"0,884","0,415","0,464","0,973","0,9","0,572","0,632","0,539","0,539","0,972","0,373","0,565","0,99","0,597","0,726","0,624","0,958","0,501","0,409","0,273","0,993","0,519","0,451","0,901","0,93","0,642","0,581","0,602","0,997","0,68","0,869","0,856","0,514","0,642"
ERR11865377,"0,898","0,963","0,691","0,809","0,46","0,999","0,881","0,88","0,888","0,945","0,953","0,282","0,877","0,772","0,834","0,931","0,909","0,941","0,939","0,884","0,397","0,953","0,923","0,938","0,88","0,908","0,903","0,939","0,937","0,952","0,887","0,972","0,749","0,896","0,888","0,755","0,18","0,926","0,912","0,926","0,964","0,934","0,938","0,482","0,941","0,961","0,705","0,906","0,999","0,912","0,692","0,801","0,93","0,596","0,969","0,68","0,881","0,885","0,887","0,88","0,933","0,98","0,982","0,313","0,789","0,888","0,841","0,915","0,873","0,848","0,865","0,782","0,939","0,83","0,874","0,893","0,938","0,643","0,91","0,969","0,949","0,947","0,286","0,912","0,55","0,845","0,892","0,437","0,9","0,873","0,957","0,779","0,931","0,776","0,42","0,922","0,956","0,929","0,972","0,977","0,328","0,866","0,076","0,997","0,94","0,914","0,414","0,915","0,898","0,946",1,"0,954","0,915","0,793","0,795","0,876","0,794","0,088","0,258","0,479","0,941","0,876","0,881","0,949","0,816","0,934","0,927","0,895","0,892","0,202","0,895","0,86","0,84","0,886","0,875","0,895","0,925","0,868","0,931","0,884","0,891","0,883","0,956","0,454","0,718","0,847","0,782","0,786","0,983","0,746","0,973","0,937","0,893","0,924","0,931","0,905","0,984","0,868","0,959","0,903","0,815","0,913","0,953","0,941","0,886","0,969","0,954","0,185","0,999","0,982","0,914","0,943","0,887","0,9","0,948","0,885","0,929","0,884",0,"0,903","0,899","0,911","0,146","0,796","0,933","0,938","0,939","0,808","0,88","0,777","0,968","0,721","0,793","0,93","0,872","0,94","0,912","0,911","0,994","0,386","0,932","0,832","0,942","0,954","0,946","0,939","0,984","0,934","0,969","0,89","0,959","0,367"
ERR11865393,"0,513","0,847","0,894","0,743","0,308","0,999","0,228","0,438","0,83","0,823","0,98","0,861","0,195","0,961","0,522","0,789","0,864","0,238","0,137","0,243","0,356","0,987","0,958","0,3","0,233","0,976","0,8","0,995","0,979","0,362","0,807","0,98","0,966","0,85","0,511","0,279","0,777","0,854","0,33","0,063","0,994","0,261","0,744","0,967","0,257","0,875","0,757","0,218","0,998","0,207","0,971","0,827","0,284","0,825","0,989","0,219","0,843","0,823","0,794","0,792","0,284","0,982","0,903","0,4","0,831","0,935","0,66","0,814","0,098","0,584","0,21","0,992","0,833","0,874","0,984","0,962","0,86","0,992","0,98","0,963","0,277","0,319","0,662","0,784","0,986","0,846","0,233","0,805","0,839","0,905","0,728","0,96","0,967","0,915","0,455","0,843","0,84","0,852","0,981","0,98","0,969","0,823","0,918","0,997","0,231","0,373","0,76","0,392","0,876","0,261",1,"0,395","0,481","0,867","0,825","0,994","0,837","0,966","0,651","0,295","0,311","0,995","0,829","0,582","0,771","0,864","0,182","0,969","0,821","0,69","0,272","0,851","0,506","0,28","0,953","0,869","0,877","0,946","0,979","0,891","0,855","0,322","0,885","0,382","0,991","0,85","0,707","0,354","0,801","0,797","0,9","0,31","0,459","0,823","0,868","0,79","0,988","0,881","0,898","0,577","0,974","0,154","0,994","0,842","0,776","0,78","0,637","0,838","0,999","0,874","0,892","0,853","0,798","0,12","0,352","0,284","0,833","0,415","0,903",0,"0,775","0,969","0,919","0,808","0,324","0,717","0,286","0,983","0,14","0,237","0,994","0,402","0,698","0,877","0,977","0,855","0,732","0,523","0,995","0,435","0,129","0,833","0,977","0,824","0,859","0,883","0,998","0,415","0,872","0,906","0,874","0,409"
ERR11865439,"0,644","0,299","0,901","0,557","0,868","0,997","0,545","0,912","0,484","0,632","0,957","0,869","0,648","0,818","0,667","0,191","0,704","0,84","0,694","0,751","0,847","0,974","0,818","0,893","0,805","0,979","0,112","0,994","0,973","0,824","0,222","0,98","0,914","0,177","0,523","0,865","0,836","0,267","0,753","0,822","0,948","0,892","0,213","0,894","0,723","0,813","0,2","0,858","0,996","0,831","0,869","0,819","0,885","0,322","0,971","0,862","0,785","0,276","0,662","0,256","0,445","0,98","0,973","0,846","0,755","0,766","0,293","0,214","0,738","0,703","0,629","0,943","0,276","0,256","0,891","0,963","0,17","0,985","0,961","0,954","0,72","0,835","0,831","0,874","0,899","0,937","0,835","0,87","0,725","0,918","0,898","0,784","0,943","0,69","0,849","0,47","0,227","0,174","0,945","0,973","0,925","0,234","0,88","0,996","0,834","0,826","0,605","0,75","0,732","0,843","0,997","0,864","0,61","0,26","0,441","0,962","0,865","0,959","0,854","0,862","0,832","0,973","0,282","0,318","0,885","0,791","0,881","0,966","0,559","0,861","0,764","0,215","0,522","0,868","0,903","0,648","0,83","0,772","0,971","0,704","0,226","0,856","0,737","0,873","0,927","0,901","0,727","0,873","0,963","0,21","0,838","0,718","0,373","0,307","0,65","0,249","0,985","0,924","0,94","0,256","0,837","0,853","0,935","0,233","0,758","0,713","0,926","0,867","0,996","0,97","0,726","0,81","0,232","0,843","0,802","0,896","0,376","0,464","0,899","0,775",0,"0,812","0,897","0,282","0,886","0,317","0,804","0,906","0,656","0,886","0,959","0,843","0,764","0,226","0,939","0,227","0,12","0,573","0,996","0,846","0,774","0,931","0,833","0,368","0,226","0,336","0,986","0,901","0,814","0,763","0,222","0,851"
ERR14783795,"0,986","0,987","0,969","0,752","0,966","0,999","0,883","0,987","0,906","0,946","0,945","0,944","0,926","0,792","0,611","0,993","0,729",1,"0,999","0,743","0,95","0,943","0,326","0,993","0,841","0,982","0,949","0,993","0,923","0,998","0,986","0,971","0,768","0,941","0,981","0,989","0,93","0,983","0,842","0,996","0,931","0,993","0,982","0,782","0,996","0,91","0,912","0,983","0,999","0,967","0,678","0,923","0,985","0,942","0,966","0,962","0,961","0,869","0,572","0,93","0,977","0,977","0,978","0,941","0,571","0,473","0,842","0,991","0,893","0,961","0,862","0,861","0,999","0,884","0,792","0,833","0,907","0,971","0,945","0,978","0,999","0,999","0,945","0,967","0,595","0,932","0,944","0,96","0,177","0,936","0,976","0,363","0,923","0,914","0,953","0,667","0,985","0,969","0,856","0,98","0,771","0,911","0,876","0,998",1,"0,958","0,677","0,958","0,699",1,"0,999",1,"0,998","0,951","0,907","0,948","0,941","0,909","0,937","0,968","0,99","0,971","0,943","0,995","0,986","0,941","0,991","0,907","0,906","0,948","0,961","0,961","0,8","0,994","0,736","0,54","0,921","0,889","0,931","0,505","0,819","0,988","0,854","0,971","0,734","0,965","0,783","0,99","0,992","0,865","0,925","0,994","0,919","0,979","0,389","0,938","0,993","0,973","0,991","0,933","0,251","0,987","0,827","0,989","0,97","0,94","0,979","0,963","0,999","0,993","0,716","0,96","0,943","0,935","0,994","0,987","0,945","0,973","0,911","0,969","0,812",0,"0,893","0,974","0,984","0,989","0,989","0,664","0,882","0,977","0,893","0,978","0,728","0,761","0,824","0,947","0,964","0,981","0,992","0,959","0,991","0,901","0,939",1,"0,978","0,477","0,955","0,978","0,904","0,909","0,971","0,907"
ERR11865433,"0,918","0,964","0,718","0,802","0,509","0,999","0,874","0,893","0,886","0,948","0,953","0,33","0,884","0,717","0,828","0,943","0,889","0,952","0,95","0,875","0,478","0,96","0,904","0,948","0,887","0,915","0,91","0,94","0,95","0,958","0,901","0,967","0,687","0,898","0,908","0,81","0,266","0,929","0,909","0,94","0,96","0,945","0,948","0,489","0,952","0,958","0,704","0,924","0,998","0,924","0,67","0,82","0,941","0,625","0,971","0,754","0,891","0,88","0,865","0,889","0,944","0,981","0,981","0,344","0,789","0,866","0,844","0,929","0,88","0,875","0,867","0,728","0,95","0,826","0,864","0,898","0,924","0,671","0,924","0,97","0,958","0,956","0,357","0,928","0,533","0,812","0,905","0,508","0,882","0,889","0,956","0,769","0,933","0,727","0,495","0,905","0,958","0,932","0,966","0,974","0,353","0,854","0,119","0,997","0,951","0,923","0,444","0,918","0,879","0,955","0,999","0,961","0,932","0,806","0,791","0,872","0,828","0,164","0,323","0,54","0,951","0,847","0,891","0,957","0,861","0,936","0,94","0,914","0,893","0,221","0,91","0,87","0,835","0,922","0,85","0,878","0,907","0,84","0,923","0,858","0,88","0,897","0,949","0,543","0,651","0,886","0,786","0,823","0,985","0,748","0,972","0,948","0,901","0,937","0,915","0,903","0,985","0,887","0,958","0,91","0,803","0,928","0,947","0,951","0,908","0,961","0,956","0,159","0,999","0,984","0,893","0,938","0,9","0,909","0,956","0,902","0,933","0,9","0,146","0,919","0,897","0,893",0,"0,816","0,943","0,948","0,949","0,801","0,881","0,803","0,96","0,742","0,803","0,915","0,86","0,939","0,925","0,929","0,995","0,447","0,943","0,825","0,936","0,962","0,947","0,923","0,983","0,944","0,967","0,888","0,96","0,318"
ERR11865449,"0,652","0,378","0,813","0,626","0,798","0,993","0,601","0,878","0,493","0,697","0,984","0,81","0,69","0,823","0,865","0,157","0,889","0,882","0,706","0,876","0,776","0,979","0,952","0,92","0,865","0,913","0,236","0,946","0,967","0,869","0,092","0,986","0,924","0,222","0,52","0,784","0,748","0,315","0,871","0,849","0,971","0,92","0,204","0,829","0,871","0,819","0,24","0,893","0,992","0,862","0,844","0,733","0,906","0,182","0,987","0,771","0,698","0,154","0,849","0,1","0,45","0,988","0,983","0,791","0,88","0,952","0,34","0,197","0,788","0,789","0,714","0,949","0,111","0,211","0,915","0,946","0,316","0,868","0,939","0,955","0,739","0,892","0,74","0,901","0,916","0,951","0,878","0,789","0,864","0,923","0,942","0,882","0,94","0,66","0,784","0,656","0,291","0,251","0,979","0,984","0,853","0,273","0,803","0,994","0,882","0,882","0,704","0,886","0,903","0,866","0,994","0,901","0,641","0,221","0,406","0,965","0,81","0,84","0,774","0,783","0,859","0,971","0,204","0,458","0,86","0,847","0,904","0,944","0,552","0,787","0,795","0,229","0,621","0,866","0,969","0,903","0,838","0,783","0,946","0,917","0,328","0,833","0,73","0,788","0,941","0,879","0,849","0,799","0,971","0,244","0,853","0,867","0,393","0,142","0,761","0,135","0,987","0,917","0,96","0,265","0,874","0,875","0,963","0,198","0,813","0,776","0,946","0,788","0,991","0,98","0,912","0,79","0,34","0,881","0,854","0,882","0,43","0,572","0,796","0,808","0,282","0,974","0,816",0,"0,909","0,193","0,838","0,914","0,74","0,8","0,975","0,794","0,846","0,274","0,927","0,312","0,272","0,59","0,996","0,763","0,797","0,945","0,835","0,257","0,186","0,504","0,989","0,927","0,82","0,741","0,334","0,819"
ERR11865544,"0,728","0,964","0,912","0,926","0,389","0,995","0,469","0,169","0,923","0,969","0,987","0,89","0,465","0,987","0,652","0,908","0,955","0,143","0,325","0,304","0,498","0,985","0,975","0,044","0,242","0,989","0,91","0,995","0,976","0,142","0,911","0,988","0,988","0,952","0,718","0,244","0,838","0,964","0,13","0,304","0,996","0,092","0,849","0,977","0,417","0,814","0,872","0,411","0,994","0,13","0,977","0,955","0,062","0,919","0,989","0,397","0,961","0,924","0,964","0,903","0,478","0,989","0,837","0,529","0,898","0,973","0,81","0,929","0,303","0,759","0,479","0,992","0,93","0,95","0,991","0,986","0,964","0,985","0,966","0,969","0,197","0,063","0,752","0,827","0,991","0,746","0,133","0,849","0,959","0,918","0,578","0,98","0,971","0,943","0,566","0,969","0,959","0,947","0,982","0,986","0,979","0,945","0,939","0,995","0,158","0,113","0,87","0,188","0,959","0,075","0,996","0,137","0,713","0,965","0,947","0,996","0,88","0,983","0,727","0,401","0,08","0,994","0,923","0,717","0,819","0,963","0,191","0,978","0,945","0,754","0,523","0,95","0,735","0,119","0,977","0,961","0,968","0,964","0,981","0,964","0,962","0,119","0,91","0,508","0,993","0,893","0,797","0,378","0,767","0,911","0,913","0,462","0,651","0,931","0,969","0,891","0,988","0,92","0,834","0,737","0,981","0,354","0,995","0,937","0,921","0,682","0,438","0,87","0,995","0,879","0,967","0,844","0,928","0,257","0,133","0,106","0,962","0,632","0,933","0,324","0,886","0,984","0,943","0,909",0,"0,826","0,104","0,984","0,407","0,233","0,994","0,175","0,799","0,963","0,988","0,963","0,851","0,717","0,997","0,566","0,287","0,723","0,99","0,914","0,953","0,972","0,999","0,15","0,847","0,927","0,966","0,51"
ERR14783792,"0,549","0,458","0,918","0,719","0,827","0,999","0,537","0,851","0,537","0,762","0,993","0,898","0,632","0,87","0,751","0,23","0,918","0,815","0,654","0,811","0,817","0,99","0,979","0,822","0,812","0,981","0,306","0,997","0,985","0,815","0,203","0,992","0,977","0,321","0,48","0,824","0,85","0,419","0,828","0,766","0,996","0,816","0,174","0,988","0,816","0,808","0,365","0,762","0,998","0,785","0,99","0,845","0,817","0,35","0,994","0,802","0,796","0,212","0,884","0,161","0,392","0,992","0,97","0,824","0,903","0,966","0,366","0,289","0,725","0,727","0,654","0,996","0,155","0,255","0,994","0,988","0,393","0,992","0,986","0,973","0,692","0,831","0,777","0,832","0,994","0,954","0,801","0,856","0,896","0,939","0,922","0,986","0,976","0,637","0,831","0,725","0,361","0,333","0,984","0,988","0,987","0,374","0,944","0,997","0,815","0,841","0,845","0,844","0,938","0,797",1,"0,846","0,537","0,408","0,582","0,997","0,892","0,987","0,792","0,824","0,803","0,998","0,264","0,421","0,825","0,875","0,8","0,986","0,591","0,812","0,722","0,363","0,546","0,826","0,986","0,93","0,877","0,778","0,986","0,949","0,435","0,829","0,684","0,81","0,996","0,904","0,817","0,837","0,942","0,416","0,841","0,811","0,342","0,103","0,807","0,105","0,989","0,923","0,968","0,205","0,989","0,774","0,997","0,228","0,833","0,762","0,9","0,88","0,999","0,959","0,944","0,771","0,418","0,794","0,809","0,821","0,514","0,539","0,938","0,717","0,317","0,989","0,948","0,193","0,826",0,"0,793","0,99","0,69","0,808","0,997","0,843","0,814","0,231","0,992","0,394","0,286","0,482","0,997","0,804","0,742","0,95","0,843","0,184","0,221","0,567","0,999","0,847","0,802","0,721","0,406","0,84"
ERR11865443,"0,653","0,853","0,919","0,837","0,404","0,967","0,426","0,228","0,86","0,885","0,992","0,896","0,407","0,955","0,672","0,811","0,917","0,127","0,259","0,31","0,503","0,998","0,921","0,081","0,231","0,986","0,822","0,995","0,993","0,125","0,818","0,992","0,972","0,858","0,623","0,255","0,849","0,859","0,113","0,287","0,996","0,133","0,773","0,987","0,369","0,798","0,789","0,452","0,967","0,137","0,984","0,84","0,115","0,805","0,994","0,412","0,851","0,838","0,897","0,829","0,443","0,991","0,844","0,534","0,902","0,969","0,697","0,825","0,261","0,725","0,422","0,978","0,882","0,874","0,993","0,984","0,868","0,997","0,993","0,918","0,107","0,066","0,759","0,84","0,993","0,759","0,176","0,858","0,908","0,945","0,579","0,986","0,931","0,928","0,555","0,89","0,855","0,83","0,983","0,985","0,987","0,845","0,945","0,984","0,137","0,094","0,822","0,177","0,927","0,055","0,968","0,152","0,655","0,869","0,823","0,997","0,878","0,986","0,744","0,409","0,085","0,992","0,839","0,604","0,829","0,913","0,223","0,987","0,891","0,765","0,409","0,848","0,665","0,127","0,986","0,925","0,897","0,935","0,986","0,941","0,863","0,077","0,886","0,531","0,996","0,887","0,821","0,375","0,757","0,822","0,893","0,415","0,598","0,87","0,869","0,814","0,991","0,934","0,832","0,695","0,94","0,369","0,997","0,854","0,871","0,669","0,445","0,88","0,958","0,882","0,936","0,839","0,825","0,272","0,075","0,141","0,851","0,539","0,939","0,286","0,804","0,989","0,949","0,838","0,104","0,793",0,"0,962","0,342","0,268","0,984","0,125","0,814","0,884","0,991","0,863","0,767","0,675","0,998","0,57","0,183","0,726","0,967","0,858","0,867","0,889","0,999","0,209","0,823","0,905","0,876","0,522"
ERR14783408,"0,971","0,984","0,863","0,905","0,846","0,951","0,945","0,955","0,933","0,978","0,975","0,838","0,959","0,731","0,854","0,989","0,92","0,995","0,987","0,86","0,835","0,987","0,57","0,991","0,918","0,955","0,973","0,952","0,983","0,993","0,959","0,982","0,741","0,956","0,973","0,92","0,815","0,967","0,908","0,993","0,898","0,992","0,987","0,77","0,982","0,885","0,86","0,989","0,923","0,98","0,732","0,846","0,983","0,802","0,982","0,9","0,847","0,906","0,873","0,946","0,985","0,99","0,972","0,831","0,871","0,851","0,888","0,979","0,95","0,974","0,931","0,59","0,992","0,882","0,832","0,916","0,946","0,842","0,974","0,695","0,968","0,995","0,818","0,979","0,632","0,891","0,96","0,833","0,684","0,977","0,977","0,757","0,934","0,85","0,846","0,862","0,988","0,96","0,807","0,983","0,738","0,943","0,791","0,792","0,995","0,906","0,717","0,967","0,915","0,995","0,899","0,996","0,993","0,902","0,898","0,906","0,94","0,809","0,819","0,846","0,991","0,926","0,904","0,891","0,957","0,971","0,984","0,971","0,959","0,834","0,91","0,938","0,924","0,978","0,934","0,857","0,891","0,795","0,603","0,855","0,901","0,933","0,85","0,844","0,72","0,972","0,93","0,927","0,806","0,866","0,779","0,982","0,961","0,979","0,649","0,958","0,992","0,987","0,958","0,966","0,567","0,977","0,811","0,991","0,986","0,923","0,902","0,835","0,959","0,992","0,918","0,903","0,971","0,968","0,966","0,968","0,971","0,972","0,808","0,983","0,906","0,664","0,801","0,914","0,984","0,99","0,962",0,"0,923","0,921","0,833","0,832","0,914","0,875","0,89","0,964","0,978","0,99","0,998","0,835","0,955","0,766","0,779","0,995","0,983","0,731","0,942","0,985","0,884","0,671","0,941","0,815"
ERR11865307,"0,491","0,76","0,891","0,575","0,382","0,999","0,184","0,504","0,733","0,715","0,956","0,846","0,133","0,922","0,474","0,716","0,768","0,308","0,168","0,268","0,388","0,964","0,881","0,392","0,273","0,965","0,702","0,995","0,961","0,409","0,736","0,977","0,94","0,745","0,448","0,355","0,785","0,771","0,333","0,183","0,969","0,362","0,687","0,877","0,309","0,856","0,661","0,298","0,997","0,295","0,888","0,771","0,373","0,727","0,972","0,286","0,71","0,742","0,707","0,721","0,298","0,982","0,902","0,414","0,739","0,833","0,528","0,736","0,157","0,633","0,104","0,966","0,793","0,766","0,935","0,961","0,707","0,981","0,971","0,963","0,29","0,376","0,679","0,792","0,943","0,843","0,294","0,813","0,746","0,898","0,731","0,864","0,928","0,866","0,457","0,689","0,759","0,766","0,954","0,98","0,912","0,701","0,852","0,996","0,302","0,405","0,695","0,411","0,777","0,343","0,999","0,441","0,466","0,771","0,682","0,978","0,846","0,954","0,654","0,366","0,365","0,982","0,767","0,538","0,79","0,81","0,299","0,951","0,722","0,693","0,326","0,754","0,383","0,357","0,878","0,779","0,759","0,91","0,954","0,792","0,703","0,378","0,856","0,423","0,962","0,87","0,641","0,414","0,817","0,674","0,879","0,33","0,421","0,786","0,757","0,693","0,985","0,895","0,889","0,55","0,897","0,232","0,962","0,78","0,779","0,744","0,672","0,832","0,999","0,872","0,791","0,839","0,697","0,243","0,4","0,38","0,717","0,373","0,88","0,14","0,656","0,882","0,881","0,74","0,407","0,69","0,342","0,923",0,"0,339","0,978","0,441","0,68","0,761","0,933","0,73","0,65","0,505","0,995","0,461","0,207","0,829","0,949","0,782","0,787","0,734","0,993","0,483","0,852","0,871","0,742","0,407"
ERR14783475,"0,702","0,968","0,797","0,906","0,213","0,999","0,413","0,284","0,923","0,982","0,99","0,772","0,401","0,947","0,611","0,912","0,967","0,164","0,252","0,231","0,327","0,986","0,98","0,202","0,167","0,922","0,913","0,947","0,968","0,329","0,869","0,99","0,944","0,937","0,673","0,08","0,67","0,936","0,26","0,212","0,975","0,161","0,844","0,81","0,358","0,846","0,759","0,324","0,999","0,165","0,836","0,873","0,186","0,82","0,992","0,188","0,914","0,929","0,975","0,897","0,431","0,99","0,878","0,371","0,891","0,973","0,769","0,92","0,223","0,704","0,416","0,954","0,936","0,869","0,915","0,941","0,974","0,855","0,939","0,976","0,269","0,245","0,579","0,806","0,913","0,785","0,172","0,706","0,964","0,923","0,681","0,882","0,972","0,904","0,418","0,98","0,965","0,951","0,982","0,987","0,842","0,921","0,784","0,997","0,156","0,307","0,728","0,305","0,971","0,226",1,"0,323","0,676","0,85","0,856","0,966","0,81","0,825","0,547","0,225","0,274","0,973","0,916","0,699","0,74","0,97","0,09","0,945","0,953","0,606","0,471","0,895","0,706","0,171","0,978","0,97","0,971","0,943","0,95","0,973","0,934","0,196","0,896","0,326","0,941","0,875","0,779","0,211","0,763","0,796","0,901","0,407","0,619","0,937","0,98","0,889","0,988","0,901","0,862","0,717","0,885","0,273","0,967","0,937","0,917","0,765","0,568","0,733",1,"0,878","0,98","0,824","0,934","0,163","0,323","0,137","0,964","0,565","0,777","0,237","0,886","0,977","0,803","0,8","0,233","0,808","0,268","0,921","0,339",0,"0,979","0,234","0,777","0,97","0,928","0,976","0,849","0,679","0,995","0,387","0,21","0,767","0,974","0,913","0,96","0,981","0,989","0,327","0,848","0,903","0,978","0,362"
ERR14783402,"0,99","0,995","0,97","0,964","0,976","0,92","0,978","0,981","0,964","0,99","0,987","0,971","0,987","0,853","0,944","0,997","0,971","0,999","0,996","0,94","0,973","0,995","0,844","0,998","0,965","0,957","0,99","0,935","0,993","0,998","0,984","0,985","0,825","0,983","0,991","0,979","0,971","0,988","0,96","0,999","0,877","0,998","0,995","0,946","0,993","0,935","0,962","0,996","0,945","0,993","0,872","0,942","0,994","0,957","0,989","0,977","0,955","0,959","0,952","0,977","0,993","0,995","0,98","0,967","0,952","0,94","0,953","0,993","0,98","0,991","0,976","0,878","0,998","0,954","0,905","0,958","0,981","0,977","0,986","0,933","0,987","0,999","0,973","0,882","0,861","0,948","0,987","0,965","0,895","0,991","0,985","0,905","0,972","0,943","0,973","0,942","0,997","0,984","0,924","0,984","0,932","0,977","0,96","0,932","0,999","0,958","0,927","0,986","0,969","0,999","0,919",1,"0,999","0,972","0,962","0,93","0,966","0,968","0,968","0,976","0,997","0,898","0,955","0,951","0,975","0,986","0,995","0,988","0,983","0,973","0,964","0,975","0,971","0,992","0,975","0,946","0,97","0,867","0,844","0,945","0,959","0,971","0,91","0,977","0,87","0,991","0,975","0,977","0,946","0,955","0,913","0,994","0,984","0,992","0,877","0,982","0,982","0,998","0,964","0,987","0,852","0,992","0,844","0,997","0,99","0,955","0,902","0,965","0,851","0,941","0,968","0,961","0,99","0,988","0,986","0,988","0,99","0,99","0,968","0,994","0,959","0,893","0,96","0,975","0,994","0,997","0,984","0,833","0,978","0,979",0,"0,96","0,969","0,943","0,934","0,989","0,992","0,997","0,999","0,975","0,982","0,861","0,908","0,999","0,995","0,914","0,87","0,995","0,93","0,9","0,992","0,956"
ERR11865495,"0,743","0,895","0,754","0,881","0,272","0,955","0,515","0,235","0,901","0,941","0,987","0,724","0,506","0,885","0,701","0,871","0,957","0,209","0,371","0,367","0,355","0,987","0,902","0,162","0,294","0,936","0,862","0,945","0,976","0,214","0,824","0,986","0,899","0,874","0,694","0,22","0,633","0,874","0,185","0,377","0,974","0,21","0,814","0,739","0,42","0,782","0,696","0,51","0,955","0,232","0,833","0,809","0,189","0,685","0,989","0,333","0,836","0,876","0,957","0,866","0,525","0,99","0,843","0,39","0,908","0,965","0,733","0,863","0,363","0,772","0,519","0,894","0,933","0,832","0,926","0,956","0,906","0,789","0,957","0,895","0,22","0,139","0,558","0,847","0,857","0,712","0,252","0,669","0,95","0,942","0,586","0,909","0,923","0,871","0,413","0,938","0,9","0,864","0,98","0,987","0,77","0,862","0,726","0,978","0,219","0,142","0,655","0,222","0,954","0,165","0,956","0,219","0,744","0,8","0,793","0,938","0,844","0,756","0,55","0,271","0,181","0,945","0,853","0,645","0,796","0,954","0,297","0,957","0,947","0,586","0,497","0,837","0,745","0,182","0,978","0,959","0,935","0,893","0,951","0,958","0,873","0,108","0,879","0,374","0,899","0,897","0,836","0,335","0,756","0,765","0,883","0,462","0,67","0,918","0,894","0,857","0,988","0,937","0,807","0,757","0,838","0,435","0,967","0,891","0,929","0,685","0,459","0,687","0,956","0,883","0,962","0,816","0,871","0,346","0,173","0,183","0,89","0,597","0,721","0,402","0,843","0,978","0,742","0,794","0,175","0,843","0,125","0,832","0,441","0,234","0,96",0,"0,831","0,915","0,939","0,903","0,812","0,756","0,997","0,406","0,294","0,67","0,933","0,902","0,901","0,919","0,988","0,266","0,815","0,857","0,912","0,389"
ERR11865501,"0,585","0,943","0,847","0,688","0,783","0,999","0,656","0,852","0,823","0,885","0,937","0,782","0,644","0,947","0,427","0,846","0,762","0,788","0,778","0,605","0,748","0,887","0,818","0,804","0,622","0,98","0,81","0,994","0,892","0,845","0,86","0,966","0,941","0,883","0,668","0,799","0,632","0,943","0,768","0,723","0,97","0,791","0,82","0,86","0,789","0,957","0,733","0,659","0,997","0,752","0,754","0,853","0,788","0,826","0,963","0,754","0,915","0,764","0,727","0,798","0,805","0,975","0,963","0,751","0,33","0,722","0,682","0,882","0,645","0,514","0,634","0,967","0,886","0,895","0,885","0,779","0,888","0,972","0,925","0,945","0,826","0,817","0,651","0,749","0,905","0,94","0,727","0,747","0,717","0,738","0,919","0,739","0,918","0,923","0,788","0,853","0,923","0,905","0,954","0,968","0,771","0,837","0,81","0,997","0,784","0,793","0,651","0,8","0,736","0,811",1,"0,844","0,64","0,919","0,844","0,974","0,705","0,884","0,696","0,787","0,82","0,987","0,845","0,829","0,767","0,898","0,759","0,874","0,81","0,743","0,664","0,901","0,49","0,803","0,581","0,764","0,889","0,948","0,933","0,635","0,882","0,814","0,929","0,763","0,941","0,652","0,254","0,825","0,955","0,754","0,965","0,778","0,687","0,88","0,865","0,79","0,983","0,695","0,972","0,715","0,798","0,68","0,961","0,9","0,799","0,921","0,9","0,754","0,999","0,965","0,774","0,954","0,825","0,659","0,838","0,802","0,891","0,726","0,793","0,698","0,764","0,728","0,803","0,846","0,799","0,814","0,814","0,914","0,68","0,777","0,969","0,831",0,"0,886","0,825","0,896","0,756","0,683","0,986","0,732","0,769","0,934","0,974","0,87","0,921","0,873","0,989","0,834","0,955","0,936","0,933","0,778"
ERR11865471,"0,781","0,403","0,955","0,617","0,945","0,997","0,651","0,976","0,555","0,725","0,964","0,943","0,761","0,801","0,78","0,306","0,792","0,926","0,795","0,835","0,928","0,977","0,77","0,972","0,887","0,981","0,281","0,994","0,977","0,897","0,24","0,982","0,891","0,263","0,66","0,946","0,936","0,371","0,838","0,921","0,948","0,974","0,257","0,904","0,865","0,772","0,362","0,964","0,996","0,917","0,874","0,841","0,966","0,377","0,976","0,95","0,809","0,256","0,692","0,24","0,557","0,986","0,984","0,925","0,809","0,756","0,431","0,311","0,829","0,889","0,743","0,922","0,266","0,134","0,892","0,96","0,29","0,985","0,966","0,961","0,808","0,915","0,932","0,96","0,864","0,95","0,92","0,955","0,683","0,942","0,93","0,729","0,952","0,628","0,924","0,522","0,318","0,294","0,935","0,974","0,924","0,311","0,908","0,996","0,922","0,901","0,719","0,865","0,794","0,924","0,998","0,935","0,747","0,347","0,499","0,961","0,94","0,955","0,947","0,941","0,909","0,974","0,336","0,496","0,971","0,844","0,97","0,968","0,61","0,945","0,87","0,313","0,653","0,948","0,906","0,702","0,844","0,727","0,969","0,731","0,298","0,934","0,663","0,957","0,902","0,952","0,862","0,946","0,988","0,35","0,809","0,863","0,495","0,194","0,621","0,181","0,986","0,956","0,967","0,386","0,789","0,955","0,928","0,231","0,86","0,75","0,971","0,952","0,997","0,988","0,804","0,767","0,353","0,93","0,878","0,975","0,441","0,624","0,93","0,877","0,226","0,761","0,915","0,274","0,963","0,231","0,884","0,875","0,761","0,97","0,943","0,915","0,886",0,"0,938","0,317","0,324","0,707","0,997","0,934","0,869","0,936","0,784","0,24","0,2","0,368","0,98","0,967","0,766","0,697","0,342","0,925"
ERR14783390,"0,99","0,987","0,926","0,875","0,921","0,995","0,91","0,946","0,932","0,961","0,953","0,907","0,946","0,931","0,86","0,995","0,916","0,999","0,999","0,868","0,908","0,967","0,883","0,994","0,883","0,925","0,962","0,969","0,964","0,999","0,953","0,967","0,924","0,936","0,975","0,938","0,886","0,955","0,951","0,997","0,953","0,996","0,989","0,836","0,999","0,97","0,885","0,99","0,994","0,974","0,765","0,869","0,989","0,911","0,967","0,927","0,918","0,907","0,887","0,944","0,988","0,981","0,977","0,903","0,804","0,87","0,903","0,983","0,921","0,956","0,925","0,947","0,999","0,909","0,532","0,864","0,941","0,919","0,933","0,985","0,999","0,999","0,893","0,931","0,874","0,955","0,957","0,913","0,843","0,965","0,977","0,782","0,946","0,95","0,92","0,917","0,988","0,973","0,963","0,981","0,777","0,909","0,862","0,998","0,999","0,966","0,842","0,96","0,904",1,"0,999",1,"0,998","0,907","0,864","0,953","0,908","0,867","0,895","0,927","0,993","0,973","0,952","0,998","0,94","0,961","0,995","0,927","0,938","0,91","0,972","0,915","0,892","0,97","0,842","0,903","0,937","0,96","0,919","0,849","0,906","0,947","0,954","0,924","0,912","0,978","0,884","0,944","0,999","0,853","0,973","0,997","0,939","0,984","0,916","0,949","0,957","0,981","0,983","0,949","0,79","0,99","0,94","0,993","0,981","0,959","0,969","0,917","0,999","0,9","0,905","0,968","0,959","0,951","0,995","0,952","0,956","0,958","0,872","0,977","0,939","0,824","0,86","0,927","0,988","0,992","0,991","0,89","0,933","0,928","0,934","0,939","0,825","0,938",0,"0,96","0,974","0,991","0,993","0,911","0,993","0,951","0,969","0,999","0,984","0,916","0,984","0,982","0,967","0,955","0,976","0,893"
ERR11865335,"0,681","0,121","0,958","0,563","0,944","0,996","0,583","0,983","0,447","0,579","0,964","0,947","0,681","0,853","0,906","0,201","0,801","0,916","0,732","0,91","0,937","0,961","0,933","0,977","0,886","0,962","0,126","0,994","0,96","0,88","0,243","0,985","0,959","0,098","0,518","0,943","0,949","0,091","0,903","0,906","0,985","0,98","0,295","0,941","0,809","0,868","0,219","0,968","0,995","0,905","0,945","0,753","0,966","0,359","0,973","0,949","0,686","0,32","0,771","0,299","0,43","0,988","0,993","0,925","0,889","0,909","0,312","0,155","0,807","0,86","0,71","0,982","0,291","0,345","0,971","0,977","0,085","0,981","0,947","0,94","0,758","0,901","0,931","0,963","0,974","0,988","0,904","0,964","0,808","0,932","0,936","0,929","0,919","0,784","0,921","0,547","0,051","0,149","0,983","0,986","0,95","0,089","0,937","0,995","0,909","0,895","0,842","0,828","0,821","0,913","0,997","0,929","0,645","0,117","0,305","0,99","0,941","0,967","0,945","0,936","0,894","0,991","0,297","0,337","0,977","0,801","0,973","0,955","0,424","0,943","0,851","0,112","0,604","0,946","0,92","0,827","0,786","0,841","0,975","0,846","0,13","0,926","0,821","0,959","0,98","0,946","0,896","0,944","0,992","0,177","0,89","0,804","0,351","0,33","0,709","0,314","0,989","0,956","0,966","0,311","0,945","0,951","0,982","0,27","0,811","0,768","0,985","0,952","0,995","0,991","0,834","0,87","0,115","0,946","0,853","0,982","0,179","0,501","0,94","0,855","0,227","0,947","0,939","0,312","0,963","0,394","0,863","0,964","0,73","0,976","0,989","0,903","0,896","0,317","0,96",0,"0,147","0,59","0,994","0,929","0,833","0,986","0,875","0,438","0,235","0,358","0,997","0,978","0,867","0,836","0,127","0,95"
ERR11865342,"0,553","0,212","0,896","0,613","0,836","0,996","0,511","0,885","0,473","0,624","0,974","0,871","0,6","0,86","0,771","0,166","0,816","0,798","0,632","0,806","0,822","0,969","0,953","0,858","0,782","0,976","0,061","0,995","0,968","0,787","0,203","0,989","0,965","0,138","0,427","0,827","0,822","0,181","0,809","0,77","0,987","0,855","0,177","0,963","0,669","0,838","0,145","0,805","0,995","0,792","0,964","0,797","0,847","0,328","0,978","0,819","0,753","0,299","0,826","0,259","0,375","0,989","0,976","0,824","0,858","0,939","0,272","0,147","0,707","0,676","0,627","0,989","0,261","0,314","0,98","0,984","0,152","0,983","0,955","0,948","0,67","0,796","0,791","0,836","0,982","0,962","0,809","0,84","0,856","0,91","0,891","0,954","0,946","0,737","0,82","0,605","0,141","0,132","0,979","0,983","0,967","0,18","0,918","0,996","0,791","0,802","0,747","0,718","0,837","0,804","0,997","0,831","0,52","0,185","0,399","0,993","0,863","0,975","0,815","0,826","0,794","0,993","0,277","0,252","0,844","0,808","0,838","0,969","0,517","0,825","0,723","0,13","0,51","0,83","0,953","0,839","0,835","0,807","0,979","0,875","0,243","0,819","0,778","0,835","0,985","0,885","0,761","0,839","0,954","0,183","0,862","0,663","0,298","0,305","0,751","0,255","0,985","0,91","0,944","0,204","0,967","0,801","0,984","0,218","0,765","0,724","0,919","0,846","0,994","0,966","0,855","0,839","0,17","0,815","0,765","0,86","0,297","0,409","0,912","0,732","0,12","0,964","0,925","0,272","0,851","0,286","0,767","0,978","0,65","0,849","0,992","0,812","0,756","0,324","0,974","0,147",0,"0,489","0,996","0,807","0,721","0,957","0,862","0,364","0,214","0,425","0,998","0,88","0,84","0,8","0,172","0,856"
ERR11865348,"0,278","0,56","0,886","0,544","0,719","0,997","0,343","0,769","0,59","0,612","0,988","0,862","0,402","0,893","0,541","0,526","0,836","0,687","0,459","0,689","0,695","0,991","0,97","0,707","0,687","0,973","0,56","0,996","0,973","0,716","0,585","0,992","0,973","0,61","0,159","0,707","0,773","0,586","0,725","0,588","0,995","0,691","0,543","0,98","0,676","0,913","0,556","0,558","0,996","0,649","0,987","0,748","0,7","0,645","0,988","0,658","0,673","0,608","0,799","0,576","0,409","0,987","0,963","0,714","0,832","0,947","0,407","0,553","0,556","0,54","0,437","0,996","0,565","0,711","0,994","0,959","0,622","0,993","0,965","0,954","0,543","0,723","0,654","0,765","0,993","0,941","0,674","0,799","0,846","0,889","0,894","0,974","0,962","0,85","0,727","0,594","0,571","0,621","0,983","0,968","0,984","0,573","0,92","0,996","0,685","0,75","0,771","0,755","0,863","0,673","0,998","0,755","0,196","0,633","0,522","0,997","0,82","0,983","0,638","0,711","0,695","0,998","0,591","0,46","0,748","0,821","0,654","0,974","0,426","0,683","0,514","0,608","0,286","0,709","0,978","0,867","0,821","0,911","0,982","0,898","0,603","0,721","0,852","0,678","0,993","0,819","0,683","0,739","0,921","0,587","0,928","0,61","0,34","0,603","0,733","0,576","0,989","0,86","0,959","0,357","0,988","0,589","0,996","0,637","0,582","0,846","0,853","0,832","0,996","0,947","0,893","0,895","0,528","0,637","0,707","0,701","0,517","0,273","0,911","0,523","0,573","0,981","0,929","0,59","0,717","0,482","0,675","0,99","0,505","0,679","0,997","0,756","0,683","0,707","0,991","0,59","0,489",0,"0,992","0,665","0,584","0,935","0,951","0,637","0,657","0,699","0,999","0,763","0,91","0,87","0,642","0,746"
ERR14783447,"0,992","0,996","0,995","0,983","0,996","0,999","0,996","0,997","0,989","0,984","0,996","0,996","0,995","0,999","0,989","0,997","0,978",1,"0,999","0,996","0,996","0,841","0,994","0,997","0,996","0,986","0,996","0,998","0,854","0,999","0,997","0,996","0,999","0,995","0,994","0,998","0,993","0,994","0,997","0,998","0,999","0,996","0,997","0,989","0,998","0,999","0,996","0,993","0,999","0,996","0,993","0,986","0,996","0,996","0,997","0,995","0,988","0,996","0,983","0,996","0,996","0,996",1,"0,996","0,976","0,986","0,995","0,995","0,995","0,98","0,994","0,999","0,998","0,997","0,996","0,97","0,993","0,995","0,916","0,992","0,999","0,999","0,993","0,992","0,998","0,999","0,996","0,995","0,99","0,969","0,999","0,988","0,991","0,999","0,996","0,99","0,994","0,996","0,999","0,997","0,994","0,992","0,994","0,999",1,"0,997","0,994","0,997","0,978",1,"0,999",1,"0,996","0,995","0,993","0,998","0,975","0,992","0,994","0,996","0,999","0,999","0,995","0,998","0,995","0,992","0,995","0,94","0,988","0,996","0,995","0,995","0,992","0,998","0,947","0,984","0,994","0,999","0,998","0,982","0,995","0,996","0,999","0,995","0,998","0,95","0,977","0,998","0,999","0,996","0,999","0,995","0,996","0,996","0,996","0,995","0,998","0,928","0,999","0,996","0,994","0,996","0,998","0,996","0,992","0,999","0,997","0,998","0,999","0,999","0,97","0,999","0,994","0,995","0,997","0,995","0,992","0,993","0,994","0,995","0,996","0,992","0,995","0,996","0,997","0,997","0,998","0,998","0,995","0,995","0,999","0,997","0,986","0,997","0,993","0,994","0,996","0,992",0,"0,995","0,996","0,999",1,"0,999","0,997","0,994",1,"0,997","0,999","0,999","0,993","0,996"
ERR11865427,"0,675","0,934","0,679","0,838","0,145","0,999","0,482","0,578","0,9","0,923","0,976","0,471","0,412","0,841","0,574","0,88","0,93","0,514","0,5","0,507","0,083","0,964","0,962","0,559","0,496","0,92","0,871","0,941","0,957","0,611","0,839","0,984","0,821","0,891","0,628","0,399","0,262","0,903","0,553","0,427","0,971","0,536","0,816","0,588","0,515","0,899","0,66","0,378","0,999","0,504","0,765","0,846","0,544","0,604","0,98","0,294","0,891","0,9","0,931","0,856","0,567","0,986","0,93","0,141","0,855","0,946","0,718","0,888","0,464","0,668","0,419","0,85","0,923","0,834","0,902","0,936","0,929","0,686","0,93","0,972","0,576","0,562","0,171","0,793","0,711","0,801","0,514","0,433","0,931","0,9","0,808","0,853","0,954","0,804","0,175","0,929","0,93","0,91","0,979","0,985","0,474","0,871","0,397","0,997","0,509","0,582","0,418","0,582","0,925","0,55",1,"0,608","0,64","0,796","0,802","0,888","0,792","0,424","0,17","0,147","0,575","0,912","0,891","0,669","0,723","0,937","0,491","0,922","0,93","0,264","0,417","0,853","0,641","0,499","0,948","0,934","0,949","0,878","0,942","0,933","0,887","0,509","0,892","0,126","0,808","0,87","0,74","0,463","0,868","0,744","0,921","0,502","0,567","0,912","0,943","0,849","0,985","0,896","0,901","0,681","0,865","0,406","0,962","0,912","0,899","0,86","0,76","0,386",1,"0,905","0,938","0,872","0,883","0,45","0,605","0,504","0,911","0,519","0,386","0,435","0,846","0,959","0,447","0,763","0,566","0,804","0,57","0,835","0,461","0,387","0,975","0,406","0,732","0,934","0,911","0,929","0,807","0,665","0,995",0,"0,493","0,783","0,942","0,889","0,928","0,943","0,987","0,624","0,905","0,841","0,938","0,237"
ERR11865387,"0,531","0,814","0,908","0,776","0,31","0,959","0,311","0,403","0,823","0,825","0,994","0,884","0,273","0,945","0,601","0,77","0,891","0,175","0,106","0,221","0,422","0,989","0,9","0,266","0,186","0,979","0,787","0,995","0,983","0,303","0,783","0,994","0,972","0,831","0,513","0,229","0,822","0,825","0,257","0,138","0,997","0,23","0,738","0,99","0,272","0,848","0,756","0,319","0,959","0,186","0,987","0,76","0,244","0,77","0,995","0,298","0,772","0,793","0,848","0,788","0,347","0,994","0,892","0,463","0,881","0,967","0,628","0,787","0,111","0,657","0,293","0,975","0,843","0,859","0,995","0,99","0,843","0,992","0,986","0,887","0,167","0,256","0,713","0,812","0,995","0,83","0,213","0,837","0,873","0,927","0,692","0,988","0,917","0,921","0,491","0,852","0,824","0,794","0,984","0,988","0,989","0,816","0,939","0,981","0,169","0,267","0,792","0,329","0,912","0,221","0,96","0,332","0,548","0,845","0,778","0,998","0,853","0,988","0,696","0,313","0,254","0,992","0,791","0,534","0,795","0,883","0,142","0,988","0,845","0,726","0,281","0,814","0,571","0,231","0,988","0,91","0,863","0,931","0,987","0,93","0,835","0,208","0,875","0,446","0,997","0,85","0,775","0,3","0,758","0,793","0,889","0,325","0,513","0,837","0,824","0,77","0,99","0,904","0,881","0,63","0,925","0,226","0,998","0,828","0,805","0,752","0,578","0,854","0,945","0,878","0,924","0,836","0,791","0,136","0,249","0,254","0,813","0,451","0,932","0,129","0,774","0,991","0,943","0,797","0,287","0,742","0,183","0,955","0,207","0,21","0,982","0,294","0,769","0,869","0,993","0,833","0,721","0,584","0,996","0,493",0,"0,799","0,964","0,824","0,847","0,872","0,999","0,387","0,843","0,896","0,849","0,456"
ERR14783466,"0,938","0,991","0,917","0,954","0,722","0,975","0,841","0,644","0,957","0,99","0,988","0,824","0,861","0,774","0,871","0,978","0,968","0,772","0,822","0,753","0,758","0,995","0,847","0,735","0,764","0,983","0,971","0,972","0,993","0,688","0,963","0,992","0,771","0,976","0,932","0,761","0,839","0,983","0,711","0,833","0,91","0,757","0,955","0,898","0,84","0,791","0,904","0,87","0,961","0,764","0,859","0,938","0,746","0,88","0,991","0,803","0,952","0,942","0,949","0,955","0,847","0,996","0,523","0,725","0,937","0,932","0,91","0,979","0,803","0,947","0,852","0,777","0,983","0,934","0,918","0,972","0,977","0,929","0,989","0,885","0,756","0,733","0,835","0,953","0,765","0,273","0,764","0,868","0,897","0,985","0,278","0,903","0,974","0,829","0,759","0,942","0,991","0,975","0,924","0,989","0,842","0,968","0,823","0,935","0,778","0,69","0,832","0,742","0,966","0,741","0,949","0,679","0,939","0,955","0,953","0,893","0,949","0,843","0,81","0,735","0,714","0,907","0,944","0,871","0,937","0,985","0,794","0,988","0,981","0,787","0,856","0,967","0,916","0,751","0,975","0,942","0,969","0,825","0,899","0,942","0,955","0,722","0,866","0,782","0,794","0,977","0,943","0,786","0,799","0,922","0,844","0,855","0,897","0,978","0,885","0,957","0,993","0,986","0,515","0,92","0,856","0,847","0,886","0,982","0,982","0,355","0,639","0,819","0,985","0,921","0,967","0,857","0,977","0,807","0,696","0,745","0,987","0,901","0,832","0,833","0,931","0,901","0,825","0,945","0,723","0,95","0,726","0,766","0,829","0,767","0,861","0,67","0,934","0,936","0,951","0,986","0,957","0,935","0,999","0,783","0,799",0,"0,869","0,975","0,986","0,922","0,949","0,654","0,835","0,807","0,989","0,696"
ERR14783411,"0,961","0,891","0,956","0,938","0,945","0,985","0,931","0,982","0,908","0,96","0,993","0,944","0,956","0,844","0,958","0,872","0,973","0,985","0,959","0,951","0,941","0,997","0,9","0,993","0,964","0,987","0,856","0,981","0,996","0,976","0,84","0,995","0,886","0,856","0,94","0,967","0,943","0,877","0,962","0,985","0,736","0,994","0,819","0,94","0,948","0,362","0,833","0,993","0,974","0,983","0,915","0,946","0,991","0,811","0,994","0,965","0,938","0,837","0,957","0,843","0,908","0,997","0,981","0,938","0,964","0,962","0,882","0,87","0,964","0,982","0,951","0,691","0,861","0,767","0,946","0,981","0,865","0,956","0,994","0,922","0,951","0,982","0,942","0,99","0,885","0,937","0,981","0,936","0,922","0,991","0,972","0,941","0,981","0,701","0,94","0,918","0,876","0,846","0,724","0,992","0,926","0,87","0,936","0,783","0,984","0,957","0,905","0,945","0,974","0,984","0,967","0,985","0,961","0,853","0,9","0,949","0,981","0,946","0,942","0,943","0,98","0,956","0,852","0,859","0,975","0,972","0,992","0,993","0,939","0,944","0,959","0,855","0,942","0,984","0,985","0,959","0,918","0,611","0,94","0,961","0,867","0,968","0,365","0,947","0,89","0,99","0,979","0,966","0,765","0,839","0,375","0,948","0,902","0,838","0,891","0,829","0,995","0,993","0,949","0,879","0,906","0,988","0,914","0,818","0,98","0,844","0,96","0,937","0,989","0,993","0,975","0,335","0,887","0,984","0,965","0,987","0,908","0,93","0,942","0,977","0,833","0,939","0,936","0,835","0,99","0,843","0,967","0,779","0,949","0,974","0,908","0,933","0,974","0,784","0,969","0,875","0,862","0,951",1,"0,942","0,964","0,869",0,"0,794","0,82","0,852","0,964","0,992","0,357","0,489","0,862","0,936"
ERR11865369,"0,707","0,5","0,926","0,733","0,906","0,998","0,65","0,93","0,591","0,759",1,"0,917","0,738","0,879","0,885","0,295","0,919","0,882","0,742","0,889","0,895",1,"0,989","0,915","0,885","0,988","0,355","0,999","0,997","0,872","0,262",1,"0,977","0,379","0,612","0,89","0,894","0,467","0,893","0,851","0,995","0,913","0,281","0,998","0,878","0,773","0,428","0,893","0,997","0,875","0,999","0,878","0,914","0,394","0,999","0,89","0,83","0,283","0,901","0,234","0,511",1,"0,985","0,9","0,925","0,983","0,473","0,344","0,813","0,82","0,757","0,999","0,235","0,236","0,999","0,994","0,433","0,999","0,983","0,975","0,765","0,891","0,888","0,91",1,"0,977","0,895","0,91","0,91","0,961","0,948","0,994","0,988","0,668","0,895","0,727","0,414","0,385","0,987","0,988","0,997","0,427","0,959","0,998","0,882","0,902","0,838","0,902","0,934","0,864","0,998","0,899","0,666","0,455","0,612","0,999","0,913","0,997","0,907","0,897","0,868","0,999","0,347","0,513","0,907","0,875","0,907",1,"0,661","0,906","0,821","0,415","0,679","0,89","0,999","0,932","0,892","0,728","0,991","0,947","0,479","0,892","0,64","0,905","0,997","0,931","0,872","0,897","0,968","0,46","0,81","0,878","0,471","0,177","0,819","0,168","0,992","0,946","0,976","0,359","0,999","0,888","0,996","0,282","0,846","0,788","0,949","0,904","0,998","0,979","0,942","0,734","0,457","0,887","0,869","0,917","0,555","0,642","0,954","0,824","0,368",1,"0,962","0,257","0,914","0,184","0,858","0,995","0,782","0,913","0,999","0,902","0,87","0,24","0,999","0,438","0,364","0,637","0,999","0,889","0,824","0,975","0,794",0,"0,284","0,585",1,"0,928","0,766","0,677","0,443","0,925"
ERR11865314,"0,736","0,278","0,956","0,664","0,943","0,999","0,655","0,969","0,545","0,714","0,986","0,953","0,752","0,866","0,928","0,206","0,9","0,911","0,764","0,922","0,931","0,985","0,97","0,964","0,9","0,98","0,175","0,995","0,977","0,878","0,139","0,983","0,968","0,173","0,6","0,932","0,936","0,246","0,921","0,903","0,994","0,962","0,084","0,973","0,745","0,821","0,283","0,951","0,997","0,911","0,975","0,831","0,958","0,325","0,988","0,935","0,781","0,207","0,859","0,165","0,504","0,988","0,993","0,933","0,918","0,954","0,436","0,212","0,837","0,879","0,774","0,991","0,167","0,174","0,988","0,979","0,247","0,99","0,98","0,97","0,782","0,9","0,931","0,951","0,987","0,988","0,93","0,948","0,874","0,93","0,936","0,975","0,967","0,705","0,921","0,675","0,203","0,136","0,986","0,985","0,976","0,246","0,945","0,996","0,906","0,906","0,879","0,784","0,912","0,909","0,999","0,923","0,711","0,252","0,467","0,995","0,938","0,978","0,948","0,931","0,892","0,996","0,262","0,413","0,959","0,854","0,961","0,972","0,577","0,943","0,861","0,205","0,688","0,937","0,974","0,911","0,862","0,794","0,98","0,927","0,311","0,921","0,75","0,948","0,991","0,935","0,924","0,933","0,985","0,277","0,847","0,739","0,454","0,163","0,779","0,178","0,988","0,936","0,956","0,327","0,978","0,943","0,994","0,052","0,847","0,76","0,978","0,949","0,999","0,99","0,921","0,818","0,289","0,933","0,861","0,966","0,371","0,581","0,946","0,859","0,226","0,978","0,947","0,186","0,953","0,221","0,867","0,983","0,787","0,96","0,995","0,901","0,921","0,2","0,984","0,235","0,214","0,657","0,997","0,928","0,847","0,986","0,82","0,284",0,"0,49","0,998","0,964","0,823","0,776","0,265","0,957"
ERR11865415,"0,777","0,403","0,964","0,592","0,954","0,996","0,629","0,986","0,526","0,604","0,962","0,951","0,749","0,695","0,757","0,446","0,722","0,936","0,794","0,824","0,936","0,975","0,561","0,984","0,878","0,958","0,412","0,992","0,971","0,903","0,477","0,98","0,8","0,408","0,645","0,955","0,946","0,397","0,839","0,931","0,922","0,987","0,524","0,894","0,907","0,807","0,45","0,979","0,995","0,926","0,844","0,826","0,976","0,503","0,975","0,961","0,755","0,469","0,662","0,489","0,551","0,985","0,984","0,932","0,788","0,719","0,401","0,42","0,816","0,807","0,725","0,875","0,508","0,488","0,874","0,93","0,316","0,983","0,956","0,955","0,807","0,923","0,94","0,97","0,675","0,949","0,918","0,966","0,432","0,959","0,944","0,637","0,935","0,757","0,932","0,397","0,399","0,444","0,872","0,973","0,9","0,367","0,916","0,995","0,931","0,906","0,657","0,901","0,753","0,933","0,996","0,943","0,74","0,421","0,479","0,955","0,943","0,944","0,957","0,949","0,916","0,972","0,498","0,488","0,982","0,777","0,982","0,964","0,584","0,954","0,875","0,423","0,632","0,957","0,872","0,622","0,804","0,753","0,951","0,676","0,309","0,941","0,741","0,968","0,766","0,966","0,868","0,954","0,993","0,393","0,834","0,906","0,463","0,519","0,329","0,489","0,99","0,975","0,961","0,486","0,479","0,967","0,809","0,511","0,79","0,783","0,973","0,962","0,994","0,989","0,719","0,86","0,334","0,927","0,888","0,986","0,429","0,602","0,939","0,883","0,336","0,477","0,923","0,504","0,972","0,567","0,889","0,731","0,734","0,981","0,914","0,919","0,873","0,368","0,916","0,358","0,425","0,699","0,994","0,943","0,872","0,922","0,852","0,585","0,49",0,"0,955","0,977","0,804","0,79","0,339","0,93"
SRR13801805,"0,999","0,999","0,987","0,989","0,987",1,"0,993","0,993","0,994","0,998","0,996","0,985","0,996","0,831","0,982",1,"0,991",1,1,"0,979","0,986","0,999","0,962",1,"0,988","0,995","0,997","0,989","0,998",1,"0,996","0,998","0,916","0,995","0,998","0,989","0,985","0,997","0,988",1,"0,945",1,"0,999","0,981",1,"0,958","0,983","0,999",1,"0,998","0,957","0,992","0,999","0,984","0,997","0,988","0,995","0,991","0,985","0,995","0,999","0,999","0,989","0,985","0,985","0,982","0,988","0,999","0,994","0,998","0,992","0,963",1,"0,981","0,971","0,992","0,994","0,987","0,997","0,999",1,1,"0,986","0,998","0,897","0,972","0,996","0,987","0,959","0,998","0,996","0,969","0,996","0,974","0,986","0,982","0,999","0,998","0,959","0,998","0,974","0,993","0,982",1,1,"0,997","0,971","0,996","0,99",1,1,1,1,"0,987","0,989","0,978","0,995","0,984","0,986","0,987","0,999","0,983","0,996",1,"0,995","0,997","0,999","0,997","0,996","0,986","0,998","0,993","0,991","0,997","0,992","0,983","0,995","0,867","0,943","0,983","0,987","0,995","0,964","0,987","0,837","0,999","0,993","0,99",1,"0,981","0,879",1,"0,995","0,999","0,951","0,995","0,999","0,999","0,989","0,996","0,939","0,999","0,911","0,999","0,999","0,983","0,997","0,987",1,"0,998","0,99","0,98","0,997","0,996","0,999","0,996","0,997","0,997","0,984","0,998","0,986","0,955","0,983","0,989","0,999","0,999","0,999","0,942","0,993","0,989","0,87","0,988","0,989","0,98","0,984","0,997","0,998","0,999",1,"0,987","0,999","0,949","0,964",1,"0,998","0,955",0,"0,998","0,937","0,968","0,998","0,982"
ERR14783454,"0,787","0,979","0,922","0,938","0,46","0,999","0,534","0,032","0,936","0,985","0,984","0,9","0,541","0,987","0,706","0,932","0,974","0,255","0,42","0,387","0,558","0,989","0,978","0,159","0,334","0,992","0,929","0,995","0,984","0,097","0,93","0,985","0,989","0,967","0,771","0,343","0,859","0,978","0,233","0,407","0,994","0,208","0,873","0,976","0,498","0,788","0,889","0,507","0,999","0,247","0,979","0,97","0,194","0,931","0,99","0,48","0,981","0,938","0,97","0,919","0,542","0,986","0,791","0,582","0,913","0,972","0,838","0,948","0,392","0,801","0,549","0,993","0,949","0,96","0,986","0,978","0,974","0,991","0,985","0,981","0,295","0,175","0,788","0,849","0,988","0,68","0,262","0,863","0,966","0,946","0,481","0,974","0,984","0,945","0,615","0,975","0,971","0,965","0,982","0,985","0,979","0,953","0,942","0,997","0,269","0,201","0,887","0,277","0,969","0,188",1,"0,063","0,765","0,978","0,967","0,994","0,896","0,976","0,762","0,476","0,138","0,995","0,939","0,757","0,845","0,971","0,306","0,978","0,961","0,787","0,596","0,967","0,775","0,228","0,973","0,966","0,975","0,966","0,982","0,968","0,974","0,228","0,914","0,574","0,991","0,919","0,836","0,451","0,782","0,923","0,916","0,539","0,695","0,943","0,977","0,911","0,989","0,936","0,79","0,769","0,981","0,461","0,994","0,95","0,939","0,605","0,319","0,892",1,"0,883","0,976","0,854","0,941","0,355","0,153","0,211","0,976","0,68","0,934","0,415","0,901","0,978","0,944","0,927","0,15","0,847","0,209","0,985","0,483","0,327","0,995","0,266","0,834","0,967","0,982","0,978","0,88","0,763","0,997","0,624","0,387","0,654","0,992","0,928","0,964","0,977","0,998",0,"0,852","0,933","0,981","0,561"
ERR14783553,"0,929","0,887","0,968","0,932","0,863","0,984","0,837","0,843","0,895","0,957","0,99","0,96","0,872","0,798","0,912","0,853","0,971","0,839","0,842","0,833","0,885","0,997","0,894","0,849","0,834","0,984","0,844","0,987","0,995","0,835","0,817","0,995","0,908","0,846","0,9","0,84","0,957","0,873","0,818","0,878","0,96","0,848","0,805","0,965","0,869","0,226","0,829","0,91","0,977","0,837","0,953","0,942","0,847","0,823","0,992","0,876","0,939","0,819","0,952","0,821","0,804","0,995","0,911","0,886","0,957","0,955","0,848","0,855","0,846","0,957","0,869","0,921","0,845","0,765","0,952","0,981","0,855","0,983","0,992","0,97","0,806","0,838","0,943","0,968","0,833","0,867","0,835","0,957","0,889","0,987","0,858","0,935","0,978","0,812","0,889","0,911","0,869","0,845","0,93","0,99","0,961","0,859","0,966","0,981","0,838","0,814","0,919","0,826","0,971","0,84","0,977","0,844","0,923","0,853","0,892","0,97","0,972","0,977","0,937","0,866","0,837","0,975","0,836","0,812","0,958","0,969","0,86","0,992","0,933","0,937","0,888","0,847","0,906","0,84","0,982","0,955","0,961","0,591","0,966","0,957","0,855","0,824","0,284","0,896","0,848","0,985","0,962","0,854","0,882","0,837","0,147","0,879","0,839","0,821","0,837","0,804","0,994","0,991","0,899","0,828","0,861","0,896","0,878","0,822","0,975","0,777","0,842","0,961","0,989","0,936","0,972","0,173","0,874","0,865","0,823","0,842","0,899","0,869","0,969","0,872","0,814","0,904","0,967","0,82","0,847","0,802","0,823","0,884","0,852","0,848","0,93","0,815","0,955","0,766","0,967","0,867","0,84","0,91","0,999","0,905","0,843","0,835","0,357","0,766","0,823","0,804","0,937","0,852",0,"0,691","0,862","0,871"
ERR14783524,"0,897","0,865","0,899","0,905","0,846","0,973","0,838","0,92","0,837","0,939","0,987","0,882","0,877","0,802","0,872","0,801","0,956","0,93","0,886","0,884","0,84","0,995","0,847","0,933","0,905","0,958","0,805","0,931","0,993","0,923","0,765","0,993","0,867","0,808","0,866","0,899","0,872","0,845","0,892","0,922","0,905","0,932","0,753","0,907","0,923","0,648","0,761","0,926","0,957","0,916","0,912","0,914","0,929","0,703","0,99","0,89","0,901","0,745","0,93","0,75","0,803","0,995","0,958","0,84","0,937","0,938","0,792","0,813","0,891","0,936","0,87","0,571","0,779","0,69","0,928","0,956","0,819","0,93","0,986","0,876","0,879","0,931","0,851","0,948","0,852","0,883","0,912","0,875","0,88","0,983","0,936","0,905","0,895","0,676","0,845","0,874","0,839","0,807","0,879","0,983","0,879","0,821","0,885","0,696","0,93","0,892","0,823","0,92","0,957","0,922","0,948","0,933","0,888","0,805","0,863","0,921","0,953","0,901","0,844","0,846","0,921","0,935","0,766","0,763","0,941","0,86","0,928","0,989","0,902","0,848","0,879","0,81","0,867","0,924","0,974","0,933","0,883","0,592","0,926","0,936","0,818","0,904","0,607","0,846","0,858","0,977","0,943","0,903","0,642","0,783","0,667","0,924","0,793","0,748","0,836","0,73","0,992","0,987","0,934","0,756","0,861","0,921","0,892","0,775","0,962","0,791","0,889","0,88","0,978","0,96","0,957","0,675","0,846","0,918","0,909","0,923","0,88","0,856","0,89","0,906","0,763","0,909","0,888","0,741","0,927","0,721","0,905","0,671","0,871","0,903","0,9","0,857","0,936","0,697","0,955","0,836","0,8","0,87","0,999","0,841","0,896","0,807","0,489","0,677","0,776","0,79","0,968","0,933","0,691",0,"0,815","0,835"
ERR11865326,"0,725","0,224","0,962","0,636","0,95","0,994","0,638","0,984","0,499","0,501","0,98","0,962","0,732","0,862","0,935","0,237","0,79","0,923","0,758","0,931","0,945","0,969","0,956","0,978","0,909","0,953","0,166","0,993","0,967","0,889","0,269","0,988","0,966","0,156","0,576","0,947","0,957","0,192","0,923","0,915","0,955","0,981","0,317","0,967","0,827","0,861","0,266","0,971","0,994","0,916","0,968","0,796","0,968","0,366","0,982","0,954","0,674","0,351","0,829","0,333","0,483","0,992","0,995","0,943","0,927","0,943","0,397","0,194","0,84","0,763","0,752","0,987","0,314","0,369","0,982","0,981","0,089","0,983","0,948","0,947","0,778","0,909","0,942","0,966","0,985","0,991","0,923","0,969","0,837","0,946","0,94","0,959","0,94","0,759","0,93","0,498","0,139","0,187","0,971","0,981","0,971","0,19","0,959","0,994","0,917","0,907","0,813","0,851","0,843","0,92","0,995","0,934","0,684","0,184","0,403","0,992","0,942","0,975","0,961","0,944","0,902","0,993","0,327","0,361","0,979","0,74","0,974","0,968","0,522","0,954","0,871","0,157","0,671","0,95","0,958","0,807","0,754","0,805","0,964","0,883","0,237","0,931","0,817","0,963","0,981","0,954","0,933","0,948","0,991","0,269","0,872","0,824","0,418","0,351","0,751","0,345","0,989","0,962","0,948","0,334","0,965","0,955","0,944","0,294","0,723","0,746","0,982","0,956","0,992","0,991","0,795","0,866","0,187","0,954","0,866","0,983","0,289","0,514","0,959","0,874","0,222","0,971","0,96","0,334","0,966","0,406","0,876","0,941","0,742","0,978","0,992","0,912","0,933","0,342","0,976","0,127","0,172","0,642","0,993","0,938","0,849","0,989","0,862","0,443","0,265","0,339","0,998","0,981","0,862","0,815",0,"0,964"
ERR14783429,"0,754","0,966","0,733","0,85","0,174","0,987","0,472","0,526","0,872","0,961","0,963","0,417","0,486","0,752","0,626","0,922","0,909","0,486","0,464","0,436","0,188","0,976","0,904","0,502","0,449","0,936","0,901","0,94","0,964","0,569","0,881","0,973","0,733","0,918","0,732","0,394","0,383","0,941","0,479","0,416","0,961","0,481","0,861","0,622","0,474","0,866","0,704","0,475","0,988","0,469","0,753","0,859","0,485","0,665","0,975","0,307","0,906","0,879","0,899","0,866","0,515","0,985","0,901","0,107","0,837","0,891","0,741","0,927","0,423","0,77","0,472","0,763","0,941","0,844","0,882","0,932","0,927","0,75","0,946","0,962","0,528","0,528","0,368","0,835","0,602","0,708","0,454","0,544","0,897","0,926","0,762","0,834","0,933","0,723","0,241","0,917","0,968","0,934","0,963","0,98","0,512","0,887","0,338","0,992","0,482","0,525","0,519","0,531","0,902","0,518","0,989","0,569","0,75","0,845","0,828","0,878","0,822","0,403","0,304","0,189","0,539","0,858","0,887","0,734","0,781","0,949","0,431","0,941","0,916","0,225","0,552","0,886","0,702","0,48","0,911","0,9","0,908","0,831","0,935","0,897","0,894","0,471","0,876","0,248","0,707","0,888","0,751","0,446","0,822","0,768","0,895","0,502","0,664","0,928","0,913","0,863","0,986","0,93","0,878","0,748","0,829","0,413","0,948","0,945","0,927","0,812","0,692","0,315","0,986","0,878","0,91","0,832","0,918","0,42","0,556","0,458","0,95","0,642","0,367","0,409","0,851","0,907","0,318","0,819","0,51","0,84","0,522","0,815","0,407","0,362","0,956","0,389","0,778","0,925","0,893","0,95","0,856","0,746","0,996","0,237","0,456","0,696","0,936","0,925","0,957","0,93","0,982","0,561","0,871","0,835","0,964",0