mge(s),species,type_resistance,AMR,infos_amr,short_name,WHO_classif
gene:plasmid:139560,Acetobacter ghanensis,Drugs,Aminoglycosides,Aminoglycoside-resistant_16S_ribosomal_subunit_protein,A16S,CIA
gene:plasmid:139560;gene:plasmid:131185,Acetobacter ghanensis,Drugs,Aminoglycosides,Aminoglycoside-resistant_16S_ribosomal_subunit_protein,A16S,CIA
gene:plasmid:139560;gene:plasmid:131376,Acetobacter ghanensis,Drugs,Aminoglycosides,Aminoglycoside-resistant_16S_ribosomal_subunit_protein,A16S,CIA
gene:plasmid:139560;gene:plasmid:131185,Acetobacter ghanensis,Drugs,Aminoglycosides,Aminoglycoside-resistant_16S_ribosomal_subunit_protein,A16S,CIA
gene:plasmid:139560;gene:plasmid:131185,Acetobacter ghanensis,Drugs,Aminoglycosides,Aminoglycoside-resistant_16S_ribosomal_subunit_protein,A16S,CIA
gene:plasmid:139560,Acetobacter ghanensis,Drugs,Aminoglycosides,Aminoglycoside-resistant_16S_ribosomal_subunit_protein,A16S,CIA
gene:plasmid:139560,Acetobacter ghanensis,Drugs,Aminoglycosides,Aminoglycoside-resistant_16S_ribosomal_subunit_protein,A16S,CIA
gene:plasmid:139560;gene:plasmid:131376,Acetobacter ghanensis,Drugs,Aminoglycosides,Aminoglycoside-resistant_16S_ribosomal_subunit_protein,A16S,CIA
gene:plasmid:139560;gene:plasmid:117293,Acetobacter ghanensis,Drugs,Aminoglycosides,Aminoglycoside-resistant_16S_ribosomal_subunit_protein,A16S,CIA
gene:plasmid:139560;gene:plasmid:131376,Acetobacter ghanensis,Drugs,Aminoglycosides,Aminoglycoside-resistant_16S_ribosomal_subunit_protein,A16S,CIA
gene:plasmid:139560;gene:plasmid:117293,Acetobacter ghanensis,Drugs,Aminoglycosides,Aminoglycoside-resistant_16S_ribosomal_subunit_protein,A16S,CIA
gene:plasmid:139560;gene:plasmid:117293,Acetobacter ghanensis,Drugs,Aminoglycosides,Aminoglycoside-resistant_16S_ribosomal_subunit_protein,A16S,CIA
gene:plasmid:139560;gene:plasmid:131376,Acetobacter ghanensis,Drugs,Aminoglycosides,Aminoglycoside-resistant_16S_ribosomal_subunit_protein,A16S,CIA
gene:plasmid:139560;gene:plasmid:131185,Acetobacter ghanensis,Drugs,Aminoglycosides,Aminoglycoside-resistant_16S_ribosomal_subunit_protein,A16S,CIA
gene:plasmid:139560;gene:plasmid:131376,Acetobacter ghanensis,Drugs,Aminoglycosides,Aminoglycoside-resistant_16S_ribosomal_subunit_protein,A16S,CIA
gene:plasmid:139560,Acetobacter ghanensis,Drugs,Aminoglycosides,Aminoglycoside-resistant_16S_ribosomal_subunit_protein,A16S,CIA
gene:plasmid:139560;gene:plasmid:131185,Acetobacter ghanensis,Drugs,Aminoglycosides,Aminoglycoside-resistant_16S_ribosomal_subunit_protein,A16S,CIA
gene:plasmid:139560;gene:plasmid:131376,Acetobacter ghanensis,Drugs,Aminoglycosides,Aminoglycoside-resistant_16S_ribosomal_subunit_protein,A16S,CIA
gene:plasmid:139560;gene:plasmid:131185,Acetobacter ghanensis,Drugs,Aminoglycosides,Aminoglycoside-resistant_16S_ribosomal_subunit_protein,A16S,CIA
gene:plasmid:139560,Acetobacter ghanensis,Drugs,Aminoglycosides,Aminoglycoside-resistant_16S_ribosomal_subunit_protein,A16S,CIA
gene:plasmid:139560,Acetobacter ghanensis,Drugs,Aminoglycosides,Aminoglycoside-resistant_16S_ribosomal_subunit_protein,A16S,CIA
gene:plasmid:139560;gene:plasmid:131376,Acetobacter ghanensis,Drugs,Aminoglycosides,Aminoglycoside-resistant_16S_ribosomal_subunit_protein,A16S,CIA
gene:plasmid:139560;gene:plasmid:117293,Acetobacter ghanensis,Drugs,Aminoglycosides,Aminoglycoside-resistant_16S_ribosomal_subunit_protein,A16S,CIA
gene:plasmid:139560;gene:plasmid:117293,Acetobacter ghanensis,Drugs,Aminoglycosides,Aminoglycoside-resistant_16S_ribosomal_subunit_protein,A16S,CIA
gene:plasmid:139560;gene:plasmid:117293,Acetobacter ghanensis,Drugs,Aminoglycosides,Aminoglycoside-resistant_16S_ribosomal_subunit_protein,A16S,CIA
gene:plasmid:139560;gene:plasmid:131185;gene:plasmid:85663,Acetobacter ghanensis,Drugs,Aminoglycosides,Aminoglycoside-resistant_16S_ribosomal_subunit_protein,A16S,CIA
gene:plasmid:139560;gene:plasmid:117293,Acetobacter ghanensis,Drugs,Aminoglycosides,Aminoglycoside-resistant_16S_ribosomal_subunit_protein,A16S,CIA
gene:plasmid:139560;gene:plasmid:131376,Acetobacter ghanensis,Drugs,Aminoglycosides,Aminoglycoside-resistant_16S_ribosomal_subunit_protein,A16S,CIA
gene:plasmid:139560,Acetobacter ghanensis,Drugs,Aminoglycosides,Aminoglycoside-resistant_16S_ribosomal_subunit_protein,A16S,CIA
gene:plasmid:139560;gene:plasmid:131185,Acetobacter ghanensis,Drugs,Aminoglycosides,Aminoglycoside-resistant_16S_ribosomal_subunit_protein,A16S,CIA
gene:plasmid:139560;gene:plasmid:117293,Acetobacter ghanensis,Drugs,Aminoglycosides,Aminoglycoside-resistant_16S_ribosomal_subunit_protein,A16S,CIA
gene:plasmid:139560;gene:plasmid:131185,Acetobacter ghanensis,Drugs,Aminoglycosides,Aminoglycoside-resistant_16S_ribosomal_subunit_protein,A16S,CIA
gene:plasmid:139560;gene:plasmid:117293,Acetobacter ghanensis,Drugs,Aminoglycosides,Aminoglycoside-resistant_16S_ribosomal_subunit_protein,A16S,CIA
gene:plasmid:139560;gene:plasmid:131376,Acetobacter ghanensis,Drugs,Aminoglycosides,Aminoglycoside-resistant_16S_ribosomal_subunit_protein,A16S,CIA
gene:plasmid:139560;gene:plasmid:117293,Acetobacter ghanensis,Drugs,Aminoglycosides,Aminoglycoside-resistant_16S_ribosomal_subunit_protein,A16S,CIA
gene:plasmid:139560;gene:plasmid:117293,Acetobacter ghanensis,Drugs,Aminoglycosides,Aminoglycoside-resistant_16S_ribosomal_subunit_protein,A16S,CIA
gene:plasmid:139560;gene:plasmid:131376,Acetobacter ghanensis,Drugs,Aminoglycosides,Aminoglycoside-resistant_16S_ribosomal_subunit_protein,A16S,CIA
gene:plasmid:139560,Acetobacter ghanensis,Drugs,Aminoglycosides,Aminoglycoside-resistant_16S_ribosomal_subunit_protein,A16S,CIA
gene:plasmid:139560;gene:plasmid:131376,Acetobacter ghanensis,Drugs,Aminoglycosides,Aminoglycoside-resistant_16S_ribosomal_subunit_protein,A16S,CIA
gene:plasmid:139560;gene:plasmid:131376,Acetobacter ghanensis,Drugs,Aminoglycosides,Aminoglycoside-resistant_16S_ribosomal_subunit_protein,A16S,CIA
gene:plasmid:139560;gene:plasmid:131185,Acetobacter ghanensis,Drugs,Aminoglycosides,Aminoglycoside-resistant_16S_ribosomal_subunit_protein,A16S,CIA
gene:plasmid:139560;gene:plasmid:131376,Acetobacter ghanensis,Drugs,Aminoglycosides,Aminoglycoside-resistant_16S_ribosomal_subunit_protein,A16S,CIA
gene:plasmid:139560;gene:plasmid:131185,Acetobacter ghanensis,Drugs,Aminoglycosides,Aminoglycoside-resistant_16S_ribosomal_subunit_protein,A16S,CIA
gene:plasmid:139560;gene:plasmid:131376,Acetobacter ghanensis,Drugs,Aminoglycosides,Aminoglycoside-resistant_16S_ribosomal_subunit_protein,A16S,CIA
gene:plasmid:139560;gene:plasmid:131376,Acetobacter ghanensis,Drugs,Aminoglycosides,Aminoglycoside-resistant_16S_ribosomal_subunit_protein,A16S,CIA
gene:plasmid:139560;gene:plasmid:131185,Acetobacter ghanensis,Drugs,Aminoglycosides,Aminoglycoside-resistant_16S_ribosomal_subunit_protein,A16S,CIA
gene:plasmid:139560;gene:plasmid:131185,Acetobacter okinawensis,Drugs,Aminoglycosides,Aminoglycoside-resistant_16S_ribosomal_subunit_protein,A16S,CIA
gene:plasmid:139560;gene:plasmid:131376,Acetobacter okinawensis,Drugs,Aminoglycosides,Aminoglycoside-resistant_16S_ribosomal_subunit_protein,A16S,CIA
gene:plasmid:139560;gene:plasmid:131376,Acetobacter okinawensis,Drugs,Aminoglycosides,Aminoglycoside-resistant_16S_ribosomal_subunit_protein,A16S,CIA
gene:plasmid:139560,Acetobacter okinawensis,Drugs,Aminoglycosides,Aminoglycoside-resistant_16S_ribosomal_subunit_protein,A16S,CIA
gene:plasmid:139560,Acetobacter orientalis,Drugs,Aminoglycosides,Aminoglycoside-resistant_16S_ribosomal_subunit_protein,A16S,CIA
gene:plasmid:138875;gene:plasmid:139560;gene:plasmid:131185,Acetobacter orientalis,Drugs,Aminoglycosides,Aminoglycoside-resistant_16S_ribosomal_subunit_protein,A16S,CIA
gene:plasmid:139560;gene:plasmid:131376,Acetobacter orientalis,Drugs,Aminoglycosides,Aminoglycoside-resistant_16S_ribosomal_subunit_protein,A16S,CIA
gene:plasmid:139560,Acetobacter orientalis,Drugs,Aminoglycosides,Aminoglycoside-resistant_16S_ribosomal_subunit_protein,A16S,CIA
gene:plasmid:139560;gene:plasmid:131185,Acetobacter orientalis,Drugs,Aminoglycosides,Aminoglycoside-resistant_16S_ribosomal_subunit_protein,A16S,CIA
gene:plasmid:139560;gene:plasmid:131376,Acetobacter orientalis,Drugs,Aminoglycosides,Aminoglycoside-resistant_16S_ribosomal_subunit_protein,A16S,CIA
gene:plasmid:139560;gene:plasmid:131376,Acetobacter orientalis,Drugs,Aminoglycosides,Aminoglycoside-resistant_16S_ribosomal_subunit_protein,A16S,CIA
gene:plasmid:139560,Acetobacter orientalis,Drugs,Aminoglycosides,Aminoglycoside-resistant_16S_ribosomal_subunit_protein,A16S,CIA
gene:plasmid:139560;gene:plasmid:131376,Acetobacter orientalis,Drugs,Aminoglycosides,Aminoglycoside-resistant_16S_ribosomal_subunit_protein,A16S,CIA
gene:plasmid:139560;gene:plasmid:131185,Acetobacter orientalis,Drugs,Aminoglycosides,Aminoglycoside-resistant_16S_ribosomal_subunit_protein,A16S,CIA
gene:plasmid:139560,Acetobacter orientalis,Drugs,Aminoglycosides,Aminoglycoside-resistant_16S_ribosomal_subunit_protein,A16S,CIA
gene:plasmid:139560;gene:plasmid:117293,Acetobacter orientalis,Drugs,Aminoglycosides,Aminoglycoside-resistant_16S_ribosomal_subunit_protein,A16S,CIA
gene:plasmid:139560,Acetobacter orientalis,Drugs,Aminoglycosides,Aminoglycoside-resistant_16S_ribosomal_subunit_protein,A16S,CIA
gene:plasmid:139560;gene:plasmid:131185,Acetobacter orientalis,Drugs,Aminoglycosides,Aminoglycoside-resistant_16S_ribosomal_subunit_protein,A16S,CIA
gene:plasmid:139560;gene:plasmid:131185,Acetobacter orientalis,Drugs,Aminoglycosides,Aminoglycoside-resistant_16S_ribosomal_subunit_protein,A16S,CIA
gene:plasmid:139560;gene:plasmid:131185,Acetobacter orientalis,Drugs,Aminoglycosides,Aminoglycoside-resistant_16S_ribosomal_subunit_protein,A16S,CIA
gene:plasmid:139560;gene:plasmid:117293,Acetobacter orientalis,Drugs,Aminoglycosides,Aminoglycoside-resistant_16S_ribosomal_subunit_protein,A16S,CIA
gene:plasmid:139560;gene:plasmid:131185,Acetobacter orientalis,Drugs,Aminoglycosides,Aminoglycoside-resistant_16S_ribosomal_subunit_protein,A16S,CIA
gene:plasmid:139560;gene:plasmid:131376,Acetobacter orientalis,Drugs,Aminoglycosides,Aminoglycoside-resistant_16S_ribosomal_subunit_protein,A16S,CIA
gene:plasmid:134731;gene:plasmid:139560;gene:plasmid:131376,Acetobacter orientalis,Drugs,Aminoglycosides,Aminoglycoside-resistant_16S_ribosomal_subunit_protein,A16S,CIA
gene:plasmid:139560;gene:plasmid:117293,Acetobacter orientalis,Drugs,Aminoglycosides,Aminoglycoside-resistant_16S_ribosomal_subunit_protein,A16S,CIA
gene:plasmid:139560;gene:plasmid:131185,Acetobacter orientalis,Drugs,Aminoglycosides,Aminoglycoside-resistant_16S_ribosomal_subunit_protein,A16S,CIA
gene:plasmid:139560;gene:plasmid:131376,Acetobacter orientalis,Drugs,Aminoglycosides,Aminoglycoside-resistant_16S_ribosomal_subunit_protein,A16S,CIA
gene:plasmid:139560;gene:plasmid:117293,Acetobacter orientalis,Drugs,Aminoglycosides,Aminoglycoside-resistant_16S_ribosomal_subunit_protein,A16S,CIA
gene:plasmid:139560;gene:plasmid:117293,Acetobacter oryzifermentans,Drugs,Aminoglycosides,Aminoglycoside-resistant_16S_ribosomal_subunit_protein,A16S,CIA
gene:plasmid:139560;gene:plasmid:117293,Acetobacter oryzifermentans,Drugs,Aminoglycosides,Aminoglycoside-resistant_16S_ribosomal_subunit_protein,A16S,CIA
gene:plasmid:139560;gene:plasmid:131185,Acetobacter pasteurianus,Drugs,Aminoglycosides,Aminoglycoside-resistant_16S_ribosomal_subunit_protein,A16S,CIA
gene:plasmid:139562;gene:plasmid:139559,Acinetobacter sp. TTH0-4,Drugs,Aminoglycosides,Aminoglycoside-resistant_16S_ribosomal_subunit_protein,A16S,CIA
gene:plasmid:141403,Bacillus mycoides,Drugs,Aminoglycosides,Aminoglycoside-resistant_16S_ribosomal_subunit_protein,A16S,CIA
gene:plasmid:139560;gene:plasmid:117293,Croceicoccus sp. Ery5,Drugs,Aminoglycosides,Aminoglycoside-resistant_16S_ribosomal_subunit_protein,A16S,CIA
gene:plasmid:117070,Enterobacter hormaechei,Drugs,Aminoglycosides,Aminoglycoside-resistant_16S_ribosomal_subunit_protein,A16S,CIA
gene:plasmid:139560,Janthinobacterium tructae,Drugs,Aminoglycosides,Aminoglycoside-resistant_16S_ribosomal_subunit_protein,A16S,CIA
gene:plasmid:139560;gene:plasmid:131376,Komagataeibacter piraceti,Drugs,Aminoglycosides,Aminoglycoside-resistant_16S_ribosomal_subunit_protein,A16S,CIA
gene:proph:163032;gene:proph:183160,Lactococcus lactis,Drugs,Aminoglycosides,Aminoglycoside-resistant_16S_ribosomal_subunit_protein,A16S,CIA
gene:proph:183160,Lactococcus lactis,Drugs,Aminoglycosides,Aminoglycoside-resistant_16S_ribosomal_subunit_protein,A16S,CIA
gene:plasmid:117290,Leuconostoc citreum,Drugs,Aminoglycosides,Aminoglycoside-resistant_16S_ribosomal_subunit_protein,A16S,CIA
gene:plasmid:131182,Leuconostoc citreum,Drugs,Aminoglycosides,Aminoglycoside-resistant_16S_ribosomal_subunit_protein,A16S,CIA
gene:plasmid:131373,Leuconostoc falkenbergense,Drugs,Aminoglycosides,Aminoglycoside-resistant_16S_ribosomal_subunit_protein,A16S,CIA
gene:plasmid:131182,Leuconostoc falkenbergense,Drugs,Aminoglycosides,Aminoglycoside-resistant_16S_ribosomal_subunit_protein,A16S,CIA
gene:plasmid:131373,Leuconostoc falkenbergense,Drugs,Aminoglycosides,Aminoglycoside-resistant_16S_ribosomal_subunit_protein,A16S,CIA
gene:plasmid:117290,Leuconostoc falkenbergense,Drugs,Aminoglycosides,Aminoglycoside-resistant_16S_ribosomal_subunit_protein,A16S,CIA
gene:plasmid:131182,Leuconostoc falkenbergense,Drugs,Aminoglycosides,Aminoglycoside-resistant_16S_ribosomal_subunit_protein,A16S,CIA
gene:plasmid:117290,Leuconostoc falkenbergense,Drugs,Aminoglycosides,Aminoglycoside-resistant_16S_ribosomal_subunit_protein,A16S,CIA
gene:plasmid:131373,Leuconostoc falkenbergense,Drugs,Aminoglycosides,Aminoglycoside-resistant_16S_ribosomal_subunit_protein,A16S,CIA
gene:plasmid:131373,Leuconostoc mesenteroides,Drugs,Aminoglycosides,Aminoglycoside-resistant_16S_ribosomal_subunit_protein,A16S,CIA
gene:plasmid:139560,Leuconostoc mesenteroides,Drugs,Aminoglycosides,Aminoglycoside-resistant_16S_ribosomal_subunit_protein,A16S,CIA
gene:plasmid:117290,Leuconostoc mesenteroides,Drugs,Aminoglycosides,Aminoglycoside-resistant_16S_ribosomal_subunit_protein,A16S,CIA
gene:plasmid:139560,Leuconostoc mesenteroides,Drugs,Aminoglycosides,Aminoglycoside-resistant_16S_ribosomal_subunit_protein,A16S,CIA
gene:plasmid:139560,Leuconostoc mesenteroides,Drugs,Aminoglycosides,Aminoglycoside-resistant_16S_ribosomal_subunit_protein,A16S,CIA
gene:plasmid:131373,Leuconostoc mesenteroides,Drugs,Aminoglycosides,Aminoglycoside-resistant_16S_ribosomal_subunit_protein,A16S,CIA
gene:plasmid:131373,Leuconostoc mesenteroides,Drugs,Aminoglycosides,Aminoglycoside-resistant_16S_ribosomal_subunit_protein,A16S,CIA
gene:plasmid:139560,Leuconostoc mesenteroides,Drugs,Aminoglycosides,Aminoglycoside-resistant_16S_ribosomal_subunit_protein,A16S,CIA
gene:plasmid:131373,Leuconostoc mesenteroides,Drugs,Aminoglycosides,Aminoglycoside-resistant_16S_ribosomal_subunit_protein,A16S,CIA
gene:plasmid:117290,Leuconostoc mesenteroides,Drugs,Aminoglycosides,Aminoglycoside-resistant_16S_ribosomal_subunit_protein,A16S,CIA
gene:plasmid:131373,Leuconostoc mesenteroides,Drugs,Aminoglycosides,Aminoglycoside-resistant_16S_ribosomal_subunit_protein,A16S,CIA
gene:plasmid:139560,Leuconostoc mesenteroides,Drugs,Aminoglycosides,Aminoglycoside-resistant_16S_ribosomal_subunit_protein,A16S,CIA
gene:plasmid:131373,Leuconostoc mesenteroides,Drugs,Aminoglycosides,Aminoglycoside-resistant_16S_ribosomal_subunit_protein,A16S,CIA
gene:plasmid:131373,Leuconostoc mesenteroides,Drugs,Aminoglycosides,Aminoglycoside-resistant_16S_ribosomal_subunit_protein,A16S,CIA
gene:plasmid:117290,Leuconostoc mesenteroides,Drugs,Aminoglycosides,Aminoglycoside-resistant_16S_ribosomal_subunit_protein,A16S,CIA
gene:plasmid:117290,Leuconostoc mesenteroides,Drugs,Aminoglycosides,Aminoglycoside-resistant_16S_ribosomal_subunit_protein,A16S,CIA
gene:plasmid:131182,Leuconostoc mesenteroides,Drugs,Aminoglycosides,Aminoglycoside-resistant_16S_ribosomal_subunit_protein,A16S,CIA
gene:plasmid:117290,Leuconostoc mesenteroides,Drugs,Aminoglycosides,Aminoglycoside-resistant_16S_ribosomal_subunit_protein,A16S,CIA
gene:plasmid:117290,Leuconostoc mesenteroides,Drugs,Aminoglycosides,Aminoglycoside-resistant_16S_ribosomal_subunit_protein,A16S,CIA
gene:plasmid:131182,Leuconostoc mesenteroides,Drugs,Aminoglycosides,Aminoglycoside-resistant_16S_ribosomal_subunit_protein,A16S,CIA
gene:plasmid:117290,Leuconostoc mesenteroides,Drugs,Aminoglycosides,Aminoglycoside-resistant_16S_ribosomal_subunit_protein,A16S,CIA
gene:plasmid:117290,Leuconostoc mesenteroides,Drugs,Aminoglycosides,Aminoglycoside-resistant_16S_ribosomal_subunit_protein,A16S,CIA
gene:plasmid:117290,Leuconostoc mesenteroides,Drugs,Aminoglycosides,Aminoglycoside-resistant_16S_ribosomal_subunit_protein,A16S,CIA
gene:plasmid:117290,Leuconostoc mesenteroides,Drugs,Aminoglycosides,Aminoglycoside-resistant_16S_ribosomal_subunit_protein,A16S,CIA
gene:plasmid:131373,Leuconostoc mesenteroides,Drugs,Aminoglycosides,Aminoglycoside-resistant_16S_ribosomal_subunit_protein,A16S,CIA
gene:plasmid:131182,Leuconostoc mesenteroides,Drugs,Aminoglycosides,Aminoglycoside-resistant_16S_ribosomal_subunit_protein,A16S,CIA
gene:plasmid:131373,Leuconostoc mesenteroides,Drugs,Aminoglycosides,Aminoglycoside-resistant_16S_ribosomal_subunit_protein,A16S,CIA
gene:plasmid:139560,Leuconostoc mesenteroides,Drugs,Aminoglycosides,Aminoglycoside-resistant_16S_ribosomal_subunit_protein,A16S,CIA
gene:plasmid:139560,Leuconostoc mesenteroides,Drugs,Aminoglycosides,Aminoglycoside-resistant_16S_ribosomal_subunit_protein,A16S,CIA
gene:plasmid:139560,Leuconostoc mesenteroides,Drugs,Aminoglycosides,Aminoglycoside-resistant_16S_ribosomal_subunit_protein,A16S,CIA
gene:plasmid:139560,Leuconostoc mesenteroides,Drugs,Aminoglycosides,Aminoglycoside-resistant_16S_ribosomal_subunit_protein,A16S,CIA
gene:plasmid:131373,Leuconostoc mesenteroides,Drugs,Aminoglycosides,Aminoglycoside-resistant_16S_ribosomal_subunit_protein,A16S,CIA
gene:plasmid:131373,Leuconostoc mesenteroides,Drugs,Aminoglycosides,Aminoglycoside-resistant_16S_ribosomal_subunit_protein,A16S,CIA
gene:plasmid:131182,Leuconostoc mesenteroides,Drugs,Aminoglycosides,Aminoglycoside-resistant_16S_ribosomal_subunit_protein,A16S,CIA
gene:plasmid:139560,Leuconostoc mesenteroides,Drugs,Aminoglycosides,Aminoglycoside-resistant_16S_ribosomal_subunit_protein,A16S,CIA
gene:plasmid:117290,Leuconostoc mesenteroides,Drugs,Aminoglycosides,Aminoglycoside-resistant_16S_ribosomal_subunit_protein,A16S,CIA
gene:plasmid:131182,Leuconostoc mesenteroides,Drugs,Aminoglycosides,Aminoglycoside-resistant_16S_ribosomal_subunit_protein,A16S,CIA
gene:plasmid:117290,Leuconostoc mesenteroides,Drugs,Aminoglycosides,Aminoglycoside-resistant_16S_ribosomal_subunit_protein,A16S,CIA
gene:plasmid:139560,Leuconostoc mesenteroides,Drugs,Aminoglycosides,Aminoglycoside-resistant_16S_ribosomal_subunit_protein,A16S,CIA
gene:plasmid:131182,Leuconostoc mesenteroides,Drugs,Aminoglycosides,Aminoglycoside-resistant_16S_ribosomal_subunit_protein,A16S,CIA
gene:plasmid:139560,Leuconostoc mesenteroides,Drugs,Aminoglycosides,Aminoglycoside-resistant_16S_ribosomal_subunit_protein,A16S,CIA
gene:plasmid:139560,Leuconostoc mesenteroides,Drugs,Aminoglycosides,Aminoglycoside-resistant_16S_ribosomal_subunit_protein,A16S,CIA
gene:plasmid:139560,Leuconostoc mesenteroides,Drugs,Aminoglycosides,Aminoglycoside-resistant_16S_ribosomal_subunit_protein,A16S,CIA
gene:plasmid:131373,Leuconostoc mesenteroides,Drugs,Aminoglycosides,Aminoglycoside-resistant_16S_ribosomal_subunit_protein,A16S,CIA
gene:plasmid:117290,Leuconostoc mesenteroides,Drugs,Aminoglycosides,Aminoglycoside-resistant_16S_ribosomal_subunit_protein,A16S,CIA
gene:plasmid:139560,Leuconostoc mesenteroides,Drugs,Aminoglycosides,Aminoglycoside-resistant_16S_ribosomal_subunit_protein,A16S,CIA
gene:plasmid:131182,Leuconostoc mesenteroides,Drugs,Aminoglycosides,Aminoglycoside-resistant_16S_ribosomal_subunit_protein,A16S,CIA
gene:plasmid:139560,Leuconostoc mesenteroides,Drugs,Aminoglycosides,Aminoglycoside-resistant_16S_ribosomal_subunit_protein,A16S,CIA
gene:plasmid:131373,Leuconostoc mesenteroides,Drugs,Aminoglycosides,Aminoglycoside-resistant_16S_ribosomal_subunit_protein,A16S,CIA
gene:plasmid:139560,Leuconostoc mesenteroides,Drugs,Aminoglycosides,Aminoglycoside-resistant_16S_ribosomal_subunit_protein,A16S,CIA
gene:plasmid:131373,Leuconostoc mesenteroides,Drugs,Aminoglycosides,Aminoglycoside-resistant_16S_ribosomal_subunit_protein,A16S,CIA
gene:plasmid:117290,Leuconostoc mesenteroides,Drugs,Aminoglycosides,Aminoglycoside-resistant_16S_ribosomal_subunit_protein,A16S,CIA
gene:plasmid:117290,Leuconostoc mesenteroides,Drugs,Aminoglycosides,Aminoglycoside-resistant_16S_ribosomal_subunit_protein,A16S,CIA
gene:plasmid:117290,Leuconostoc mesenteroides,Drugs,Aminoglycosides,Aminoglycoside-resistant_16S_ribosomal_subunit_protein,A16S,CIA
gene:plasmid:139560,Leuconostoc mesenteroides,Drugs,Aminoglycosides,Aminoglycoside-resistant_16S_ribosomal_subunit_protein,A16S,CIA
gene:plasmid:131182,Leuconostoc mesenteroides,Drugs,Aminoglycosides,Aminoglycoside-resistant_16S_ribosomal_subunit_protein,A16S,CIA
gene:plasmid:139560,Leuconostoc mesenteroides,Drugs,Aminoglycosides,Aminoglycoside-resistant_16S_ribosomal_subunit_protein,A16S,CIA
gene:plasmid:131182,Leuconostoc mesenteroides,Drugs,Aminoglycosides,Aminoglycoside-resistant_16S_ribosomal_subunit_protein,A16S,CIA
gene:plasmid:131373,Leuconostoc mesenteroides,Drugs,Aminoglycosides,Aminoglycoside-resistant_16S_ribosomal_subunit_protein,A16S,CIA
gene:plasmid:131373,Leuconostoc mesenteroides,Drugs,Aminoglycosides,Aminoglycoside-resistant_16S_ribosomal_subunit_protein,A16S,CIA
gene:plasmid:131373,Leuconostoc mesenteroides,Drugs,Aminoglycosides,Aminoglycoside-resistant_16S_ribosomal_subunit_protein,A16S,CIA
gene:plasmid:117290,Leuconostoc mesenteroides,Drugs,Aminoglycosides,Aminoglycoside-resistant_16S_ribosomal_subunit_protein,A16S,CIA
gene:plasmid:131373,Leuconostoc mesenteroides,Drugs,Aminoglycosides,Aminoglycoside-resistant_16S_ribosomal_subunit_protein,A16S,CIA
gene:plasmid:139560,Leuconostoc mesenteroides,Drugs,Aminoglycosides,Aminoglycoside-resistant_16S_ribosomal_subunit_protein,A16S,CIA
gene:plasmid:139560,Leuconostoc mesenteroides,Drugs,Aminoglycosides,Aminoglycoside-resistant_16S_ribosomal_subunit_protein,A16S,CIA
gene:plasmid:131182,Leuconostoc mesenteroides,Drugs,Aminoglycosides,Aminoglycoside-resistant_16S_ribosomal_subunit_protein,A16S,CIA
gene:plasmid:139560,Leuconostoc pseudomesenteroides,Drugs,Aminoglycosides,Aminoglycoside-resistant_16S_ribosomal_subunit_protein,A16S,CIA
gene:plasmid:139560;gene:plasmid:131376,Other,Drugs,Aminoglycosides,Aminoglycoside-resistant_16S_ribosomal_subunit_protein,A16S,CIA
gene:plasmid:139560;gene:plasmid:131185,Other,Drugs,Aminoglycosides,Aminoglycoside-resistant_16S_ribosomal_subunit_protein,A16S,CIA
gene:plasmid:139560;gene:plasmid:131185,Other,Drugs,Aminoglycosides,Aminoglycoside-resistant_16S_ribosomal_subunit_protein,A16S,CIA
gene:plasmid:139560;gene:plasmid:131185,Other,Drugs,Aminoglycosides,Aminoglycoside-resistant_16S_ribosomal_subunit_protein,A16S,CIA
gene:plasmid:139560,Other,Drugs,Aminoglycosides,Aminoglycoside-resistant_16S_ribosomal_subunit_protein,A16S,CIA
gene:plasmid:139560,Other,Drugs,Aminoglycosides,Aminoglycoside-resistant_16S_ribosomal_subunit_protein,A16S,CIA
gene:plasmid:139560;gene:plasmid:117293,Other,Drugs,Aminoglycosides,Aminoglycoside-resistant_16S_ribosomal_subunit_protein,A16S,CIA
gene:plasmid:139560;gene:plasmid:131376,Other,Drugs,Aminoglycosides,Aminoglycoside-resistant_16S_ribosomal_subunit_protein,A16S,CIA
gene:proph:169074;gene:proph:169075,AF180954 Hafnia alvei,Drugs,betalactams,Class_C_betalactamases,ACC,HIA ?
gene:proph:169074;gene:proph:169075,AF180954 Hafnia alvei,Drugs,betalactams,Class_C_betalactamases,ACC,HIA ?
gene:proph:169074;gene:proph:169075,AF180954 Hafnia alvei,Drugs,betalactams,Class_C_betalactamases,ACC,HIA ?
gene:proph:169074;gene:proph:169075,Hafnia paralvei,Drugs,betalactams,Class_C_betalactamases,ACC,HIA ?
gene:plasmid:125744,Citrobacter freundii,Multi-compound,Drug_and_biocide_resistance,Drug_and_biocide_RND_efflux_pumps,ACRA,Authorized for use in humans only ?
gene:proph:170892,Citrobacter freundii,Multi-compound,Drug_and_biocide_resistance,Drug_and_biocide_RND_efflux_pumps,ACRA,Authorized for use in humans only ?
gene:proph:170892;gene:plasmid:88436,Citrobacter freundii,Multi-compound,Drug_and_biocide_resistance,Drug_and_biocide_RND_efflux_pumps,ACRA,Authorized for use in humans only ?
gene:plasmid:87452;gene:proph:170892;gene:plasmid:88436;gene:plasmid:87451,Citrobacter freundii,Multi-compound,Drug_and_biocide_resistance,Drug_and_biocide_RND_efflux_pumps,ACRA,Authorized for use in humans only ?
gene:plasmid:123175;gene:plasmid:88437;gene:plasmid:88436;gene:plasmid:88435,Escherichia coli,Multi-compound,Drug_and_biocide_resistance,Drug_and_biocide_RND_efflux_pumps,ACRA,Authorized for use in humans only ?
gene:proph:179436;gene:proph:179435;gene:proph:179433;gene:plasmid:123173;gene:plasmid:123175;gene:plasmid:88437;gene:plasmid:88436;gene:plasmid:88435,Escherichia coli,Multi-compound,Drug_and_biocide_resistance,Drug_and_biocide_RND_efflux_pumps,ACRA,Authorized for use in humans only ?
gene:proph:170892,Klebsiella grimontii,Multi-compound,Drug_and_biocide_resistance,Drug_and_biocide_RND_efflux_pumps,ACRA,Authorized for use in humans only ?
gene:proph:170892,Klebsiella grimontii,Multi-compound,Drug_and_biocide_resistance,Drug_and_biocide_RND_efflux_pumps,ACRA,Authorized for use in humans only ?
gene:proph:170892,Klebsiella grimontii,Multi-compound,Drug_and_biocide_resistance,Drug_and_biocide_RND_efflux_pumps,ACRA,Authorized for use in humans only ?
gene:proph:170892,Klebsiella grimontii,Multi-compound,Drug_and_biocide_resistance,Drug_and_biocide_RND_efflux_pumps,ACRA,Authorized for use in humans only ?
gene:plasmid:125744,Citrobacter freundii,Multi-compound,Drug_and_biocide_resistance,Drug_and_biocide_RND_efflux_pumps,ACRB,Authorized for use in humans only ?
gene:proph:170892,Citrobacter freundii,Multi-compound,Drug_and_biocide_resistance,Drug_and_biocide_RND_efflux_pumps,ACRB,Authorized for use in humans only ?
gene:proph:170892;gene:plasmid:88436,Citrobacter freundii,Multi-compound,Drug_and_biocide_resistance,Drug_and_biocide_RND_efflux_pumps,ACRB,Authorized for use in humans only ?
gene:plasmid:87452;gene:proph:170892;gene:plasmid:88436;gene:plasmid:87451,Citrobacter freundii,Multi-compound,Drug_and_biocide_resistance,Drug_and_biocide_RND_efflux_pumps,ACRB,Authorized for use in humans only ?
gene:plasmid:123175;gene:plasmid:88437;gene:plasmid:88436;gene:plasmid:88435,Escherichia coli,Multi-compound,Drug_and_biocide_resistance,Drug_and_biocide_RND_efflux_pumps,ACRB,Authorized for use in humans only ?
gene:proph:179436;gene:proph:179435;gene:proph:179433;gene:plasmid:123173;gene:plasmid:123175;gene:plasmid:88437;gene:plasmid:88436;gene:plasmid:88435,Escherichia coli,Multi-compound,Drug_and_biocide_resistance,Drug_and_biocide_RND_efflux_pumps,ACRB,Authorized for use in humans only ?
gene:proph:176833,Hafnia paralvei,Multi-compound,Drug_and_biocide_resistance,Drug_and_biocide_RND_efflux_pumps,ACRB,Authorized for use in humans only ?
gene:proph:168063;gene:plasmid:119512;gene:plasmid:119478;gene:vir:108429,Hafnia paralvei,Multi-compound,Drug_and_biocide_resistance,Drug_and_biocide_RND_efflux_pumps,ACRB,Authorized for use in humans only ?
gene:plasmid:157743;gene:proph:169464;gene:proph:169512;gene:proph:170892;gene:plasmid:125744;gene:plasmid:124575;gene:plasmid:123175;gene:plasmid:90202;gene:proph:172517,Klebsiella sp. HC6,Multi-compound,Drug_and_biocide_resistance,Drug_and_biocide_RND_efflux_pumps,ACRB,Authorized for use in humans only ?
gene:plasmid:157743;gene:proph:169464;gene:proph:169512;gene:proph:170892;gene:plasmid:125744;gene:plasmid:124575;gene:plasmid:123175;gene:plasmid:90202;gene:proph:172517,Klebsiella sp. HC6,Multi-compound,Drug_and_biocide_resistance,Drug_and_biocide_RND_efflux_pumps,ACRB,Authorized for use in humans only ?
gene:proph:163818;gene:plasmid:123318;gene:vir:441;gene:proph:181135,Kluyvera cryocrescens,Multi-compound,Drug_and_biocide_resistance,Drug_and_biocide_RND_efflux_pumps,ACRB,Authorized for use in humans only ?
gene:proph:163818;gene:plasmid:123318;gene:vir:441;gene:proph:181135,Kluyvera cryocrescens,Multi-compound,Drug_and_biocide_resistance,Drug_and_biocide_RND_efflux_pumps,ACRB,Authorized for use in humans only ?
gene:plasmid:155999,Lelliottia amnigena,Multi-compound,Drug_and_biocide_resistance,Drug_and_biocide_RND_efflux_pumps,ACRB,Authorized for use in humans only ?
gene:plasmid:155999,Lelliottia amnigena,Multi-compound,Drug_and_biocide_resistance,Drug_and_biocide_RND_efflux_pumps,ACRB,Authorized for use in humans only ?
gene:plasmid:93399,Lelliottia amnigena,Multi-compound,Drug_and_biocide_resistance,Drug_and_biocide_RND_efflux_pumps,ACRB,Authorized for use in humans only ?
gene:plasmid:93399,Lelliottia amnigena,Multi-compound,Drug_and_biocide_resistance,Drug_and_biocide_RND_efflux_pumps,ACRB,Authorized for use in humans only ?
gene:plasmid:93398;gene:plasmid:93399,Lelliottia amnigena,Multi-compound,Drug_and_biocide_resistance,Drug_and_biocide_RND_efflux_pumps,ACRB,Authorized for use in humans only ?
gene:plasmid:93398;gene:plasmid:93399,Lelliottia amnigena,Multi-compound,Drug_and_biocide_resistance,Drug_and_biocide_RND_efflux_pumps,ACRB,Authorized for use in humans only ?
gene:proph:163979;gene:proph:173461,Rahnella sp. Y9602,Multi-compound,Drug_and_biocide_resistance,Drug_and_biocide_RND_efflux_pumps,ACRB,Authorized for use in humans only ?
gene:plasmid:93398,Superficieibacter sp. BNK-5,Multi-compound,Drug_and_biocide_resistance,Drug_and_biocide_RND_efflux_pumps,ACRB,Authorized for use in humans only ?
gene:plasmid:93398,Superficieibacter sp. BNK-5,Multi-compound,Drug_and_biocide_resistance,Drug_and_biocide_RND_efflux_pumps,ACRB,Authorized for use in humans only ?
gene:vir:6834;gene:proph:183597;gene:plasmid:134726;gene:plasmid:134726,Citrobacter freundii,Multi-compound,Drug_and_biocide_and_metal_resistance,Drug_and_biocide_and_metal_RND_efflux_pumps,ACRD,CIA
gene:plasmid:134726;gene:plasmid:134726,Citrobacter freundii,Multi-compound,Drug_and_biocide_and_metal_resistance,Drug_and_biocide_and_metal_RND_efflux_pumps,ACRD,CIA
gene:vir:7156;gene:proph:183597;gene:plasmid:134726;gene:plasmid:134726;gene:proph:161537;gene:plasmid:86179,Citrobacter freundii,Multi-compound,Drug_and_biocide_and_metal_resistance,Drug_and_biocide_and_metal_RND_efflux_pumps,ACRD,CIA
gene:proph:161537;gene:vir:103532;gene:proph:183597;gene:plasmid:134726;gene:plasmid:134726;gene:proph:161537;gene:plasmid:86179;gene:proph:169502;gene:proph:179460;gene:proph:176082;gene:vir:389;gene:vir:393;gene:vir:1904;gene:proph:161536,Citrobacter freundii,Multi-compound,Drug_and_biocide_and_metal_resistance,Drug_and_biocide_and_metal_RND_efflux_pumps,ACRD,CIA
gene:vir:7156;gene:proph:184644;gene:proph:184643;gene:proph:182641;gene:proph:183583;gene:plasmid:134726;gene:plasmid:134726,Escherichia coli,Multi-compound,Drug_and_biocide_and_metal_resistance,Drug_and_biocide_and_metal_RND_efflux_pumps,ACRD,CIA
gene:vir:103532;gene:plasmid:93399;gene:proph:179244;gene:proph:183597;gene:plasmid:134726;gene:plasmid:134726;gene:plasmid:14231;gene:proph:179307;gene:vir:441;gene:vir:194;gene:proph:179327;gene:proph:179377,Escherichia coli,Multi-compound,Drug_and_biocide_and_metal_resistance,Drug_and_biocide_and_metal_RND_efflux_pumps,ACRD,CIA
gene:vir:7156;gene:proph:182647;gene:proph:163981;gene:proph:183597;gene:proph:182641;gene:proph:183583,Escherichia coli,Multi-compound,Drug_and_biocide_and_metal_resistance,Drug_and_biocide_and_metal_RND_efflux_pumps,ACRD,CIA
gene:plasmid:134726;gene:plasmid:134726,Klebsiella grimontii,Multi-compound,Drug_and_biocide_and_metal_resistance,Drug_and_biocide_and_metal_RND_efflux_pumps,ACRD,CIA
gene:plasmid:134726;gene:plasmid:134726,Klebsiella grimontii,Multi-compound,Drug_and_biocide_and_metal_resistance,Drug_and_biocide_and_metal_RND_efflux_pumps,ACRD,CIA
gene:proph:163979,Klebsiella grimontii,Multi-compound,Drug_and_biocide_and_metal_resistance,Drug_and_biocide_and_metal_RND_efflux_pumps,ACRD,CIA
gene:plasmid:134726;gene:plasmid:134726,Klebsiella grimontii,Multi-compound,Drug_and_biocide_and_metal_resistance,Drug_and_biocide_and_metal_RND_efflux_pumps,ACRD,CIA
gene:proph:183597;gene:proph:183598,Lelliottia amnigena,Multi-compound,Drug_and_biocide_and_metal_resistance,Drug_and_biocide_and_metal_RND_efflux_pumps,ACRD,CIA
gene:plasmid:134726;gene:plasmid:134726,Pantoea agglomerans,Multi-compound,Drug_and_biocide_and_metal_resistance,Drug_and_biocide_and_metal_RND_efflux_pumps,ACRD,CIA
gene:proph:163979;gene:proph:173461,Rahnella sp. Y9602,Multi-compound,Drug_and_biocide_and_metal_resistance,Drug_and_biocide_and_metal_RND_efflux_pumps,ACRD,CIA
gene:plasmid:134726;gene:plasmid:134726,Superficieibacter sp. BNK-5,Multi-compound,Drug_and_biocide_and_metal_resistance,Drug_and_biocide_and_metal_RND_efflux_pumps,ACRD,CIA
gene:proph:163818;gene:plasmid:123257;gene:plasmid:91947,Escherichia coli,Multi-compound,Drug_and_biocide_resistance,Drug_and_biocide_RND_efflux_pumps,ACRE,Authorized for use in humans only ?
gene:plasmid:123168;gene:plasmid:123169;gene:plasmid:123170;gene:plasmid:123171;gene:plasmid:123173;gene:plasmid:123174;gene:plasmid:123175,Citrobacter freundii,Multi-compound,Drug_and_biocide_resistance,Drug_and_biocide_RND_efflux_pumps,ACRF,Authorized for use in humans only ?
gene:proph:184661;gene:proph:184659;gene:proph:163818,Citrobacter freundii,Multi-compound,Drug_and_biocide_resistance,Drug_and_biocide_RND_efflux_pumps,ACRF,Authorized for use in humans only ?
gene:proph:184661;gene:proph:184659;gene:proph:163818,Citrobacter freundii,Multi-compound,Drug_and_biocide_resistance,Drug_and_biocide_RND_efflux_pumps,ACRF,Authorized for use in humans only ?
gene:proph:163818;gene:plasmid:123257;gene:plasmid:91947,Escherichia coli,Multi-compound,Drug_and_biocide_resistance,Drug_and_biocide_RND_efflux_pumps,ACRF,Authorized for use in humans only ?
gene:plasmid:93474,Escherichia coli,Multi-compound,Drug_and_biocide_resistance,Drug_and_biocide_RND_efflux_pumps,ACRF,Authorized for use in humans only ?
gene:plasmid:123175;gene:plasmid:88437;gene:plasmid:88436;gene:plasmid:88435,Escherichia coli,Multi-compound,Drug_and_biocide_resistance,Drug_and_biocide_RND_efflux_regulator,ACRR,Authorized for use in humans only ?
gene:proph:179436;gene:proph:179435;gene:proph:179433;gene:plasmid:123173;gene:plasmid:123175;gene:plasmid:88437;gene:plasmid:88436;gene:plasmid:88435,Escherichia coli,Multi-compound,Drug_and_biocide_resistance,Drug_and_biocide_RND_efflux_regulator,ACRR,Authorized for use in humans only ?
gene:plasmid:157743;gene:proph:169464;gene:proph:169512;gene:proph:170892;gene:plasmid:125744;gene:plasmid:124575;gene:plasmid:123175;gene:plasmid:90202;gene:proph:172517,Klebsiella sp. HC6,Multi-compound,Drug_and_biocide_resistance,Drug_and_biocide_RND_efflux_regulator,ACRR,Authorized for use in humans only ?
gene:proph:163818;gene:plasmid:123257;gene:plasmid:91947,Escherichia coli,Multi-compound,Drug_and_biocide_resistance,Drug_and_biocide_RND_efflux_regulator,ACRS,Authorized for use in humans only ?
gene:plasmid:123353,Escherichia coli,Drugs,betalactams,Class_C_betalactamases,AMPC,HIA 
gene:plasmid:123353,Escherichia coli,Drugs,betalactams,Class_C_betalactamase_regulator,AMPCR,HIA 
gene:proph:170892,Citrobacter freundii,Drugs,betalactams,Penicillin_binding_protein,AMPH,HIA
gene:proph:170892;gene:plasmid:88436,Citrobacter freundii,Drugs,betalactams,Penicillin_binding_protein,AMPH,HIA
gene:plasmid:87452;gene:proph:170892;gene:plasmid:88436;gene:plasmid:87451,Citrobacter freundii,Drugs,betalactams,Penicillin_binding_protein,AMPH,HIA
gene:plasmid:123175;gene:plasmid:88437;gene:plasmid:88436;gene:plasmid:88435,Escherichia coli,Drugs,betalactams,Penicillin_binding_protein,AMPH,HIA
gene:proph:179436;gene:proph:179435;gene:proph:179433;gene:plasmid:123173;gene:plasmid:123175;gene:plasmid:88437;gene:plasmid:88436;gene:plasmid:88435,Escherichia coli,Drugs,betalactams,Penicillin_binding_protein,AMPH,HIA
gene:proph:170892,Klebsiella grimontii,Drugs,betalactams,Penicillin_binding_protein,AMPH,HIA
gene:proph:170892,Klebsiella grimontii,Drugs,betalactams,Penicillin_binding_protein,AMPH,HIA
gene:proph:170892,Klebsiella grimontii,Drugs,betalactams,Penicillin_binding_protein,AMPH,HIA
gene:proph:170892,Klebsiella grimontii,Drugs,betalactams,Penicillin_binding_protein,AMPH,HIA
gene:plasmid:157743;gene:proph:169464;gene:proph:169512;gene:proph:170892;gene:plasmid:125744;gene:plasmid:124575;gene:plasmid:123175;gene:plasmid:90202;gene:proph:172517,Klebsiella sp. HC6,Drugs,betalactams,Penicillin_binding_protein,AMPH,HIA
gene:plasmid:124575;gene:plasmid:140887,Serratia liquefaciens,Drugs,betalactams,Penicillin_binding_protein,AMPH,HIA
gene:plasmid:124575;gene:proph:179208;gene:proph:165701,Serratia liquefaciens,Drugs,betalactams,Penicillin_binding_protein,AMPH,HIA
gene:plasmid:10524,Acinetobacter lwoffii,Drugs,Aminoglycosides,Aminoglycoside_O-nucleotidyltransferases,ANT3-DPRIME,CIA
gene:plasmid:10524;gene:plasmid:10528,Acinetobacter lwoffii,Drugs,Aminoglycosides,Aminoglycoside_O-nucleotidyltransferases,ANT3-DPRIME,CIA
gene:plasmid:10528,Acinetobacter lwoffii,Drugs,Aminoglycosides,Aminoglycoside_O-nucleotidyltransferases,ANT3-DPRIME,CIA
gene:plasmid:10524;gene:plasmid:10528,Acinetobacter lwoffii,Drugs,Aminoglycosides,Aminoglycoside_O-nucleotidyltransferases,ANT3-DPRIME,CIA
gene:plasmid:10528;gene:plasmid:10524,Proteus mirabilis,Drugs,Aminoglycosides,Aminoglycoside_O-nucleotidyltransferases,ANT3-DPRIME,CIA
gene:plasmid:10528;gene:plasmid:10524,Proteus mirabilis,Drugs,Aminoglycosides,Aminoglycoside_O-nucleotidyltransferases,ANT3-DPRIME,CIA
gene:plasmid:16015,Other,Drugs,Aminoglycosides,Aminoglycoside_O-nucleotidyltransferases,ANT3-DPRIME,CIA
gene:plasmid:15664;gene:plasmid:135617;gene:plasmid:135990;gene:plasmid:135989;gene:plasmid:135988;gene:plasmid:135991;gene:plasmid:135987;gene:plasmid:135986;gene:plasmid:135985;gene:plasmid:135984;gene:plasmid:135983;gene:plasmid:135660,Enterococcus faecalis,Drugs,Aminoglycosides,Aminoglycoside_O-nucleotidyltransferases,ANT6,CIA
gene:plasmid:15664;gene:plasmid:135617,Streptococcus suis,Drugs,Aminoglycosides,Aminoglycoside_O-nucleotidyltransferases,ANT6,CIA
gene:plasmid:15664;gene:plasmid:135617,Streptococcus suis,Drugs,Aminoglycosides,Aminoglycoside_O-nucleotidyltransferases,ANT6,CIA
gene:plasmid:15664;gene:plasmid:135617;gene:plasmid:135990;gene:plasmid:135989;gene:plasmid:135988;gene:plasmid:135991;gene:plasmid:135987;gene:plasmid:135986;gene:plasmid:135985;gene:plasmid:135984;gene:plasmid:135983;gene:plasmid:135660,Enterococcus faecalis,Drugs,Aminoglycosides,Aminoglycoside_O-phosphotransferases,APH2-DPRIME,CIA
gene:plasmid:15664;gene:plasmid:135617,Streptococcus suis,Drugs,Aminoglycosides,Aminoglycoside_O-phosphotransferases,APH2-DPRIME,CIA
gene:plasmid:15664;gene:plasmid:135617,Streptococcus suis,Drugs,Aminoglycosides,Aminoglycoside_O-phosphotransferases,APH2-DPRIME,CIA
gene:plasmid:20178,Klebsiella michiganensis,Drugs,Aminoglycosides,Aminoglycoside_O-phosphotransferases,APH3-DPRIME,CIA
gene:proph:179440;gene:proph:181296;gene:proph:172518;gene:proph:172519;gene:proph:172520;gene:proph:172521;gene:proph:172522;gene:proph:172523;gene:proph:172524;gene:proph:172517,Escherichia coli,Biocides,Multi-biocide_resistance,Multi-biocide_resistance_regulator,ARIR,0
gene:proph:182947;gene:proph:182971;gene:proph:182951;gene:proph:182952;gene:proph:179383;gene:proph:179426;gene:proph:183644;gene:proph:172518;gene:proph:172519;gene:proph:172520;gene:proph:172521;gene:proph:172522;gene:proph:172523;gene:proph:172524;gene:proph:172517;gene:proph:163818;gene:proph:179418;gene:proph:179425;gene:proph:179382;gene:proph:179387;gene:proph:182978;gene:proph:182984;gene:proph:182982,Escherichia coli,Biocides,Multi-biocide_resistance,Multi-biocide_resistance_regulator,ARIR,0
gene:plasmid:154779,Pseudomonas helleri,Drugs,Cationic_antimicrobial_peptides,Polymyxin_B_resistance_regulator,ARNA,HPCIA
gene:plasmid:154779,Pseudomonas helleri,Drugs,Cationic_antimicrobial_peptides,Polymyxin_B_resistance_regulator,ARNA,HPCIA
gene:plasmid:154779,Pseudomonas helleri,Drugs,Cationic_antimicrobial_peptides,Polymyxin_B_resistance_regulator,ARNA,HPCIA
gene:plasmid:154779,Pseudomonas helleri,Drugs,Cationic_antimicrobial_peptides,Polymyxin_B_resistance_regulator,ARNA,HPCIA
gene:plasmid:22247,Pseudomonas fragi,Drugs,Cationic_antimicrobial_peptides,Polymyxin_B_resistance_regulator,ARNA,HPCIA
gene:plasmid:115898;gene:plasmid:115897,Pseudomonas helleri,Drugs,Cationic_antimicrobial_peptides,Polymyxin_B_resistance_regulator,ARNA,HPCIA
gene:plasmid:129653;gene:plasmid:115921;gene:plasmid:129646;gene:plasmid:88450;gene:plasmid:129656;gene:plasmid:129718;gene:plasmid:115901;gene:plasmid:115900;gene:plasmid:115898;gene:plasmid:115897,Pseudomonas helleri,Drugs,Cationic_antimicrobial_peptides,Polymyxin_B_resistance_regulator,ARNA,HPCIA
gene:plasmid:134485,Pseudomonas lundensis,Drugs,Cationic_antimicrobial_peptides,Polymyxin_B_resistance_regulator,ARNA,HPCIA
gene:plasmid:134485,Pseudomonas lundensis,Drugs,Cationic_antimicrobial_peptides,Polymyxin_B_resistance_regulator,ARNA,HPCIA
gene:plasmid:116448;gene:plasmid:116447;gene:proph:173726,Pseudomonas rustica,Drugs,Cationic_antimicrobial_peptides,Polymyxin_B_resistance_regulator,ARNA,HPCIA
gene:plasmid:21260,Pseudomonas sp. FP453,Drugs,Cationic_antimicrobial_peptides,Polymyxin_B_resistance_regulator,ARNA,HPCIA
gene:plasmid:121597;gene:plasmid:146728,Pseudomonas sp. ML2-2023-3,Drugs,Cationic_antimicrobial_peptides,Polymyxin_B_resistance_regulator,ARNA,HPCIA
gene:plasmid:146728;gene:plasmid:22247,Pseudomonas sp. WC2401,Drugs,Cationic_antimicrobial_peptides,Polymyxin_B_resistance_regulator,ARNA,HPCIA
gene:plasmid:151260,Klebsiella grimontii,Drugs,Lipopeptides,Colistin_phosphoethanolamine_transferase,ARNT,HPCIA
gene:plasmid:151260,Klebsiella grimontii,Drugs,Lipopeptides,Colistin_phosphoethanolamine_transferase,ARNT,HPCIA
gene:plasmid:134726;gene:plasmid:134726;gene:plasmid:93469;gene:plasmid:93507;gene:plasmid:93509,Enterobacter hormaechei,Drugs,Multi-drug_resistance,Multi-drug_RND_efflux_regulator,ASMA,NA
gene:proph:181243;gene:proph:163837;gene:plasmid:151225;gene:plasmid:148202;gene:plasmid:151223;gene:vir:1321;gene:proph:183581,Escherichia coli,Drugs,Multi-drug_resistance,Multi-drug_RND_efflux_regulator,ASMA,NA
gene:proph:176040;gene:vir:1321;gene:proph:183581,Escherichia coli,Drugs,Multi-drug_resistance,Multi-drug_RND_efflux_regulator,ASMA,NA
gene:proph:163927;gene:proph:172451;gene:proph:163921;gene:proph:181125;gene:proph:179435;gene:proph:179434;gene:proph:179433;gene:proph:163942,Escherichia coli,Biocides,Acid_resistance,Acid_resistance_protein,ASR,0
gene:proph:163940;gene:proph:182930;gene:proph:179461;gene:proph:159076;gene:proph:159058;gene:proph:179471;gene:plasmid:117772;gene:proph:163947;gene:proph:163927;gene:proph:163921;gene:proph:163942;gene:proph:169106;gene:proph:169101;gene:proph:169100;gene:plasmid:117704;gene:plasmid:117783;gene:proph:177498;gene:proph:163929;gene:proph:159074;gene:proph:163938;gene:proph:159072;gene:proph:159064;gene:proph:163939;gene:proph:159065;gene:proph:159066;gene:proph:159070;gene:proph:159071;gene:proph:179464;gene:proph:159069;gene:proph:159067;gene:proph:159060;gene:proph:163832;gene:proph:163946;gene:proph:163928,Escherichia coli,Biocides,Acid_resistance,Acid_resistance_protein,ASR,0
gene:plasmid:91918;gene:plasmid:91985;gene:proph:161537;gene:proph:169464;gene:proph:169511;gene:proph:169512,Klebsiella pneumoniae,Biocides,Acid_resistance,Acid_resistance_protein,ASR,0
gene:plasmid:154077,Superficieibacter sp. BNK-5,Biocides,Acid_resistance,Acid_resistance_protein,ASR,0
gene:plasmid:123168;gene:plasmid:123169;gene:plasmid:123170;gene:plasmid:123171;gene:plasmid:123173;gene:plasmid:123174;gene:plasmid:123175,Citrobacter freundii,Drugs,Bacitracin,Undecaprenyl_pyrophosphate_phosphatase,BACA,IA
gene:plasmid:25641;gene:proph:170565;gene:proph:170564;gene:proph:170546;gene:proph:170559;gene:proph:170548;gene:proph:170549;gene:proph:170542;gene:proph:170541;gene:proph:170553;gene:proph:170560;gene:proph:184661,Citrobacter freundii,Drugs,Bacitracin,Undecaprenyl_pyrophosphate_phosphatase,BACA,IA
gene:plasmid:142025,Citrobacter freundii,Drugs,Bacitracin,Undecaprenyl_pyrophosphate_phosphatase,BACA,IA
gene:proph:163818;gene:plasmid:123257;gene:plasmid:91947,Escherichia coli,Drugs,Bacitracin,Undecaprenyl_pyrophosphate_phosphatase,BACA,IA
gene:proph:181243;gene:proph:163837;gene:plasmid:151225;gene:plasmid:148202;gene:plasmid:151223;gene:vir:1321;gene:proph:183581,Escherichia coli,Multi-compound,Drug_and_biocide_and_metal_resistance,Drug_and_biocide_and_metal_RND_efflux_regulator,BAER,CIA
gene:vir:103532;gene:plasmid:93399;gene:proph:179244;gene:proph:183597;gene:plasmid:134726;gene:plasmid:134726;gene:plasmid:14231;gene:proph:179307;gene:vir:441;gene:vir:194;gene:proph:179327;gene:proph:179377,Escherichia coli,Multi-compound,Drug_and_biocide_and_metal_resistance,Drug_and_biocide_and_metal_RND_efflux_regulator,BAER,CIA
gene:proph:176040;gene:vir:1321;gene:proph:183581,Escherichia coli,Multi-compound,Drug_and_biocide_and_metal_resistance,Drug_and_biocide_and_metal_RND_efflux_regulator,BAER,CIA
gene:plasmid:86179,Citrobacter freundii,Multi-compound,Drug_and_biocide_and_metal_resistance,Drug_and_biocide_and_metal_RND_efflux_regulator,BAES,CIA
gene:plasmid:86179;gene:proph:161537,Citrobacter freundii,Multi-compound,Drug_and_biocide_and_metal_resistance,Drug_and_biocide_and_metal_RND_efflux_regulator,BAES,CIA
gene:vir:7156;gene:proph:183597;gene:plasmid:134726;gene:plasmid:134726;gene:proph:161537;gene:plasmid:86179,Citrobacter freundii,Multi-compound,Drug_and_biocide_and_metal_resistance,Drug_and_biocide_and_metal_RND_efflux_regulator,BAES,CIA
gene:proph:161537;gene:vir:103532;gene:proph:183597;gene:plasmid:134726;gene:plasmid:134726;gene:proph:161537;gene:plasmid:86179;gene:proph:169502;gene:proph:179460;gene:proph:176082;gene:vir:389;gene:vir:393;gene:vir:1904;gene:proph:161536,Citrobacter freundii,Multi-compound,Drug_and_biocide_and_metal_resistance,Drug_and_biocide_and_metal_RND_efflux_regulator,BAES,CIA
gene:plasmid:134726;gene:plasmid:134726;gene:plasmid:93469;gene:plasmid:93507;gene:plasmid:93509,Enterobacter hormaechei,Multi-compound,Drug_and_biocide_and_metal_resistance,Drug_and_biocide_and_metal_RND_efflux_regulator,BAES,CIA
gene:proph:181243;gene:proph:163837;gene:plasmid:151225;gene:plasmid:148202;gene:plasmid:151223;gene:vir:1321;gene:proph:183581,Escherichia coli,Multi-compound,Drug_and_biocide_and_metal_resistance,Drug_and_biocide_and_metal_RND_efflux_regulator,BAES,CIA
gene:proph:176040;gene:vir:1321;gene:proph:183581,Escherichia coli,Multi-compound,Drug_and_biocide_and_metal_resistance,Drug_and_biocide_and_metal_RND_efflux_regulator,BAES,CIA
gene:proph:172890;gene:vir:105016;gene:vir:6171;gene:vir:6173;gene:proph:182328;gene:proph:182329,Bacillus albus,Drugs,betalactams,Class_B_betalactamases,BC,Authorized for use in humans only
gene:plasmid:128185,Bacillus paramobilis,Drugs,betalactams,Class_B_betalactamases,BCII,Authorized for use in humans only 
gene:plasmid:128185,Bacillus thuringiensis,Drugs,betalactams,Class_B_betalactamases,BCII,Authorized for use in humans only 
gene:plasmid:86179,Citrobacter freundii,Multi-compound,Drug_and_biocide_resistance,Drug_and_biocide_MFS_efflux_pumps,BCR,Not medically important
gene:plasmid:86179;gene:proph:161537,Citrobacter freundii,Multi-compound,Drug_and_biocide_resistance,Drug_and_biocide_MFS_efflux_pumps,BCR,Not medically important
gene:vir:7156;gene:proph:183597;gene:plasmid:134726;gene:plasmid:134726;gene:proph:161537;gene:plasmid:86179,Citrobacter freundii,Multi-compound,Drug_and_biocide_resistance,Drug_and_biocide_MFS_efflux_pumps,BCR,Not medically important
gene:proph:161537;gene:vir:103532;gene:proph:183597;gene:plasmid:134726;gene:plasmid:134726;gene:proph:161537;gene:plasmid:86179;gene:proph:169502;gene:proph:179460;gene:proph:176082;gene:vir:389;gene:vir:393;gene:vir:1904;gene:proph:161536,Citrobacter freundii,Multi-compound,Drug_and_biocide_resistance,Drug_and_biocide_MFS_efflux_pumps,BCR,Not medically important
gene:proph:181243;gene:proph:163837;gene:plasmid:151225;gene:plasmid:148202;gene:plasmid:151223;gene:vir:1321;gene:proph:183581,Escherichia coli,Multi-compound,Drug_and_biocide_resistance,Drug_and_biocide_MFS_efflux_pumps,BCR,Not medically important
gene:proph:176040;gene:vir:1321;gene:proph:183581,Escherichia coli,Multi-compound,Drug_and_biocide_resistance,Drug_and_biocide_MFS_efflux_pumps,BCR,Not medically important
gene:plasmid:122188;gene:plasmid:122777;gene:plasmid:122162;gene:plasmid:122860;gene:plasmid:122777,Bacillus thuringiensis,Drugs,betalactams,Class_A_betalactamases,BLA1,Authorized for use in humans only 
gene:plasmid:122188;gene:plasmid:122777;gene:plasmid:122162;gene:plasmid:122860;gene:plasmid:122777,Bacillus thuringiensis,Drugs,betalactams,Class_A_betalactamases,BLA1,Authorized for use in humans only 
gene:plasmid:21942;gene:plasmid:22293;gene:proph:176833;gene:plasmid:125744;gene:plasmid:119871,Serratia liquefaciens,Drugs,betalactams,Class_C_betalactamases,BLAC,Authorized for use in humans only 
gene:plasmid:22293;gene:proph:176833;gene:plasmid:11362;gene:plasmid:119871,Serratia liquefaciens,Drugs,betalactams,Class_C_betalactamases,BLAC,Authorized for use in humans only 
gene:plasmid:138538;gene:plasmid:122850;gene:plasmid:127957;gene:plasmid:123038,Bacillus cereus,Drugs,betalactams,Class_A_betalactamases,BLAZ,Authorized for use in humans only 
gene:plasmid:123128;gene:plasmid:151379;gene:plasmid:122720;gene:proph:161065;gene:proph:172895;gene:plasmid:122802;gene:plasmid:123153;gene:plasmid:122087;gene:plasmid:122716;gene:plasmid:122717;gene:plasmid:12550;gene:plasmid:12551;gene:plasmid:122035;gene:plasmid:122029;gene:plasmid:122028;gene:plasmid:12559;gene:plasmid:154260;gene:plasmid:12561;gene:plasmid:122719;gene:plasmid:122722;gene:plasmid:122910;gene:plasmid:154198;gene:plasmid:123068;gene:plasmid:154296;gene:plasmid:122959;gene:plasmid:154188;gene:plasmid:12830;gene:plasmid:154183;gene:plasmid:155256;gene:plasmid:122037;gene:plasmid:12579;gene:plasmid:154292;gene:plasmid:12835;gene:plasmid:154294;gene:plasmid:12585;gene:plasmid:123029;gene:plasmid:151379;gene:proph:182251;gene:plasmid:122721;gene:plasmid:122718;gene:plasmid:154206;gene:plasmid:122050;gene:plasmid:122054;gene:plasmid:122055;gene:plasmid:123152;gene:plasmid:122796;gene:plasmid:122797;gene:plasmid:122798;gene:plasmid:122800;gene:plasmid:122801;gene:plasmid:122806;gene:plasmid:122807;gene:plasmid:122808;gene:plasmid:122809;gene:proph:182237;gene:plasmid:122959;gene:plasmid:122811;gene:plasmid:151379,Bacillus mycoides,Drugs,betalactams,Class_A_betalactamases,BLAZ,Authorized for use in humans only 
gene:plasmid:123128;gene:plasmid:151379;gene:plasmid:122720;gene:proph:161065;gene:proph:172895;gene:plasmid:122802;gene:plasmid:123153;gene:plasmid:122087;gene:plasmid:122716;gene:plasmid:122717;gene:plasmid:12550;gene:plasmid:12551;gene:plasmid:122035;gene:plasmid:122029;gene:plasmid:122028;gene:plasmid:12559;gene:plasmid:154260;gene:plasmid:12561;gene:plasmid:122719;gene:plasmid:122722;gene:plasmid:122910;gene:plasmid:154198;gene:plasmid:123068;gene:plasmid:154296;gene:plasmid:122959;gene:plasmid:154188;gene:plasmid:12830;gene:plasmid:154183;gene:plasmid:155256;gene:plasmid:122037;gene:plasmid:12579;gene:plasmid:154292;gene:plasmid:12835;gene:plasmid:154294;gene:plasmid:12585;gene:plasmid:123029;gene:plasmid:151379;gene:proph:182251;gene:plasmid:122721;gene:plasmid:122718;gene:plasmid:154206;gene:plasmid:122050;gene:plasmid:122054;gene:plasmid:122055;gene:plasmid:123152;gene:plasmid:122796;gene:plasmid:122797;gene:plasmid:122798;gene:plasmid:122800;gene:plasmid:122801;gene:plasmid:122806;gene:plasmid:122807;gene:plasmid:122808;gene:plasmid:122809;gene:proph:182237;gene:plasmid:122959;gene:plasmid:122811;gene:plasmid:151379,Bacillus mycoides,Drugs,betalactams,Class_A_betalactamases,BLAZ,Authorized for use in humans only 
gene:plasmid:123128;gene:plasmid:151379;gene:plasmid:138523;gene:plasmid:122720;gene:plasmid:123153;gene:plasmid:122880;gene:plasmid:122716;gene:plasmid:122717;gene:plasmid:122719;gene:plasmid:122722;gene:plasmid:122910;gene:plasmid:12587;gene:plasmid:122037;gene:plasmid:123138;gene:proph:182251;gene:plasmid:154206;gene:plasmid:122050;gene:plasmid:122054;gene:plasmid:122055;gene:proph:161065;gene:proph:172331;gene:plasmid:122796;gene:plasmid:122797;gene:plasmid:122798;gene:plasmid:122802;gene:plasmid:122806;gene:plasmid:122807;gene:plasmid:122808;gene:plasmid:122809;gene:proph:182237;gene:plasmid:122087;gene:plasmid:122720;gene:plasmid:122811;gene:plasmid:12550;gene:plasmid:12551;gene:plasmid:122035;gene:plasmid:122034;gene:plasmid:122959;gene:plasmid:122029;gene:plasmid:122028;gene:plasmid:154259;gene:plasmid:12560;gene:plasmid:12561;gene:plasmid:12562;gene:plasmid:12814;gene:plasmid:122022;gene:plasmid:12824;gene:plasmid:123068;gene:plasmid:154296;gene:plasmid:122959;gene:plasmid:154188;gene:plasmid:154189;gene:plasmid:12831;gene:plasmid:154184;gene:plasmid:12832;gene:plasmid:154292;gene:plasmid:154293;gene:plasmid:12582;gene:plasmid:12840;gene:plasmid:123029;gene:plasmid:151379;gene:plasmid:122721;gene:plasmid:122718;gene:plasmid:122745;gene:plasmid:123155;gene:plasmid:122879;gene:plasmid:122881;gene:plasmid:122882;gene:plasmid:122883;gene:plasmid:122884;gene:plasmid:122885;gene:plasmid:122814;gene:plasmid:122815;gene:plasmid:123152;gene:plasmid:154248;gene:plasmid:122104;gene:plasmid:122107;gene:plasmid:154155;gene:plasmid:123068;gene:plasmid:154264;gene:plasmid:12637;gene:plasmid:122863;gene:plasmid:122864;gene:plasmid:122865;gene:plasmid:122867;gene:plasmid:122924;gene:plasmid:123126;gene:plasmid:123124;gene:plasmid:151379,Bacillus sp. N5-665,Drugs,betalactams,Class_A_betalactamases,BLAZ,Authorized for use in humans only 
gene:plasmid:123128;gene:plasmid:151379;gene:plasmid:138523;gene:plasmid:122720;gene:plasmid:123153;gene:plasmid:122880;gene:plasmid:122716;gene:plasmid:122717;gene:plasmid:122719;gene:plasmid:122722;gene:plasmid:122910;gene:plasmid:12587;gene:plasmid:122037;gene:plasmid:123138;gene:proph:182251;gene:plasmid:154206;gene:plasmid:122050;gene:plasmid:122054;gene:plasmid:122055;gene:proph:161065;gene:proph:172331;gene:plasmid:122796;gene:plasmid:122797;gene:plasmid:122798;gene:plasmid:122802;gene:plasmid:122806;gene:plasmid:122807;gene:plasmid:122808;gene:plasmid:122809;gene:proph:182237;gene:plasmid:122087;gene:plasmid:122720;gene:plasmid:122811;gene:plasmid:12550;gene:plasmid:12551;gene:plasmid:122035;gene:plasmid:122034;gene:plasmid:122959;gene:plasmid:122029;gene:plasmid:122028;gene:plasmid:154259;gene:plasmid:12560;gene:plasmid:12561;gene:plasmid:12562;gene:plasmid:12814;gene:plasmid:122022;gene:plasmid:12824;gene:plasmid:123068;gene:plasmid:154296;gene:plasmid:122959;gene:plasmid:154188;gene:plasmid:154189;gene:plasmid:12831;gene:plasmid:154184;gene:plasmid:12832;gene:plasmid:154292;gene:plasmid:154293;gene:plasmid:12582;gene:plasmid:12840;gene:plasmid:123029;gene:plasmid:151379;gene:plasmid:122721;gene:plasmid:122718;gene:plasmid:122745;gene:plasmid:123155;gene:plasmid:122879;gene:plasmid:122881;gene:plasmid:122882;gene:plasmid:122883;gene:plasmid:122884;gene:plasmid:122885;gene:plasmid:122814;gene:plasmid:122815;gene:plasmid:123152;gene:plasmid:154248;gene:plasmid:122104;gene:plasmid:122107;gene:plasmid:154155;gene:plasmid:123068;gene:plasmid:154264;gene:plasmid:12637;gene:plasmid:122863;gene:plasmid:122864;gene:plasmid:122865;gene:plasmid:122867;gene:plasmid:122924;gene:plasmid:123126;gene:plasmid:123124;gene:plasmid:151379,Bacillus sp. N5-665,Drugs,betalactams,Class_A_betalactamases,BLAZ,Authorized for use in humans only 
gene:plasmid:138538;gene:plasmid:122850;gene:plasmid:127957;gene:plasmid:123038,Bacillus wiedmannii,Drugs,betalactams,Class_A_betalactamases,BLAZ,Authorized for use in humans only 
rep7b_3_SAP089A003(SAP089A)_GQ900440;gene:plasmid:97767;gene:plasmid:97768,Enterococcus faecalis,Drugs,Phenicol,Chloramphenicol_acetyltransferases,CATA,HIA
gene:plasmid:97770;gene:plasmid:97767;gene:plasmid:97768,Enterococcus faecalis,Drugs,Phenicol,Chloramphenicol_acetyltransferases,CATA,HIA
gene:plasmid:87053,Enterococcus faecium,Drugs,Phenicol,Chloramphenicol_acetyltransferases,CATA,HIA
rep7b_3_SAP089A003(SAP089A)_GQ900440;gene:plasmid:97767;gene:plasmid:97768,Staphylococcus aureus,Drugs,Phenicol,Chloramphenicol_acetyltransferases,CATA,HIA
gene:proph:170051,Klebsiella grimontii,Biocides,Biguanide_resistance,Biguanide_cation_efflux,CEPAB,0
pENTAS02_1__CP003028,Lelliottia amnigena,Biocides,Biguanide_resistance,Biguanide_cation_efflux,CEPAB,0
gene:plasmid:16162,Superficieibacter sp. BNK-5,Biocides,Biguanide_resistance,Biguanide_cation_efflux,CEPAB,0
gene:vir:507;gene:proph:170540;gene:proph:179208;gene:proph:170536;gene:proph:170537;gene:proph:170528;gene:proph:179204,Citrobacter freundii,Drugs,betalactams,Class_C_betalactamases,CMY,Authorized for use in humans only 
gene:vir:507;gene:proph:170540;gene:proph:179208;gene:proph:170536;gene:proph:170537;gene:proph:170528;gene:proph:179204,Citrobacter freundii,Drugs,betalactams,Class_C_betalactamases,CMY,Authorized for use in humans only 
gene:plasmid:141383,Citrobacter freundii,Drugs,betalactams,Class_C_betalactamases,CMY,Authorized for use in humans only 
gene:plasmid:141383,Citrobacter freundii,Drugs,betalactams,Class_C_betalactamases,CMY,Authorized for use in humans only 
gene:proph:169080,Citrobacter freundii,Drugs,betalactams,Class_C_betalactamases,CMY,Authorized for use in humans only 
gene:proph:169080,Citrobacter freundii,Drugs,betalactams,Class_C_betalactamases,CMY,Authorized for use in humans only 
gene:proph:169080,Citrobacter freundii,Drugs,betalactams,Class_C_betalactamases,CMY,Authorized for use in humans only 
gene:proph:169080,Citrobacter freundii,Drugs,betalactams,Class_C_betalactamases,CMY,Authorized for use in humans only 
gene:proph:182964,Citrobacter freundii,Multi-compound,Drug_and_biocide_resistance,Drug_and_biocide_RND_efflux_regulator,CPXAR,CIA 
gene:proph:182964,Citrobacter freundii,Multi-compound,Drug_and_biocide_resistance,Drug_and_biocide_RND_efflux_regulator,CPXAR,CIA 
gene:proph:182964,Citrobacter freundii,Multi-compound,Drug_and_biocide_resistance,Drug_and_biocide_RND_efflux_regulator,CPXAR,CIA 
gene:proph:182964,Citrobacter freundii,Multi-compound,Drug_and_biocide_resistance,Drug_and_biocide_RND_efflux_regulator,CPXAR,CIA 
gene:plasmid:157741,Escherichia coli,Multi-compound,Drug_and_biocide_resistance,Drug_and_biocide_RND_efflux_regulator,CPXAR,CIA 
gene:plasmid:157741,Escherichia coli,Multi-compound,Drug_and_biocide_resistance,Drug_and_biocide_RND_efflux_regulator,CPXAR,CIA 
gene:plasmid:16162,Escherichia coli,Multi-compound,Drug_and_biocide_resistance,Drug_and_biocide_RND_efflux_regulator,CPXAR,CIA 
gene:plasmid:16162,Escherichia coli,Multi-compound,Drug_and_biocide_resistance,Drug_and_biocide_RND_efflux_regulator,CPXAR,CIA 
gene:proph:170051,Klebsiella grimontii,Multi-compound,Drug_and_biocide_resistance,Drug_and_biocide_RND_efflux_regulator,CPXAR,CIA 
gene:proph:170051,Klebsiella grimontii,Multi-compound,Drug_and_biocide_resistance,Drug_and_biocide_RND_efflux_regulator,CPXAR,CIA 
gene:plasmid:115070;gene:plasmid:21021,Pseudomonas azotoformans,Multi-compound,Drug_and_biocide_resistance,Drug_and_biocide_RND_efflux_regulator,CPXAR,CIA 
gene:plasmid:154739;gene:plasmid:138861,Pseudomonas palmensis,Multi-compound,Drug_and_biocide_resistance,Drug_and_biocide_RND_efflux_regulator,CPXAR,CIA 
gene:plasmid:81882,Pseudomonas sp. DTU12.1,Multi-compound,Drug_and_biocide_resistance,Drug_and_biocide_RND_efflux_regulator,CPXAR,CIA 
gene:plasmid:154774;gene:plasmid:21021;gene:plasmid:149679;gene:plasmid:21214;gene:plasmid:124393,Pseudomonas sp. FP453,Multi-compound,Drug_and_biocide_resistance,Drug_and_biocide_RND_efflux_regulator,CPXAR,CIA 
gene:plasmid:16162,Superficieibacter sp. BNK-5,Multi-compound,Drug_and_biocide_resistance,Drug_and_biocide_RND_efflux_regulator,CPXAR,CIA 
gene:plasmid:16162,Superficieibacter sp. BNK-5,Multi-compound,Drug_and_biocide_resistance,Drug_and_biocide_RND_efflux_regulator,CPXAR,CIA 
gene:plasmid:153902;gene:plasmid:153905;gene:plasmid:153906;gene:plasmid:147501;gene:plasmid:147500;gene:plasmid:139674,Citrobacter freundii,Multi-compound,Drug_and_biocide_resistance,Drug_and_biocide_RND_efflux_regulator,CRP,Authorized for use in humans only 
gene:plasmid:21818,Escherichia coli,Multi-compound,Drug_and_biocide_resistance,Drug_and_biocide_RND_efflux_regulator,CRP,Authorized for use in humans only 
gene:plasmid:120162;gene:plasmid:21818,Escherichia coli,Multi-compound,Drug_and_biocide_resistance,Drug_and_biocide_RND_efflux_regulator,CRP,Authorized for use in humans only 
gene:plasmid:151260,Klebsiella grimontii,Multi-compound,Drug_and_biocide_resistance,Drug_and_biocide_RND_efflux_regulator,CRP,Authorized for use in humans only 
gene:plasmid:151260,Klebsiella grimontii,Multi-compound,Drug_and_biocide_resistance,Drug_and_biocide_RND_efflux_regulator,CRP,Authorized for use in humans only 
gene:plasmid:88446;gene:plasmid:123887,Kluyvera cryocrescens,Multi-compound,Drug_and_biocide_resistance,Drug_and_biocide_RND_efflux_regulator,CRP,Authorized for use in humans only 
gene:plasmid:156013;gene:plasmid:88436;gene:plasmid:21818,Superficieibacter sp. BNK-5,Multi-compound,Drug_and_biocide_resistance,Drug_and_biocide_RND_efflux_regulator,CRP,Authorized for use in humans only 
gene:plasmid:88437;gene:plasmid:88436;gene:plasmid:88435;gene:plasmid:155952;gene:plasmid:156088;gene:plasmid:117725;gene:plasmid:88445;gene:plasmid:88447;gene:plasmid:88448;gene:plasmid:88449;gene:plasmid:155994;gene:plasmid:88409,Citrobacter freundii,Drugs,betalactams,Class_A_betalactamases,CTX,Authorized for use in humans only 
gene:plasmid:117746;gene:plasmid:117744;gene:plasmid:88433;gene:plasmid:88432;gene:plasmid:88431,Enterobacter hormaechei,Drugs,betalactams,Class_A_betalactamases,CTX,Authorized for use in humans only 
gene:plasmid:156052;gene:plasmid:91985;gene:plasmid:156082;gene:plasmid:156066;gene:plasmid:88437;gene:plasmid:88436;gene:plasmid:88435;gene:plasmid:155952;gene:plasmid:156088;gene:plasmid:88409;gene:plasmid:91925;gene:plasmid:88447;gene:plasmid:88448;gene:plasmid:88449;gene:plasmid:155994,Escherichia coli,Drugs,betalactams,Class_A_betalactamases,CTX,Authorized for use in humans only 
gene:vir:103532;gene:plasmid:93399;gene:proph:179244;gene:proph:183597;gene:plasmid:134726;gene:plasmid:134726;gene:plasmid:14231;gene:proph:179307;gene:vir:441;gene:vir:194;gene:proph:179327;gene:proph:179377,Escherichia coli,Drugs,betalactams,Class_A_betalactamases,CTX,Authorized for use in humans only 
gene:plasmid:134726;gene:plasmid:134726;gene:proph:173847;gene:plasmid:14231,Escherichia coli,Drugs,betalactams,Class_A_betalactamases,CTX,Authorized for use in humans only 
gene:plasmid:156052;gene:plasmid:91985;gene:plasmid:156082;gene:plasmid:156066;gene:plasmid:88437;gene:plasmid:88436;gene:plasmid:88435;gene:plasmid:155952;gene:plasmid:156088;gene:plasmid:88409;gene:plasmid:91925;gene:plasmid:88447;gene:plasmid:88448;gene:plasmid:88449;gene:plasmid:155994,Klebsiella oxytoca,Drugs,betalactams,Class_A_betalactamases,CTX,Authorized for use in humans only 
gene:plasmid:91747;gene:plasmid:91748;gene:plasmid:19782;gene:plasmid:154063;gene:plasmid:91749,Klebsiella pneumoniae,Drugs,betalactams,Class_A_betalactamases,CTX,Authorized for use in humans only 
gene:proph:183618,Klebsiella pneumoniae,Drugs,betalactams,Class_A_betalactamases,CTX,Authorized for use in humans only 
gene:plasmid:88376,Klebsiella pneumoniae,Drugs,betalactams,Class_A_betalactamases,CTX,Authorized for use in humans only 
gene:plasmid:117701;gene:plasmid:117686;gene:plasmid:117671;gene:proph:176833;gene:proph:176835,Enterobacter hormaechei,Biocides,Acid_resistance,Acid_resistance_protein,EEFA,0
gene:plasmid:117701;gene:plasmid:117686;gene:plasmid:117671;gene:proph:176833;gene:proph:176835,Enterobacter hormaechei,Biocides,Acid_resistance,Acid_resistance_protein,EEFA,0
ICEberg|304|ICESga43143-1|GenBank|AP012053|1643376..1661407,Enterococcus faecalis,Multi-compound,Drug_and_biocide_resistance,Drug_and_biocide_ABC_efflux_pumps,EFRA,HPCIA
ICEberg|304|ICESga43143-1|GenBank|AP012053|1643376..1661407,Enterococcus faecalis,Multi-compound,Drug_and_biocide_resistance,Drug_and_biocide_ABC_efflux_pumps,EFRA,HPCIA
ICEberg|304|ICESga43143-1|GenBank|AP012053|1643376..1661407,Enterococcus faecalis,Multi-compound,Drug_and_biocide_resistance,Drug_and_biocide_ABC_efflux_pumps,EFRB,HPCIA
ICEberg|304|ICESga43143-1|GenBank|AP012053|1643376..1661407,Enterococcus faecalis,Multi-compound,Drug_and_biocide_resistance,Drug_and_biocide_ABC_efflux_pumps,EFRB,HPCIA
gene:plasmid:115548;gene:proph:184192;gene:proph:184193;gene:plasmid:20884,Pseudomonas azotoformans,Biocides,Multi-biocide_resistance,Multi-biocide_RND_efflux_pump,EMHA,0
gene:plasmid:140796;gene:proph:180361;gene:proph:159993,Pseudomonas fortuita,Biocides,Multi-biocide_resistance,Multi-biocide_RND_efflux_pump,EMHA,0
gene:proph:184236;gene:proph:175957;gene:proph:175955;gene:plasmid:140796;gene:proph:175950;gene:proph:175956,Pseudomonas rustica,Biocides,Multi-biocide_resistance,Multi-biocide_RND_efflux_pump,EMHA,0
gene:plasmid:115548;gene:proph:184192;gene:proph:184193;gene:plasmid:20884,Pseudomonas sp. AC109,Biocides,Multi-biocide_resistance,Multi-biocide_RND_efflux_pump,EMHA,0
gene:plasmid:146598;gene:plasmid:20860;gene:proph:175950;gene:proph:184195;gene:proph:184194;gene:proph:184196;gene:proph:184202;gene:proph:184206;gene:proph:163072;gene:proph:184236;gene:proph:175955;gene:plasmid:115548;gene:proph:184192;gene:proph:184193;gene:plasmid:20884;gene:proph:179959;gene:plasmid:154897,Pseudomonas sp. AC109,Biocides,Multi-biocide_resistance,Multi-biocide_RND_efflux_pump,EMHA,0
gene:plasmid:115548;gene:proph:184192;gene:proph:184193;gene:plasmid:21089,Pseudomonas sp. FP2294,Biocides,Multi-biocide_resistance,Multi-biocide_RND_efflux_pump,EMHA,0
gene:plasmid:115548;gene:proph:184192;gene:proph:184193;gene:plasmid:154823,Pseudomonas sp. FP453,Biocides,Multi-biocide_resistance,Multi-biocide_RND_efflux_pump,EMHA,0
gene:proph:184195;gene:proph:184194,Pseudomonas helleri,Biocides,Multi-biocide_resistance,Multi-biocide_RND_efflux_pump,EMHB,0
gene:proph:184195;gene:proph:184194,Pseudomonas helleri,Biocides,Multi-biocide_resistance,Multi-biocide_RND_efflux_pump,EMHB,0
gene:proph:175953;gene:proph:184195;gene:proph:184236,Pseudomonas helleri,Biocides,Multi-biocide_resistance,Multi-biocide_RND_efflux_pump,EMHB,0
gene:proph:184430;gene:proph:175953;gene:proph:184195;gene:proph:184194;gene:proph:184236;gene:proph:175955;gene:proph:184449,Pseudomonas helleri,Biocides,Multi-biocide_resistance,Multi-biocide_RND_efflux_pump,EMHB,0
gene:proph:184430;gene:proph:175953;gene:proph:184195;gene:proph:184194;gene:proph:184236;gene:proph:175955;gene:proph:184449,Pseudomonas helleri,Biocides,Multi-biocide_resistance,Multi-biocide_RND_efflux_pump,EMHB,0
gene:proph:184195;gene:proph:184194,Pseudomonas helleri,Biocides,Multi-biocide_resistance,Multi-biocide_RND_efflux_pump,EMHB,0
gene:proph:184236;gene:proph:175955;gene:proph:184195;gene:proph:184194,Pseudomonas helleri,Biocides,Multi-biocide_resistance,Multi-biocide_RND_efflux_pump,EMHB,0
gene:proph:184236;gene:proph:175955;gene:proph:184195;gene:proph:184194,Pseudomonas helleri,Biocides,Multi-biocide_resistance,Multi-biocide_RND_efflux_pump,EMHB,0
gene:proph:184195;gene:proph:184194,Pseudomonas helleri,Biocides,Multi-biocide_resistance,Multi-biocide_RND_efflux_pump,EMHB,0
gene:proph:184236;gene:proph:175955;gene:proph:175950;gene:proph:175953;gene:proph:175954;gene:proph:184195;gene:proph:184194,Pseudomonas bubulae,Biocides,Multi-biocide_resistance,Multi-biocide_RND_efflux_pump,EMHB,0
gene:proph:184236;gene:proph:175955;gene:proph:175950;gene:proph:175953;gene:proph:175954;gene:proph:184195;gene:proph:184194,Pseudomonas bubulae,Biocides,Multi-biocide_resistance,Multi-biocide_RND_efflux_pump,EMHB,0
gene:proph:175950;gene:proph:175953;gene:proph:175954;gene:proph:184195;gene:proph:184194;gene:plasmid:22676;gene:plasmid:154897;gene:proph:184236;gene:proph:175955,Pseudomonas bubulae,Biocides,Multi-biocide_resistance,Multi-biocide_RND_efflux_pump,EMHB,0
gene:proph:184236;gene:proph:175955;gene:proph:175950;gene:proph:175953;gene:proph:175954;gene:proph:184195;gene:proph:184194;gene:plasmid:21134,Pseudomonas bubulae,Biocides,Multi-biocide_resistance,Multi-biocide_RND_efflux_pump,EMHB,0
gene:plasmid:140796;gene:proph:180361;gene:proph:159993,Pseudomonas fortuita,Biocides,Multi-biocide_resistance,Multi-biocide_RND_efflux_pump,EMHB,0
gene:proph:184194,Pseudomonas fragi,Biocides,Multi-biocide_resistance,Multi-biocide_RND_efflux_pump,EMHB,0
gene:proph:175950;gene:proph:175953;gene:proph:175954;gene:proph:184195;gene:proph:184194;gene:proph:184236;gene:proph:175955,Pseudomonas fragi,Biocides,Multi-biocide_resistance,Multi-biocide_RND_efflux_pump,EMHB,0
gene:proph:184236;gene:proph:175955;gene:proph:175950;gene:proph:175953;gene:proph:175954;gene:proph:184195;gene:proph:184194;gene:plasmid:21134,Pseudomonas fragi,Biocides,Multi-biocide_resistance,Multi-biocide_RND_efflux_pump,EMHB,0
gene:proph:175950;gene:proph:175953;gene:proph:184236;gene:proph:175955;gene:proph:184195;gene:proph:184194,Pseudomonas fragi,Biocides,Multi-biocide_resistance,Multi-biocide_RND_efflux_pump,EMHB,0
gene:proph:175953;gene:proph:184195;gene:proph:184194;gene:proph:184236;gene:proph:175955;gene:proph:184449;gene:proph:184436,Pseudomonas helleri,Biocides,Multi-biocide_resistance,Multi-biocide_RND_efflux_pump,EMHB,0
gene:proph:184195;gene:proph:184194,Pseudomonas helleri,Biocides,Multi-biocide_resistance,Multi-biocide_RND_efflux_pump,EMHB,0
gene:proph:184195;gene:proph:184194,Pseudomonas helleri,Biocides,Multi-biocide_resistance,Multi-biocide_RND_efflux_pump,EMHB,0
gene:proph:184195;gene:proph:184194,Pseudomonas helleri,Biocides,Multi-biocide_resistance,Multi-biocide_RND_efflux_pump,EMHB,0
gene:proph:184195;gene:proph:184194,Pseudomonas helleri,Biocides,Multi-biocide_resistance,Multi-biocide_RND_efflux_pump,EMHB,0
gene:proph:184195;gene:proph:184194,Pseudomonas helleri,Biocides,Multi-biocide_resistance,Multi-biocide_RND_efflux_pump,EMHB,0
gene:proph:184195;gene:proph:184194,Pseudomonas helleri,Biocides,Multi-biocide_resistance,Multi-biocide_RND_efflux_pump,EMHB,0
gene:proph:184430;gene:proph:175953;gene:proph:184195;gene:proph:184194;gene:proph:184236;gene:proph:175955;gene:proph:184449,Pseudomonas helleri,Biocides,Multi-biocide_resistance,Multi-biocide_RND_efflux_pump,EMHB,0
gene:proph:184195;gene:proph:184194,Pseudomonas helleri,Biocides,Multi-biocide_resistance,Multi-biocide_RND_efflux_pump,EMHB,0
gene:proph:175950;gene:proph:175953;gene:proph:175954;gene:proph:184195;gene:proph:184194;gene:plasmid:112456;gene:proph:184236;gene:proph:175955,Pseudomonas lundensis,Biocides,Multi-biocide_resistance,Multi-biocide_RND_efflux_pump,EMHB,0
gene:proph:184195;gene:proph:184194,Pseudomonas lundensis,Biocides,Multi-biocide_resistance,Multi-biocide_RND_efflux_pump,EMHB,0
gene:plasmid:21021;gene:proph:184236;gene:proph:175950;gene:proph:175953;gene:proph:175954;gene:proph:175955;gene:proph:184195;gene:proph:184194,Pseudomonas lundensis,Biocides,Multi-biocide_resistance,Multi-biocide_RND_efflux_pump,EMHB,0
gene:proph:175950;gene:proph:175953;gene:proph:175954;gene:proph:184195;gene:proph:184194;gene:proph:184236;gene:proph:175955,Pseudomonas lundensis,Biocides,Multi-biocide_resistance,Multi-biocide_RND_efflux_pump,EMHB,0
gene:proph:175950;gene:proph:175953;gene:proph:175954;gene:proph:184195;gene:proph:184194;gene:proph:184236;gene:proph:175955,Pseudomonas lundensis,Biocides,Multi-biocide_resistance,Multi-biocide_RND_efflux_pump,EMHB,0
gene:proph:184236;gene:proph:175957;gene:proph:175955;gene:plasmid:140796;gene:proph:175950;gene:proph:175956,Pseudomonas rustica,Biocides,Multi-biocide_resistance,Multi-biocide_RND_efflux_pump,EMHB,0
gene:proph:184195;gene:proph:184194;gene:proph:184236,Pseudomonas saxonica,Biocides,Multi-biocide_resistance,Multi-biocide_RND_efflux_pump,EMHB,0
gene:proph:184236;gene:proph:175950;gene:proph:175955;gene:proph:184195;gene:proph:184194,Pseudomonas saxonica,Biocides,Multi-biocide_resistance,Multi-biocide_RND_efflux_pump,EMHB,0
gene:plasmid:115548;gene:proph:184192;gene:proph:184193;gene:plasmid:20884,Pseudomonas sp. AC109,Biocides,Multi-biocide_resistance,Multi-biocide_RND_efflux_pump,EMHB,0
gene:plasmid:115548;gene:proph:184192;gene:proph:184193;gene:plasmid:154823,Pseudomonas sp. FP453,Biocides,Multi-biocide_resistance,Multi-biocide_RND_efflux_pump,EMHB,0
gene:proph:184195;gene:proph:184194;gene:proph:184236,Pseudomonas sp. WC2401,Biocides,Multi-biocide_resistance,Multi-biocide_RND_efflux_pump,EMHB,0
gene:proph:184195;gene:proph:184194;gene:proph:184236,Pseudomonas sp. WC2401,Biocides,Multi-biocide_resistance,Multi-biocide_RND_efflux_pump,EMHB,0
gene:proph:175953;gene:proph:184194;gene:proph:184236;gene:plasmid:154774,Pseudomonas versuta,Biocides,Multi-biocide_resistance,Multi-biocide_RND_efflux_pump,EMHB,0
gene:proph:184195;gene:proph:184194,Pseudomonas helleri,Multi-compound,Drug_and_biocide_resistance,Drug_and_biocide_RND_efflux_pumps,EMHC,0
gene:proph:175953;gene:proph:184195;gene:proph:184236,Pseudomonas helleri,Multi-compound,Drug_and_biocide_resistance,Drug_and_biocide_RND_efflux_pumps,EMHC,0
gene:proph:184430;gene:proph:175953;gene:proph:184195;gene:proph:184194;gene:proph:184236;gene:proph:175955;gene:proph:184449,Pseudomonas helleri,Multi-compound,Drug_and_biocide_resistance,Drug_and_biocide_RND_efflux_pumps,EMHC,0
gene:proph:184430;gene:proph:175953;gene:proph:184195;gene:proph:184194;gene:proph:184236;gene:proph:175955;gene:proph:184449,Pseudomonas helleri,Multi-compound,Drug_and_biocide_resistance,Drug_and_biocide_RND_efflux_pumps,EMHC,0
gene:proph:184195;gene:proph:184194,Pseudomonas helleri,Multi-compound,Drug_and_biocide_resistance,Drug_and_biocide_RND_efflux_pumps,EMHC,0
gene:proph:184236;gene:proph:175955;gene:proph:184195;gene:proph:184194,Pseudomonas helleri,Multi-compound,Drug_and_biocide_resistance,Drug_and_biocide_RND_efflux_pumps,EMHC,0
gene:proph:184236;gene:proph:175955;gene:proph:184195;gene:proph:184194,Pseudomonas helleri,Multi-compound,Drug_and_biocide_resistance,Drug_and_biocide_RND_efflux_pumps,EMHC,0
gene:proph:184195;gene:proph:184194,Pseudomonas helleri,Multi-compound,Drug_and_biocide_resistance,Drug_and_biocide_RND_efflux_pumps,EMHC,0
gene:plasmid:115548;gene:proph:184192;gene:proph:184193;gene:plasmid:20884,Pseudomonas azotoformans,Multi-compound,Drug_and_biocide_resistance,Drug_and_biocide_RND_efflux_pumps,EMHC,0
gene:proph:184236;gene:proph:175955;gene:proph:175950;gene:proph:175953;gene:proph:175954;gene:proph:184195;gene:proph:184194,Pseudomonas bubulae,Multi-compound,Drug_and_biocide_resistance,Drug_and_biocide_RND_efflux_pumps,EMHC,0
gene:proph:184236;gene:proph:175955;gene:proph:175950;gene:proph:175953;gene:proph:175954;gene:proph:184195;gene:proph:184194,Pseudomonas bubulae,Multi-compound,Drug_and_biocide_resistance,Drug_and_biocide_RND_efflux_pumps,EMHC,0
gene:proph:175950;gene:proph:175953;gene:proph:175954;gene:proph:184195;gene:proph:184194;gene:plasmid:22676;gene:plasmid:154897;gene:proph:184236;gene:proph:175955,Pseudomonas bubulae,Multi-compound,Drug_and_biocide_resistance,Drug_and_biocide_RND_efflux_pumps,EMHC,0
gene:proph:184236;gene:proph:175955;gene:proph:175950;gene:proph:175953;gene:proph:175954;gene:proph:184195;gene:proph:184194;gene:plasmid:21134,Pseudomonas bubulae,Multi-compound,Drug_and_biocide_resistance,Drug_and_biocide_RND_efflux_pumps,EMHC,0
gene:plasmid:140796;gene:proph:180361;gene:proph:159993,Pseudomonas fortuita,Multi-compound,Drug_and_biocide_resistance,Drug_and_biocide_RND_efflux_pumps,EMHC,0
gene:proph:184194,Pseudomonas fragi,Multi-compound,Drug_and_biocide_resistance,Drug_and_biocide_RND_efflux_pumps,EMHC,0
gene:proph:175950;gene:proph:175953;gene:proph:175954;gene:proph:184195;gene:proph:184194;gene:proph:184236;gene:proph:175955,Pseudomonas fragi,Multi-compound,Drug_and_biocide_resistance,Drug_and_biocide_RND_efflux_pumps,EMHC,0
gene:proph:184236;gene:proph:175955;gene:proph:175950;gene:proph:175953;gene:proph:175954;gene:proph:184195;gene:proph:184194;gene:plasmid:21134,Pseudomonas fragi,Multi-compound,Drug_and_biocide_resistance,Drug_and_biocide_RND_efflux_pumps,EMHC,0
gene:proph:175950;gene:proph:175953;gene:proph:184236;gene:proph:175955;gene:proph:184195;gene:proph:184194,Pseudomonas fragi,Multi-compound,Drug_and_biocide_resistance,Drug_and_biocide_RND_efflux_pumps,EMHC,0
gene:proph:175953;gene:proph:184195;gene:proph:184194;gene:proph:184236;gene:proph:175955;gene:proph:184449;gene:proph:184436,Pseudomonas helleri,Multi-compound,Drug_and_biocide_resistance,Drug_and_biocide_RND_efflux_pumps,EMHC,0
gene:proph:184195;gene:proph:184194,Pseudomonas helleri,Multi-compound,Drug_and_biocide_resistance,Drug_and_biocide_RND_efflux_pumps,EMHC,0
gene:proph:184195;gene:proph:184194,Pseudomonas helleri,Multi-compound,Drug_and_biocide_resistance,Drug_and_biocide_RND_efflux_pumps,EMHC,0
gene:proph:184195;gene:proph:184194,Pseudomonas helleri,Multi-compound,Drug_and_biocide_resistance,Drug_and_biocide_RND_efflux_pumps,EMHC,0
gene:proph:184195;gene:proph:184194,Pseudomonas helleri,Multi-compound,Drug_and_biocide_resistance,Drug_and_biocide_RND_efflux_pumps,EMHC,0
gene:proph:184195;gene:proph:184194,Pseudomonas helleri,Multi-compound,Drug_and_biocide_resistance,Drug_and_biocide_RND_efflux_pumps,EMHC,0
gene:proph:184195;gene:proph:184194,Pseudomonas helleri,Multi-compound,Drug_and_biocide_resistance,Drug_and_biocide_RND_efflux_pumps,EMHC,0
gene:proph:184430;gene:proph:175953;gene:proph:184195;gene:proph:184194;gene:proph:184236;gene:proph:175955;gene:proph:184449,Pseudomonas helleri,Multi-compound,Drug_and_biocide_resistance,Drug_and_biocide_RND_efflux_pumps,EMHC,0
gene:proph:184195;gene:proph:184194,Pseudomonas helleri,Multi-compound,Drug_and_biocide_resistance,Drug_and_biocide_RND_efflux_pumps,EMHC,0
gene:proph:175950;gene:proph:175953;gene:proph:175954;gene:proph:184195;gene:proph:184194;gene:plasmid:112456;gene:proph:184236;gene:proph:175955,Pseudomonas lundensis,Multi-compound,Drug_and_biocide_resistance,Drug_and_biocide_RND_efflux_pumps,EMHC,0
gene:proph:184195;gene:proph:184194,Pseudomonas lundensis,Multi-compound,Drug_and_biocide_resistance,Drug_and_biocide_RND_efflux_pumps,EMHC,0
gene:plasmid:21021;gene:proph:184236;gene:proph:175950;gene:proph:175953;gene:proph:175954;gene:proph:175955;gene:proph:184195;gene:proph:184194,Pseudomonas lundensis,Multi-compound,Drug_and_biocide_resistance,Drug_and_biocide_RND_efflux_pumps,EMHC,0
gene:proph:175950;gene:proph:175953;gene:proph:175954;gene:proph:184195;gene:proph:184194;gene:proph:184236;gene:proph:175955,Pseudomonas lundensis,Multi-compound,Drug_and_biocide_resistance,Drug_and_biocide_RND_efflux_pumps,EMHC,0
gene:proph:175950;gene:proph:175953;gene:proph:175954;gene:proph:184195;gene:proph:184194;gene:proph:184236;gene:proph:175955,Pseudomonas lundensis,Multi-compound,Drug_and_biocide_resistance,Drug_and_biocide_RND_efflux_pumps,EMHC,0
gene:plasmid:21535,Pseudomonas rhodesiae,Multi-compound,Drug_and_biocide_resistance,Drug_and_biocide_RND_efflux_pumps,EMHC,0
gene:proph:184236;gene:proph:175957;gene:proph:175955;gene:plasmid:140796;gene:proph:175950;gene:proph:175956,Pseudomonas rustica,Multi-compound,Drug_and_biocide_resistance,Drug_and_biocide_RND_efflux_pumps,EMHC,0
gene:proph:184195;gene:proph:184194;gene:proph:184236,Pseudomonas saxonica,Multi-compound,Drug_and_biocide_resistance,Drug_and_biocide_RND_efflux_pumps,EMHC,0
gene:proph:184236;gene:proph:175950;gene:proph:175955;gene:proph:184195;gene:proph:184194,Pseudomonas saxonica,Multi-compound,Drug_and_biocide_resistance,Drug_and_biocide_RND_efflux_pumps,EMHC,0
gene:plasmid:115548;gene:proph:184192;gene:proph:184193;gene:plasmid:20884,Pseudomonas sp. AC109,Multi-compound,Drug_and_biocide_resistance,Drug_and_biocide_RND_efflux_pumps,EMHC,0
gene:plasmid:146598;gene:plasmid:20860;gene:proph:175950;gene:proph:184195;gene:proph:184194;gene:proph:184196;gene:proph:184202;gene:proph:184206;gene:proph:163072;gene:proph:184236;gene:proph:175955;gene:plasmid:115548;gene:proph:184192;gene:proph:184193;gene:plasmid:20884;gene:proph:179959;gene:plasmid:154897,Pseudomonas sp. AC109,Multi-compound,Drug_and_biocide_resistance,Drug_and_biocide_RND_efflux_pumps,EMHC,0
gene:plasmid:115548;gene:proph:184192;gene:proph:184193;gene:plasmid:21089,Pseudomonas sp. FP2294,Multi-compound,Drug_and_biocide_resistance,Drug_and_biocide_RND_efflux_pumps,EMHC,0
gene:plasmid:115548;gene:proph:184192;gene:proph:184193;gene:plasmid:154823,Pseudomonas sp. FP453,Multi-compound,Drug_and_biocide_resistance,Drug_and_biocide_RND_efflux_pumps,EMHC,0
gene:plasmid:21956;gene:plasmid:21946,Pseudomonas sp. FP453,Multi-compound,Drug_and_biocide_resistance,Drug_and_biocide_RND_efflux_pumps,EMHC,0
gene:proph:173723;gene:proph:179974,Pseudomonas sp. J380,Multi-compound,Drug_and_biocide_resistance,Drug_and_biocide_RND_efflux_pumps,EMHC,0
gene:plasmid:116634,Pseudomonas sp. MYb193,Multi-compound,Drug_and_biocide_resistance,Drug_and_biocide_RND_efflux_pumps,EMHC,0
gene:proph:184195;gene:proph:184194;gene:proph:184236,Pseudomonas sp. WC2401,Multi-compound,Drug_and_biocide_resistance,Drug_and_biocide_RND_efflux_pumps,EMHC,0
gene:proph:184195;gene:proph:184194;gene:proph:184236,Pseudomonas sp. WC2401,Multi-compound,Drug_and_biocide_resistance,Drug_and_biocide_RND_efflux_pumps,EMHC,0
gene:proph:175953;gene:proph:184194;gene:proph:184236;gene:plasmid:154774,Pseudomonas versuta,Multi-compound,Drug_and_biocide_resistance,Drug_and_biocide_RND_efflux_pumps,EMHC,0
gene:plasmid:134726;gene:plasmid:134726;gene:plasmid:93469;gene:plasmid:93507;gene:plasmid:93509,Enterobacter hormaechei,Biocides,Multi-biocide_resistance,Multi-biocide_MATE_efflux_pump,EMMDR,0
gene:proph:177427;gene:proph:177428;gene:proph:179486;gene:vir:4537;gene:vir:4536;gene:proph:176737;gene:proph:179490;gene:vir:4507;gene:vir:4508;gene:vir:4509;gene:proph:181093;gene:proph:159053,Enterobacter hormaechei,Multi-compound,Drug_and_biocide_resistance,Drug_and_biocide_MFS_efflux_pumps,EMRA,HPCIA
gene:proph:163976,Escherichia coli,Multi-compound,Drug_and_biocide_resistance,Drug_and_biocide_MFS_efflux_pumps,EMRA,HPCIA
gene:plasmid:123169;gene:plasmid:123170;gene:plasmid:123171;gene:plasmid:123173;gene:plasmid:123174;gene:plasmid:123175;gene:plasmid:123168,Citrobacter freundii,Multi-compound,Drug_and_biocide_resistance,Drug_and_biocide_MFS_efflux_pumps,EMRB,HPCIA
gene:plasmid:123169;gene:plasmid:123170;gene:plasmid:123171;gene:plasmid:123173;gene:plasmid:123174;gene:plasmid:123175;gene:plasmid:123168,Citrobacter freundii,Multi-compound,Drug_and_biocide_resistance,Drug_and_biocide_MFS_efflux_pumps,EMRB,HPCIA
gene:proph:177427;gene:proph:177428;gene:proph:179486;gene:vir:4537;gene:vir:4536;gene:proph:176737;gene:proph:179490;gene:vir:4507;gene:vir:4508;gene:vir:4509;gene:proph:181093;gene:proph:159053,Enterobacter hormaechei,Multi-compound,Drug_and_biocide_resistance,Drug_and_biocide_MFS_efflux_pumps,EMRB,HPCIA
gene:proph:163976,Escherichia coli,Multi-compound,Drug_and_biocide_resistance,Drug_and_biocide_MFS_efflux_pumps,EMRB,HPCIA
gene:proph:163818;gene:plasmid:134726;gene:plasmid:134726,Hafnia paralvei,Multi-compound,Drug_and_biocide_resistance,Drug_and_biocide_MFS_efflux_pumps,EMRB,HPCIA
gene:proph:163818;gene:plasmid:134726;gene:plasmid:134726,Hafnia paralvei,Multi-compound,Drug_and_biocide_resistance,Drug_and_biocide_MFS_efflux_pumps,EMRB,HPCIA
gene:proph:181243;gene:proph:163837;gene:plasmid:151225;gene:plasmid:148202;gene:plasmid:151223;gene:vir:1321;gene:proph:183581,Escherichia coli,Multi-compound,Drug_and_biocide_resistance,Drug_and_biocide_MFS_efflux_pumps,EMRK,HIA
gene:proph:176741;gene:proph:179486;gene:vir:4537;gene:proph:176738;gene:proph:181243;gene:proph:176742;gene:proph:179481;gene:proph:159046;gene:proph:179478;gene:proph:181109;gene:vir:79569;gene:proph:181158;gene:vir:4549;gene:proph:179474;gene:proph:176715;gene:vir:4555;gene:vir:4556;gene:vir:4557;gene:proph:181097;gene:vir:4507;gene:proph:181084;gene:proph:181083,Escherichia coli,Multi-compound,Drug_and_biocide_resistance,Drug_and_biocide_MFS_efflux_pumps,EMRK,HIA
gene:plasmid:123169;gene:plasmid:123170;gene:plasmid:123171;gene:plasmid:123173;gene:plasmid:123174;gene:plasmid:123175;gene:plasmid:123168,Citrobacter freundii,Multi-compound,Drug_and_biocide_resistance,Drug_and_biocide_MFS_efflux_regulator,EMRR,HPCIA
gene:plasmid:123169;gene:plasmid:123170;gene:plasmid:123171;gene:plasmid:123173;gene:plasmid:123174;gene:plasmid:123175;gene:plasmid:123168,Citrobacter freundii,Multi-compound,Drug_and_biocide_resistance,Drug_and_biocide_MFS_efflux_regulator,EMRR,HPCIA
gene:proph:177427;gene:proph:177428;gene:proph:179486;gene:vir:4537;gene:vir:4536;gene:proph:176737;gene:proph:179490;gene:vir:4507;gene:vir:4508;gene:vir:4509;gene:proph:181093;gene:proph:159053,Enterobacter hormaechei,Multi-compound,Drug_and_biocide_resistance,Drug_and_biocide_MFS_efflux_regulator,EMRR,HPCIA
gene:proph:163976,Escherichia coli,Multi-compound,Drug_and_biocide_resistance,Drug_and_biocide_MFS_efflux_regulator,EMRR,HPCIA
gene:proph:181243;gene:proph:163837;gene:plasmid:151225;gene:plasmid:148202;gene:plasmid:151223;gene:vir:1321;gene:proph:183581,Escherichia coli,Multi-compound,Drug_and_biocide_resistance,Drug_and_biocide_MFS_efflux_pumps,EMRY,HIA
gene:proph:176741;gene:proph:179486;gene:vir:4537;gene:proph:176738;gene:proph:181243;gene:proph:176742;gene:proph:179481;gene:proph:159046;gene:proph:179478;gene:proph:181109;gene:vir:79569;gene:proph:181158;gene:vir:4549;gene:proph:179474;gene:proph:176715;gene:vir:4555;gene:vir:4556;gene:vir:4557;gene:proph:181097;gene:vir:4507;gene:proph:181084;gene:proph:181083,Escherichia coli,Multi-compound,Drug_and_biocide_resistance,Drug_and_biocide_MFS_efflux_pumps,EMRY,HIA
gene:plasmid:123353,Escherichia coli,Drugs,Cationic_antimicrobial_peptides,Lipid_A_modification,EPTA,NA
gene:plasmid:151260,Klebsiella grimontii,Drugs,Lipopeptides,Colistin_phosphoethanolamine_transferase,EPTB,NA
gene:plasmid:151260,Klebsiella grimontii,Drugs,Lipopeptides,Colistin_phosphoethanolamine_transferase,EPTB,NA
gene:proph:176833;gene:proph:176835,Lelliottia amnigena,Drugs,Lipopeptides,Colistin_phosphoethanolamine_transferase,EPTB,NA
gene:proph:176833;gene:proph:176835,Lelliottia amnigena,Drugs,Lipopeptides,Colistin_phosphoethanolamine_transferase,EPTB,NA
gene:plasmid:85087,Gracilibacillus salitolerans,Drugs,MLS,23S_rRNA_methyltransferases,ERMA,CIA
gene:proph:181243;gene:proph:163837;gene:plasmid:151225;gene:plasmid:148202;gene:plasmid:151223;gene:vir:1321;gene:proph:183581,Escherichia coli,Biocides,Acid_resistance,Acid_resistance_regulator,EVGA,Authorized for use in humans only ?
gene:proph:176741;gene:proph:179486;gene:vir:4537;gene:proph:176738;gene:proph:181243;gene:proph:176742;gene:proph:179481;gene:proph:159046;gene:proph:179478;gene:proph:181109;gene:vir:79569;gene:proph:181158;gene:vir:4549;gene:proph:179474;gene:proph:176715;gene:vir:4555;gene:vir:4556;gene:vir:4557;gene:proph:181097;gene:vir:4507;gene:proph:181084;gene:proph:181083,Escherichia coli,Biocides,Acid_resistance,Acid_resistance_regulator,EVGA,Authorized for use in humans only ?
gene:proph:181243;gene:proph:163837;gene:plasmid:151225;gene:plasmid:148202;gene:plasmid:151223;gene:vir:1321;gene:proph:183581,Escherichia coli,Multi-compound,Drug_and_biocide_resistance,Drug_and_biocide_MFS_efflux_regulator,EVGS,Authorized for use in humans only ?
gene:proph:176741;gene:proph:179486;gene:vir:4537;gene:proph:176738;gene:proph:181243;gene:proph:176742;gene:proph:179481;gene:proph:159046;gene:proph:179478;gene:proph:181109;gene:vir:79569;gene:proph:181158;gene:vir:4549;gene:proph:179474;gene:proph:176715;gene:vir:4555;gene:vir:4556;gene:vir:4557;gene:proph:181097;gene:vir:4507;gene:proph:181084;gene:proph:181083,Escherichia coli,Multi-compound,Drug_and_biocide_resistance,Drug_and_biocide_MFS_efflux_regulator,EVGS,Authorized for use in humans only ?
gene:plasmid:93474;gene:plasmid:136993,Yersinia alsatica,Multi-compound,Drug_and_biocide_resistance,Drug_and_biocide_MFS_efflux_regulator,EVGS,Authorized for use in humans only ?
gene:plasmid:155991;gene:plasmid:155983;gene:plasmid:156052;gene:proph:175223;gene:proph:163818,Citrobacter freundii,Biocides,Phenolic_compound_resistance,Triclosan-resistant_mutation,FABG,0
gene:proph:161537;gene:proph:169464;gene:proph:169511;gene:proph:169512;gene:plasmid:155991;gene:plasmid:155983;gene:plasmid:156052;gene:proph:172517,Citrobacter freundii,Biocides,Phenolic_compound_resistance,Triclosan-resistant_mutation,FABG,0
gene:proph:161537;gene:proph:169464;gene:proph:169511;gene:proph:169512;gene:plasmid:155991;gene:plasmid:155983;gene:plasmid:156052;gene:proph:163818;gene:plasmid:24609;gene:proph:172517,Citrobacter freundii,Biocides,Phenolic_compound_resistance,Triclosan-resistant_mutation,FABG,0
gene:proph:173726;gene:proph:169464;gene:proph:169512;gene:plasmid:130030;gene:proph:169495;gene:proph:176833;gene:proph:176835;gene:proph:163818;gene:plasmid:93448;gene:proph:169507;gene:vir:105780;gene:vir:105774,Enterobacter hormaechei,Biocides,Phenolic_compound_resistance,Triclosan-resistant_mutation,FABG,0
gene:proph:179440;gene:proph:181296;gene:proph:172518;gene:proph:172519;gene:proph:172520;gene:proph:172521;gene:proph:172522;gene:proph:172523;gene:proph:172524;gene:proph:172517,Escherichia coli,Biocides,Phenolic_compound_resistance,Triclosan-resistant_mutation,FABG,0
gene:proph:182947;gene:proph:182971;gene:proph:182951;gene:proph:182952;gene:proph:179383;gene:proph:179426;gene:proph:183644;gene:proph:172518;gene:proph:172519;gene:proph:172520;gene:proph:172521;gene:proph:172522;gene:proph:172523;gene:proph:172524;gene:proph:172517;gene:proph:163818;gene:proph:179418;gene:proph:179425;gene:proph:179382;gene:proph:179387;gene:proph:182978;gene:proph:182984;gene:proph:182982,Escherichia coli,Biocides,Phenolic_compound_resistance,Triclosan-resistant_mutation,FABG,0
gene:plasmid:156052;gene:proph:169464;gene:proph:169512;gene:plasmid:125744;gene:proph:172517,Klebsiella grimontii,Biocides,Phenolic_compound_resistance,Triclosan-resistant_mutation,FABG,0
gene:plasmid:156052;gene:proph:169464;gene:proph:169512;gene:plasmid:125744;gene:proph:172517,Klebsiella grimontii,Biocides,Phenolic_compound_resistance,Triclosan-resistant_mutation,FABG,0
gene:plasmid:125744,Klebsiella grimontii,Biocides,Phenolic_compound_resistance,Triclosan-resistant_mutation,FABG,0
gene:plasmid:156052;gene:proph:169464;gene:proph:169512;gene:plasmid:125744;gene:proph:172517,Klebsiella grimontii,Biocides,Phenolic_compound_resistance,Triclosan-resistant_mutation,FABG,0
gene:plasmid:157743;gene:proph:169464;gene:proph:169512;gene:proph:170892;gene:plasmid:125744;gene:plasmid:124575;gene:plasmid:123175;gene:plasmid:90202;gene:proph:172517,Klebsiella sp. HC6,Biocides,Phenolic_compound_resistance,Triclosan-resistant_mutation,FABG,0
gene:proph:169464;gene:proph:169512;gene:plasmid:125744,Lelliottia amnigena,Biocides,Phenolic_compound_resistance,Triclosan-resistant_mutation,FABG,0
gene:proph:169464;gene:proph:169512;gene:proph:172517,Superficieibacter sp. BNK-5,Biocides,Phenolic_compound_resistance,Triclosan-resistant_mutation,FABG,0
gene:plasmid:120395;gene:plasmid:93482;gene:plasmid:21988;gene:plasmid:21989;gene:plasmid:93486,Enterobacter hormaechei,Biocides,Phenolic_compound_resistance,Phenolic_resistance_protein,FABI,0
gene:plasmid:120395,Enterobacter hormaechei,Biocides,Phenolic_compound_resistance,Phenolic_resistance_protein,FABI,0
gene:proph:172517;gene:plasmid:88467;gene:plasmid:153880;gene:plasmid:112498;gene:plasmid:154014;gene:plasmid:22293;gene:vir:105410;gene:plasmid:117744;gene:proph:169464;gene:proph:169511;gene:proph:172522,Escherichia coli,Biocides,Phenolic_compound_resistance,Phenolic_resistance_protein,FABI,0
gene:plasmid:149414,Escherichia coli,Biocides,Phenolic_compound_resistance,Phenolic_resistance_protein,FABI,0
gene:proph:182947;gene:proph:182971;gene:proph:182951;gene:proph:182952;gene:proph:179383;gene:proph:179426;gene:proph:183644;gene:proph:172518;gene:proph:172519;gene:proph:172520;gene:proph:172521;gene:proph:172522;gene:proph:172523;gene:proph:172524;gene:proph:172517;gene:proph:163818;gene:proph:179418;gene:proph:179425;gene:proph:179382;gene:proph:179387;gene:proph:182978;gene:proph:182984;gene:proph:182982,Escherichia coli,Biocides,Phenolic_compound_resistance,Phenolic_resistance_protein,FABI,0
gene:plasmid:123175;gene:plasmid:88437;gene:plasmid:88436;gene:plasmid:88435,Escherichia coli,Multi-compound,Biocide_and_metal_resistance,Biocide_and_metal_ABC_efflux_pumps,FETA,0
gene:proph:179436;gene:proph:179435;gene:proph:179433;gene:plasmid:123173;gene:plasmid:123175;gene:plasmid:88437;gene:plasmid:88436;gene:plasmid:88435,Escherichia coli,Multi-compound,Biocide_and_metal_resistance,Biocide_and_metal_ABC_efflux_pumps,FETA,0
gene:plasmid:123175;gene:plasmid:88437;gene:plasmid:88436;gene:plasmid:88435,Escherichia coli,Multi-compound,Biocide_and_metal_resistance,Biocide_and_metal_ABC_efflux_pumps,FETB,0
gene:proph:179436;gene:proph:179435;gene:proph:179433;gene:plasmid:123173;gene:plasmid:123175;gene:plasmid:88437;gene:plasmid:88436;gene:plasmid:88435,Escherichia coli,Multi-compound,Biocide_and_metal_resistance,Biocide_and_metal_ABC_efflux_pumps,FETB,0
gene:proph:163818;gene:plasmid:123257;gene:plasmid:91947,Escherichia coli,Drugs,Sulfonamides,Sulfonamide-resistant_dihydropteroate_synthases,FOLP,HIA
gene:plasmid:20019;gene:plasmid:15306,Aeromonas salmonicida,Biocides,Aldehyde_resistance,Aldehyde_degradation,FORMA,HPCIA
gene:proph:170535;gene:proph:170540;gene:proph:179208;gene:proph:170536;gene:proph:170537;gene:proph:170528;gene:proph:179204,Enterobacter hormaechei,Drugs,Fosfomycin,Fosfomycin_thiol_transferases,FOSA,HPCIA
gene:proph:170535;gene:proph:170540;gene:proph:179208;gene:proph:170536;gene:proph:170537;gene:proph:170528;gene:proph:179204,Enterobacter hormaechei,Drugs,Fosfomycin,Fosfomycin_thiol_transferases,FOSA,HPCIA
gene:plasmid:132193,Pseudolactococcus raffinolactis,Drugs,Fusidic_acid,Fusidic_acid-resistant_mutation,FUSA,HIA
gene:plasmid:135624,Macrococcoides bohemicum,Drugs,Fusidic_acid,Ribosomal_zinc-binding_protein,FUSC,HIA
gene:plasmid:135624,Macrococcoides bohemicum,Drugs,Fusidic_acid,Ribosomal_zinc-binding_protein,FUSC,HIA
gene:plasmid:135624,Macrococcus sp. IME1552,Drugs,Fusidic_acid,Ribosomal_zinc-binding_protein,FUSC,HIA
gene:plasmid:135624,Macrococcus sp. IME1552,Drugs,Fusidic_acid,Ribosomal_zinc-binding_protein,FUSC,HIA
gene:plasmid:149414,Escherichia coli,Biocides,Acid_resistance,Acid_resistance_protein,GADC,0
gene:plasmid:21818,Escherichia coli,Biocides,Acid_resistance,Acid_resistance_regulator,GADE,0
gene:plasmid:21818,Escherichia coli,Multi-compound,Drug_and_biocide_resistance,Drug_and_biocide_RND_efflux_regulator,GADW,Authorized for use in humans only ?
gene:plasmid:21818,Escherichia coli,Multi-compound,Drug_and_biocide_resistance,Drug_and_biocide_RND_efflux_regulator,GADX,Authorized for use in humans only ?
gene:proph:182964,Citrobacter freundii,Multi-compound,Biocide_and_metal_resistance,Biocide_and_metal_resistance_protein,GLPF,0
gene:proph:182964,Citrobacter freundii,Multi-compound,Biocide_and_metal_resistance,Biocide_and_metal_resistance_protein,GLPF,0
gene:plasmid:157741,Escherichia coli,Multi-compound,Biocide_and_metal_resistance,Biocide_and_metal_resistance_protein,GLPF,0
gene:plasmid:16162,Escherichia coli,Multi-compound,Biocide_and_metal_resistance,Biocide_and_metal_resistance_protein,GLPF,0
gene:plasmid:88446;gene:plasmid:123887,Kluyvera cryocrescens,Multi-compound,Biocide_and_metal_resistance,Biocide_and_metal_resistance_protein,GLPF,0
gene:plasmid:86179;gene:proph:161537,Citrobacter freundii,Drugs,Fosfomycin,Fosfomycin_target_mutation,GLPT,HPCIA
gene:vir:7156;gene:proph:183597;gene:plasmid:134726;gene:plasmid:134726;gene:proph:161537;gene:plasmid:86179,Citrobacter freundii,Drugs,Fosfomycin,Fosfomycin_target_mutation,GLPT,HPCIA
gene:proph:161537;gene:vir:103532;gene:proph:183597;gene:plasmid:134726;gene:plasmid:134726;gene:proph:161537;gene:plasmid:86179;gene:proph:169502;gene:proph:179460;gene:proph:176082;gene:vir:389;gene:vir:393;gene:vir:1904;gene:proph:161536,Citrobacter freundii,Drugs,Fosfomycin,Fosfomycin_target_mutation,GLPT,HPCIA
gene:proph:181243;gene:proph:163837;gene:plasmid:151225;gene:plasmid:148202;gene:plasmid:151223;gene:vir:1321;gene:proph:183581,Escherichia coli,Drugs,Fosfomycin,Fosfomycin_target_mutation,GLPT,HPCIA
gene:proph:176040;gene:vir:1321;gene:proph:183581,Escherichia coli,Drugs,Fosfomycin,Fosfomycin_target_mutation,GLPT,HPCIA
gene:proph:159396,Rahnella aceris,Drugs,Fosfomycin,Fosfomycin_target_mutation,GLPT,HPCIA
gene:plasmid:134726;gene:plasmid:134726,Superficieibacter sp. BNK-5,Drugs,Fosfomycin,Fosfomycin_target_mutation,GLPT,HPCIA
gene:plasmid:86179,Citrobacter freundii,Drugs,Fluoroquinolones,Fluoroquinolone-resistant_DNA_topoisomerases,GYRA,HPCIA
gene:plasmid:86179;gene:proph:161537,Citrobacter freundii,Drugs,Fluoroquinolones,Fluoroquinolone-resistant_DNA_topoisomerases,GYRA,HPCIA
gene:vir:7156;gene:proph:183597;gene:plasmid:134726;gene:plasmid:134726;gene:proph:161537;gene:plasmid:86179,Citrobacter freundii,Drugs,Fluoroquinolones,Fluoroquinolone-resistant_DNA_topoisomerases,GYRA,HPCIA
gene:plasmid:86179,Citrobacter freundii,Drugs,Fluoroquinolones,Fluoroquinolone-resistant_DNA_topoisomerases,GYRA,HPCIA
gene:proph:161537;gene:vir:103532;gene:proph:183597;gene:plasmid:134726;gene:plasmid:134726;gene:proph:161537;gene:plasmid:86179;gene:proph:169502;gene:proph:179460;gene:proph:176082;gene:vir:389;gene:vir:393;gene:vir:1904;gene:proph:161536,Citrobacter freundii,Drugs,Fluoroquinolones,Fluoroquinolone-resistant_DNA_topoisomerases,GYRA,HPCIA
gene:plasmid:134726;gene:plasmid:134726;gene:plasmid:93469;gene:plasmid:93507;gene:plasmid:93509,Enterobacter hormaechei,Drugs,Fluoroquinolones,Fluoroquinolone-resistant_DNA_topoisomerases,GYRA,HPCIA
gene:proph:181243;gene:proph:163837;gene:plasmid:151225;gene:plasmid:148202;gene:plasmid:151223;gene:vir:1321;gene:proph:183581,Escherichia coli,Drugs,Fluoroquinolones,Fluoroquinolone-resistant_DNA_topoisomerases,GYRA,HPCIA
gene:vir:103532;gene:plasmid:93399;gene:proph:179244;gene:proph:183597;gene:plasmid:134726;gene:plasmid:134726;gene:plasmid:14231;gene:proph:179307;gene:vir:441;gene:vir:194;gene:proph:179327;gene:proph:179377,Escherichia coli,Drugs,Fluoroquinolones,Fluoroquinolone-resistant_DNA_topoisomerases,GYRA,HPCIA
gene:proph:176040;gene:vir:1321;gene:proph:183581,Escherichia coli,Drugs,Fluoroquinolones,Fluoroquinolone-resistant_DNA_topoisomerases,GYRA,HPCIA
gene:plasmid:119512;gene:plasmid:119478,Hafnia paralvei,Drugs,Fluoroquinolones,Fluoroquinolone-resistant_DNA_topoisomerases,GYRA,HPCIA
gene:plasmid:119512;gene:plasmid:119478,Hafnia paralvei,Drugs,Fluoroquinolones,Fluoroquinolone-resistant_DNA_topoisomerases,GYRA,HPCIA
gene:proph:168063;gene:plasmid:119512;gene:plasmid:119478;gene:vir:108429,Hafnia paralvei,Drugs,Fluoroquinolones,Fluoroquinolone-resistant_DNA_topoisomerases,GYRA,HPCIA
gene:plasmid:134726;gene:plasmid:134726,Klebsiella grimontii,Drugs,Fluoroquinolones,Fluoroquinolone-resistant_DNA_topoisomerases,GYRA,HPCIA
gene:plasmid:134726;gene:plasmid:134726,Klebsiella grimontii,Drugs,Fluoroquinolones,Fluoroquinolone-resistant_DNA_topoisomerases,GYRA,HPCIA
gene:plasmid:134726,Klebsiella grimontii,Drugs,Fluoroquinolones,Fluoroquinolone-resistant_DNA_topoisomerases,GYRA,HPCIA
gene:plasmid:134726;gene:plasmid:134726,Klebsiella grimontii,Drugs,Fluoroquinolones,Fluoroquinolone-resistant_DNA_topoisomerases,GYRA,HPCIA
gene:plasmid:119712,Kluyvera cryocrescens,Drugs,Fluoroquinolones,Fluoroquinolone-resistant_DNA_topoisomerases,GYRA,HPCIA
gene:proph:169464;gene:proph:179985;gene:proph:179984,Pseudomonas bubulae,Drugs,Fluoroquinolones,Fluoroquinolone-resistant_DNA_topoisomerases,GYRA,HPCIA
gene:proph:169464,Pseudomonas fragi,Drugs,Fluoroquinolones,Fluoroquinolone-resistant_DNA_topoisomerases,GYRA,HPCIA
gene:proph:169464,Pseudomonas fragi,Drugs,Fluoroquinolones,Fluoroquinolone-resistant_DNA_topoisomerases,GYRA,HPCIA
gene:proph:173746;gene:plasmid:26360;gene:proph:169464,Pseudomonas fragi,Drugs,Fluoroquinolones,Fluoroquinolone-resistant_DNA_topoisomerases,GYRA,HPCIA
gene:plasmid:26949;gene:plasmid:26360;gene:proph:173746;gene:proph:169464;gene:proph:179985;gene:proph:179984,Pseudomonas fragi,Drugs,Fluoroquinolones,Fluoroquinolone-resistant_DNA_topoisomerases,GYRA,HPCIA
gene:proph:173746;gene:plasmid:26360;gene:proph:169464,Pseudomonas fragi,Drugs,Fluoroquinolones,Fluoroquinolone-resistant_DNA_topoisomerases,GYRA,HPCIA
gene:plasmid:20668;gene:plasmid:20669,Pseudomonas lundensis,Drugs,Fluoroquinolones,Fluoroquinolone-resistant_DNA_topoisomerases,GYRA,HPCIA
gene:proph:173746;gene:proph:163163,Pseudomonas putida,Drugs,Fluoroquinolones,Fluoroquinolone-resistant_DNA_topoisomerases,GYRA,HPCIA
gene:plasmid:137174;gene:plasmid:137265,Pseudomonas saxonica,Drugs,Fluoroquinolones,Fluoroquinolone-resistant_DNA_topoisomerases,GYRA,HPCIA
gene:plasmid:115548;gene:proph:184192;gene:proph:184193;gene:plasmid:20884,Pseudomonas sp. AC109,Drugs,Fluoroquinolones,Fluoroquinolone-resistant_DNA_topoisomerases,GYRA,HPCIA
gene:plasmid:146598;gene:plasmid:20860;gene:proph:175950;gene:proph:184195;gene:proph:184194;gene:proph:184196;gene:proph:184202;gene:proph:184206;gene:proph:163072;gene:proph:184236;gene:proph:175955;gene:plasmid:115548;gene:proph:184192;gene:proph:184193;gene:plasmid:20884;gene:proph:179959;gene:plasmid:154897,Pseudomonas sp. AC109,Drugs,Fluoroquinolones,Fluoroquinolone-resistant_DNA_topoisomerases,GYRA,HPCIA
gene:plasmid:134726;gene:plasmid:134726,Rahnella aquatilis,Drugs,Fluoroquinolones,Fluoroquinolone-resistant_DNA_topoisomerases,GYRA,HPCIA
gene:plasmid:21942;gene:plasmid:22293;gene:proph:176833;gene:plasmid:125744;gene:plasmid:119871,Serratia liquefaciens,Drugs,Fluoroquinolones,Fluoroquinolone-resistant_DNA_topoisomerases,GYRA,HPCIA
gene:plasmid:22293;gene:proph:176833;gene:plasmid:11362;gene:plasmid:119871,Serratia liquefaciens,Drugs,Fluoroquinolones,Fluoroquinolone-resistant_DNA_topoisomerases,GYRA,HPCIA
gene:plasmid:134726;gene:plasmid:134726,Superficieibacter sp. BNK-5,Drugs,Fluoroquinolones,Fluoroquinolone-resistant_DNA_topoisomerases,GYRA,HPCIA
gene:proph:163979;gene:proph:166152,Yersinia alsatica,Drugs,Fluoroquinolones,Fluoroquinolone-resistant_DNA_topoisomerases,GYRA,HPCIA
gene:plasmid:117701;gene:plasmid:117686;gene:plasmid:117671;gene:proph:176833;gene:proph:176835,Enterobacter hormaechei,Drugs,Fluoroquinolones,Fluoroquinolone-resistant_DNA_topoisomerases,GYRB,HPCIA
gene:plasmid:117701;gene:plasmid:117686;gene:plasmid:117671;gene:proph:176833;gene:proph:176835,Enterobacter hormaechei,Drugs,Fluoroquinolones,Fluoroquinolone-resistant_DNA_topoisomerases,GYRB,HPCIA
gene:plasmid:145291;gene:plasmid:157593,Pseudomonas brenneri,Drugs,Fluoroquinolones,Fluoroquinolone-resistant_DNA_topoisomerases,GYRB,HPCIA
gene:plasmid:145289,Pseudomonas lundensis,Drugs,Fluoroquinolones,Fluoroquinolone-resistant_DNA_topoisomerases,GYRB,HPCIA
gene:plasmid:145291,Pseudomonas sp. FP2294,Drugs,Fluoroquinolones,Fluoroquinolone-resistant_DNA_topoisomerases,GYRB,HPCIA
gene:plasmid:145291,Pseudomonas sp. J380,Drugs,Fluoroquinolones,Fluoroquinolone-resistant_DNA_topoisomerases,GYRB,HPCIA
gene:proph:159396,Serratia liquefaciens,Drugs,Fluoroquinolones,Fluoroquinolone-resistant_DNA_topoisomerases,GYRB,HPCIA
gene:proph:159396,Serratia liquefaciens,Drugs,Fluoroquinolones,Fluoroquinolone-resistant_DNA_topoisomerases,GYRB,HPCIA
gene:plasmid:88446;gene:plasmid:123887,Kluyvera cryocrescens,Drugs,Aminocoumarins,Aminocoumarin-resistant_DNA_topoisomerases,GYRBA,Not medically important
gene:plasmid:145289;gene:plasmid:145257;gene:plasmid:145291;gene:plasmid:22225;gene:plasmid:85668;gene:plasmid:124491,Pseudomonas qingdaonensis,Drugs,Aminocoumarins,Aminocoumarin-resistant_DNA_topoisomerases,GYRBA,Not medically important
gene:plasmid:85668;gene:plasmid:156472;gene:plasmid:22225;gene:plasmid:22605,Pseudomonas qingdaonensis,Drugs,Aminocoumarins,Aminocoumarin-resistant_DNA_topoisomerases,GYRBA,Not medically important
gene:plasmid:156013;gene:plasmid:88436;gene:plasmid:21818,Superficieibacter sp. BNK-5,Drugs,Aminocoumarins,Aminocoumarin-resistant_DNA_topoisomerases,GYRBA,Not medically important
gene:plasmid:27303;gene:plasmid:133420,Serratia liquefaciens,Biocides,Multi-biocide_resistance,Multi-biocide_RND_efflux_pump,HASF,0
gene:plasmid:27303;gene:plasmid:133420;gene:proph:183015,Serratia liquefaciens,Biocides,Multi-biocide_resistance,Multi-biocide_RND_efflux_pump,HASF,0
gene:plasmid:21818,Escherichia coli,Biocides,Acid_resistance,Acid_resistance_protein,HDEA,0
gene:plasmid:21818,Escherichia coli,Biocides,Acid_resistance,Acid_resistance_protein,HDEB,0
gene:proph:169502;gene:proph:179464;gene:proph:173446;gene:proph:161622;gene:proph:161623;gene:proph:161624;gene:proph:161626;gene:proph:173413;gene:proph:181117;gene:proph:169499,Citrobacter braakii,Drugs,Multi-drug_resistance,Multi-drug_RND_efflux_pumps,HNS,Authorized for use in humans only ?
gene:proph:175311;gene:proph:169502;gene:proph:179464;gene:proph:173446;gene:proph:161622;gene:proph:161623;gene:proph:161624;gene:proph:161626;gene:proph:173413;gene:proph:161537;gene:proph:164865;gene:proph:175130;gene:proph:169503,Citrobacter freundii,Drugs,Multi-drug_resistance,Multi-drug_RND_efflux_pumps,HNS,Authorized for use in humans only ?
gene:plasmid:149415,Enterobacter hormaechei,Drugs,Multi-drug_resistance,Multi-drug_RND_efflux_pumps,HNS,Authorized for use in humans only ?
gene:plasmid:149415,Enterobacter hormaechei,Drugs,Multi-drug_resistance,Multi-drug_RND_efflux_pumps,HNS,Authorized for use in humans only ?
gene:proph:172517;gene:plasmid:88467;gene:plasmid:153880;gene:plasmid:112498;gene:plasmid:154014;gene:plasmid:22293;gene:vir:105410;gene:plasmid:117744;gene:proph:169464;gene:proph:169511;gene:proph:172522,Escherichia coli,Drugs,Multi-drug_resistance,Multi-drug_RND_efflux_pumps,HNS,Authorized for use in humans only ?
gene:plasmid:149414,Escherichia coli,Drugs,Multi-drug_resistance,Multi-drug_RND_efflux_pumps,HNS,Authorized for use in humans only ?
gene:proph:182947;gene:proph:182971;gene:proph:182951;gene:proph:182952;gene:proph:179383;gene:proph:179426;gene:proph:183644;gene:proph:172518;gene:proph:172519;gene:proph:172520;gene:proph:172521;gene:proph:172522;gene:proph:172523;gene:proph:172524;gene:proph:172517;gene:proph:163818;gene:proph:179418;gene:proph:179425;gene:proph:179382;gene:proph:179387;gene:proph:182978;gene:proph:182984;gene:proph:182982,Escherichia coli,Drugs,Multi-drug_resistance,Multi-drug_RND_efflux_pumps,HNS,Authorized for use in humans only ?
gene:plasmid:93482;gene:plasmid:93474;gene:plasmid:93475;gene:plasmid:149415;gene:plasmid:119655;gene:plasmid:119658;gene:plasmid:21291,Klebsiella sp. HC6,Drugs,Multi-drug_resistance,Multi-drug_RND_efflux_pumps,HNS,Authorized for use in humans only ?
gene:proph:183623;gene:proph:179343;gene:proph:163853;gene:proph:169507;gene:vir:105780,Lelliottia amnigena,Drugs,Multi-drug_resistance,Multi-drug_RND_efflux_pumps,HNS,Authorized for use in humans only ?
gene:plasmid:123353,Escherichia coli,Biocides,Acetate_resistance,Acetate_resistance_protein,ICLR,0
gene:proph:173746;gene:proph:183000,Kluyvera cryocrescens,Biocides,Acetate_resistance,Acetate_resistance_protein,ICLR,0
gene:proph:173726;gene:proph:169464;gene:proph:169512;gene:plasmid:130030;gene:proph:169495;gene:proph:176833;gene:proph:176835;gene:proph:163818;gene:plasmid:93448;gene:proph:169507;gene:vir:105780;gene:vir:105774,Enterobacter hormaechei,Multi-compound,Drug_and_biocide_resistance,Drug_and_biocide_MFS_efflux_pumps,KDEA,0
gene:proph:163818;gene:proph:179258;gene:plasmid:124311;gene:proph:179262;gene:proph:179263,Klebsiella grimontii,Multi-compound,Drug_and_biocide_resistance,Drug_and_biocide_MFS_efflux_pumps,KDEA,0
gene:proph:163818;gene:proph:179258;gene:plasmid:124311;gene:proph:179262;gene:proph:179263,Klebsiella grimontii,Multi-compound,Drug_and_biocide_resistance,Drug_and_biocide_MFS_efflux_pumps,KDEA,0
gene:plasmid:124311,Klebsiella grimontii,Multi-compound,Drug_and_biocide_resistance,Drug_and_biocide_MFS_efflux_pumps,KDEA,0
gene:proph:163818;gene:proph:179258;gene:plasmid:124311;gene:proph:179262;gene:proph:179263,Klebsiella grimontii,Multi-compound,Drug_and_biocide_resistance,Drug_and_biocide_MFS_efflux_pumps,KDEA,0
gene:plasmid:125744,Citrobacter freundii,Drugs,Aminoglycosides,Aminoglycoside_efflux_pumps,KDPE,CIA
gene:proph:179436;gene:proph:179435;gene:proph:179433;gene:plasmid:123173;gene:plasmid:123175;gene:plasmid:88437;gene:plasmid:88436;gene:plasmid:88435,Escherichia coli,Drugs,Aminoglycosides,Aminoglycoside_efflux_pumps,KDPE,CIA
gene:plasmid:21988;gene:plasmid:149415;gene:plasmid:154014;gene:plasmid:91947,Klebsiella sp. HC6,Biocides,Multi-biocide_resistance,Multi-biocide_RND_efflux_pump,KEXD,0
gene:plasmid:119871;gene:plasmid:154014;gene:plasmid:149415;gene:plasmid:93494;gene:plasmid:93486,Klebsiella grimontii,Multi-compound,Drug_and_biocide_resistance,Drug_and_biocide_MFS_efflux_pumps,KMRA,0
gene:plasmid:119871;gene:plasmid:154014;gene:plasmid:149415;gene:plasmid:93494;gene:plasmid:93486,Klebsiella grimontii,Multi-compound,Drug_and_biocide_resistance,Drug_and_biocide_MFS_efflux_pumps,KMRA,0
gene:plasmid:119871;gene:plasmid:154014;gene:plasmid:149415;gene:plasmid:93494;gene:plasmid:93486,Klebsiella grimontii,Multi-compound,Drug_and_biocide_resistance,Drug_and_biocide_MFS_efflux_pumps,KMRA,0
gene:plasmid:21988;gene:plasmid:149415;gene:plasmid:154014;gene:plasmid:91947,Klebsiella sp. HC6,Multi-compound,Drug_and_biocide_resistance,Drug_and_biocide_MFS_efflux_pumps,KMRA,0
gene:proph:183597,Pantoea agglomerans,Multi-compound,Drug_and_biocide_resistance,Drug_and_biocide_MFS_efflux_pumps,KPN,0
gene:proph:161537,Citrobacter freundii,Multi-compound,Drug_and_biocide_resistance,Drug_and_biocide_SMR_efflux_pumps,KPNO,0
gene:proph:161537,Citrobacter freundi,Multi-compound,Drug_and_biocide_resistance,Drug_and_biocide_SMR_efflux_pumps,KPNO,0
gene:proph:181243;gene:proph:163837;gene:plasmid:151225;gene:plasmid:148202;gene:plasmid:151223;gene:vir:1321;gene:proph:183581,Escherichia coli,Multi-compound,Drug_and_biocide_resistance,Drug_and_biocide_SMR_efflux_pumps,KPNO,0
gene:proph:176040;gene:vir:1321;gene:proph:183581,Escherichia coli,Multi-compound,Drug_and_biocide_resistance,Drug_and_biocide_SMR_efflux_pumps,KPNO,0
gene:proph:163818,Pantoea agglomerans,Multi-compound,Drug_and_biocide_resistance,Drug_and_biocide_SMR_efflux_pumps,KPNO,0
gene:plasmid:117746;gene:plasmid:117744,Lelliottia amnigena,Drugs,betalactams,Class_C_betalactamases,LAQ,Authorized for use in humans only ?
ICEberg|304|ICESga43143-1|GenBank|AP012053|1643376..1661407,Enterococcus faecalis,Drugs,Lipopeptides,Daptomycin-resistant_mutant,LIAFSR,Authorized for use in humans only
ICEberg|304|ICESga43143-1|GenBank|AP012053|1643376..1661407,Enterococcus faecalis,Drugs,Lipopeptides,Daptomycin-resistant_mutant,LIAFSR,Authorized for use in humans only
ICEberg|304|ICESga43143-1|GenBank|AP012053|1643376..1661407,Enterococcus faecalis,Drugs,Lipopeptides,Daptomycin-resistant_mutant,LIAFSR,Authorized for use in humans only
ICEberg|304|ICESga43143-1|GenBank|AP012053|1643376..1661407,Enterococcus faecalis,Drugs,Lipopeptides,Daptomycin-resistant_mutant,LIAFSR,Authorized for use in humans only
ICEberg|304|ICESga43143-1|GenBank|AP012053|1643376..1661407,Enterococcus faecalis,Drugs,Lipopeptides,Daptomycin-resistant_mutant,LIAFSR,Authorized for use in humans only
ICEberg|304|ICESga43143-1|GenBank|AP012053|1643376..1661407,Enterococcus faecalis,Drugs,Lipopeptides,Daptomycin-resistant_mutant,LIAFSR,Authorized for use in humans only
gene:proph:183052;gene:proph:162923;gene:vir:3401;gene:proph:183058;gene:proph:183059;gene:proph:162954;gene:proph:163039;gene:proph:183231;gene:proph:162936,Lactococcus cremoris,Drugs,Multi-drug_resistance,Multi-drug_ABC_efflux_pumps,LMRD,HIA
ICEberg|404|Tn5301|GenBank|S54034|1..515,Lactococcus cremoris,Drugs,Multi-drug_resistance,Multi-drug_ABC_efflux_pumps,LMRD,HIA
ICEberg|404|Tn5301|GenBank|S54034|1..515,Lactococcus cremoris,Drugs,Multi-drug_resistance,Multi-drug_ABC_efflux_pumps,LMRD,HIA
gene:plasmid:17313;gene:plasmid:17312;gene:plasmid:17311;gene:plasmid:17310;gene:plasmid:17309;gene:plasmid:17308;gene:plasmid:17307;gene:plasmid:17306;gene:plasmid:17300;ICEberg|404|Tn5301|GenBank|S54034|1..515;gene:plasmid:135980;gene:plasmid:135959;gene:plasmid:17299,Lactococcus cremoris,Drugs,Multi-drug_resistance,Multi-drug_ABC_efflux_pumps,LMRD,HIA
ICEberg|404|Tn5301|GenBank|S54034|1..515,Lactococcus cremoris,Drugs,Multi-drug_resistance,Multi-drug_ABC_efflux_pumps,LMRD,HIA
gene:plasmid:135980;gene:plasmid:135959,Lactococcus cremoris,Drugs,Multi-drug_resistance,Multi-drug_ABC_efflux_pumps,LMRD,HIA
ICEberg|404|Tn5301|GenBank|S54034|1..515,Lactococcus cremoris,Drugs,Multi-drug_resistance,Multi-drug_ABC_efflux_pumps,LMRD,HIA
ICEberg|404|Tn5301|GenBank|S54034|1..515,Lactococcus cremoris,Drugs,Multi-drug_resistance,Multi-drug_ABC_efflux_pumps,LMRD,HIA
ICEberg|404|Tn5301|GenBank|S54034|1..515,Lactococcus cremoris,Drugs,Multi-drug_resistance,Multi-drug_ABC_efflux_pumps,LMRD,HIA
ICEberg|404|Tn5301|GenBank|S54034|1..515,Lactococcus cremoris,Drugs,Multi-drug_resistance,Multi-drug_ABC_efflux_pumps,LMRD,HIA
ICEberg|404|Tn5301|GenBank|S54034|1..515,Lactococcus cremoris,Drugs,Multi-drug_resistance,Multi-drug_ABC_efflux_pumps,LMRD,HIA
ICEberg|404|Tn5301|GenBank|S54034|1..515,Lactococcus cremoris,Drugs,Multi-drug_resistance,Multi-drug_ABC_efflux_pumps,LMRD,HIA
ICEberg|404|Tn5301|GenBank|S54034|1..515;gene:plasmid:135980;gene:plasmid:135959,Lactococcus cremoris,Drugs,Multi-drug_resistance,Multi-drug_ABC_efflux_pumps,LMRD,HIA
ICEberg|404|Tn5301|GenBank|S54034|1..515;gene:plasmid:135980;gene:plasmid:135959,Lactococcus cremoris,Drugs,Multi-drug_resistance,Multi-drug_ABC_efflux_pumps,LMRD,HIA
gene:plasmid:135980,Lactococcus cremoris,Drugs,Multi-drug_resistance,Multi-drug_ABC_efflux_pumps,LMRD,HIA
ICEberg|404|Tn5301|GenBank|S54034|1..515,Lactococcus cremoris,Drugs,Multi-drug_resistance,Multi-drug_ABC_efflux_pumps,LMRD,HIA
ICEberg|404|Tn5301|GenBank|S54034|1..515,Lactococcus cremoris,Drugs,Multi-drug_resistance,Multi-drug_ABC_efflux_pumps,LMRD,HIA
gene:vir:1138;gene:proph:162954;gene:vir:1139;gene:vir:1141;gene:vir:1142;gene:vir:1143;gene:vir:1144,Lactococcus cremoris,Drugs,Multi-drug_resistance,Multi-drug_ABC_efflux_pumps,LMRD,HIA
ICEberg|404|Tn5301|GenBank|S54034|1..515,Lactococcus cremoris,Drugs,Multi-drug_resistance,Multi-drug_ABC_efflux_pumps,LMRD,HIA
ICEberg|404|Tn5301|GenBank|S54034|1..515;gene:vir:1129;gene:vir:1130;gene:vir:1131;gene:vir:1132;gene:vir:1133;gene:vir:1134;gene:vir:1135;gene:vir:1136;gene:vir:1138;gene:proph:162954;gene:vir:1139;gene:vir:1141;gene:vir:1142;gene:vir:1143;gene:vir:1144;gene:vir:1145;gene:vir:1128,Lactococcus cremoris,Drugs,Multi-drug_resistance,Multi-drug_ABC_efflux_pumps,LMRD,HIA
ICEberg|404|Tn5301|GenBank|S54034|1..515,Lactococcus cremoris,Drugs,Multi-drug_resistance,Multi-drug_ABC_efflux_pumps,LMRD,HIA
ICEberg|404|Tn5301|GenBank|S54034|1..515,Lactococcus cremoris,Drugs,Multi-drug_resistance,Multi-drug_ABC_efflux_pumps,LMRD,HIA
gene:vir:1042;gene:plasmid:135980;gene:plasmid:135959;gene:proph:183050;gene:proph:162966;gene:proph:183100;gene:vir:1614;gene:vir:94758;gene:vir:723;gene:vir:1626;gene:proph:184344;gene:vir:946;gene:proph:184363;gene:proph:183118;gene:proph:184339;gene:vir:956;gene:vir:957;gene:vir:958;gene:proph:183185;gene:vir:960;gene:vir:961;gene:vir:962;gene:vir:963;gene:proph:183190;gene:proph:183191;gene:proph:183192;gene:vir:967;gene:proph:183194;gene:vir:969;gene:proph:183196;gene:proph:183197;gene:proph:183198;gene:vir:972;gene:vir:751;gene:vir:3982;gene:proph:162979;gene:vir:94728,Lactococcus cremoris,Drugs,Multi-drug_resistance,Multi-drug_ABC_efflux_pumps,LMRD,HIA
ICEberg|404|Tn5301|GenBank|S54034|1..515,Lactococcus cremoris,Drugs,Multi-drug_resistance,Multi-drug_ABC_efflux_pumps,LMRD,HIA
gene:plasmid:17313;gene:plasmid:17312;gene:plasmid:17311;gene:plasmid:17310;gene:plasmid:17309;gene:plasmid:17308;gene:plasmid:17307;gene:plasmid:17306;gene:plasmid:17300;ICEberg|404|Tn5301|GenBank|S54034|1..515;gene:plasmid:135980;gene:plasmid:135959;gene:plasmid:17299,Lactococcus cremoris,Drugs,Multi-drug_resistance,Multi-drug_ABC_efflux_pumps,LMRD,HIA
ICEberg|404|Tn5301|GenBank|S54034|1..515,Lactococcus cremoris,Drugs,Multi-drug_resistance,Multi-drug_ABC_efflux_pumps,LMRD,HIA
ICEberg|404|Tn5301|GenBank|S54034|1..515,Lactococcus cremoris,Drugs,Multi-drug_resistance,Multi-drug_ABC_efflux_pumps,LMRD,HIA
ICEberg|404|Tn5301|GenBank|S54034|1..515,Lactococcus cremoris,Drugs,Multi-drug_resistance,Multi-drug_ABC_efflux_pumps,LMRD,HIA
ICEberg|404|Tn5301|GenBank|S54034|1..515,Lactococcus cremoris,Drugs,Multi-drug_resistance,Multi-drug_ABC_efflux_pumps,LMRD,HIA
ICEberg|404|Tn5301|GenBank|S54034|1..515;gene:vir:1129;gene:vir:1130;gene:vir:1131;gene:vir:1132;gene:vir:1133;gene:vir:1134;gene:vir:1135;gene:vir:1136;gene:vir:1138;gene:proph:162954;gene:vir:1139;gene:vir:1141;gene:vir:1142;gene:vir:1143;gene:vir:1144;gene:vir:1145;gene:vir:1128,Lactococcus cremoris,Drugs,Multi-drug_resistance,Multi-drug_ABC_efflux_pumps,LMRD,HIA
gene:vir:1138;gene:proph:162954;gene:vir:1139;gene:vir:1141;gene:vir:1142;gene:vir:1143;gene:vir:1144,Lactococcus cremoris,Drugs,Multi-drug_resistance,Multi-drug_ABC_efflux_pumps,LMRD,HIA
ICEberg|404|Tn5301|GenBank|S54034|1..515,Lactococcus cremoris,Drugs,Multi-drug_resistance,Multi-drug_ABC_efflux_pumps,LMRD,HIA
gene:vir:4019;gene:vir:1043;gene:vir:1042;ICEberg|404|Tn5301|GenBank|S54034|1..515;gene:plasmid:135980;gene:plasmid:135959;gene:vir:4021;gene:vir:4022;gene:proph:183100;gene:proph:183258;gene:vir:94760,Lactococcus cremoris,Drugs,Multi-drug_resistance,Multi-drug_ABC_efflux_pumps,LMRD,HIA
gene:vir:1043;gene:vir:1042;ICEberg|404|Tn5301|GenBank|S54034|1..515;gene:plasmid:135980;gene:plasmid:135959,Lactococcus cremoris,Drugs,Multi-drug_resistance,Multi-drug_ABC_efflux_pumps,LMRD,HIA
gene:vir:1142;gene:vir:1143;gene:vir:1145,Lactococcus cremoris,Drugs,Multi-drug_resistance,Multi-drug_ABC_efflux_pumps,LMRD,HIA
ICEberg|404|Tn5301|GenBank|S54034|1..515;gene:plasmid:135980;gene:plasmid:135959,Lactococcus cremoris,Drugs,Multi-drug_resistance,Multi-drug_ABC_efflux_pumps,LMRD,HIA
gene:proph:183526;gene:vir:1043;gene:vir:1042;gene:proph:183088;gene:proph:162939;gene:proph:162942;gene:proph:162944;gene:proph:162958;gene:vir:1105;gene:proph:162935;gene:vir:1102;gene:proph:183095;gene:proph:162937;gene:proph:183098;gene:plasmid:87093;gene:plasmid:135980;gene:plasmid:135959;gene:proph:184306;gene:proph:183085;gene:vir:3398;gene:proph:183082;gene:proph:162960;gene:proph:162952;gene:proph:162961;gene:vir:1121;gene:vir:1122;gene:vir:1123;gene:proph:162927;gene:vir:1125;gene:vir:1126;gene:vir:1048;gene:vir:1049;gene:proph:183100;gene:proph:162997;gene:proph:162996;gene:vir:992;gene:proph:184398;gene:proph:184397;gene:vir:3940;gene:vir:1619;gene:proph:183252;gene:vir:999;gene:proph:163000;gene:proph:183109;gene:vir:94750;gene:vir:723;gene:vir:1008;gene:vir:4038,Lactococcus cremoris,Drugs,Multi-drug_resistance,Multi-drug_ABC_efflux_pumps,LMRD,HIA
gene:plasmid:135980;gene:plasmid:135959,Lactococcus lactis,Drugs,Multi-drug_resistance,Multi-drug_ABC_efflux_pumps,LMRD,HIA
gene:proph:184332;gene:proph:183180;gene:proph:183265;gene:vir:1043;gene:vir:1042;gene:plasmid:135980;gene:plasmid:135959;gene:vir:1048;gene:proph:183099;gene:proph:183100;gene:proph:162997;gene:proph:162996;gene:proph:184398;gene:proph:184397;gene:vir:3940;gene:vir:1619;gene:proph:183252;gene:vir:999;gene:proph:163000;gene:vir:1059;gene:vir:94750;gene:vir:723;gene:vir:1008;gene:vir:4038;gene:proph:184362;gene:proph:162987;gene:proph:183178;gene:vir:953;gene:proph:183181;gene:vir:3961;gene:vir:1017;gene:vir:729;gene:vir:3962;gene:vir:3963;gene:proph:184335;gene:vir:3965;gene:proph:184331;gene:vir:3613;gene:proph:184329;gene:vir:3615;gene:proph:184327;gene:vir:98409;gene:vir:3618;gene:proph:184324;gene:proph:184323;gene:vir:3975;gene:vir:3977;gene:proph:184319;gene:proph:183212;gene:vir:4010,Lactococcus lactis,Drugs,Multi-drug_resistance,Multi-drug_ABC_efflux_pumps,LMRD,HIA
gene:proph:183067;gene:vir:94765;gene:proph:183066;gene:plasmid:135980;gene:plasmid:135959;gene:vir:3396;gene:proph:162945;gene:vir:3398;gene:proph:183054;gene:proph:183055;gene:vir:3401;gene:vir:3403;gene:proph:183059;gene:vir:3406;gene:vir:3407;gene:vir:3408;gene:proph:183064;gene:vir:3410;gene:proph:183067;gene:proph:183068;gene:proph:183069;gene:proph:183070;gene:proph:183066,Lactococcus lactis,Drugs,Multi-drug_resistance,Multi-drug_ABC_efflux_pumps,LMRD,HIA
gene:proph:184332;gene:proph:183180;gene:vir:983;gene:vir:1043;gene:vir:1042;gene:plasmid:135980;gene:plasmid:135959;gene:plasmid:87093;gene:vir:1048;gene:proph:183099;gene:vir:1050;gene:proph:162997;gene:proph:162996;gene:proph:184398;gene:proph:184397;gene:vir:3940;gene:vir:1619;gene:vir:998;gene:proph:183251;gene:proph:163000;gene:proph:183109;gene:vir:94750;gene:vir:723;gene:vir:1008;gene:vir:4038;gene:proph:184362;gene:proph:162987;gene:vir:952;gene:vir:953;gene:proph:183181;gene:vir:3961;gene:vir:1017;gene:vir:729;gene:vir:3962;gene:vir:3963;gene:proph:184335;gene:vir:3965;gene:proph:184331;gene:vir:3613;gene:proph:184329;gene:vir:3615;gene:proph:184327;gene:vir:98409;gene:vir:3618;gene:proph:184324;gene:proph:184323;gene:proph:184322;gene:vir:3977;gene:proph:184319;gene:proph:183212;gene:proph:184391,Lactococcus lactis,Drugs,Multi-drug_resistance,Multi-drug_ABC_efflux_pumps,LMRD,HIA
gene:plasmid:135980,Lactococcus lactis,Drugs,Multi-drug_resistance,Multi-drug_ABC_efflux_pumps,LMRD,HIA
gene:plasmid:135980;gene:plasmid:135959,Lactococcus lactis,Drugs,Multi-drug_resistance,Multi-drug_ABC_efflux_pumps,LMRD,HIA
gene:plasmid:135980,Lactococcus lactis,Drugs,Multi-drug_resistance,Multi-drug_ABC_efflux_pumps,LMRD,HIA
gene:plasmid:135980;gene:plasmid:135686;gene:plasmid:135685;gene:plasmid:135684;gene:plasmid:135959,Lactococcus lactis,Drugs,Multi-drug_resistance,Multi-drug_ABC_efflux_pumps,LMRD,HIA
gene:vir:3930;gene:vir:1043;gene:vir:1042;gene:plasmid:135980;gene:plasmid:135959;gene:vir:1047;gene:vir:94743;gene:proph:162966;gene:vir:1050;gene:vir:709;gene:vir:711;gene:vir:930;gene:vir:7383;gene:vir:7384;gene:vir:94733;gene:vir:1058;gene:proph:183109;gene:vir:1060;gene:vir:1061,Lactococcus lactis,Drugs,Multi-drug_resistance,Multi-drug_ABC_efflux_pumps,LMRD,HIA
gene:vir:3930;gene:vir:1043;gene:vir:1042;gene:plasmid:135980;gene:plasmid:135959;gene:vir:1047;gene:vir:94743;gene:proph:162966;gene:proph:183100;gene:vir:709;gene:vir:711;gene:vir:930;gene:vir:7383;gene:vir:7384;gene:vir:94733;gene:vir:1058;gene:vir:1059;gene:proph:183110;gene:vir:942,Lactococcus lactis,Drugs,Multi-drug_resistance,Multi-drug_ABC_efflux_pumps,LMRD,HIA
gene:vir:3412;gene:vir:94765;gene:proph:183045;gene:plasmid:135980;gene:plasmid:135959;gene:proph:183051;gene:proph:162945;gene:proph:183053;gene:proph:183054;gene:vir:3400;gene:vir:3401;gene:vir:3403;gene:vir:3404;gene:vir:3406;gene:vir:3407;gene:proph:183063;gene:proph:183064;gene:vir:3410,Lactococcus lactis,Drugs,Multi-drug_resistance,Multi-drug_ABC_efflux_pumps,LMRD,HIA
gene:plasmid:135980;gene:plasmid:135959,Lactococcus lactis,Drugs,Multi-drug_resistance,Multi-drug_ABC_efflux_pumps,LMRD,HIA
gene:proph:183147;gene:proph:183045;gene:plasmid:135980;gene:plasmid:135959;gene:proph:183051;gene:proph:162945;gene:proph:162956;gene:proph:183054;gene:vir:3400;gene:proph:183056;gene:proph:183057;gene:vir:3403;gene:vir:3404;gene:proph:183060;gene:vir:3406;gene:vir:3407;gene:vir:3408;gene:proph:183064;gene:proph:183065;gene:proph:163007,Lactococcus lactis,Drugs,Multi-drug_resistance,Multi-drug_ABC_efflux_pumps,LMRD,HIA
gene:proph:184332;gene:proph:183180;gene:vir:983;gene:vir:1043;gene:vir:1042;gene:plasmid:135980;gene:plasmid:135959;gene:vir:1048;gene:proph:183099;gene:proph:183100;gene:proph:162997;gene:proph:162996;gene:proph:184398;gene:proph:184397;gene:vir:3940;gene:vir:1619;gene:proph:183252;gene:vir:999;gene:proph:163000;gene:proph:183109;gene:vir:94750;gene:vir:723;gene:proph:183242;gene:vir:4038;gene:proph:184362;gene:proph:162987;gene:vir:952;gene:proph:183179;gene:proph:183181;gene:vir:3961;gene:vir:1017;gene:vir:729;gene:vir:3962;gene:vir:3963;gene:proph:184335;gene:vir:3965;gene:proph:184331;gene:vir:3613;gene:proph:184329;gene:vir:3615;gene:proph:184327;gene:vir:98409;gene:vir:3618;gene:proph:184324;gene:proph:184323;gene:vir:3975;gene:vir:3977;gene:proph:184319;gene:proph:183212,Lactococcus lactis,Drugs,Multi-drug_resistance,Multi-drug_ABC_efflux_pumps,LMRD,HIA
gene:proph:184332;gene:proph:183180;gene:proph:183526;gene:vir:1043;gene:vir:1042;gene:plasmid:135980;gene:plasmid:135959;gene:vir:1048;gene:proph:183099;gene:vir:1050;gene:proph:162997;gene:proph:162996;gene:vir:712;gene:proph:184398;gene:proph:184397;gene:vir:3940;gene:vir:1619;gene:proph:183252;gene:vir:999;gene:proph:163000;gene:proph:183109;gene:vir:94750;gene:vir:723;gene:vir:1008;gene:vir:4038;gene:proph:184362;gene:proph:162987;gene:proph:183178;gene:proph:183179;gene:proph:183181;gene:vir:3961;gene:vir:1017;gene:vir:729;gene:vir:3962;gene:vir:3963;gene:proph:184335;gene:vir:3965;gene:proph:184331;gene:vir:3613;gene:proph:184329;gene:vir:3615;gene:proph:184327;gene:vir:98409;gene:vir:3618;gene:proph:184324;gene:proph:184323;gene:proph:184322;gene:vir:3977;gene:proph:184319;gene:vir:1038;gene:proph:184391,Lactococcus lactis,Drugs,Multi-drug_resistance,Multi-drug_ABC_efflux_pumps,LMRD,HIA
gene:plasmid:135980,Lactococcus lactis,Drugs,Multi-drug_resistance,Multi-drug_ABC_efflux_pumps,LMRD,HIA
gene:vir:94765;gene:vir:3390;gene:plasmid:135980;gene:plasmid:135959;gene:proph:183051;gene:proph:162945;gene:proph:183053;gene:vir:3399;gene:proph:183055;gene:vir:3401;gene:proph:183058;gene:proph:183059;gene:proph:183061;gene:vir:3407;gene:vir:3408;gene:vir:3409;gene:vir:3410,Lactococcus lactis,Drugs,Multi-drug_resistance,Multi-drug_ABC_efflux_pumps,LMRD,HIA
gene:proph:183067;gene:vir:94765;gene:proph:183045;gene:plasmid:135980;gene:plasmid:135959;gene:vir:3396;gene:proph:162945;gene:vir:3398;gene:vir:3399;gene:proph:183055;gene:vir:3401;gene:proph:183058;gene:proph:183059;gene:proph:183061;gene:vir:3407;gene:proph:183063;gene:vir:3409;gene:proph:183065,Lactococcus lactis,Drugs,Multi-drug_resistance,Multi-drug_ABC_efflux_pumps,LMRD,HIA
gene:proph:184332;gene:vir:983;gene:vir:1043;gene:vir:1042;gene:plasmid:135980;gene:plasmid:135959;gene:vir:1048;gene:vir:1049;gene:proph:183100;gene:proph:162997;gene:proph:162996;gene:proph:184398;gene:proph:184397;gene:vir:3940;gene:vir:1619;gene:vir:998;gene:vir:999;gene:proph:163000;gene:vir:1059;gene:vir:94750;gene:vir:723;gene:proph:183242;gene:vir:4038;gene:proph:184362;gene:proph:162987;gene:proph:183178;gene:vir:953;gene:proph:183181;gene:vir:3961;gene:vir:1017;gene:vir:729;gene:vir:3962;gene:vir:3963;gene:proph:184335;gene:vir:3965;gene:proph:184331;gene:vir:3613;gene:proph:184329;gene:vir:3615;gene:proph:184327;gene:vir:98409;gene:vir:3618;gene:proph:184324;gene:proph:184323;gene:proph:184322;gene:vir:3977;gene:proph:184319;gene:proph:183212;gene:proph:184391,Lactococcus lactis,Drugs,Multi-drug_resistance,Multi-drug_ABC_efflux_pumps,LMRD,HIA
gene:proph:184332;gene:proph:183180;gene:proph:183265;gene:vir:1043;gene:vir:1042;gene:plasmid:135980;gene:plasmid:135959;gene:vir:1048;gene:proph:183099;gene:proph:183100;gene:proph:162997;gene:proph:162996;gene:vir:712;gene:proph:184398;gene:proph:184397;gene:vir:3940;gene:vir:1619;gene:proph:183252;gene:vir:999;gene:proph:163000;gene:vir:1059;gene:vir:94750;gene:vir:723;gene:proph:183242;gene:vir:4038;gene:proph:184362;gene:proph:162987;gene:vir:952;gene:proph:183179;gene:vir:955;gene:vir:3961;gene:vir:1017;gene:vir:729;gene:vir:3962;gene:vir:3963;gene:proph:184335;gene:vir:3965;gene:proph:184331;gene:vir:3613;gene:proph:184329;gene:vir:3615;gene:proph:184327;gene:vir:98409;gene:vir:3618;gene:proph:184324;gene:proph:184323;gene:vir:3975;gene:vir:3977;gene:proph:184319;gene:proph:183212;gene:proph:184391,Lactococcus lactis,Drugs,Multi-drug_resistance,Multi-drug_ABC_efflux_pumps,LMRD,HIA
gene:plasmid:135980,Lactococcus lactis,Drugs,Multi-drug_resistance,Multi-drug_ABC_efflux_pumps,LMRD,HIA
gene:proph:183067;gene:vir:94765;gene:vir:3390;gene:plasmid:135980;gene:plasmid:135959;gene:vir:3396;gene:proph:162945;gene:proph:183053;gene:proph:183054;gene:vir:3400;gene:proph:183056;gene:vir:3403;gene:vir:3404;gene:vir:3406;gene:vir:3407;gene:proph:183063;gene:proph:183064;gene:proph:183065,Lactococcus lactis,Drugs,Multi-drug_resistance,Multi-drug_ABC_efflux_pumps,LMRD,HIA
gene:plasmid:135980;gene:plasmid:135959,Lactococcus lactis,Drugs,Multi-drug_resistance,Multi-drug_ABC_efflux_pumps,LMRD,HIA
gene:vir:3412;gene:vir:94765;gene:proph:183066;gene:plasmid:135980;gene:plasmid:135959;gene:vir:3396;gene:proph:162945;gene:proph:183053;gene:proph:183054;gene:vir:3400;gene:vir:3401;gene:vir:3403;gene:vir:3404;gene:vir:3406;gene:vir:3407;gene:vir:3408;gene:vir:3409;gene:proph:183065;gene:proph:183067;gene:vir:3413;gene:proph:183069;gene:vir:3415;gene:proph:183066,Lactococcus lactis,Drugs,Multi-drug_resistance,Multi-drug_ABC_efflux_pumps,LMRD,HIA
gene:vir:3412;gene:vir:94765;gene:proph:183066;gene:plasmid:135980;gene:plasmid:135959;gene:vir:3396;gene:proph:162945;gene:proph:183053;gene:vir:3399;gene:proph:183055;gene:vir:3401;gene:vir:3403;gene:proph:183059;gene:proph:183061;gene:vir:3407;gene:vir:3408;gene:proph:183064;gene:vir:3410;gene:proph:183067;gene:proph:183068;gene:vir:3414;gene:proph:183070;gene:proph:183066,Lactococcus lactis,Drugs,Multi-drug_resistance,Multi-drug_ABC_efflux_pumps,LMRD,HIA
gene:vir:3930;gene:vir:1043;gene:vir:1042;gene:plasmid:135980;gene:plasmid:135959;gene:vir:1047;gene:vir:94743;gene:proph:162966;gene:proph:183100;gene:vir:709;gene:vir:711;gene:vir:930;gene:vir:7383;gene:vir:7384;gene:vir:94733;gene:vir:1058;gene:vir:1059;gene:vir:1060;gene:vir:942,Lactococcus lactis,Drugs,Multi-drug_resistance,Multi-drug_ABC_efflux_pumps,LMRD,HIA
gene:plasmid:135980;gene:plasmid:135959;gene:plasmid:132172,Lactococcus lactis,Drugs,Multi-drug_resistance,Multi-drug_ABC_efflux_pumps,LMRD,HIA
gene:proph:183147;gene:proph:183045;gene:plasmid:135980;gene:plasmid:135959;gene:proph:183051;gene:proph:162945;gene:proph:162956;gene:proph:183054;gene:vir:3400;gene:vir:3401;gene:proph:183057;gene:vir:3403;gene:proph:183059;gene:vir:3405;gene:vir:3406;gene:vir:3407;gene:proph:183063;gene:proph:183064;gene:vir:3410,Lactococcus lactis,Drugs,Multi-drug_resistance,Multi-drug_ABC_efflux_pumps,LMRD,HIA
gene:vir:3412;gene:vir:94765;gene:proph:183066;gene:plasmid:135980;gene:plasmid:135959;gene:vir:3396;gene:proph:162945;gene:proph:183053;gene:vir:3399;gene:vir:3400;gene:vir:3401;gene:proph:183058;gene:vir:3404;gene:proph:183061;gene:vir:3407;gene:vir:3408;gene:proph:183064;gene:proph:183065;gene:proph:183067;gene:proph:183068;gene:proph:183069;gene:vir:3415;gene:proph:183066,Lactococcus lactis,Drugs,Multi-drug_resistance,Multi-drug_ABC_efflux_pumps,LMRD,HIA
gene:plasmid:135980;gene:plasmid:135959,Lactococcus lactis,Drugs,Multi-drug_resistance,Multi-drug_ABC_efflux_pumps,LMRD,HIA
gene:vir:3412;gene:vir:94765;gene:proph:183066;gene:plasmid:135980;gene:plasmid:135959;gene:vir:3396;gene:proph:162945;gene:vir:3398;gene:vir:3399;gene:proph:183055;gene:proph:183056;gene:proph:183058;gene:vir:3404;gene:proph:183061;gene:vir:3407;gene:vir:3408;gene:vir:3409;gene:proph:183065;gene:vir:3412;gene:vir:3413;gene:vir:3414;gene:proph:183070;gene:proph:183066,Lactococcus lactis,Drugs,Multi-drug_resistance,Multi-drug_ABC_efflux_pumps,LMRD,HIA
gene:plasmid:135980;gene:plasmid:135959,Lactococcus lactis,Drugs,Multi-drug_resistance,Multi-drug_ABC_efflux_pumps,LMRD,HIA
gene:vir:3412;gene:vir:94765;gene:proph:183066;gene:plasmid:135980;gene:plasmid:135959;gene:proph:183051;gene:proph:162945;gene:vir:3398;gene:proph:183054;gene:proph:183055;gene:proph:183056;gene:vir:3403;gene:vir:3404;gene:proph:183061;gene:vir:3407;gene:proph:183063;gene:proph:183064;gene:proph:183065;gene:vir:3412;gene:vir:3413;gene:proph:183069;gene:proph:183070;gene:proph:183066,Lactococcus lactis,Drugs,Multi-drug_resistance,Multi-drug_ABC_efflux_pumps,LMRD,HIA
gene:plasmid:135980;gene:plasmid:135959,Lactococcus lactis,Drugs,Multi-drug_resistance,Multi-drug_ABC_efflux_pumps,LMRD,HIA
gene:vir:3397;gene:proph:162923;gene:proph:183056;gene:proph:183058;gene:proph:183059;gene:proph:162954;gene:proph:163039;gene:vir:1019;gene:proph:162936,Lactococcus lactis,Drugs,Multi-drug_resistance,Multi-drug_ABC_efflux_pumps,LMRD,HIA
gene:plasmid:135980;gene:plasmid:135959,Lactococcus lactis,Drugs,Multi-drug_resistance,Multi-drug_ABC_efflux_pumps,LMRD,HIA
gene:proph:184332;gene:proph:183180;gene:proph:183265;gene:vir:1043;gene:vir:1042;gene:plasmid:135980;gene:plasmid:135959;gene:plasmid:87093;gene:vir:1048;gene:vir:1049;gene:proph:183100;gene:proph:162997;gene:proph:162996;gene:proph:184398;gene:proph:184397;gene:vir:3940;gene:vir:1619;gene:proph:183252;gene:proph:183251;gene:proph:163000;gene:proph:183109;gene:vir:94750;gene:vir:723;gene:vir:1008;gene:vir:4038;gene:proph:184362;gene:proph:162987;gene:vir:952;gene:proph:183179;gene:proph:183181;gene:vir:3961;gene:vir:1017;gene:vir:729;gene:vir:3962;gene:vir:3963;gene:proph:184335;gene:vir:3965;gene:proph:184331;gene:vir:3613;gene:proph:184329;gene:vir:3615;gene:proph:184327;gene:vir:98409;gene:vir:3618;gene:proph:184324;gene:proph:184323;gene:vir:3975;gene:vir:3977;gene:proph:184319;gene:proph:183212;gene:proph:184391,Lactococcus lactis,Drugs,Multi-drug_resistance,Multi-drug_ABC_efflux_pumps,LMRD,HIA
gene:vir:3412;gene:vir:94765;gene:proph:183066,Lactococcus lactis,Drugs,Multi-drug_resistance,Multi-drug_ABC_efflux_pumps,LMRD,HIA
gene:plasmid:135980;gene:plasmid:135959,Lactococcus lactis,Drugs,Multi-drug_resistance,Multi-drug_ABC_efflux_pumps,LMRD,HIA
gene:plasmid:135980;gene:plasmid:135959,Lactococcus lactis,Drugs,Multi-drug_resistance,Multi-drug_ABC_efflux_pumps,LMRD,HIA
gene:proph:183067;gene:vir:94765;gene:vir:3390;gene:plasmid:135980;gene:plasmid:135959;gene:vir:3396;gene:proph:162945;gene:proph:183053;gene:proph:183054;gene:proph:183055;gene:proph:183056;gene:proph:183058;gene:proph:183059;gene:vir:3406;gene:vir:3407;gene:vir:3408;gene:proph:183064;gene:vir:3410,Lactococcus lactis,Drugs,Multi-drug_resistance,Multi-drug_ABC_efflux_pumps,LMRD,HIA
gene:plasmid:135980;gene:plasmid:135959,Lactococcus lactis,Drugs,Multi-drug_resistance,Multi-drug_ABC_efflux_pumps,LMRD,HIA
ICEberg|404|Tn5301|GenBank|S54034|1..515,Lactococcus lactis,Drugs,Multi-drug_resistance,Multi-drug_ABC_efflux_pumps,LMRD,HIA
ICEberg|404|Tn5301|GenBank|S54034|1..515,Lactococcus lactis,Drugs,Multi-drug_resistance,Multi-drug_ABC_efflux_pumps,LMRD,HIA
ICEberg|404|Tn5301|GenBank|S54034|1..515,Lactococcus lactis,Drugs,Multi-drug_resistance,Multi-drug_ABC_efflux_pumps,LMRD,HIA
gene:vir:3930;gene:vir:1043;gene:vir:1042;gene:plasmid:135980;gene:plasmid:135959;gene:vir:1047;gene:vir:94743;gene:proph:162966;gene:vir:1050;gene:vir:709;gene:vir:711;gene:vir:930;gene:vir:7383;gene:vir:7384;gene:vir:94733;gene:vir:1058;gene:vir:1059;gene:proph:183110;gene:vir:1061,Lactococcus lactis,Drugs,Multi-drug_resistance,Multi-drug_ABC_efflux_pumps,LMRD,HIA
gene:proph:163023;gene:proph:183081;gene:proph:183055;gene:proph:162961;gene:proph:162946;gene:proph:162929;gene:vir:3406;gene:proph:183062;gene:proph:183063;gene:proph:162928;gene:proph:183065;gene:proph:184310,Lactococcus lactis,Drugs,Multi-drug_resistance,Multi-drug_ABC_efflux_pumps,LMRD,HIA
gene:plasmid:135980,Lactococcus lactis,Drugs,Multi-drug_resistance,Multi-drug_ABC_efflux_pumps,LMRD,HIA
ICEberg|404|Tn5301|GenBank|S54034|1..515,Lactococcus lactis,Drugs,Multi-drug_resistance,Multi-drug_ABC_efflux_pumps,LMRD,HIA
gene:plasmid:87093;gene:plasmid:135980,Lactococcus lactis,Drugs,Multi-drug_resistance,Multi-drug_ABC_efflux_pumps,LMRD,HIA
gene:proph:184332;gene:proph:183180;gene:proph:183265;gene:vir:1043;gene:vir:1042;gene:plasmid:135980;gene:plasmid:87093;gene:plasmid:135959;gene:vir:1048;gene:proph:183099;gene:vir:1050;gene:proph:162997;gene:proph:162996;gene:vir:712;gene:proph:184398;gene:proph:184397;gene:vir:3940;gene:vir:1619;gene:vir:998;gene:proph:183251;gene:proph:163000;gene:proph:183109;gene:vir:94750;gene:vir:723;gene:vir:1008;gene:vir:4038;gene:proph:184362;gene:proph:162987;gene:proph:183178;gene:vir:953;gene:vir:955;gene:vir:3961;gene:vir:1017;gene:vir:729;gene:vir:3962;gene:vir:3963;gene:proph:184335;gene:vir:3965;gene:proph:184331;gene:vir:3613;gene:proph:184329;gene:vir:3615;gene:proph:184327;gene:vir:98409;gene:vir:3618;gene:proph:184324;gene:proph:184323;gene:proph:184322;gene:vir:3977;gene:proph:184319;gene:vir:1038;gene:proph:184391,Lactococcus lactis,Drugs,Multi-drug_resistance,Multi-drug_ABC_efflux_pumps,LMRD,HIA
gene:plasmid:135980,Lactococcus lactis,Drugs,Multi-drug_resistance,Multi-drug_ABC_efflux_pumps,LMRD,HIA
gene:vir:1131;gene:proph:162945;gene:proph:162923;gene:proph:163023;gene:proph:183081;gene:vir:3400;gene:proph:162961;gene:proph:162946;gene:proph:162929;gene:vir:3406;gene:vir:3407;gene:proph:183063;gene:proph:162928;gene:proph:183065;gene:proph:184310,Lactococcus lactis,Drugs,Multi-drug_resistance,Multi-drug_ABC_efflux_pumps,LMRD,HIA
gene:proph:162941;gene:proph:183089;gene:vir:1099;gene:proph:162949;gene:plasmid:17312;gene:plasmid:17311;gene:plasmid:17310;gene:plasmid:17309;gene:plasmid:17308;gene:plasmid:17300;gene:vir:1128;gene:proph:163035;gene:vir:1132;gene:vir:1133;gene:vir:1134;gene:vir:1136;gene:vir:1137;gene:vir:4023;gene:vir:1139;gene:vir:1143;gene:plasmid:17299;gene:plasmid:135980;gene:plasmid:135959;gene:proph:162933;gene:proph:184306;gene:proph:183053;gene:proph:183083;gene:vir:1116;gene:vir:3400;gene:proph:162961;gene:proph:183077;gene:proph:162940;gene:proph:162928,Lactococcus lactis,Drugs,Multi-drug_resistance,Multi-drug_ABC_efflux_pumps,LMRD,HIA
gene:plasmid:135980;gene:plasmid:135959,Lactococcus lactis,Drugs,Multi-drug_resistance,Multi-drug_ABC_efflux_pumps,LMRD,HIA
gene:vir:3930;gene:vir:1043;gene:vir:1042;gene:plasmid:135980;gene:plasmid:135959;gene:vir:1047;gene:vir:94743;gene:proph:162966;gene:vir:1050;gene:vir:709;gene:vir:711;gene:vir:930;gene:vir:7383;gene:vir:7384;gene:vir:94733;gene:vir:1058;gene:vir:1059;gene:proph:183110;gene:vir:1061,Lactococcus lactis,Drugs,Multi-drug_resistance,Multi-drug_ABC_efflux_pumps,LMRD,HIA
gene:plasmid:135980,Lactococcus lactis,Drugs,Multi-drug_resistance,Multi-drug_ABC_efflux_pumps,LMRD,HIA
gene:vir:3394;gene:vir:3393;gene:vir:3392;gene:vir:3390;gene:proph:184332;gene:proph:183180;gene:vir:3930;gene:vir:1043;gene:vir:1042;gene:plasmid:135980;gene:plasmid:87093;gene:plasmid:135959;gene:vir:1048;gene:vir:1049;gene:proph:183100;gene:proph:162997;gene:proph:162996;gene:proph:184398;gene:proph:184397;gene:vir:3940;gene:vir:1619;gene:proph:183252;gene:vir:999;gene:proph:163000;gene:vir:1059;gene:vir:94750;gene:vir:723;gene:vir:1008;gene:vir:4038;gene:proph:184362;gene:proph:162987;gene:proph:183178;gene:vir:953;gene:proph:183181;gene:vir:3961;gene:vir:1017;gene:vir:729;gene:vir:3962;gene:vir:3963;gene:proph:184335;gene:vir:3965;gene:proph:184331;gene:vir:3613;gene:proph:184329;gene:vir:3615;gene:proph:184327;gene:vir:98409;gene:vir:3618;gene:proph:184324;gene:proph:184323;gene:vir:3975;gene:vir:3977;gene:proph:184319;gene:vir:1038;gene:proph:184391;gene:proph:183050;gene:vir:3396;gene:proph:162945;gene:vir:3398;gene:proph:184301;gene:proph:184300;gene:vir:1119;gene:vir:3402;gene:proph:183058;gene:proph:183059;gene:proph:162954,Lactococcus phage D2950,Drugs,Multi-drug_resistance,Multi-drug_ABC_efflux_pumps,LMRD,HIA
gene:vir:507;gene:proph:170540;gene:proph:179208;gene:proph:170536;gene:proph:170537;gene:proph:170528;gene:proph:179204,Citrobacter freundii,Biocides,Acetate_resistance,Acetate_resistance_protein,LPDT,0
gene:plasmid:93495,Lelliottia amnigena,Biocides,Acetate_resistance,Acetate_resistance_protein,LPDT,0
gene:proph:183779;ICEberg|101|Tn5385|GenBank|AF016233|1..1605,Enterococcus faecalis,Drugs,MLS,MLS_resistance_ABC_efflux_pumps,LSA,HIA
gene:proph:183779;ICEberg|101|Tn5385|GenBank|AF016233|1..1605,Enterococcus faecalis,Drugs,MLS,MLS_resistance_ABC_efflux_pumps,LSA,HIA
gene:proph:179433;gene:proph:182931;gene:proph:163928;gene:plasmid:88455;gene:plasmid:84622;gene:plasmid:84614;gene:proph:163940,Escherichia coli,Multi-compound,Drug_and_biocide_resistance,Drug_and_biocide_RND_efflux_regulator,MARA,Authorized for use in humans only ?
gene:proph:163940;gene:proph:182930;gene:proph:179461;gene:proph:159076;gene:proph:159058;gene:proph:179471;gene:plasmid:117772;gene:proph:163947;gene:proph:163927;gene:proph:163921;gene:proph:163942;gene:proph:169106;gene:proph:169101;gene:proph:169100;gene:plasmid:117704;gene:plasmid:117783;gene:proph:177498;gene:proph:163929;gene:proph:159074;gene:proph:163938;gene:proph:159072;gene:proph:159064;gene:proph:163939;gene:proph:159065;gene:proph:159066;gene:proph:159070;gene:proph:159071;gene:proph:179464;gene:proph:159069;gene:proph:159067;gene:proph:159060;gene:proph:163832;gene:proph:163946;gene:proph:163928,Escherichia coli,Multi-compound,Drug_and_biocide_resistance,Drug_and_biocide_RND_efflux_regulator,MARA,Authorized for use in humans only ?
gene:plasmid:91918;gene:plasmid:91985;gene:proph:161537;gene:proph:169464;gene:proph:169511;gene:proph:169512,Klebsiella pneumoniae,Multi-compound,Drug_and_biocide_resistance,Drug_and_biocide_RND_efflux_regulator,MARA,Authorized for use in humans only ?
gene:proph:179433;gene:proph:182931;gene:proph:163928;gene:plasmid:88455;gene:plasmid:84622;gene:plasmid:84614;gene:proph:163940,Escherichia coli,Multi-compound,Drug_and_biocide_resistance,Drug_and_biocide_RND_efflux_regulator,MARR,Authorized for use in humans only ?
gene:proph:163940;gene:proph:182930;gene:proph:179461;gene:proph:159076;gene:proph:159058;gene:proph:179471;gene:plasmid:117772;gene:proph:163947;gene:proph:163927;gene:proph:163921;gene:proph:163942;gene:proph:169106;gene:proph:169101;gene:proph:169100;gene:plasmid:117704;gene:plasmid:117783;gene:proph:177498;gene:proph:163929;gene:proph:159074;gene:proph:163938;gene:proph:159072;gene:proph:159064;gene:proph:163939;gene:proph:159065;gene:proph:159066;gene:proph:159070;gene:proph:159071;gene:proph:179464;gene:proph:159069;gene:proph:159067;gene:proph:159060;gene:proph:163832;gene:proph:163946;gene:proph:163928,Escherichia coli,Multi-compound,Drug_and_biocide_resistance,Drug_and_biocide_RND_efflux_regulator,MARR,Authorized for use in humans only ?
gene:plasmid:155093;gene:plasmid:82630,Pseudomonas putida,Biocides,Multi-biocide_resistance,Multi-biocide_resistance_protein,MDEA,Authorized for use in humans only ?
gene:plasmid:91662,Pseudomonas sp. SD17-1,Biocides,Multi-biocide_resistance,Multi-biocide_resistance_protein,MDEA,Authorized for use in humans only ?
gene:plasmid:125744,Citrobacter freundii,Multi-compound,Drug_and_biocide_resistance,Drug_and_biocide_MFS_efflux_pumps,MDFA,HIA
gene:proph:163818;gene:plasmid:24609,Citrobacter freundii,Multi-compound,Drug_and_biocide_resistance,Drug_and_biocide_MFS_efflux_pumps,MDFA,HIA
gene:proph:161537;gene:proph:169464;gene:proph:169511;gene:proph:169512;gene:plasmid:155991;gene:plasmid:155983;gene:plasmid:156052;gene:proph:163818;gene:plasmid:24609;gene:proph:172517,Citrobacter freundii,Multi-compound,Drug_and_biocide_resistance,Drug_and_biocide_MFS_efflux_pumps,MDFA,HIA
gene:plasmid:24609,Citrobacter sp. S39,Multi-compound,Drug_and_biocide_resistance,Drug_and_biocide_MFS_efflux_pumps,MDFA,HIA
gene:proph:182947;gene:proph:182971;gene:proph:182951;gene:proph:182952;gene:proph:179383;gene:proph:179426;gene:proph:183644;gene:proph:172518;gene:proph:172519;gene:proph:172520;gene:proph:172521;gene:proph:172522;gene:proph:172523;gene:proph:172524;gene:proph:172517;gene:proph:163818;gene:proph:179418;gene:proph:179425;gene:proph:179382;gene:proph:179387;gene:proph:182978;gene:proph:182984;gene:proph:182982,Escherichia coli,Multi-compound,Drug_and_biocide_resistance,Drug_and_biocide_MFS_efflux_pumps,MDFA,HIA
gene:proph:181243;gene:proph:163837;gene:plasmid:151225;gene:plasmid:148202;gene:plasmid:151223;gene:vir:1321;gene:proph:183581,Escherichia coli,Multi-compound,Drug_and_biocide_and_metal_resistance,Drug_and_biocide_and_metal_RND_efflux_pumps,MDTA,Not medically important
gene:proph:176040;gene:vir:1321;gene:proph:183581,Escherichia coli,Multi-compound,Drug_and_biocide_and_metal_resistance,Drug_and_biocide_and_metal_RND_efflux_pumps,MDTA,Not medically important
gene:plasmid:86179,Citrobacter freundii,Multi-compound,Drug_and_biocide_and_metal_resistance,Drug_and_biocide_and_metal_RND_efflux_pumps,MDTB,Not medically important
gene:plasmid:86179;gene:proph:161537,Citrobacter freundii,Multi-compound,Drug_and_biocide_and_metal_resistance,Drug_and_biocide_and_metal_RND_efflux_pumps,MDTB,Not medically important
gene:vir:7156;gene:proph:183597;gene:plasmid:134726;gene:plasmid:134726;gene:proph:161537;gene:plasmid:86179,Citrobacter freundii,Multi-compound,Drug_and_biocide_and_metal_resistance,Drug_and_biocide_and_metal_RND_efflux_pumps,MDTB,Not medically important
gene:proph:161537;gene:vir:103532;gene:proph:183597;gene:plasmid:134726;gene:plasmid:134726;gene:proph:161537;gene:plasmid:86179;gene:proph:169502;gene:proph:179460;gene:proph:176082;gene:vir:389;gene:vir:393;gene:vir:1904;gene:proph:161536,Citrobacter freundii,Multi-compound,Drug_and_biocide_and_metal_resistance,Drug_and_biocide_and_metal_RND_efflux_pumps,MDTB,Not medically important
gene:plasmid:134726;gene:plasmid:134726;gene:plasmid:93469;gene:plasmid:93507;gene:plasmid:93509,Enterobacter hormaechei,Multi-compound,Drug_and_biocide_and_metal_resistance,Drug_and_biocide_and_metal_RND_efflux_pumps,MDTB,Not medically important
gene:proph:181243;gene:proph:163837;gene:plasmid:151225;gene:plasmid:148202;gene:plasmid:151223;gene:vir:1321;gene:proph:183581,Escherichia coli,Multi-compound,Drug_and_biocide_and_metal_resistance,Drug_and_biocide_and_metal_RND_efflux_pumps,MDTB,Not medically important
gene:vir:103532;gene:plasmid:93399;gene:proph:179244;gene:proph:183597;gene:plasmid:134726;gene:plasmid:134726;gene:plasmid:14231;gene:proph:179307;gene:vir:441;gene:vir:194;gene:proph:179327;gene:proph:179377,Escherichia coli,Multi-compound,Drug_and_biocide_and_metal_resistance,Drug_and_biocide_and_metal_RND_efflux_pumps,MDTB,Not medically important
gene:proph:176040;gene:vir:1321;gene:proph:183581,Escherichia coli,Multi-compound,Drug_and_biocide_and_metal_resistance,Drug_and_biocide_and_metal_RND_efflux_pumps,MDTB,Not medically important
gene:plasmid:134726;gene:plasmid:134726,Klebsiella grimontii,Multi-compound,Drug_and_biocide_and_metal_resistance,Drug_and_biocide_and_metal_RND_efflux_pumps,MDTB,Not medically important
gene:plasmid:134726;gene:plasmid:134726,Klebsiella grimontii,Multi-compound,Drug_and_biocide_and_metal_resistance,Drug_and_biocide_and_metal_RND_efflux_pumps,MDTB,Not medically important
gene:plasmid:134726;gene:plasmid:134726,Klebsiella grimontii,Multi-compound,Drug_and_biocide_and_metal_resistance,Drug_and_biocide_and_metal_RND_efflux_pumps,MDTB,Not medically important
gene:proph:163906;gene:proph:183597;gene:proph:179208,Serratia liquefaciens,Multi-compound,Drug_and_biocide_and_metal_resistance,Drug_and_biocide_and_metal_RND_efflux_pumps,MDTB,Not medically important
gene:proph:183597,Serratia liquefaciens,Multi-compound,Drug_and_biocide_and_metal_resistance,Drug_and_biocide_and_metal_RND_efflux_pumps,MDTB,Not medically important
gene:plasmid:86179,Citrobacter freundii,Multi-compound,Drug_and_biocide_and_metal_resistance,Drug_and_biocide_and_metal_RND_efflux_pumps,MDTC,Not medically important
gene:plasmid:86179;gene:proph:161537,Citrobacter freundii,Multi-compound,Drug_and_biocide_and_metal_resistance,Drug_and_biocide_and_metal_RND_efflux_pumps,MDTC,Not medically important
gene:vir:7156;gene:proph:183597;gene:plasmid:134726;gene:plasmid:134726;gene:proph:161537;gene:plasmid:86179,Citrobacter freundii,Multi-compound,Drug_and_biocide_and_metal_resistance,Drug_and_biocide_and_metal_RND_efflux_pumps,MDTC,Not medically important
gene:proph:161537;gene:vir:103532;gene:proph:183597;gene:plasmid:134726;gene:plasmid:134726;gene:proph:161537;gene:plasmid:86179;gene:proph:169502;gene:proph:179460;gene:proph:176082;gene:vir:389;gene:vir:393;gene:vir:1904;gene:proph:161536,Citrobacter freundii,Multi-compound,Drug_and_biocide_and_metal_resistance,Drug_and_biocide_and_metal_RND_efflux_pumps,MDTC,Not medically important
gene:plasmid:134726;gene:plasmid:134726;gene:plasmid:93469;gene:plasmid:93507;gene:plasmid:93509,Enterobacter hormaechei,Multi-compound,Drug_and_biocide_and_metal_resistance,Drug_and_biocide_and_metal_RND_efflux_pumps,MDTC,Not medically important
gene:proph:181243;gene:proph:163837;gene:plasmid:151225;gene:plasmid:148202;gene:plasmid:151223;gene:vir:1321;gene:proph:183581,Escherichia coli,Multi-compound,Drug_and_biocide_and_metal_resistance,Drug_and_biocide_and_metal_RND_efflux_pumps,MDTC,Not medically important
gene:vir:103532;gene:plasmid:93399;gene:proph:179244;gene:proph:183597;gene:plasmid:134726;gene:plasmid:134726;gene:plasmid:14231;gene:proph:179307;gene:vir:441;gene:vir:194;gene:proph:179327;gene:proph:179377,Escherichia coli,Multi-compound,Drug_and_biocide_and_metal_resistance,Drug_and_biocide_and_metal_RND_efflux_pumps,MDTC,Not medically important
gene:proph:176040;gene:vir:1321;gene:proph:183581,Escherichia coli,Multi-compound,Drug_and_biocide_and_metal_resistance,Drug_and_biocide_and_metal_RND_efflux_pumps,MDTC,Not medically important
gene:plasmid:134726;gene:plasmid:134726,Klebsiella grimontii,Multi-compound,Drug_and_biocide_and_metal_resistance,Drug_and_biocide_and_metal_RND_efflux_pumps,MDTC,Not medically important
gene:plasmid:134726;gene:plasmid:134726,Klebsiella grimontii,Multi-compound,Drug_and_biocide_and_metal_resistance,Drug_and_biocide_and_metal_RND_efflux_pumps,MDTC,Not medically important
gene:plasmid:134726;gene:plasmid:134726,Klebsiella grimontii,Multi-compound,Drug_and_biocide_and_metal_resistance,Drug_and_biocide_and_metal_RND_efflux_pumps,MDTC,Not medically important
gene:plasmid:21818,Escherichia coli,Multi-compound,Drug_and_biocide_resistance,Drug_and_biocide_RND_efflux_pumps,MDTE,Authorized for use in humans only ?
gene:plasmid:21818,Escherichia coli,Multi-compound,Drug_and_biocide_resistance,Drug_and_biocide_RND_efflux_pumps,MDTF,Authorized for use in humans only ?
gene:proph:179440;gene:proph:181296;gene:proph:172518;gene:proph:172519;gene:proph:172520;gene:proph:172521;gene:proph:172522;gene:proph:172523;gene:proph:172524;gene:proph:172517,Escherichia coli,Multi-compound,Drug_and_biocide_resistance,Drug_and_biocide_MFS_efflux_pumps,MDTG,HPCIA
gene:proph:182947;gene:proph:182971;gene:proph:182951;gene:proph:182952;gene:proph:179383;gene:proph:179426;gene:proph:183644;gene:proph:172518;gene:proph:172519;gene:proph:172520;gene:proph:172521;gene:proph:172522;gene:proph:172523;gene:proph:172524;gene:proph:172517;gene:proph:163818;gene:proph:179418;gene:proph:179425;gene:proph:179382;gene:proph:179387;gene:proph:182978;gene:proph:182984;gene:proph:182982,Escherichia coli,Multi-compound,Drug_and_biocide_resistance,Drug_and_biocide_MFS_efflux_pumps,MDTG,HPCIA
gene:proph:179440;gene:proph:181296;gene:proph:172518;gene:proph:172519;gene:proph:172520;gene:proph:172521;gene:proph:172522;gene:proph:172523;gene:proph:172524;gene:proph:172517,Escherichia coli,Multi-compound,Drug_and_biocide_resistance,Drug_and_biocide_MFS_efflux_pumps,MDTH,HPCIA
gene:proph:182947;gene:proph:182971;gene:proph:182951;gene:proph:182952;gene:proph:179383;gene:proph:179426;gene:proph:183644;gene:proph:172518;gene:proph:172519;gene:proph:172520;gene:proph:172521;gene:proph:172522;gene:proph:172523;gene:proph:172524;gene:proph:172517;gene:proph:163818;gene:proph:179418;gene:proph:179425;gene:proph:179382;gene:proph:179387;gene:proph:182978;gene:proph:182984;gene:proph:182982,Escherichia coli,Multi-compound,Drug_and_biocide_resistance,Drug_and_biocide_MFS_efflux_pumps,MDTH,HPCIA
gene:proph:163927;gene:proph:172451;gene:proph:163921;gene:proph:181125;gene:proph:179435;gene:proph:179434;gene:proph:179433;gene:proph:163942,Escherichia coli,Multi-compound,Drug_and_biocide_resistance,Drug_and_biocide_SMR_efflux_pumps,MDTI,0
gene:proph:163927;gene:proph:172451;gene:proph:163921;gene:proph:181125;gene:proph:179435;gene:proph:179434;gene:proph:179433;gene:proph:163942,Escherichia coli,Multi-compound,Drug_and_biocide_resistance,Drug_and_biocide_SMR_efflux_pumps,MDTJ,0
gene:proph:163940;gene:proph:182930;gene:proph:179461;gene:proph:159076;gene:proph:159058;gene:proph:179471;gene:plasmid:117772;gene:proph:163947;gene:proph:163927;gene:proph:163921;gene:proph:163942;gene:proph:169106;gene:proph:169101;gene:proph:169100;gene:plasmid:117704;gene:plasmid:117783;gene:proph:177498;gene:proph:163929;gene:proph:159074;gene:proph:163938;gene:proph:159072;gene:proph:159064;gene:proph:163939;gene:proph:159065;gene:proph:159066;gene:proph:159070;gene:proph:159071;gene:proph:179464;gene:proph:159069;gene:proph:159067;gene:proph:159060;gene:proph:163832;gene:proph:163946;gene:proph:163928,Escherichia coli,Multi-compound,Drug_and_biocide_resistance,Drug_and_biocide_SMR_efflux_pumps,MDTJ,0
gene:proph:173726;gene:proph:169464;gene:proph:169512;gene:plasmid:130030;gene:proph:169495;gene:proph:176833;gene:proph:176835;gene:proph:163818;gene:plasmid:93448;gene:proph:169507;gene:vir:105780;gene:vir:105774,Enterobacter hormaechei,Multi-compound,Drug_and_biocide_resistance,Drug_and_biocide_MATE_efflux_pumps,MDTK,HPCIA
gene:proph:163927;gene:proph:172451;gene:proph:163921;gene:proph:181125;gene:proph:179435;gene:proph:179434;gene:proph:179433;gene:proph:163942,Escherichia coli,Multi-compound,Drug_and_biocide_resistance,Drug_and_biocide_MATE_efflux_pumps,MDTK,HPCIA
gene:proph:163940;gene:proph:182930;gene:proph:179461;gene:proph:159076;gene:proph:159058;gene:proph:179471;gene:plasmid:117772;gene:proph:163947;gene:proph:163927;gene:proph:163921;gene:proph:163942;gene:proph:169106;gene:proph:169101;gene:proph:169100;gene:plasmid:117704;gene:plasmid:117783;gene:proph:177498;gene:proph:163929;gene:proph:159074;gene:proph:163938;gene:proph:159072;gene:proph:159064;gene:proph:163939;gene:proph:159065;gene:proph:159066;gene:proph:159070;gene:proph:159071;gene:proph:179464;gene:proph:159069;gene:proph:159067;gene:proph:159060;gene:proph:163832;gene:proph:163946;gene:proph:163928,Escherichia coli,Multi-compound,Drug_and_biocide_resistance,Drug_and_biocide_MATE_efflux_pumps,MDTK,HPCIA
gene:proph:164876;gene:plasmid:89001;gene:plasmid:21988;gene:plasmid:21989;gene:vir:7358,Klebsiella grimontii,Multi-compound,Drug_and_biocide_resistance,Drug_and_biocide_MATE_efflux_pumps,MDTK,HPCIA
gene:proph:164876;gene:proph:164876;gene:plasmid:89001;gene:plasmid:21988;gene:plasmid:21989;gene:vir:7358;gene:vir:7358;gene:plasmid:22293,Klebsiella grimontii,Multi-compound,Drug_and_biocide_resistance,Drug_and_biocide_MATE_efflux_pumps,MDTK,HPCIA
gene:proph:164876;gene:plasmid:89001;gene:plasmid:21988;gene:plasmid:21989;gene:vir:7358;gene:plasmid:22293,Klebsiella grimontii,Multi-compound,Drug_and_biocide_resistance,Drug_and_biocide_MATE_efflux_pumps,MDTK,HPCIA
gene:vir:507;gene:proph:170540;gene:proph:179208;gene:proph:170536;gene:proph:170537;gene:proph:170528;gene:proph:179204,Citrobacter freundii,Multi-compound,Drug_and_biocide_resistance,Drug_and_biocide_MFS_efflux_pumps,MDTM,HPCIA
gene:vir:507;gene:proph:170540;gene:proph:179208;gene:proph:170536;gene:proph:170537;gene:proph:170528;gene:proph:179204,Citrobacter freundii,Multi-compound,Drug_and_biocide_resistance,Drug_and_biocide_MFS_efflux_pumps,MDTM,HPCIA
gene:plasmid:142025;gene:proph:163854;gene:proph:177620;gene:proph:177621;gene:plasmid:156052,Escherichia coli,Multi-compound,Drug_and_biocide_resistance,Drug_and_biocide_MFS_efflux_pumps,MDTM,HPCIA
gene:plasmid:123353,Escherichia coli,Multi-compound,Drug_and_biocide_resistance,Drug_and_biocide_RND_efflux_pumps,MDTN,0
gene:plasmid:123353,Escherichia coli,Multi-compound,Drug_and_biocide_resistance,Drug_and_biocide_RND_efflux_pumps,MDTO,0
gene:plasmid:123353,Escherichia coli,Multi-compound,Drug_and_biocide_resistance,Drug_and_biocide_RND_efflux_pumps,MDTP,0
gene:plasmid:29997;gene:plasmid:29994;gene:plasmid:29990;gene:plasmid:29991;gene:plasmid:29993;gene:plasmid:29995;gene:plasmid:29996,Pseudomonas aeruginosa,Multi-compound,Drug_and_biocide_resistance,Drug_and_biocide_RND_efflux_pumps,MEXD1,0
gene:plasmid:20371;gene:plasmid:20600;gene:plasmid:20598;gene:plasmid:20597,Pseudomonas brenneri,Multi-compound,Drug_and_biocide_resistance,Drug_and_biocide_RND_efflux_pumps,MEXD1,0
gene:plasmid:21758;gene:plasmid:21763,Pseudomonas sp. LPD2,Multi-compound,Drug_and_biocide_resistance,Drug_and_biocide_RND_efflux_pumps,MEXD1,0
gene:proph:184195;gene:proph:184194;gene:proph:184196;gene:proph:184202;gene:proph:184206,Serratia marcescens,Multi-compound,Drug_and_biocide_resistance,Drug_and_biocide_RND_efflux_pumps,MEXD1,0
gene:plasmid:21828,Pseudomonas bubulae,Multi-compound,Drug_and_biocide_resistance,Drug_and_biocide_RND_efflux_pumps,MEXE,HPCIA
gene:plasmid:85748,Pseudomonas fragi,Multi-compound,Drug_and_biocide_resistance,Drug_and_biocide_RND_efflux_pumps,MEXE,HPCIA
gene:plasmid:137265;gene:plasmid:85748,Pseudomonas fragi,Multi-compound,Drug_and_biocide_resistance,Drug_and_biocide_RND_efflux_pumps,MEXE,HPCIA
gene:plasmid:85748,Pseudomonas helleri,Multi-compound,Drug_and_biocide_resistance,Drug_and_biocide_RND_efflux_pumps,MEXE,HPCIA
gene:plasmid:112536,Pseudomonas juntendi,Multi-compound,Drug_and_biocide_resistance,Drug_and_biocide_RND_efflux_pumps,MEXE,HPCIA
gene:plasmid:116448;gene:plasmid:116447;gene:proph:173726,Pseudomonas rustica,Multi-compound,Drug_and_biocide_resistance,Drug_and_biocide_RND_efflux_pumps,MEXE,HPCIA
gene:plasmid:82005;gene:proph:178437;gene:proph:178296;gene:proph:163106;gene:proph:178286;gene:proph:178285;gene:plasmid:85748;gene:proph:180010;gene:plasmid:145296;gene:proph:180361;gene:plasmid:139709;gene:plasmid:22138;gene:plasmid:149763;gene:plasmid:21828,Pseudomonas sp. AE27,Multi-compound,Drug_and_biocide_resistance,Drug_and_biocide_RND_efflux_pumps,MEXE,HPCIA
gene:proph:173726,Pseudomonas sp. FP818,Multi-compound,Drug_and_biocide_resistance,Drug_and_biocide_RND_efflux_pumps,MEXE,HPCIA
gene:plasmid:119533;gene:plasmid:115087;gene:plasmid:115087;gene:proph:173726;gene:plasmid:21288;gene:plasmid:20668;gene:plasmid:20669;gene:plasmid:22648,Pseudomonas sp. J380,Multi-compound,Drug_and_biocide_resistance,Drug_and_biocide_RND_efflux_pumps,MEXE,HPCIA
gene:proph:173726;gene:plasmid:21288;gene:plasmid:137174;gene:plasmid:137265,Pseudomonas sp. TMW 2.1634,Multi-compound,Drug_and_biocide_resistance,Drug_and_biocide_RND_efflux_pumps,MEXE,HPCIA
gene:proph:173726;gene:plasmid:21288,Pseudomonas azotoformans,Multi-compound,Drug_and_biocide_resistance,Drug_and_biocide_RND_efflux_pumps,MEXF,HPCIA
gene:plasmid:21828,Pseudomonas bubulae,Multi-compound,Drug_and_biocide_resistance,Drug_and_biocide_RND_efflux_pumps,MEXF,HPCIA
gene:plasmid:85748,Pseudomonas fragi,Multi-compound,Drug_and_biocide_resistance,Drug_and_biocide_RND_efflux_pumps,MEXF,HPCIA
gene:plasmid:137265;gene:plasmid:85748,Pseudomonas fragi,Multi-compound,Drug_and_biocide_resistance,Drug_and_biocide_RND_efflux_pumps,MEXF,HPCIA
gene:plasmid:85748,Pseudomonas helleri,Multi-compound,Drug_and_biocide_resistance,Drug_and_biocide_RND_efflux_pumps,MEXF,HPCIA
gene:plasmid:112536,Pseudomonas juntendi,Multi-compound,Drug_and_biocide_resistance,Drug_and_biocide_RND_efflux_pumps,MEXF,HPCIA
gene:plasmid:116448;gene:plasmid:116447;gene:proph:173726,Pseudomonas rustica,Multi-compound,Drug_and_biocide_resistance,Drug_and_biocide_RND_efflux_pumps,MEXF,HPCIA
gene:plasmid:82005;gene:proph:178437;gene:proph:178296;gene:proph:163106;gene:proph:178286;gene:proph:178285;gene:plasmid:85748;gene:proph:180010;gene:plasmid:145296;gene:proph:180361;gene:plasmid:139709;gene:plasmid:22138;gene:plasmid:149763;gene:plasmid:21828,Pseudomonas sp. AE27,Multi-compound,Drug_and_biocide_resistance,Drug_and_biocide_RND_efflux_pumps,MEXF,HPCIA
gene:proph:173726,Pseudomonas sp. FP818,Multi-compound,Drug_and_biocide_resistance,Drug_and_biocide_RND_efflux_pumps,MEXF,HPCIA
gene:plasmid:119533;gene:plasmid:115087;gene:plasmid:115087;gene:proph:173726;gene:plasmid:21288;gene:plasmid:20668;gene:plasmid:20669;gene:plasmid:22648,Pseudomonas sp. J380,Multi-compound,Drug_and_biocide_resistance,Drug_and_biocide_RND_efflux_pumps,MEXF,HPCIA
gene:plasmid:21326,Pseudomonas sp. S3_B08,Multi-compound,Drug_and_biocide_resistance,Drug_and_biocide_RND_efflux_pumps,MEXF,HPCIA
gene:proph:173726;gene:plasmid:21288;gene:plasmid:137174;gene:plasmid:137265,Pseudomonas sp. TMW 2.1634,Multi-compound,Drug_and_biocide_resistance,Drug_and_biocide_RND_efflux_pumps,MEXF,HPCIA
gene:plasmid:154939,Pseudomonas sp. AE27,Multi-compound,Drug_and_biocide_resistance,Drug_and_biocide_RND_efflux_pumps,MEXI,HPCIA
gene:plasmid:115548;gene:proph:184192;gene:proph:184193,Pseudomonas brenneri,Multi-compound,Drug_and_biocide_resistance,Drug_and_biocide_RND_efflux_pumps,MEXK,CIA
gene:plasmid:85950,Pseudomonas helleri,Multi-compound,Drug_and_biocide_resistance,Drug_and_biocide_RND_efflux_pumps,MEXK,CIA
gene:proph:184193,Pseudomonas lundensis,Multi-compound,Drug_and_biocide_resistance,Drug_and_biocide_RND_efflux_pumps,MEXK,CIA
gene:proph:175950;gene:proph:184194;gene:plasmid:115548;gene:proph:184193;gene:proph:184196;gene:proph:163044;gene:proph:163045;gene:proph:163043;gene:proph:163042;gene:proph:163054;gene:proph:163053;gene:proph:163093;gene:proph:163091;gene:proph:163073;gene:proph:184236;gene:proph:175955;gene:plasmid:137205;gene:plasmid:137265;gene:plasmid:21336,Pseudomonas qingdaonensis,Multi-compound,Drug_and_biocide_resistance,Drug_and_biocide_RND_efflux_pumps,MEXK,CIA
gene:proph:184195;gene:proph:184194;gene:plasmid:115548;gene:proph:184192;gene:proph:184193;gene:proph:184196;gene:proph:184213;gene:proph:184215;gene:proph:184216;gene:proph:184217;gene:proph:184218;gene:proph:184219;gene:proph:184220;gene:proph:184221;gene:proph:184222;gene:proph:184223;gene:proph:184234;gene:proph:184235,Pseudomonas rustica,Multi-compound,Drug_and_biocide_resistance,Drug_and_biocide_RND_efflux_pumps,MEXK,CIA
gene:plasmid:146598;gene:plasmid:20860;gene:proph:175950;gene:proph:184195;gene:proph:184194;gene:proph:184196;gene:proph:184202;gene:proph:184206;gene:proph:163072;gene:proph:184236;gene:proph:175955;gene:plasmid:115548;gene:proph:184192;gene:proph:184193;gene:plasmid:20884;gene:proph:179959;gene:plasmid:154897,Pseudomonas sp. AC109,Multi-compound,Drug_and_biocide_resistance,Drug_and_biocide_RND_efflux_pumps,MEXK,CIA
gene:proph:184196;gene:proph:184202;gene:proph:184206;gene:proph:184207;gene:proph:163072;gene:proph:184236;gene:proph:175955;gene:plasmid:145219;gene:proph:175950;gene:proph:175956;gene:proph:184195;gene:proph:184194,Pseudomonas sp. J380,Multi-compound,Drug_and_biocide_resistance,Drug_and_biocide_RND_efflux_pumps,MEXK,CIA
gene:proph:163142,Pseudomonas sp. S3_B08,Multi-compound,Drug_and_biocide_resistance,Drug_and_biocide_RND_efflux_pumps,MEXK,CIA
gene:plasmid:129691;gene:plasmid:112536,Pseudomonas sp. HN11,Multi-compound,Drug_and_biocide_resistance,Drug_and_biocide_RND_efflux_pumps,MEXN,HIA
gene:plasmid:119533;gene:plasmid:115087;gene:plasmid:115087;gene:proph:173726;gene:plasmid:21288;gene:plasmid:20668;gene:plasmid:20669;gene:plasmid:22648,Pseudomonas sp. J380,Multi-compound,Drug_and_biocide_resistance,Drug_and_biocide_RND_efflux_pumps,MEXQ,CIA
gene:proph:173726;gene:plasmid:21288;gene:plasmid:137174;gene:plasmid:137265,Pseudomonas sp. TMW 2.1634,Multi-compound,Drug_and_biocide_resistance,Drug_and_biocide_RND_efflux_pumps,MEXQ,CIA
gene:plasmid:21942;gene:plasmid:22293;gene:proph:176833;gene:plasmid:125744;gene:plasmid:119871,Serratia liquefaciens,Multi-compound,Drug_and_biocide_resistance,Drug_and_biocide_RND_efflux_pumps,MEXQ,CIA
gene:plasmid:22293;gene:proph:176833;gene:plasmid:11362;gene:plasmid:119871,Serratia liquefaciens,Multi-compound,Drug_and_biocide_resistance,Drug_and_biocide_RND_efflux_pumps,MEXQ,CIA
gene:plasmid:149763;gene:plasmid:21828,Pseudomonas palmensis,Multi-compound,Drug_and_biocide_resistance,Drug_and_biocide_RND_efflux_regulator,MEXT,HPCIA
gene:plasmid:21089,Pseudomonas putida,Biocides,Multi-biocide_resistance,Multi-biocide_RND_efflux_pump,MEXW,HPCIA
gene:plasmid:82630,Pseudomonas putida,Biocides,Multi-biocide_resistance,Multi-biocide_RND_efflux_pump,MEXW,HPCIA
gene:plasmid:28490;gene:plasmid:21089,Pseudomonas qingdaonensis,Biocides,Multi-biocide_resistance,Multi-biocide_RND_efflux_pump,MEXW,HPCIA
gene:plasmid:91662,Pseudomonas sp. SD17-1,Biocides,Multi-biocide_resistance,Multi-biocide_RND_efflux_pump,MEXW,HPCIA
gene:plasmid:21988;gene:plasmid:149415;gene:plasmid:154014;gene:plasmid:91947,Klebsiella sp. HC6,Drugs,betalactams,Class_C_betalactamases,MIR,Authorized for use in humans only ?
gene:plasmid:139560;gene:plasmid:131185,Acetobacter ghanensis,Drugs,MLS,Macrolide-resistant_23S_rRNA_mutation,MLS23S,CIA ?
gene:plasmid:139560;gene:plasmid:131376,Acetobacter ghanensis,Drugs,MLS,Macrolide-resistant_23S_rRNA_mutation,MLS23S,CIA ?
gene:plasmid:139560;gene:plasmid:131185,Acetobacter ghanensis,Drugs,MLS,Macrolide-resistant_23S_rRNA_mutation,MLS23S,CIA ?
gene:plasmid:139560;gene:plasmid:131185,Acetobacter ghanensis,Drugs,MLS,Macrolide-resistant_23S_rRNA_mutation,MLS23S,CIA ?
gene:plasmid:139560;gene:plasmid:117293,Acetobacter ghanensis,Drugs,MLS,Macrolide-resistant_23S_rRNA_mutation,MLS23S,CIA ?
gene:plasmid:139560;gene:plasmid:131376,Acetobacter ghanensis,Drugs,MLS,Macrolide-resistant_23S_rRNA_mutation,MLS23S,CIA ?
gene:plasmid:139560;gene:plasmid:117293,Acetobacter ghanensis,Drugs,MLS,Macrolide-resistant_23S_rRNA_mutation,MLS23S,CIA ?
gene:plasmid:139560;gene:plasmid:131376,Acetobacter ghanensis,Drugs,MLS,Macrolide-resistant_23S_rRNA_mutation,MLS23S,CIA ?
gene:plasmid:139560;gene:plasmid:117293,Acetobacter ghanensis,Drugs,MLS,Macrolide-resistant_23S_rRNA_mutation,MLS23S,CIA ?
gene:plasmid:139560;gene:plasmid:117293,Acetobacter ghanensis,Drugs,MLS,Macrolide-resistant_23S_rRNA_mutation,MLS23S,CIA ?
gene:plasmid:139560;gene:plasmid:131376,Acetobacter ghanensis,Drugs,MLS,Macrolide-resistant_23S_rRNA_mutation,MLS23S,CIA ?
gene:plasmid:139560;gene:plasmid:131185,Acetobacter ghanensis,Drugs,MLS,Macrolide-resistant_23S_rRNA_mutation,MLS23S,CIA ?
gene:plasmid:139560;gene:plasmid:131376,Acetobacter ghanensis,Drugs,MLS,Macrolide-resistant_23S_rRNA_mutation,MLS23S,CIA ?
gene:plasmid:139560;gene:plasmid:131185,Acetobacter ghanensis,Drugs,MLS,Macrolide-resistant_23S_rRNA_mutation,MLS23S,CIA ?
gene:plasmid:139560,Acetobacter ghanensis,Drugs,MLS,Macrolide-resistant_23S_rRNA_mutation,MLS23S,CIA ?
gene:plasmid:139560;gene:plasmid:131376,Acetobacter ghanensis,Drugs,MLS,Macrolide-resistant_23S_rRNA_mutation,MLS23S,CIA ?
gene:plasmid:139560;gene:plasmid:131185,Acetobacter ghanensis,Drugs,MLS,Macrolide-resistant_23S_rRNA_mutation,MLS23S,CIA ?
gene:plasmid:139560;gene:plasmid:131376,Acetobacter ghanensis,Drugs,MLS,Macrolide-resistant_23S_rRNA_mutation,MLS23S,CIA ?
gene:plasmid:139560;gene:plasmid:117293,Acetobacter ghanensis,Drugs,MLS,Macrolide-resistant_23S_rRNA_mutation,MLS23S,CIA ?
gene:plasmid:139560,Acetobacter ghanensis,Drugs,MLS,Macrolide-resistant_23S_rRNA_mutation,MLS23S,CIA ?
gene:plasmid:139560;gene:plasmid:117293,Acetobacter ghanensis,Drugs,MLS,Macrolide-resistant_23S_rRNA_mutation,MLS23S,CIA ?
gene:plasmid:139560;gene:plasmid:117293,Acetobacter ghanensis,Drugs,MLS,Macrolide-resistant_23S_rRNA_mutation,MLS23S,CIA ?
gene:plasmid:139560;gene:plasmid:117293,Acetobacter ghanensis,Drugs,MLS,Macrolide-resistant_23S_rRNA_mutation,MLS23S,CIA ?
gene:plasmid:139560;gene:plasmid:131185;gene:plasmid:85663,Acetobacter ghanensis,Drugs,MLS,Macrolide-resistant_23S_rRNA_mutation,MLS23S,CIA ?
gene:plasmid:139560;gene:plasmid:117293,Acetobacter ghanensis,Drugs,MLS,Macrolide-resistant_23S_rRNA_mutation,MLS23S,CIA ?
gene:plasmid:139560;gene:plasmid:131376,Acetobacter ghanensis,Drugs,MLS,Macrolide-resistant_23S_rRNA_mutation,MLS23S,CIA ?
gene:plasmid:139560,Acetobacter ghanensis,Drugs,MLS,Macrolide-resistant_23S_rRNA_mutation,MLS23S,CIA ?
gene:plasmid:139560;gene:plasmid:131185,Acetobacter ghanensis,Drugs,MLS,Macrolide-resistant_23S_rRNA_mutation,MLS23S,CIA ?
gene:plasmid:139560;gene:plasmid:117293,Acetobacter ghanensis,Drugs,MLS,Macrolide-resistant_23S_rRNA_mutation,MLS23S,CIA ?
gene:plasmid:139560;gene:plasmid:131185,Acetobacter ghanensis,Drugs,MLS,Macrolide-resistant_23S_rRNA_mutation,MLS23S,CIA ?
gene:plasmid:139560;gene:plasmid:117293,Acetobacter ghanensis,Drugs,MLS,Macrolide-resistant_23S_rRNA_mutation,MLS23S,CIA ?
gene:plasmid:139560;gene:plasmid:131376,Acetobacter ghanensis,Drugs,MLS,Macrolide-resistant_23S_rRNA_mutation,MLS23S,CIA ?
gene:plasmid:139560;gene:plasmid:117293,Acetobacter ghanensis,Drugs,MLS,Macrolide-resistant_23S_rRNA_mutation,MLS23S,CIA ?
gene:plasmid:139560;gene:plasmid:117293,Acetobacter ghanensis,Drugs,MLS,Macrolide-resistant_23S_rRNA_mutation,MLS23S,CIA ?
gene:plasmid:139560;gene:plasmid:131376,Acetobacter ghanensis,Drugs,MLS,Macrolide-resistant_23S_rRNA_mutation,MLS23S,CIA ?
gene:plasmid:139560,Acetobacter ghanensis,Drugs,MLS,Macrolide-resistant_23S_rRNA_mutation,MLS23S,CIA ?
gene:plasmid:139560;gene:plasmid:131376,Acetobacter ghanensis,Drugs,MLS,Macrolide-resistant_23S_rRNA_mutation,MLS23S,CIA ?
gene:plasmid:139560;gene:plasmid:131376,Acetobacter ghanensis,Drugs,MLS,Macrolide-resistant_23S_rRNA_mutation,MLS23S,CIA ?
gene:plasmid:139560;gene:plasmid:131185,Acetobacter ghanensis,Drugs,MLS,Macrolide-resistant_23S_rRNA_mutation,MLS23S,CIA ?
gene:plasmid:139560;gene:plasmid:131376,Acetobacter ghanensis,Drugs,MLS,Macrolide-resistant_23S_rRNA_mutation,MLS23S,CIA ?
gene:plasmid:139560;gene:plasmid:131185,Acetobacter ghanensis,Drugs,MLS,Macrolide-resistant_23S_rRNA_mutation,MLS23S,CIA ?
gene:plasmid:139560;gene:plasmid:131376,Acetobacter ghanensis,Drugs,MLS,Macrolide-resistant_23S_rRNA_mutation,MLS23S,CIA ?
gene:plasmid:139560;gene:plasmid:131376,Acetobacter ghanensis,Drugs,MLS,Macrolide-resistant_23S_rRNA_mutation,MLS23S,CIA ?
gene:plasmid:139560;gene:plasmid:131185,Acetobacter ghanensis,Drugs,MLS,Macrolide-resistant_23S_rRNA_mutation,MLS23S,CIA ?
gene:plasmid:139560;gene:plasmid:117293,Acetobacter okinawensis,Drugs,MLS,Macrolide-resistant_23S_rRNA_mutation,MLS23S,CIA ?
gene:plasmid:139560;gene:plasmid:131185,Acetobacter okinawensis,Drugs,MLS,Macrolide-resistant_23S_rRNA_mutation,MLS23S,CIA ?
gene:plasmid:139560;gene:plasmid:131376,Acetobacter okinawensis,Drugs,MLS,Macrolide-resistant_23S_rRNA_mutation,MLS23S,CIA ?
gene:plasmid:139560,Acetobacter okinawensis,Drugs,MLS,Macrolide-resistant_23S_rRNA_mutation,MLS23S,CIA ?
gene:plasmid:131185,Acetobacter okinawensis,Drugs,MLS,Macrolide-resistant_23S_rRNA_mutation,MLS23S,CIA ?
gene:plasmid:139560;gene:plasmid:131376,Acetobacter okinawensis,Drugs,MLS,Macrolide-resistant_23S_rRNA_mutation,MLS23S,CIA ?
gene:plasmid:139560,Acetobacter okinawensis,Drugs,MLS,Macrolide-resistant_23S_rRNA_mutation,MLS23S,CIA ?
gene:plasmid:139560,Acetobacter okinawensis,Drugs,MLS,Macrolide-resistant_23S_rRNA_mutation,MLS23S,CIA ?
gene:plasmid:139560;gene:plasmid:131185,Acetobacter orientalis,Drugs,MLS,Macrolide-resistant_23S_rRNA_mutation,MLS23S,CIA ?
gene:plasmid:139560,Acetobacter orientalis,Drugs,MLS,Macrolide-resistant_23S_rRNA_mutation,MLS23S,CIA ?
gene:plasmid:138875;gene:plasmid:139560;gene:plasmid:131185,Acetobacter orientalis,Drugs,MLS,Macrolide-resistant_23S_rRNA_mutation,MLS23S,CIA ?
gene:plasmid:139560;gene:plasmid:131376,Acetobacter orientalis,Drugs,MLS,Macrolide-resistant_23S_rRNA_mutation,MLS23S,CIA ?
gene:plasmid:139560;gene:plasmid:131185,Acetobacter orientalis,Drugs,MLS,Macrolide-resistant_23S_rRNA_mutation,MLS23S,CIA ?
gene:plasmid:139560;gene:plasmid:131376,Acetobacter orientalis,Drugs,MLS,Macrolide-resistant_23S_rRNA_mutation,MLS23S,CIA ?
gene:plasmid:139560;gene:plasmid:131185,Acetobacter orientalis,Drugs,MLS,Macrolide-resistant_23S_rRNA_mutation,MLS23S,CIA ?
gene:plasmid:139560;gene:plasmid:131376,Acetobacter orientalis,Drugs,MLS,Macrolide-resistant_23S_rRNA_mutation,MLS23S,CIA ?
gene:plasmid:139560;gene:plasmid:131376,Acetobacter orientalis,Drugs,MLS,Macrolide-resistant_23S_rRNA_mutation,MLS23S,CIA ?
gene:plasmid:139560;gene:plasmid:131376,Acetobacter orientalis,Drugs,MLS,Macrolide-resistant_23S_rRNA_mutation,MLS23S,CIA ?
gene:plasmid:131371;gene:plasmid:139560,Acetobacter orientalis,Drugs,MLS,Macrolide-resistant_23S_rRNA_mutation,MLS23S,CIA ?
gene:plasmid:139560;gene:plasmid:131185,Acetobacter orientalis,Drugs,MLS,Macrolide-resistant_23S_rRNA_mutation,MLS23S,CIA ?
gene:plasmid:139560;gene:plasmid:117293,Acetobacter orientalis,Drugs,MLS,Macrolide-resistant_23S_rRNA_mutation,MLS23S,CIA ?
gene:plasmid:139560;gene:plasmid:131185,Acetobacter orientalis,Drugs,MLS,Macrolide-resistant_23S_rRNA_mutation,MLS23S,CIA ?
gene:plasmid:139560;gene:plasmid:131376,Acetobacter orientalis,Drugs,MLS,Macrolide-resistant_23S_rRNA_mutation,MLS23S,CIA ?
gene:plasmid:139560;gene:plasmid:131376,Acetobacter orientalis,Drugs,MLS,Macrolide-resistant_23S_rRNA_mutation,MLS23S,CIA ?
gene:plasmid:139560;gene:plasmid:131185,Acetobacter orientalis,Drugs,MLS,Macrolide-resistant_23S_rRNA_mutation,MLS23S,CIA ?
gene:plasmid:139560;gene:plasmid:117293,Acetobacter orientalis,Drugs,MLS,Macrolide-resistant_23S_rRNA_mutation,MLS23S,CIA ?
gene:plasmid:139560;gene:plasmid:131185,Acetobacter orientalis,Drugs,MLS,Macrolide-resistant_23S_rRNA_mutation,MLS23S,CIA ?
gene:plasmid:139560;gene:plasmid:131185,Acetobacter orientalis,Drugs,MLS,Macrolide-resistant_23S_rRNA_mutation,MLS23S,CIA ?
gene:plasmid:139560;gene:plasmid:131376,Acetobacter orientalis,Drugs,MLS,Macrolide-resistant_23S_rRNA_mutation,MLS23S,CIA ?
gene:plasmid:139560;gene:plasmid:131185,Acetobacter orientalis,Drugs,MLS,Macrolide-resistant_23S_rRNA_mutation,MLS23S,CIA ?
gene:plasmid:134731;gene:plasmid:139560;gene:plasmid:131376,Acetobacter orientalis,Drugs,MLS,Macrolide-resistant_23S_rRNA_mutation,MLS23S,CIA ?
gene:plasmid:139560;gene:plasmid:117293,Acetobacter orientalis,Drugs,MLS,Macrolide-resistant_23S_rRNA_mutation,MLS23S,CIA ?
gene:plasmid:139560;gene:plasmid:131185,Acetobacter orientalis,Drugs,MLS,Macrolide-resistant_23S_rRNA_mutation,MLS23S,CIA ?
gene:plasmid:139560;gene:plasmid:131376,Acetobacter orientalis,Drugs,MLS,Macrolide-resistant_23S_rRNA_mutation,MLS23S,CIA ?
gene:plasmid:139560;gene:plasmid:117293,Acetobacter orientalis,Drugs,MLS,Macrolide-resistant_23S_rRNA_mutation,MLS23S,CIA ?
gene:plasmid:139560;gene:plasmid:117293,Acetobacter oryzifermentans,Drugs,MLS,Macrolide-resistant_23S_rRNA_mutation,MLS23S,CIA ?
gene:plasmid:139560;gene:plasmid:117293,Acetobacter oryzifermentans,Drugs,MLS,Macrolide-resistant_23S_rRNA_mutation,MLS23S,CIA ?
gene:plasmid:139560;gene:plasmid:131185,Acetobacter pasteurianus,Drugs,MLS,Macrolide-resistant_23S_rRNA_mutation,MLS23S,CIA ?
gene:plasmid:139562;gene:plasmid:139559,Acinetobacter sp. TTH0-4,Drugs,MLS,Macrolide-resistant_23S_rRNA_mutation,MLS23S,CIA ?
gene:plasmid:139560,Comamonas terrigena,Drugs,MLS,Macrolide-resistant_23S_rRNA_mutation,MLS23S,CIA ?
gene:plasmid:139560;gene:plasmid:117293,Croceicoccus sp. Ery5,Drugs,MLS,Macrolide-resistant_23S_rRNA_mutation,MLS23S,CIA ?
gene:plasmid:117070,Enterobacter hormaechei,Drugs,MLS,Macrolide-resistant_23S_rRNA_mutation,MLS23S,CIA ?
gene:plasmid:139560;gene:plasmid:131376,Komagataeibacter piraceti,Drugs,MLS,Macrolide-resistant_23S_rRNA_mutation,MLS23S,CIA ?
gene:proph:163032;gene:proph:183160,Lactococcus lactis,Drugs,MLS,Macrolide-resistant_23S_rRNA_mutation,MLS23S,CIA ?
gene:proph:183160,Lactococcus lactis,Drugs,MLS,Macrolide-resistant_23S_rRNA_mutation,MLS23S,CIA ?
gene:plasmid:134731,Leclercia adecarboxylata,Drugs,MLS,Macrolide-resistant_23S_rRNA_mutation,MLS23S,CIA ?
gene:plasmid:131373,Leuconostoc citreum,Drugs,MLS,Macrolide-resistant_23S_rRNA_mutation,MLS23S,CIA ?
gene:plasmid:117290,Leuconostoc citreum,Drugs,MLS,Macrolide-resistant_23S_rRNA_mutation,MLS23S,CIA ?
gene:plasmid:131182,Leuconostoc citreum,Drugs,MLS,Macrolide-resistant_23S_rRNA_mutation,MLS23S,CIA ?
gene:plasmid:131373,Leuconostoc lactis,Drugs,MLS,Macrolide-resistant_23S_rRNA_mutation,MLS23S,CIA ?
gene:plasmid:131185,Pseudomonas helleri,Drugs,MLS,Macrolide-resistant_23S_rRNA_mutation,MLS23S,CIA ?
gene:plasmid:139562,Pseudomonas helleri,Drugs,MLS,Macrolide-resistant_23S_rRNA_mutation,MLS23S,CIA ?
gene:plasmid:139562,Pseudomonas sp. LG1D9,Drugs,MLS,Macrolide-resistant_23S_rRNA_mutation,MLS23S,CIA ?
gene:plasmid:139562,Pseudomonas sp. MYb193,Drugs,MLS,Macrolide-resistant_23S_rRNA_mutation,MLS23S,CIA ?
gene:plasmid:131373,Stenotrophomonas riyadhensis,Drugs,MLS,Macrolide-resistant_23S_rRNA_mutation,MLS23S,CIA ?
gene:plasmid:139560;gene:plasmid:131376,Other,Drugs,MLS,Macrolide-resistant_23S_rRNA_mutation,MLS23S,CIA ?
gene:plasmid:139560;gene:plasmid:131185,Other,Drugs,MLS,Macrolide-resistant_23S_rRNA_mutation,MLS23S,CIA ?
gene:plasmid:139560;gene:plasmid:131185,Other,Drugs,MLS,Macrolide-resistant_23S_rRNA_mutation,MLS23S,CIA ?
gene:plasmid:139560;gene:plasmid:131185,Other,Drugs,MLS,Macrolide-resistant_23S_rRNA_mutation,MLS23S,CIA ?
gene:plasmid:139560;gene:plasmid:117293,Other,Drugs,MLS,Macrolide-resistant_23S_rRNA_mutation,MLS23S,CIA ?
gene:plasmid:139560;gene:plasmid:131376,Other,Drugs,MLS,Macrolide-resistant_23S_rRNA_mutation,MLS23S,CIA ?
gene:vir:7156;gene:proph:184644;gene:proph:184643;gene:proph:182641;gene:proph:183583;gene:plasmid:134726;gene:plasmid:134726,Escherichia coli,Drugs,MLS,Macrolide_phosphotransferases,MPHB,CIA
gene:vir:7156;gene:proph:182647;gene:proph:163981;gene:proph:183597;gene:proph:182641;gene:proph:183583,Escherichia coli,Drugs,MLS,Macrolide_phosphotransferases,MPHB,CIA
gene:plasmid:125744,Citrobacter freundii,Drugs,Multi-drug_resistance,Multi-drug_ABC_efflux_pumps,MSBA,HIA
gene:plasmid:155991;gene:plasmid:155983;gene:plasmid:156052;gene:proph:175223;gene:proph:163818,Citrobacter freundii,Drugs,Multi-drug_resistance,Multi-drug_ABC_efflux_pumps,MSBA,HIA
gene:proph:163818;gene:plasmid:24609,Citrobacter freundii,Drugs,Multi-drug_resistance,Multi-drug_ABC_efflux_pumps,MSBA,HIA
gene:proph:161537;gene:proph:169464;gene:proph:169511;gene:proph:169512;gene:plasmid:155991;gene:plasmid:155983;gene:plasmid:156052;gene:proph:163818;gene:plasmid:24609;gene:proph:172517,Citrobacter freundii,Drugs,Multi-drug_resistance,Multi-drug_ABC_efflux_pumps,MSBA,HIA
gene:proph:163818,Escherichia coli,Drugs,Multi-drug_resistance,Multi-drug_ABC_efflux_pumps,MSBA,HIA
gene:proph:182947;gene:proph:182971;gene:proph:182951;gene:proph:182952;gene:proph:179383;gene:proph:179426;gene:proph:183644;gene:proph:172518;gene:proph:172519;gene:proph:172520;gene:proph:172521;gene:proph:172522;gene:proph:172523;gene:proph:172524;gene:proph:172517;gene:proph:163818;gene:proph:179418;gene:proph:179425;gene:proph:179382;gene:proph:179387;gene:proph:182978;gene:proph:182984;gene:proph:182982,Escherichia coli,Drugs,Multi-drug_resistance,Multi-drug_ABC_efflux_pumps,MSBA,HIA
gene:plasmid:157743;gene:proph:169464;gene:proph:169512;gene:proph:170892;gene:plasmid:125744;gene:plasmid:124575;gene:plasmid:123175;gene:plasmid:90202;gene:proph:172517,Klebsiella sp. HC6,Drugs,Multi-drug_resistance,Multi-drug_ABC_efflux_pumps,MSBA,HIA
gene:proph:163818,Superficieibacter sp. BNK-5,Drugs,Multi-drug_resistance,Multi-drug_ABC_efflux_pumps,MSBA,HIA
gene:plasmid:123168;gene:plasmid:123169;gene:plasmid:123170;gene:plasmid:123171;gene:plasmid:123173;gene:plasmid:123174;gene:plasmid:123175,Citrobacter freundii,Drugs,Fosfomycin,Fosfomycin_target_mutation,MURA,HPCIA
gene:proph:184661;gene:proph:184659;gene:proph:163818,Citrobacter freundii,Drugs,Fosfomycin,Fosfomycin_target_mutation,MURA,HPCIA
gene:proph:184661;gene:proph:184659;gene:proph:163818,Citrobacter freundii,Drugs,Fosfomycin,Fosfomycin_target_mutation,MURA,HPCIA
gene:proph:184661;gene:proph:184659;gene:proph:163818,Citrobacter freundii,Drugs,Fosfomycin,Fosfomycin_target_mutation,MURA,HPCIA
gene:proph:163818;gene:plasmid:123257;gene:plasmid:91947,Escherichia coli,Drugs,Fosfomycin,Fosfomycin_target_mutation,MURA,HPCIA
gene:plasmid:93474,Escherichia coli,Drugs,Fosfomycin,Fosfomycin_target_mutation,MURA,HPCIA
gene:proph:159064,Yersinia alsatica,Drugs,Fosfomycin,Fosfomycin_target_mutation,MURA,HPCIA
gene:plasmid:20371;gene:plasmid:20600;gene:plasmid:20598;gene:plasmid:20597,Pseudomonas brenneri,Drugs,Multi-drug_resistance,Multi-drug_RND_efflux_pumps,MUXB,CIA
gene:plasmid:21828;gene:plasmid:88994,Pseudomonas bubulae,Drugs,Multi-drug_resistance,Multi-drug_RND_efflux_pumps,MUXB,CIA
gene:proph:179985;gene:proph:179984,Pseudomonas bubulae,Drugs,Multi-drug_resistance,Multi-drug_RND_efflux_pumps,MUXB,CIA
gene:plasmid:26949;gene:plasmid:26360;gene:proph:173746;gene:proph:169464;gene:proph:179985;gene:proph:179984,Pseudomonas fragi,Drugs,Multi-drug_resistance,Multi-drug_RND_efflux_pumps,MUXB,CIA
gene:plasmid:27818,Pseudomonas lundensis,Drugs,Multi-drug_resistance,Multi-drug_RND_efflux_pumps,MUXB,CIA
gene:plasmid:20799,Pseudomonas palmensis,Drugs,Multi-drug_resistance,Multi-drug_RND_efflux_pumps,MUXB,CIA
gene:plasmid:156516,Pseudomonas putida,Drugs,Multi-drug_resistance,Multi-drug_RND_efflux_pumps,MUXB,CIA
gene:proph:173726,Pseudomonas sp. AE27,Drugs,Multi-drug_resistance,Multi-drug_RND_efflux_pumps,MUXB,CIA
gene:plasmid:22211;gene:plasmid:138445,Pseudomonas sp. FP453,Drugs,Multi-drug_resistance,Multi-drug_RND_efflux_pumps,MUXB,CIA
gene:proph:178296,Pseudomonas sp. WC2401,Drugs,Multi-drug_resistance,Multi-drug_RND_efflux_pumps,MUXB,CIA
gene:proph:178296,Pseudomonas sp. WC2401,Drugs,Multi-drug_resistance,Multi-drug_RND_efflux_pumps,MUXB,CIA
gene:plasmid:91662,Stenotrophomonas maltophilia,Drugs,Multi-drug_resistance,Multi-drug_RND_efflux_pumps,MUXB,CIA
gene:proph:179985;gene:proph:179984,Pseudomonas bubulae,Drugs,Multi-drug_resistance,Multi-drug_RND_efflux_pumps,MUXC,CIA
gene:plasmid:27818,Pseudomonas lundensis,Drugs,Multi-drug_resistance,Multi-drug_RND_efflux_pumps,MUXC,CIA
gene:proph:181243;gene:proph:163837;gene:plasmid:151225;gene:plasmid:148202;gene:plasmid:151223;gene:vir:1321;gene:proph:183581,Escherichia coli,Multi-compound,Drug_and_biocide_resistance,Drug_and_biocide_SMR_efflux_pumps,MVRC,0
gene:proph:181174;gene:proph:163861;gene:proph:176056;gene:proph:163835;gene:proph:176766;gene:proph:159036;gene:proph:182926;gene:proph:182925;gene:proph:182924;gene:proph:181127;gene:proph:181172;gene:proph:181173,Escherichia coli,Multi-compound,Drug_and_biocide_resistance,Drug_and_biocide_SMR_efflux_pumps,MVRC,0
gene:proph:169502;gene:proph:179464;gene:proph:173446;gene:proph:161622;gene:proph:161623;gene:proph:161624;gene:proph:161626;gene:proph:173413;gene:proph:181117;gene:proph:169499,Citrobacter braakii,Biocides,Paraquat_resistance,Paraquat_resistance_protein,NMPC,0
gene:plasmid:86179,Citrobacter freundii,Biocides,Paraquat_resistance,Paraquat_resistance_protein,NMPC,0
gene:proph:175311;gene:proph:169502;gene:proph:179464;gene:proph:173446;gene:proph:161622;gene:proph:161623;gene:proph:161624;gene:proph:161626;gene:proph:173413;gene:proph:161537;gene:proph:164865;gene:proph:175130;gene:proph:169503,Citrobacter freundii,Biocides,Paraquat_resistance,Paraquat_resistance_protein,NMPC,0
gene:proph:161537;gene:proph:169502;gene:proph:179464;gene:proph:173446;gene:proph:161622;gene:proph:161623;gene:proph:161624;gene:proph:161626;gene:proph:173413,Citrobacter freundii,Biocides,Paraquat_resistance,Paraquat_resistance_protein,NMPC,0
gene:proph:161537,Citrobacter freundii,Biocides,Paraquat_resistance,Paraquat_resistance_protein,NMPC,0
gene:proph:161537,Citrobacter freundi,Biocides,Paraquat_resistance,Paraquat_resistance_protein,NMPC,0
gene:proph:176040;gene:vir:1321;gene:proph:183581,Escherichia coli,Biocides,Paraquat_resistance,Paraquat_resistance_protein,NMPC,0
gene:proph:181174;gene:proph:163837;gene:proph:163841;gene:proph:159024;gene:proph:176766;gene:proph:159036;gene:proph:159028;gene:proph:176073;gene:proph:181324;gene:proph:176075;gene:proph:176076;gene:proph:163832;gene:proph:163833;gene:proph:176712;gene:proph:159061,Escherichia coli,Biocides,Paraquat_resistance,Paraquat_resistance_protein,NMPC,0
gene:plasmid:91918;gene:plasmid:91985;gene:proph:161537;gene:proph:169464;gene:proph:169511;gene:proph:169512,Klebsiella pneumoniae,Biocides,Paraquat_resistance,Paraquat_resistance_protein,NMPC,0
gene:plasmid:154014,Lelliottia amnigena,Biocides,Paraquat_resistance,Paraquat_resistance_protein,NMPC,0
gene:plasmid:149414,Lelliottia amnigena,Biocides,Paraquat_resistance,Paraquat_resistance_protein,NMPC,0
gene:plasmid:149414,Lelliottia amnigena,Biocides,Paraquat_resistance,Paraquat_resistance_protein,NMPC,0
gene:plasmid:139560;gene:plasmid:131185,Acetobacter okinawensis,Drugs,Oxazolidinone,Oxazolidinone-resistant_23S_rRNA_mutation,O23S,Authorized for use in humans only
gene:plasmid:131371;gene:plasmid:139560,Acetobacter okinawensis,Drugs,Oxazolidinone,Oxazolidinone-resistant_23S_rRNA_mutation,O23S,Authorized for use in humans only
gene:plasmid:139560;gene:plasmid:131185,Acetobacter orientalis,Drugs,Oxazolidinone,Oxazolidinone-resistant_23S_rRNA_mutation,O23S,Authorized for use in humans only
gene:plasmid:139560;gene:plasmid:131185,Acetobacter persici,Drugs,Oxazolidinone,Oxazolidinone-resistant_23S_rRNA_mutation,O23S,Authorized for use in humans only
gene:plasmid:141403,Bacillus mycoides,Drugs,Oxazolidinone,Oxazolidinone-resistant_23S_rRNA_mutation,O23S,Authorized for use in humans only
gene:plasmid:117070,Faecalibacter bovis,Drugs,Oxazolidinone,Oxazolidinone-resistant_23S_rRNA_mutation,O23S,Authorized for use in humans only
gene:plasmid:131180,Faecalibacter sp. LW9,Drugs,Oxazolidinone,Oxazolidinone-resistant_23S_rRNA_mutation,O23S,Authorized for use in humans only
gene:plasmid:131373,Leuconostoc falkenbergense,Drugs,Oxazolidinone,Oxazolidinone-resistant_23S_rRNA_mutation,O23S,Authorized for use in humans only
gene:plasmid:131182,Leuconostoc falkenbergense,Drugs,Oxazolidinone,Oxazolidinone-resistant_23S_rRNA_mutation,O23S,Authorized for use in humans only
gene:plasmid:131373,Leuconostoc falkenbergense,Drugs,Oxazolidinone,Oxazolidinone-resistant_23S_rRNA_mutation,O23S,Authorized for use in humans only
gene:plasmid:117290,Leuconostoc falkenbergense,Drugs,Oxazolidinone,Oxazolidinone-resistant_23S_rRNA_mutation,O23S,Authorized for use in humans only
gene:plasmid:131373,Leuconostoc falkenbergense,Drugs,Oxazolidinone,Oxazolidinone-resistant_23S_rRNA_mutation,O23S,Authorized for use in humans only
gene:plasmid:131182,Leuconostoc falkenbergense,Drugs,Oxazolidinone,Oxazolidinone-resistant_23S_rRNA_mutation,O23S,Authorized for use in humans only
gene:plasmid:117290,Leuconostoc falkenbergense,Drugs,Oxazolidinone,Oxazolidinone-resistant_23S_rRNA_mutation,O23S,Authorized for use in humans only
gene:plasmid:131373,Leuconostoc falkenbergense,Drugs,Oxazolidinone,Oxazolidinone-resistant_23S_rRNA_mutation,O23S,Authorized for use in humans only
gene:plasmid:131373,Leuconostoc mesenteroides,Drugs,Oxazolidinone,Oxazolidinone-resistant_23S_rRNA_mutation,O23S,Authorized for use in humans only
gene:plasmid:139560,Leuconostoc mesenteroides,Drugs,Oxazolidinone,Oxazolidinone-resistant_23S_rRNA_mutation,O23S,Authorized for use in humans only
gene:plasmid:117290,Leuconostoc mesenteroides,Drugs,Oxazolidinone,Oxazolidinone-resistant_23S_rRNA_mutation,O23S,Authorized for use in humans only
gene:plasmid:139560,Leuconostoc mesenteroides,Drugs,Oxazolidinone,Oxazolidinone-resistant_23S_rRNA_mutation,O23S,Authorized for use in humans only
gene:plasmid:139560,Leuconostoc mesenteroides,Drugs,Oxazolidinone,Oxazolidinone-resistant_23S_rRNA_mutation,O23S,Authorized for use in humans only
gene:plasmid:131373,Leuconostoc mesenteroides,Drugs,Oxazolidinone,Oxazolidinone-resistant_23S_rRNA_mutation,O23S,Authorized for use in humans only
gene:plasmid:131373,Leuconostoc mesenteroides,Drugs,Oxazolidinone,Oxazolidinone-resistant_23S_rRNA_mutation,O23S,Authorized for use in humans only
gene:plasmid:139560,Leuconostoc mesenteroides,Drugs,Oxazolidinone,Oxazolidinone-resistant_23S_rRNA_mutation,O23S,Authorized for use in humans only
gene:plasmid:131373,Leuconostoc mesenteroides,Drugs,Oxazolidinone,Oxazolidinone-resistant_23S_rRNA_mutation,O23S,Authorized for use in humans only
gene:plasmid:117290,Leuconostoc mesenteroides,Drugs,Oxazolidinone,Oxazolidinone-resistant_23S_rRNA_mutation,O23S,Authorized for use in humans only
gene:plasmid:131373,Leuconostoc mesenteroides,Drugs,Oxazolidinone,Oxazolidinone-resistant_23S_rRNA_mutation,O23S,Authorized for use in humans only
gene:plasmid:139560,Leuconostoc mesenteroides,Drugs,Oxazolidinone,Oxazolidinone-resistant_23S_rRNA_mutation,O23S,Authorized for use in humans only
gene:plasmid:131373,Leuconostoc mesenteroides,Drugs,Oxazolidinone,Oxazolidinone-resistant_23S_rRNA_mutation,O23S,Authorized for use in humans only
gene:plasmid:117290,Leuconostoc mesenteroides,Drugs,Oxazolidinone,Oxazolidinone-resistant_23S_rRNA_mutation,O23S,Authorized for use in humans only
gene:plasmid:131182,Leuconostoc mesenteroides,Drugs,Oxazolidinone,Oxazolidinone-resistant_23S_rRNA_mutation,O23S,Authorized for use in humans only
gene:plasmid:117290,Leuconostoc mesenteroides,Drugs,Oxazolidinone,Oxazolidinone-resistant_23S_rRNA_mutation,O23S,Authorized for use in humans only
gene:plasmid:117290,Leuconostoc mesenteroides,Drugs,Oxazolidinone,Oxazolidinone-resistant_23S_rRNA_mutation,O23S,Authorized for use in humans only
gene:plasmid:117290,Leuconostoc mesenteroides,Drugs,Oxazolidinone,Oxazolidinone-resistant_23S_rRNA_mutation,O23S,Authorized for use in humans only
gene:plasmid:131182,Leuconostoc mesenteroides,Drugs,Oxazolidinone,Oxazolidinone-resistant_23S_rRNA_mutation,O23S,Authorized for use in humans only
gene:plasmid:117290,Leuconostoc mesenteroides,Drugs,Oxazolidinone,Oxazolidinone-resistant_23S_rRNA_mutation,O23S,Authorized for use in humans only
gene:plasmid:117290,Leuconostoc mesenteroides,Drugs,Oxazolidinone,Oxazolidinone-resistant_23S_rRNA_mutation,O23S,Authorized for use in humans only
gene:plasmid:117290,Leuconostoc mesenteroides,Drugs,Oxazolidinone,Oxazolidinone-resistant_23S_rRNA_mutation,O23S,Authorized for use in humans only
gene:plasmid:117290,Leuconostoc mesenteroides,Drugs,Oxazolidinone,Oxazolidinone-resistant_23S_rRNA_mutation,O23S,Authorized for use in humans only
gene:plasmid:117290,Leuconostoc mesenteroides,Drugs,Oxazolidinone,Oxazolidinone-resistant_23S_rRNA_mutation,O23S,Authorized for use in humans only
gene:plasmid:131373,Leuconostoc mesenteroides,Drugs,Oxazolidinone,Oxazolidinone-resistant_23S_rRNA_mutation,O23S,Authorized for use in humans only
gene:plasmid:131182,Leuconostoc mesenteroides,Drugs,Oxazolidinone,Oxazolidinone-resistant_23S_rRNA_mutation,O23S,Authorized for use in humans only
gene:plasmid:131373,Leuconostoc mesenteroides,Drugs,Oxazolidinone,Oxazolidinone-resistant_23S_rRNA_mutation,O23S,Authorized for use in humans only
gene:plasmid:139560,Leuconostoc mesenteroides,Drugs,Oxazolidinone,Oxazolidinone-resistant_23S_rRNA_mutation,O23S,Authorized for use in humans only
gene:plasmid:139560,Leuconostoc mesenteroides,Drugs,Oxazolidinone,Oxazolidinone-resistant_23S_rRNA_mutation,O23S,Authorized for use in humans only
gene:plasmid:139560,Leuconostoc mesenteroides,Drugs,Oxazolidinone,Oxazolidinone-resistant_23S_rRNA_mutation,O23S,Authorized for use in humans only
gene:plasmid:139560,Leuconostoc mesenteroides,Drugs,Oxazolidinone,Oxazolidinone-resistant_23S_rRNA_mutation,O23S,Authorized for use in humans only
gene:plasmid:131373,Leuconostoc mesenteroides,Drugs,Oxazolidinone,Oxazolidinone-resistant_23S_rRNA_mutation,O23S,Authorized for use in humans only
gene:plasmid:131373,Leuconostoc mesenteroides,Drugs,Oxazolidinone,Oxazolidinone-resistant_23S_rRNA_mutation,O23S,Authorized for use in humans only
gene:plasmid:131182,Leuconostoc mesenteroides,Drugs,Oxazolidinone,Oxazolidinone-resistant_23S_rRNA_mutation,O23S,Authorized for use in humans only
gene:plasmid:131182,Leuconostoc mesenteroides,Drugs,Oxazolidinone,Oxazolidinone-resistant_23S_rRNA_mutation,O23S,Authorized for use in humans only
gene:plasmid:117290,Leuconostoc mesenteroides,Drugs,Oxazolidinone,Oxazolidinone-resistant_23S_rRNA_mutation,O23S,Authorized for use in humans only
gene:plasmid:139560,Leuconostoc mesenteroides,Drugs,Oxazolidinone,Oxazolidinone-resistant_23S_rRNA_mutation,O23S,Authorized for use in humans only
gene:plasmid:131182,Leuconostoc mesenteroides,Drugs,Oxazolidinone,Oxazolidinone-resistant_23S_rRNA_mutation,O23S,Authorized for use in humans only
gene:plasmid:139560,Leuconostoc mesenteroides,Drugs,Oxazolidinone,Oxazolidinone-resistant_23S_rRNA_mutation,O23S,Authorized for use in humans only
gene:plasmid:139560,Leuconostoc mesenteroides,Drugs,Oxazolidinone,Oxazolidinone-resistant_23S_rRNA_mutation,O23S,Authorized for use in humans only
gene:plasmid:131373,Leuconostoc mesenteroides,Drugs,Oxazolidinone,Oxazolidinone-resistant_23S_rRNA_mutation,O23S,Authorized for use in humans only
gene:plasmid:117290,Leuconostoc mesenteroides,Drugs,Oxazolidinone,Oxazolidinone-resistant_23S_rRNA_mutation,O23S,Authorized for use in humans only
gene:plasmid:139560,Leuconostoc mesenteroides,Drugs,Oxazolidinone,Oxazolidinone-resistant_23S_rRNA_mutation,O23S,Authorized for use in humans only
gene:plasmid:131182,Leuconostoc mesenteroides,Drugs,Oxazolidinone,Oxazolidinone-resistant_23S_rRNA_mutation,O23S,Authorized for use in humans only
gene:plasmid:139560,Leuconostoc mesenteroides,Drugs,Oxazolidinone,Oxazolidinone-resistant_23S_rRNA_mutation,O23S,Authorized for use in humans only
gene:plasmid:131373,Leuconostoc mesenteroides,Drugs,Oxazolidinone,Oxazolidinone-resistant_23S_rRNA_mutation,O23S,Authorized for use in humans only
gene:plasmid:139560,Leuconostoc mesenteroides,Drugs,Oxazolidinone,Oxazolidinone-resistant_23S_rRNA_mutation,O23S,Authorized for use in humans only
gene:plasmid:131373,Leuconostoc mesenteroides,Drugs,Oxazolidinone,Oxazolidinone-resistant_23S_rRNA_mutation,O23S,Authorized for use in humans only
gene:plasmid:117290,Leuconostoc mesenteroides,Drugs,Oxazolidinone,Oxazolidinone-resistant_23S_rRNA_mutation,O23S,Authorized for use in humans only
gene:plasmid:117290,Leuconostoc mesenteroides,Drugs,Oxazolidinone,Oxazolidinone-resistant_23S_rRNA_mutation,O23S,Authorized for use in humans only
gene:plasmid:139560,Leuconostoc mesenteroides,Drugs,Oxazolidinone,Oxazolidinone-resistant_23S_rRNA_mutation,O23S,Authorized for use in humans only
gene:plasmid:131182,Leuconostoc mesenteroides,Drugs,Oxazolidinone,Oxazolidinone-resistant_23S_rRNA_mutation,O23S,Authorized for use in humans only
gene:plasmid:139560,Leuconostoc mesenteroides,Drugs,Oxazolidinone,Oxazolidinone-resistant_23S_rRNA_mutation,O23S,Authorized for use in humans only
gene:plasmid:131182,Leuconostoc mesenteroides,Drugs,Oxazolidinone,Oxazolidinone-resistant_23S_rRNA_mutation,O23S,Authorized for use in humans only
gene:plasmid:131373,Leuconostoc mesenteroides,Drugs,Oxazolidinone,Oxazolidinone-resistant_23S_rRNA_mutation,O23S,Authorized for use in humans only
gene:plasmid:131182,Leuconostoc mesenteroides,Drugs,Oxazolidinone,Oxazolidinone-resistant_23S_rRNA_mutation,O23S,Authorized for use in humans only
gene:plasmid:131373,Leuconostoc mesenteroides,Drugs,Oxazolidinone,Oxazolidinone-resistant_23S_rRNA_mutation,O23S,Authorized for use in humans only
gene:plasmid:117290,Leuconostoc mesenteroides,Drugs,Oxazolidinone,Oxazolidinone-resistant_23S_rRNA_mutation,O23S,Authorized for use in humans only
gene:plasmid:131373,Leuconostoc mesenteroides,Drugs,Oxazolidinone,Oxazolidinone-resistant_23S_rRNA_mutation,O23S,Authorized for use in humans only
gene:plasmid:131373,Leuconostoc mesenteroides,Drugs,Oxazolidinone,Oxazolidinone-resistant_23S_rRNA_mutation,O23S,Authorized for use in humans only
gene:plasmid:139560,Leuconostoc mesenteroides,Drugs,Oxazolidinone,Oxazolidinone-resistant_23S_rRNA_mutation,O23S,Authorized for use in humans only
gene:plasmid:131182,Leuconostoc mesenteroides,Drugs,Oxazolidinone,Oxazolidinone-resistant_23S_rRNA_mutation,O23S,Authorized for use in humans only
gene:plasmid:139560,Leuconostoc mesenteroides,Drugs,Oxazolidinone,Oxazolidinone-resistant_23S_rRNA_mutation,O23S,Authorized for use in humans only
gene:plasmid:117290,Leuconostoc mesenteroides,Drugs,Oxazolidinone,Oxazolidinone-resistant_23S_rRNA_mutation,O23S,Authorized for use in humans only
gene:plasmid:139560,Leuconostoc mesenteroides,Drugs,Oxazolidinone,Oxazolidinone-resistant_23S_rRNA_mutation,O23S,Authorized for use in humans only
gene:plasmid:131182,Leuconostoc mesenteroides,Drugs,Oxazolidinone,Oxazolidinone-resistant_23S_rRNA_mutation,O23S,Authorized for use in humans only
gene:plasmid:139560,Leuconostoc pseudomesenteroides,Drugs,Oxazolidinone,Oxazolidinone-resistant_23S_rRNA_mutation,O23S,Authorized for use in humans only
gene:plasmid:86179,Citrobacter freundii,Drugs,betalactams,Mutant_porin_proteins,OMP36,Authorized for use in humans only
gene:plasmid:86179;gene:proph:161537,Citrobacter freundii,Drugs,betalactams,Mutant_porin_proteins,OMP36,Authorized for use in humans only
gene:vir:7156;gene:proph:183597;gene:plasmid:134726;gene:plasmid:134726;gene:proph:161537;gene:plasmid:86179,Citrobacter freundii,Drugs,betalactams,Mutant_porin_proteins,OMP36,Authorized for use in humans only
gene:plasmid:86179,Citrobacter freundii,Drugs,betalactams,Mutant_porin_proteins,OMP36,Authorized for use in humans only
gene:proph:161537;gene:vir:103532;gene:proph:183597;gene:plasmid:134726;gene:plasmid:134726;gene:proph:161537;gene:plasmid:86179;gene:proph:169502;gene:proph:179460;gene:proph:176082;gene:vir:389;gene:vir:393;gene:vir:1904;gene:proph:161536,Citrobacter freundii,Drugs,betalactams,Mutant_porin_proteins,OMP36,Authorized for use in humans only
gene:plasmid:134726;gene:plasmid:134726;gene:plasmid:93469;gene:plasmid:93507;gene:plasmid:93509,Enterobacter hormaechei,Drugs,betalactams,Mutant_porin_proteins,OMP36,Authorized for use in humans only
gene:plasmid:120395;gene:plasmid:93482;gene:plasmid:21988;gene:plasmid:21989;gene:plasmid:93486,Enterobacter hormaechei,Drugs,betalactams,Mutant_porin_proteins,OMP36,Authorized for use in humans only
gene:plasmid:21988;gene:plasmid:21989,Enterobacter hormaechei,Drugs,betalactams,Mutant_porin_proteins,OMP36,Authorized for use in humans only
gene:vir:103532;gene:plasmid:93399;gene:proph:179244;gene:proph:183597;gene:plasmid:134726;gene:plasmid:134726;gene:plasmid:14231;gene:proph:179307;gene:vir:441;gene:vir:194;gene:proph:179327;gene:proph:179377,Escherichia coli,Drugs,betalactams,Mutant_porin_proteins,OMP36,Authorized for use in humans only
gene:vir:108429;gene:proph:168063,Hafnia alvei,Drugs,betalactams,Mutant_porin_proteins,OMP36,Authorized for use in humans only
gene:proph:163818;gene:plasmid:134726;gene:plasmid:134726,Hafnia paralvei,Drugs,betalactams,Mutant_porin_proteins,OMP36,Authorized for use in humans only
gene:vir:108429;gene:proph:176833;gene:proph:168063,Hafnia paralvei,Drugs,betalactams,Mutant_porin_proteins,OMP36,Authorized for use in humans only
gene:proph:176833;gene:vir:108429;gene:proph:168063,Hafnia paralvei,Drugs,betalactams,Mutant_porin_proteins,OMP36,Authorized for use in humans only
gene:proph:163818,Hafnia paralvei,Drugs,betalactams,Mutant_porin_proteins,OMP36,Authorized for use in humans only
gene:plasmid:134726;gene:plasmid:134726;gene:proph:163818,Hafnia paralvei,Drugs,betalactams,Mutant_porin_proteins,OMP36,Authorized for use in humans only
gene:proph:168063;gene:plasmid:119512;gene:plasmid:119478;gene:vir:108429,Hafnia paralvei,Drugs,betalactams,Mutant_porin_proteins,OMP36,Authorized for use in humans only
gene:proph:163818;gene:plasmid:134726;gene:plasmid:134726,Hafnia paralvei,Drugs,betalactams,Mutant_porin_proteins,OMP36,Authorized for use in humans only
gene:plasmid:119712,Kluyvera cryocrescens,Drugs,betalactams,Mutant_porin_proteins,OMP36,Authorized for use in humans only
gene:plasmid:21942;gene:plasmid:22293;gene:proph:176833;gene:plasmid:125744;gene:plasmid:119871,Serratia liquefaciens,Drugs,betalactams,Mutant_porin_proteins,OMP36,Authorized for use in humans only
gene:proph:165705;gene:proph:169512;gene:proph:173723;gene:proph:165701;gene:proph:163818;gene:plasmid:111200;gene:proph:173726;gene:plasmid:124311;gene:plasmid:145318;gene:plasmid:124699;gene:proph:172517,Serratia liquefaciens,Drugs,betalactams,Mutant_porin_proteins,OMP36,Authorized for use in humans only
gene:plasmid:22293;gene:proph:176833;gene:plasmid:11362;gene:plasmid:119871,Serratia liquefaciens,Drugs,betalactams,Mutant_porin_proteins,OMP36,Authorized for use in humans only
gene:plasmid:156009;gene:proph:163818;gene:proph:173723;gene:plasmid:111200;gene:plasmid:145318;gene:plasmid:124596,Serratia liquefaciens,Drugs,betalactams,Mutant_porin_proteins,OMP36,Authorized for use in humans only
gene:plasmid:134726;gene:plasmid:134726,Superficieibacter sp. BNK-5,Drugs,betalactams,Mutant_porin_proteins,OMP36,Authorized for use in humans only
gene:proph:172517;gene:plasmid:88467;gene:plasmid:153880;gene:plasmid:112498;gene:plasmid:154014;gene:plasmid:22293;gene:vir:105410;gene:plasmid:117744;gene:proph:169464;gene:proph:169511;gene:proph:172522,Escherichia coli,Drugs,betalactams,Mutant_porin_proteins,OMP37,Authorized for use in humans only ?
gene:plasmid:125744,Citrobacter freundii,Drugs,betalactams,Mutant_porin_proteins,OMPA,Authorized for use in humans only ?
gene:plasmid:155991;gene:plasmid:155983;gene:plasmid:156052;gene:proph:175223;gene:proph:163818,Citrobacter freundii,Drugs,betalactams,Mutant_porin_proteins,OMPA,Authorized for use in humans only ?
gene:proph:163818;gene:plasmid:24609,Citrobacter freundii,Drugs,betalactams,Mutant_porin_proteins,OMPA,Authorized for use in humans only ?
gene:plasmid:125744,Citrobacter freundii,Drugs,betalactams,Mutant_porin_proteins,OMPA,Authorized for use in humans only ?
gene:proph:161537;gene:proph:169464;gene:proph:169511;gene:proph:169512;gene:plasmid:155991;gene:plasmid:155983;gene:plasmid:156052;gene:proph:163818;gene:plasmid:24609;gene:proph:172517,Citrobacter freundii,Drugs,betalactams,Mutant_porin_proteins,OMPA,Authorized for use in humans only ?
gene:proph:173726;gene:proph:169464;gene:proph:169512;gene:plasmid:130030;gene:proph:169495;gene:proph:176833;gene:proph:176835;gene:proph:163818;gene:plasmid:93448;gene:proph:169507;gene:vir:105780;gene:vir:105774,Enterobacter hormaechei,Drugs,betalactams,Mutant_porin_proteins,OMPA,Authorized for use in humans only ?
gene:proph:163818,Escherichia coli,Drugs,betalactams,Mutant_porin_proteins,OMPA,Authorized for use in humans only ?
gene:proph:182947;gene:proph:182971;gene:proph:182951;gene:proph:182952;gene:proph:179383;gene:proph:179426;gene:proph:183644;gene:proph:172518;gene:proph:172519;gene:proph:172520;gene:proph:172521;gene:proph:172522;gene:proph:172523;gene:proph:172524;gene:proph:172517;gene:proph:163818;gene:proph:179418;gene:proph:179425;gene:proph:179382;gene:proph:179387;gene:proph:182978;gene:proph:182984;gene:proph:182982,Escherichia coli,Drugs,betalactams,Mutant_porin_proteins,OMPA,Authorized for use in humans only ?
gene:proph:163818,Klebsiella grimontii,Drugs,betalactams,Mutant_porin_proteins,OMPA,Authorized for use in humans only ?
gene:plasmid:157743;gene:proph:169464;gene:proph:169512;gene:proph:170892;gene:plasmid:125744;gene:plasmid:124575;gene:plasmid:123175;gene:plasmid:90202;gene:proph:172517,Klebsiella sp. HC6,Drugs,betalactams,Mutant_porin_proteins,OMPA,Authorized for use in humans only ?
gene:proph:163818;gene:plasmid:123318;gene:vir:441;gene:proph:181135,Kluyvera cryocrescens,Drugs,betalactams,Mutant_porin_proteins,OMPA,Authorized for use in humans only ?
gene:proph:163818,Lelliottia amnigena,Drugs,betalactams,Mutant_porin_proteins,OMPA,Authorized for use in humans only ?
gene:proph:163818,Pantoea agglomerans,Drugs,betalactams,Mutant_porin_proteins,OMPA,Authorized for use in humans only ?
gene:proph:163818,Superficieibacter sp. BNK-5,Drugs,betalactams,Mutant_porin_proteins,OMPA,Authorized for use in humans only ?
gene:proph:163818,Yersinia frederiksenii,Drugs,betalactams,Mutant_porin_proteins,OMPA,Authorized for use in humans only ?
gene:proph:163818,Lelliottia amnigena,Drugs,Multi-drug_resistance,MDR_mutant_porin_proteins,OMPF,Authorized for use in humans only 
gene:plasmid:125744,Citrobacter freundii,Drugs,betalactams,Mutant_porin_proteins,OMPFB,Authorized for use in humans only 
gene:plasmid:155991;gene:plasmid:155983;gene:plasmid:156052;gene:proph:175223;gene:proph:163818,Citrobacter freundii,Drugs,betalactams,Mutant_porin_proteins,OMPFB,Authorized for use in humans only 
gene:proph:163818;gene:plasmid:24609,Citrobacter freundii,Drugs,betalactams,Mutant_porin_proteins,OMPFB,Authorized for use in humans only 
gene:proph:161537;gene:proph:169464;gene:proph:169511;gene:proph:169512;gene:plasmid:155991;gene:plasmid:155983;gene:plasmid:156052;gene:proph:163818;gene:plasmid:24609;gene:proph:172517,Citrobacter freundii,Drugs,betalactams,Mutant_porin_proteins,OMPFB,Authorized for use in humans only 
gene:proph:163818,Escherichia coli,Drugs,betalactams,Mutant_porin_proteins,OMPFB,Authorized for use in humans only 
gene:proph:182947;gene:proph:182971;gene:proph:182951;gene:proph:182952;gene:proph:179383;gene:proph:179426;gene:proph:183644;gene:proph:172518;gene:proph:172519;gene:proph:172520;gene:proph:172521;gene:proph:172522;gene:proph:172523;gene:proph:172524;gene:proph:172517;gene:proph:163818;gene:proph:179418;gene:proph:179425;gene:proph:179382;gene:proph:179387;gene:proph:182978;gene:proph:182984;gene:proph:182982,Escherichia coli,Drugs,betalactams,Mutant_porin_proteins,OMPFB,Authorized for use in humans only 
gene:proph:163818,Superficieibacter sp. BNK-5,Drugs,betalactams,Mutant_porin_proteins,OMPFB,Authorized for use in humans only 
gene:proph:163818;gene:proph:179258;gene:plasmid:124311;gene:proph:179262;gene:proph:179263,Klebsiella grimontii,Drugs,Multi-drug_resistance,MDR_mutant_porin_proteins,OMPK,NA
gene:proph:163818;gene:proph:179258;gene:plasmid:124311;gene:proph:179262;gene:proph:179263,Klebsiella grimontii,Drugs,Multi-drug_resistance,MDR_mutant_porin_proteins,OMPK,NA
gene:proph:163818,Klebsiella grimontii,Drugs,Multi-drug_resistance,MDR_mutant_porin_proteins,OMPK,NA
gene:proph:163818;gene:proph:179258;gene:plasmid:124311;gene:proph:179262;gene:proph:179263,Klebsiella grimontii,Drugs,Multi-drug_resistance,MDR_mutant_porin_proteins,OMPK,NA
gene:plasmid:157743;gene:proph:169464;gene:proph:169512;gene:proph:170892;gene:plasmid:125744;gene:plasmid:124575;gene:plasmid:123175;gene:plasmid:90202;gene:proph:172517,Klebsiella sp. HC6,Drugs,Multi-drug_resistance,MDR_mutant_porin_proteins,OMPK,NA
gene:proph:173726;gene:proph:169464;gene:proph:169512;gene:plasmid:130030;gene:proph:169495;gene:proph:176833;gene:proph:176835;gene:proph:163818;gene:plasmid:93448;gene:proph:169507;gene:vir:105780;gene:vir:105774,Enterobacter hormaechei,Drugs,betalactams,Mutant_porin_proteins,OMPK36,Authorized for use in humans only ?
gene:plasmid:134726;gene:plasmid:134726,Klebsiella grimontii,Drugs,betalactams,Mutant_porin_proteins,OMPK36,Authorized for use in humans only ?
gene:plasmid:134726;gene:plasmid:134726,Klebsiella grimontii,Drugs,betalactams,Mutant_porin_proteins,OMPK36,Authorized for use in humans only ?
gene:plasmid:134726,Klebsiella grimontii,Drugs,betalactams,Mutant_porin_proteins,OMPK36,Authorized for use in humans only ?
gene:plasmid:134726;gene:plasmid:134726,Klebsiella grimontii,Drugs,betalactams,Mutant_porin_proteins,OMPK36,Authorized for use in humans only ?
gene:vir:6079;gene:proph:163818,Rahnella aquatilis,Drugs,betalactams,Mutant_porin_proteins,OMPK36,Authorized for use in humans only ?
gene:proph:163818,Yersinia frederiksenii,Drugs,betalactams,Mutant_porin_proteins,OMPK36,Authorized for use in humans only ?
gene:plasmid:89528,Pseudomonas helleri,Drugs,Multi-drug_resistance,Multi-drug_RND_efflux_pumps,OPMH,NA
gene:plasmid:27818;gene:plasmid:89528,Pseudomonas helleri,Drugs,Multi-drug_resistance,Multi-drug_RND_efflux_pumps,OPMH,NA
gene:plasmid:89528,Pseudomonas helleri,Drugs,Multi-drug_resistance,Multi-drug_RND_efflux_pumps,OPMH,NA
gene:plasmid:89528,Pseudomonas helleri,Drugs,Multi-drug_resistance,Multi-drug_RND_efflux_pumps,OPMH,NA
gene:plasmid:89528,Pseudomonas helleri,Drugs,Multi-drug_resistance,Multi-drug_RND_efflux_pumps,OPMH,NA
gene:plasmid:89528,Pseudomonas helleri,Drugs,Multi-drug_resistance,Multi-drug_RND_efflux_pumps,OPMH,NA
gene:plasmid:89528,Pseudomonas helleri,Drugs,Multi-drug_resistance,Multi-drug_RND_efflux_pumps,OPMH,NA
gene:plasmid:89528,Pseudomonas helleri,Drugs,Multi-drug_resistance,Multi-drug_RND_efflux_pumps,OPMH,NA
gene:plasmid:89528,Pseudomonas helleri,Drugs,Multi-drug_resistance,Multi-drug_RND_efflux_pumps,OPMH,NA
gene:plasmid:27818;gene:plasmid:89528;gene:plasmid:20845;gene:plasmid:22062,Pseudomonas helleri,Drugs,Multi-drug_resistance,Multi-drug_RND_efflux_pumps,OPMH,NA
gene:plasmid:89528,Pseudomonas helleri,Drugs,Multi-drug_resistance,Multi-drug_RND_efflux_pumps,OPMH,NA
gene:plasmid:89528;gene:plasmid:125744,Pseudomonas helleri,Drugs,Multi-drug_resistance,Multi-drug_RND_efflux_pumps,OPMH,NA
gene:plasmid:124575;gene:plasmid:125744;gene:plasmid:21379,Pseudomonas azotoformans,Drugs,Multi-drug_resistance,Multi-drug_RND_efflux_pumps,OPMH,NA
gene:plasmid:28506;gene:plasmid:116643;gene:plasmid:20845;gene:plasmid:22605,Pseudomonas brenneri,Drugs,Multi-drug_resistance,Multi-drug_RND_efflux_pumps,OPMH,NA
gene:plasmid:90278;gene:plasmid:27818;gene:plasmid:125744;gene:plasmid:20845,Pseudomonas bubulae,Drugs,Multi-drug_resistance,Multi-drug_RND_efflux_pumps,OPMH,NA
gene:plasmid:28516,Pseudomonas fragi,Drugs,Multi-drug_resistance,Multi-drug_RND_efflux_pumps,OPMH,NA
gene:plasmid:28516,Pseudomonas fragi,Drugs,Multi-drug_resistance,Multi-drug_RND_efflux_pumps,OPMH,NA
gene:plasmid:89528,Pseudomonas helleri,Drugs,Multi-drug_resistance,Multi-drug_RND_efflux_pumps,OPMH,NA
gene:plasmid:125744;gene:plasmid:89528,Pseudomonas helleri,Drugs,Multi-drug_resistance,Multi-drug_RND_efflux_pumps,OPMH,NA
gene:plasmid:89528,Pseudomonas helleri,Drugs,Multi-drug_resistance,Multi-drug_RND_efflux_pumps,OPMH,NA
gene:plasmid:125744;gene:plasmid:89528,Pseudomonas helleri,Drugs,Multi-drug_resistance,Multi-drug_RND_efflux_pumps,OPMH,NA
gene:plasmid:89528,Pseudomonas helleri,Drugs,Multi-drug_resistance,Multi-drug_RND_efflux_pumps,OPMH,NA
gene:plasmid:28516,Pseudomonas putida,Drugs,Multi-drug_resistance,Multi-drug_RND_efflux_pumps,OPMH,NA
gene:plasmid:119533;gene:plasmid:28516;gene:plasmid:130030,Pseudomonas putida,Drugs,Multi-drug_resistance,Multi-drug_RND_efflux_pumps,OPMH,NA
gene:plasmid:125744;gene:plasmid:21379,Pseudomonas shahriarae,Drugs,Multi-drug_resistance,Multi-drug_RND_efflux_pumps,OPMH,NA
gene:plasmid:89528;gene:plasmid:20845;gene:plasmid:125744,Pseudomonas sp. AC109,Drugs,Multi-drug_resistance,Multi-drug_RND_efflux_pumps,OPMH,NA
gene:plasmid:22061;gene:plasmid:124575;gene:plasmid:125744;gene:plasmid:20845,Pseudomonas sp. FP453,Drugs,Multi-drug_resistance,Multi-drug_RND_efflux_pumps,OPMH,NA
gene:plasmid:89528;gene:plasmid:20845;gene:plasmid:125744,Pseudomonas sp. J380,Drugs,Multi-drug_resistance,Multi-drug_RND_efflux_pumps,OPMH,NA
gene:plasmid:89528,Pseudomonas sp. WC2401,Drugs,Multi-drug_resistance,Multi-drug_RND_efflux_pumps,OPMH,NA
gene:proph:183597,Enterobacter hormaechei,Multi-compound,Drug_and_biocide_resistance,Drug_and_biocide_RND_efflux_pumps,OQXA,Authorized for use in humans only ?
gene:plasmid:119871;gene:plasmid:154014;gene:plasmid:149415;gene:plasmid:93494;gene:plasmid:93486,Klebsiella grimontii,Multi-compound,Drug_and_biocide_resistance,Drug_and_biocide_RND_efflux_pumps,OQXA,Authorized for use in humans only ?
gene:plasmid:119871;gene:plasmid:154014;gene:plasmid:149415;gene:plasmid:93494;gene:plasmid:93486,Klebsiella grimontii,Multi-compound,Drug_and_biocide_resistance,Drug_and_biocide_RND_efflux_pumps,OQXA,Authorized for use in humans only ?
gene:plasmid:119871;gene:plasmid:154014;gene:plasmid:149415;gene:plasmid:93494;gene:plasmid:93486,Klebsiella grimontii,Multi-compound,Drug_and_biocide_resistance,Drug_and_biocide_RND_efflux_pumps,OQXA,Authorized for use in humans only ?
gene:plasmid:154014,Lelliottia amnigena,Multi-compound,Drug_and_biocide_resistance,Drug_and_biocide_RND_efflux_pumps,OQXA,Authorized for use in humans only ?
gene:plasmid:154014,Lelliottia amnigena,Multi-compound,Drug_and_biocide_resistance,Drug_and_biocide_RND_efflux_pumps,OQXA,Authorized for use in humans only ?
gene:proph:183597,Enterobacter hormaechei,Multi-compound,Drug_and_biocide_resistance,Drug_and_biocide_RND_efflux_pumps,OQXB,Authorized for use in humans only ?
gene:plasmid:119871;gene:plasmid:154014;gene:plasmid:149415;gene:plasmid:93494;gene:plasmid:93486,Klebsiella grimontii,Multi-compound,Drug_and_biocide_resistance,Drug_and_biocide_RND_efflux_pumps,OQXB,Authorized for use in humans only ?
gene:plasmid:119871;gene:plasmid:154014;gene:plasmid:149415;gene:plasmid:93494;gene:plasmid:93486,Klebsiella grimontii,Multi-compound,Drug_and_biocide_resistance,Drug_and_biocide_RND_efflux_pumps,OQXB,Authorized for use in humans only ?
gene:plasmid:119871;gene:plasmid:154014;gene:plasmid:149415;gene:plasmid:93494;gene:plasmid:93486,Klebsiella grimontii,Multi-compound,Drug_and_biocide_resistance,Drug_and_biocide_RND_efflux_pumps,OQXB,Authorized for use in humans only ?
gene:plasmid:154014,Lelliottia amnigena,Multi-compound,Drug_and_biocide_resistance,Drug_and_biocide_RND_efflux_pumps,OQXB,Authorized for use in humans only ?
gene:plasmid:154014,Lelliottia amnigena,Multi-compound,Drug_and_biocide_resistance,Drug_and_biocide_RND_efflux_pumps,OQXB,Authorized for use in humans only ?
gene:plasmid:24610,Klebsiella grimontii,Drugs,betalactams,Class_A_betalactamases,OXY,Authorized for use in humans only ?
gene:plasmid:24610,Klebsiella grimontii,Drugs,betalactams,Class_A_betalactamases,OXY,Authorized for use in humans only ?
gene:plasmid:24610,Klebsiella grimontii,Drugs,betalactams,Class_A_betalactamases,OXY,Authorized for use in humans only ?
pENTAS02_1__CP003028,Lelliottia amnigena,Biocides,Multi-biocide_resistance,Multi-biocide_resistance_regulator,OXYRKP,0
gene:plasmid:16162,Superficieibacter sp. BNK-5,Biocides,Multi-biocide_resistance,Multi-biocide_resistance_regulator,OXYRKP,0
gene:plasmid:123168;gene:plasmid:123169;gene:plasmid:123170;gene:plasmid:123171;gene:plasmid:123173;gene:plasmid:123174;gene:plasmid:123175,Citrobacter freundii,Drugs,Fluoroquinolones,Fluoroquinolone-resistant_DNA_topoisomerases,PARC,HPCIA
gene:plasmid:25641;gene:proph:170565;gene:proph:170564;gene:proph:170546;gene:proph:170559;gene:proph:170548;gene:proph:170549;gene:proph:170542;gene:proph:170541;gene:proph:170553;gene:proph:170560;gene:proph:184661,Citrobacter freundii,Drugs,Fluoroquinolones,Fluoroquinolone-resistant_DNA_topoisomerases,PARC,HPCIA
gene:plasmid:142025,Citrobacter freundii,Drugs,Fluoroquinolones,Fluoroquinolone-resistant_DNA_topoisomerases,PARC,HPCIA
gene:plasmid:15652;gene:plasmid:15651,Enterococcus durans,Drugs,Fluoroquinolones,Fluoroquinolone-resistant_DNA_topoisomerases,PARC,HPCIA
gene:proph:163818;gene:plasmid:123257;gene:plasmid:91947,Escherichia coli,Drugs,Fluoroquinolones,Fluoroquinolone-resistant_DNA_topoisomerases,PARC,HPCIA
gene:plasmid:93474,Escherichia coli,Drugs,Fluoroquinolones,Fluoroquinolone-resistant_DNA_topoisomerases,PARC,HPCIA
gene:plasmid:93474,Escherichia coli,Drugs,Fluoroquinolones,Fluoroquinolone-resistant_DNA_topoisomerases,PARC,HPCIA
gene:plasmid:93482;gene:plasmid:93475,Lelliottia amnigena,Drugs,Fluoroquinolones,Fluoroquinolone-resistant_DNA_topoisomerases,PARC,HPCIA
gene:plasmid:27818;gene:plasmid:89528,Pseudomonas helleri,Drugs,Fluoroquinolones,Fluoroquinolone-resistant_DNA_topoisomerases,PARC,HPCIA
gene:plasmid:89528,Pseudomonas helleri,Drugs,Fluoroquinolones,Fluoroquinolone-resistant_DNA_topoisomerases,PARC,HPCIA
gene:plasmid:89528,Pseudomonas helleri,Drugs,Fluoroquinolones,Fluoroquinolone-resistant_DNA_topoisomerases,PARC,HPCIA
gene:plasmid:89528,Pseudomonas helleri,Drugs,Fluoroquinolones,Fluoroquinolone-resistant_DNA_topoisomerases,PARC,HPCIA
gene:plasmid:89528,Pseudomonas helleri,Drugs,Fluoroquinolones,Fluoroquinolone-resistant_DNA_topoisomerases,PARC,HPCIA
gene:plasmid:89528,Pseudomonas helleri,Drugs,Fluoroquinolones,Fluoroquinolone-resistant_DNA_topoisomerases,PARC,HPCIA
gene:plasmid:27818;gene:plasmid:89528;gene:plasmid:20845;gene:plasmid:22062,Pseudomonas helleri,Drugs,Fluoroquinolones,Fluoroquinolone-resistant_DNA_topoisomerases,PARC,HPCIA
gene:plasmid:89528;gene:plasmid:125744,Pseudomonas helleri,Drugs,Fluoroquinolones,Fluoroquinolone-resistant_DNA_topoisomerases,PARC,HPCIA
gene:plasmid:27303;gene:plasmid:133420,Serratia liquefaciens,Drugs,Fluoroquinolones,Fluoroquinolone-resistant_DNA_topoisomerases,PARC,HPCIA
gene:plasmid:124575;gene:plasmid:125744;gene:plasmid:21379,Pseudomonas azotoformans,Drugs,Fluoroquinolones,Fluoroquinolone-resistant_DNA_topoisomerases,PARC,HPCIA
gene:plasmid:28506;gene:plasmid:116643;gene:plasmid:20845;gene:plasmid:22605,Pseudomonas brenneri,Drugs,Fluoroquinolones,Fluoroquinolone-resistant_DNA_topoisomerases,PARC,HPCIA
gene:plasmid:20845;gene:plasmid:125744,Pseudomonas bubulae,Drugs,Fluoroquinolones,Fluoroquinolone-resistant_DNA_topoisomerases,PARC,HPCIA
gene:plasmid:22061;gene:plasmid:27818;gene:plasmid:125744;gene:plasmid:20845,Pseudomonas bubulae,Drugs,Fluoroquinolones,Fluoroquinolone-resistant_DNA_topoisomerases,PARC,HPCIA
gene:plasmid:27818;gene:plasmid:125744;gene:plasmid:20845,Pseudomonas bubulae,Drugs,Fluoroquinolones,Fluoroquinolone-resistant_DNA_topoisomerases,PARC,HPCIA
gene:plasmid:28516,Pseudomonas fragi,Drugs,Fluoroquinolones,Fluoroquinolone-resistant_DNA_topoisomerases,PARC,HPCIA
gene:plasmid:28516,Pseudomonas fragi,Drugs,Fluoroquinolones,Fluoroquinolone-resistant_DNA_topoisomerases,PARC,HPCIA
gene:plasmid:28516,Pseudomonas fragi,Drugs,Fluoroquinolones,Fluoroquinolone-resistant_DNA_topoisomerases,PARC,HPCIA
gene:plasmid:22061;gene:plasmid:90278;gene:plasmid:27818;gene:plasmid:125744;gene:plasmid:20845,Pseudomonas fragi,Drugs,Fluoroquinolones,Fluoroquinolone-resistant_DNA_topoisomerases,PARC,HPCIA
gene:plasmid:125744;gene:plasmid:89528,Pseudomonas helleri,Drugs,Fluoroquinolones,Fluoroquinolone-resistant_DNA_topoisomerases,PARC,HPCIA
gene:plasmid:155093;gene:plasmid:125744,Pseudomonas lundensis,Drugs,Fluoroquinolones,Fluoroquinolone-resistant_DNA_topoisomerases,PARC,HPCIA
gene:plasmid:28516,Pseudomonas putida,Drugs,Fluoroquinolones,Fluoroquinolone-resistant_DNA_topoisomerases,PARC,HPCIA
gene:plasmid:28516,Pseudomonas putida,Drugs,Fluoroquinolones,Fluoroquinolone-resistant_DNA_topoisomerases,PARC,HPCIA
gene:plasmid:119533;gene:plasmid:28516;gene:plasmid:130030,Pseudomonas putida,Drugs,Fluoroquinolones,Fluoroquinolone-resistant_DNA_topoisomerases,PARC,HPCIA
gene:plasmid:22061;gene:plasmid:124575;gene:plasmid:130030,Pseudomonas rustica,Drugs,Fluoroquinolones,Fluoroquinolone-resistant_DNA_topoisomerases,PARC,HPCIA
gene:plasmid:20845,Pseudomonas saxonica,Drugs,Fluoroquinolones,Fluoroquinolone-resistant_DNA_topoisomerases,PARC,HPCIA
gene:plasmid:125744;gene:plasmid:21379,Pseudomonas shahriarae,Drugs,Fluoroquinolones,Fluoroquinolone-resistant_DNA_topoisomerases,PARC,HPCIA
gene:plasmid:89528;gene:plasmid:20845;gene:plasmid:125744,Pseudomonas sp. AC109,Drugs,Fluoroquinolones,Fluoroquinolone-resistant_DNA_topoisomerases,PARC,HPCIA
gene:plasmid:20845,Pseudomonas sp. B21-036,Drugs,Fluoroquinolones,Fluoroquinolone-resistant_DNA_topoisomerases,PARC,HPCIA
gene:plasmid:22061;gene:plasmid:124575;gene:plasmid:125744;gene:plasmid:20845,Pseudomonas sp. FP453,Drugs,Fluoroquinolones,Fluoroquinolone-resistant_DNA_topoisomerases,PARC,HPCIA
gene:plasmid:89528;gene:plasmid:20845;gene:plasmid:125744,Pseudomonas sp. J380,Drugs,Fluoroquinolones,Fluoroquinolone-resistant_DNA_topoisomerases,PARC,HPCIA
gene:plasmid:27303;gene:plasmid:133420;gene:proph:183015,Serratia liquefaciens,Drugs,Fluoroquinolones,Fluoroquinolone-resistant_DNA_topoisomerases,PARC,HPCIA
gene:proph:176833;gene:proph:176833,Acinetobacter guillouiae,Drugs,Aminocoumarins,Aminocoumarin-resistant_DNA_topoisomerases,PARE,Not medically important
gene:plasmid:123168;gene:plasmid:123169;gene:plasmid:123170;gene:plasmid:123171;gene:plasmid:123173;gene:plasmid:123174;gene:plasmid:123175,Citrobacter freundii,Drugs,Aminocoumarins,Aminocoumarin-resistant_DNA_topoisomerases,PARE,Not medically important
gene:plasmid:25641;gene:proph:170565;gene:proph:170564;gene:proph:170546;gene:proph:170559;gene:proph:170548;gene:proph:170549;gene:proph:170542;gene:proph:170541;gene:proph:170553;gene:proph:170560;gene:proph:184661,Citrobacter freundii,Drugs,Aminocoumarins,Aminocoumarin-resistant_DNA_topoisomerases,PARE,Not medically important
gene:plasmid:142025,Citrobacter freundii,Drugs,Aminocoumarins,Aminocoumarin-resistant_DNA_topoisomerases,PARE,Not medically important
gene:plasmid:15652;gene:plasmid:15651,Enterococcus durans,Drugs,Aminocoumarins,Aminocoumarin-resistant_DNA_topoisomerases,PARE,Not medically important
gene:plasmid:93474,Escherichia coli,Drugs,Aminocoumarins,Aminocoumarin-resistant_DNA_topoisomerases,PARE,Not medically important
gene:plasmid:93474,Escherichia coli,Drugs,Aminocoumarins,Aminocoumarin-resistant_DNA_topoisomerases,PARE,Not medically important
gene:plasmid:93482;gene:plasmid:93475,Lelliottia amnigena,Drugs,Aminocoumarins,Aminocoumarin-resistant_DNA_topoisomerases,PARE,Not medically important
gene:plasmid:27818;gene:plasmid:89528,Pseudomonas helleri,Drugs,Aminocoumarins,Aminocoumarin-resistant_DNA_topoisomerases,PARE,Not medically important
gene:plasmid:89528,Pseudomonas helleri,Drugs,Aminocoumarins,Aminocoumarin-resistant_DNA_topoisomerases,PARE,Not medically important
gene:plasmid:89528,Pseudomonas helleri,Drugs,Aminocoumarins,Aminocoumarin-resistant_DNA_topoisomerases,PARE,Not medically important
gene:plasmid:89528,Pseudomonas helleri,Drugs,Aminocoumarins,Aminocoumarin-resistant_DNA_topoisomerases,PARE,Not medically important
gene:plasmid:89528,Pseudomonas helleri,Drugs,Aminocoumarins,Aminocoumarin-resistant_DNA_topoisomerases,PARE,Not medically important
gene:plasmid:89528,Pseudomonas helleri,Drugs,Aminocoumarins,Aminocoumarin-resistant_DNA_topoisomerases,PARE,Not medically important
gene:plasmid:27818;gene:plasmid:89528;gene:plasmid:20845;gene:plasmid:22062,Pseudomonas helleri,Drugs,Aminocoumarins,Aminocoumarin-resistant_DNA_topoisomerases,PARE,Not medically important
gene:plasmid:89528;gene:plasmid:125744,Pseudomonas helleri,Drugs,Aminocoumarins,Aminocoumarin-resistant_DNA_topoisomerases,PARE,Not medically important
gene:plasmid:27303;gene:plasmid:133420,Serratia liquefaciens,Drugs,Aminocoumarins,Aminocoumarin-resistant_DNA_topoisomerases,PARE,Not medically important
gene:plasmid:124575;gene:plasmid:125744;gene:plasmid:21379,Pseudomonas azotoformans,Drugs,Aminocoumarins,Aminocoumarin-resistant_DNA_topoisomerases,PARE,Not medically important
gene:plasmid:28506;gene:plasmid:116643;gene:plasmid:20845;gene:plasmid:22605,Pseudomonas brenneri,Drugs,Aminocoumarins,Aminocoumarin-resistant_DNA_topoisomerases,PARE,Not medically important
gene:plasmid:20845;gene:plasmid:125744,Pseudomonas bubulae,Drugs,Aminocoumarins,Aminocoumarin-resistant_DNA_topoisomerases,PARE,Not medically important
gene:plasmid:90278;gene:plasmid:27818;gene:plasmid:125744;gene:plasmid:20845,Pseudomonas bubulae,Drugs,Aminocoumarins,Aminocoumarin-resistant_DNA_topoisomerases,PARE,Not medically important
gene:plasmid:22061;gene:plasmid:27818;gene:plasmid:125744;gene:plasmid:20845,Pseudomonas bubulae,Drugs,Aminocoumarins,Aminocoumarin-resistant_DNA_topoisomerases,PARE,Not medically important
gene:plasmid:27818;gene:plasmid:125744;gene:plasmid:20845,Pseudomonas bubulae,Drugs,Aminocoumarins,Aminocoumarin-resistant_DNA_topoisomerases,PARE,Not medically important
gene:plasmid:28516,Pseudomonas fragi,Drugs,Aminocoumarins,Aminocoumarin-resistant_DNA_topoisomerases,PARE,Not medically important
gene:plasmid:28516,Pseudomonas fragi,Drugs,Aminocoumarins,Aminocoumarin-resistant_DNA_topoisomerases,PARE,Not medically important
gene:plasmid:28516,Pseudomonas fragi,Drugs,Aminocoumarins,Aminocoumarin-resistant_DNA_topoisomerases,PARE,Not medically important
gene:plasmid:22061;gene:plasmid:90278;gene:plasmid:27818;gene:plasmid:125744;gene:plasmid:20845,Pseudomonas fragi,Drugs,Aminocoumarins,Aminocoumarin-resistant_DNA_topoisomerases,PARE,Not medically important
gene:plasmid:125744;gene:plasmid:89528,Pseudomonas helleri,Drugs,Aminocoumarins,Aminocoumarin-resistant_DNA_topoisomerases,PARE,Not medically important
gene:plasmid:155093;gene:plasmid:125744,Pseudomonas lundensis,Drugs,Aminocoumarins,Aminocoumarin-resistant_DNA_topoisomerases,PARE,Not medically important
gene:plasmid:28516,Pseudomonas putida,Drugs,Aminocoumarins,Aminocoumarin-resistant_DNA_topoisomerases,PARE,Not medically important
gene:plasmid:28516,Pseudomonas putida,Drugs,Aminocoumarins,Aminocoumarin-resistant_DNA_topoisomerases,PARE,Not medically important
gene:plasmid:119533;gene:plasmid:28516;gene:plasmid:130030,Pseudomonas putida,Drugs,Aminocoumarins,Aminocoumarin-resistant_DNA_topoisomerases,PARE,Not medically important
gene:plasmid:22061;gene:plasmid:124575;gene:plasmid:130030,Pseudomonas rustica,Drugs,Aminocoumarins,Aminocoumarin-resistant_DNA_topoisomerases,PARE,Not medically important
gene:plasmid:20845,Pseudomonas saxonica,Drugs,Aminocoumarins,Aminocoumarin-resistant_DNA_topoisomerases,PARE,Not medically important
gene:plasmid:125744;gene:plasmid:21379,Pseudomonas shahriarae,Drugs,Aminocoumarins,Aminocoumarin-resistant_DNA_topoisomerases,PARE,Not medically important
gene:plasmid:89528;gene:plasmid:20845;gene:plasmid:125744,Pseudomonas sp. AC109,Drugs,Aminocoumarins,Aminocoumarin-resistant_DNA_topoisomerases,PARE,Not medically important
gene:plasmid:20845,Pseudomonas sp. B21-036,Drugs,Aminocoumarins,Aminocoumarin-resistant_DNA_topoisomerases,PARE,Not medically important
gene:plasmid:22061;gene:plasmid:124575;gene:plasmid:125744;gene:plasmid:20845,Pseudomonas sp. FP453,Drugs,Aminocoumarins,Aminocoumarin-resistant_DNA_topoisomerases,PARE,Not medically important
gene:plasmid:89528;gene:plasmid:20845;gene:plasmid:125744,Pseudomonas sp. J380,Drugs,Aminocoumarins,Aminocoumarin-resistant_DNA_topoisomerases,PARE,Not medically important
gene:plasmid:27303;gene:plasmid:133420;gene:proph:183015,Serratia liquefaciens,Drugs,Aminocoumarins,Aminocoumarin-resistant_DNA_topoisomerases,PARE,Not medically important
gene:plasmid:93474;gene:plasmid:136993,Yersinia alsatica,Drugs,Aminocoumarins,Aminocoumarin-resistant_DNA_topoisomerases,PARE,Not medically important
gene:proph:163818;gene:plasmid:123257;gene:plasmid:91947,Escherichia coli,Drugs,Fluoroquinolones,Fluoroquinolone-resistant_DNA_topoisomerases,PAREF,HPCIA
gene:plasmid:125744,Citrobacter freundii,Drugs,betalactams,Penicillin_binding_protein,PBP2,HPCIA
gene:plasmid:27818,Enterobacter hormaechei,Drugs,betalactams,Penicillin_binding_protein,PBP2,HPCIA
gene:proph:179436;gene:proph:179435;gene:proph:179433;gene:plasmid:123173;gene:plasmid:123175;gene:plasmid:88437;gene:plasmid:88436;gene:plasmid:88435,Escherichia coli,Drugs,betalactams,Penicillin_binding_protein,PBP2,HPCIA
gene:plasmid:157743;gene:proph:169464;gene:proph:169512;gene:proph:170892;gene:plasmid:125744;gene:plasmid:124575;gene:plasmid:123175;gene:plasmid:90202;gene:proph:172517,Klebsiella sp. HC6,Drugs,betalactams,Penicillin_binding_protein,PBP2,HPCIA
gene:proph:163818;gene:plasmid:123318;gene:vir:441;gene:proph:181135,Kluyvera cryocrescens,Drugs,betalactams,Penicillin_binding_protein,PBP2,HPCIA
gene:vir:7156;gene:proph:184644;gene:proph:184643;gene:proph:182641;gene:proph:183583;gene:plasmid:134726;gene:plasmid:134726,Escherichia coli,Drugs,betalactams,Penicillin_binding_protein,PBP4B,Authorized for use in humans only ?
gene:plasmid:156052;gene:proph:169464;gene:proph:169512;gene:plasmid:125744;gene:proph:172517,Klebsiella grimontii,Multi-compound,Drug_and_biocide_resistance,Drug_and_biocide_ABC_efflux_regulator,PHOB,0
gene:proph:169512,Klebsiella grimontii,Multi-compound,Drug_and_biocide_resistance,Drug_and_biocide_ABC_efflux_regulator,PHOB,0
gene:plasmid:156052;gene:proph:169464;gene:proph:169512;gene:plasmid:125744;gene:proph:172517,Klebsiella grimontii,Multi-compound,Drug_and_biocide_resistance,Drug_and_biocide_ABC_efflux_regulator,PHOB,0
gene:proph:169464;gene:proph:169512,Klebsiella grimontii,Multi-compound,Drug_and_biocide_resistance,Drug_and_biocide_ABC_efflux_regulator,PHOB,0
gene:proph:172517;gene:plasmid:156052;gene:proph:169464;gene:proph:169512,Klebsiella grimontii,Multi-compound,Drug_and_biocide_resistance,Drug_and_biocide_ABC_efflux_regulator,PHOB,0
gene:plasmid:156052;gene:proph:169464;gene:proph:169512;gene:plasmid:125744;gene:proph:172517,Klebsiella grimontii,Multi-compound,Drug_and_biocide_resistance,Drug_and_biocide_ABC_efflux_regulator,PHOB,0
gene:proph:169464;gene:proph:169512,Klebsiella sp. HC6,Multi-compound,Drug_and_biocide_resistance,Drug_and_biocide_ABC_efflux_regulator,PHOB,0
gene:plasmid:157743;gene:proph:169464;gene:proph:169512;gene:proph:170892;gene:plasmid:125744;gene:plasmid:124575;gene:plasmid:123175;gene:plasmid:90202;gene:proph:172517,Klebsiella sp. HC6,Multi-compound,Drug_and_biocide_resistance,Drug_and_biocide_ABC_efflux_regulator,PHOB,0
gene:plasmid:21134;gene:plasmid:26360,Pseudomonas azotoformans,Drugs,Lipopeptides,Colistin-resistant_mutant,PHOP,HPCIA
gene:proph:184236;gene:proph:175955;gene:plasmid:21021;gene:plasmid:154774;gene:proph:175950;gene:proph:175953;gene:proph:175954,Pseudomonas lundensis,Drugs,Lipopeptides,Colistin-resistant_mutant,PHOP,HPCIA
gene:plasmid:21021,Pseudomonas lundensis,Drugs,Lipopeptides,Colistin-resistant_mutant,PHOP,HPCIA
gene:plasmid:21021,Pseudomonas lundensis,Drugs,Lipopeptides,Colistin-resistant_mutant,PHOP,HPCIA
gene:proph:175950;gene:plasmid:28512,Pseudomonas putida,Drugs,Lipopeptides,Colistin-resistant_mutant,PHOP,HPCIA
gene:plasmid:28512;gene:proph:175950,Pseudomonas putida,Drugs,Lipopeptides,Colistin-resistant_mutant,PHOP,HPCIA
gene:plasmid:23148;gene:plasmid:87776,Pseudomonas sp. AC193,Drugs,Lipopeptides,Colistin-resistant_mutant,PHOP,HPCIA
gene:proph:184434;gene:proph:184426;gene:proph:184450;gene:proph:184437;gene:plasmid:21135;gene:plasmid:21134;gene:plasmid:21133,Pseudomonas sp. FP453,Drugs,Lipopeptides,Colistin-resistant_mutant,PHOP,HPCIA
gene:proph:168323;gene:plasmid:21134;gene:plasmid:21133;gene:plasmid:20567,Pseudomonas sp. J380,Drugs,Lipopeptides,Colistin-resistant_mutant,PHOP,HPCIA
gene:plasmid:21134,Pseudomonas sp. J380,Drugs,Lipopeptides,Colistin-resistant_mutant,PHOP,HPCIA
gene:plasmid:28512;gene:proph:175950,Pseudomonas asiatica,Drugs,Lipopeptides,Colistin-resistant_mutant,PHOP,HPCIA
gene:proph:175950;gene:plasmid:28512,Pseudomonas putida,Drugs,Lipopeptides,Colistin-resistant_mutant,PHOQ,HPCIA
gene:plasmid:28512;gene:proph:175950,Pseudomonas putida,Drugs,Lipopeptides,Colistin-resistant_mutant,PHOQ,HPCIA
gene:plasmid:28512;gene:proph:175950,Pseudomonas asiatica,Drugs,Lipopeptides,Colistin-resistant_mutant,PHOQ,HPCIA
gene:plasmid:156052;gene:proph:169464;gene:proph:169512;gene:plasmid:125744;gene:proph:172517,Klebsiella grimontii,Multi-compound,Drug_and_biocide_resistance,Drug_and_biocide_SMR_efflux_regulator,PHOR,0
gene:proph:169512,Klebsiella grimontii,Multi-compound,Drug_and_biocide_resistance,Drug_and_biocide_SMR_efflux_regulator,PHOR,0
gene:plasmid:156052;gene:proph:169464;gene:proph:169512;gene:plasmid:125744;gene:proph:172517,Klebsiella grimontii,Multi-compound,Drug_and_biocide_resistance,Drug_and_biocide_SMR_efflux_regulator,PHOR,0
gene:proph:169464;gene:proph:169512,Klebsiella grimontii,Multi-compound,Drug_and_biocide_resistance,Drug_and_biocide_SMR_efflux_regulator,PHOR,0
gene:proph:172517;gene:plasmid:156052;gene:proph:169464;gene:proph:169512,Klebsiella grimontii,Multi-compound,Drug_and_biocide_resistance,Drug_and_biocide_SMR_efflux_regulator,PHOR,0
gene:plasmid:156052;gene:proph:169464;gene:proph:169512;gene:plasmid:125744;gene:proph:172517,Klebsiella grimontii,Multi-compound,Drug_and_biocide_resistance,Drug_and_biocide_SMR_efflux_regulator,PHOR,0
gene:proph:169464;gene:proph:169512,Klebsiella sp. HC6,Multi-compound,Drug_and_biocide_resistance,Drug_and_biocide_SMR_efflux_regulator,PHOR,0
gene:plasmid:157743;gene:proph:169464;gene:proph:169512;gene:proph:170892;gene:plasmid:125744;gene:plasmid:124575;gene:plasmid:123175;gene:plasmid:90202;gene:proph:172517,Klebsiella sp. HC6,Multi-compound,Drug_and_biocide_resistance,Drug_and_biocide_SMR_efflux_regulator,PHOR,0
gene:plasmid:21134;gene:plasmid:26360,Pseudomonas brenneri,Multi-compound,Drug_and_biocide_resistance,Drug_and_biocide_MATE_efflux_pumps,PMPM,HPCIA
gene:proph:163146,Pseudomonas koreensis,Multi-compound,Drug_and_biocide_resistance,Drug_and_biocide_MATE_efflux_pumps,PMPM,HPCIA
gene:plasmid:123353,Escherichia coli,Drugs,Lipopeptides,Colistin-resistant_mutant,PMRAR,HPCIA
gene:proph:181243;gene:proph:163837;gene:plasmid:151225;gene:plasmid:148202;gene:plasmid:151223;gene:vir:1321;gene:proph:183581,Escherichia coli,Drugs,Cationic_antimicrobial_peptides,Lipid_A_modification,PMRF,NA
gene:proph:176040;gene:vir:1321;gene:proph:183581,Escherichia coli,Drugs,Cationic_antimicrobial_peptides,Lipid_A_modification,PMRF,NA
gene:vir:6834;gene:proph:183597;gene:plasmid:134726;gene:plasmid:134726,Citrobacter freundii,Drugs,Fosfomycin,Fosfomycin_target_mutation,PTSL,HPCIA
gene:plasmid:134726;gene:plasmid:134726,Citrobacter freundii,Drugs,Fosfomycin,Fosfomycin_target_mutation,PTSL,HPCIA
gene:vir:7156;gene:proph:183597;gene:plasmid:134726;gene:plasmid:134726;gene:proph:161537;gene:plasmid:86179,Citrobacter freundii,Drugs,Fosfomycin,Fosfomycin_target_mutation,PTSL,HPCIA
gene:proph:161537;gene:vir:103532;gene:proph:183597;gene:plasmid:134726;gene:plasmid:134726;gene:proph:161537;gene:plasmid:86179;gene:proph:169502;gene:proph:179460;gene:proph:176082;gene:vir:389;gene:vir:393;gene:vir:1904;gene:proph:161536,Citrobacter freundii,Drugs,Fosfomycin,Fosfomycin_target_mutation,PTSL,HPCIA
gene:vir:7156;gene:proph:184644;gene:proph:184643;gene:proph:182641;gene:proph:183583;gene:plasmid:134726;gene:plasmid:134726,Escherichia coli,Drugs,Fosfomycin,Fosfomycin_target_mutation,PTSL,HPCIA
gene:vir:103532;gene:plasmid:93399;gene:proph:179244;gene:proph:183597;gene:plasmid:134726;gene:plasmid:134726;gene:plasmid:14231;gene:proph:179307;gene:vir:441;gene:vir:194;gene:proph:179327;gene:proph:179377,Escherichia coli,Drugs,Fosfomycin,Fosfomycin_target_mutation,PTSL,HPCIA
gene:proph:176741;gene:proph:179486;gene:vir:4537;gene:proph:176738;gene:proph:181243;gene:proph:176742;gene:proph:179481;gene:proph:159046;gene:proph:179478;gene:proph:181109;gene:vir:79569;gene:proph:181158;gene:vir:4549;gene:proph:179474;gene:proph:176715;gene:vir:4555;gene:vir:4556;gene:vir:4557;gene:proph:181097;gene:vir:4507;gene:proph:181084;gene:proph:181083,Escherichia coli,Drugs,Fosfomycin,Fosfomycin_target_mutation,PTSL,HPCIA
gene:plasmid:134726;gene:plasmid:134726,Klebsiella grimontii,Drugs,Fosfomycin,Fosfomycin_target_mutation,PTSL,HPCIA
gene:plasmid:134726;gene:plasmid:134726,Klebsiella grimontii,Drugs,Fosfomycin,Fosfomycin_target_mutation,PTSL,HPCIA
gene:proph:163979,Klebsiella grimontii,Drugs,Fosfomycin,Fosfomycin_target_mutation,PTSL,HPCIA
gene:plasmid:134726;gene:plasmid:134726,Klebsiella grimontii,Drugs,Fosfomycin,Fosfomycin_target_mutation,PTSL,HPCIA
gene:proph:183597;gene:proph:183598,Lelliottia amnigena,Drugs,Fosfomycin,Fosfomycin_target_mutation,PTSL,HPCIA
gene:plasmid:134726;gene:plasmid:134726,Pantoea agglomerans,Drugs,Fosfomycin,Fosfomycin_target_mutation,PTSL,HPCIA
gene:plasmid:21942;gene:plasmid:22293;gene:proph:176833;gene:plasmid:125744;gene:plasmid:119871,Serratia liquefaciens,Drugs,Fosfomycin,Fosfomycin_target_mutation,PTSL,HPCIA
gene:plasmid:22293;gene:proph:176833;gene:plasmid:11362;gene:plasmid:119871,Serratia liquefaciens,Drugs,Fosfomycin,Fosfomycin_target_mutation,PTSL,HPCIA
gene:plasmid:134726;gene:plasmid:134726,Superficieibacter sp. BNK-5,Drugs,Fosfomycin,Fosfomycin_target_mutation,PTSL,HPCIA
gene:proph:163979;gene:proph:166152,Yersinia alsatica,Drugs,Fosfomycin,Fosfomycin_target_mutation,PTSL,HPCIA
gene:plasmid:16015,Other,Multi-compound,Drug_and_biocide_resistance,Drug_and_biocide_SMR_efflux_pumps,QACEDELTA1,0
gene:proph:175311;gene:proph:169502;gene:proph:179464;gene:proph:173446;gene:proph:161622;gene:proph:161623;gene:proph:161624;gene:proph:161626;gene:proph:173413;gene:proph:161537;gene:proph:164865;gene:proph:175130;gene:proph:169503,Citrobacter freundii,Drugs,Fluoroquinolones,Quinolone_resistance_protein_Qnr,QNRB,HPCIA
gene:proph:173413;gene:proph:175311;gene:proph:161537,Citrobacter freundii,Drugs,Fluoroquinolones,Quinolone_resistance_protein_Qnr,QNRB,HPCIA
gene:proph:161536;gene:proph:175311;gene:proph:164865;gene:proph:175295;gene:proph:161537,Citrobacter freundii,Drugs,Fluoroquinolones,Quinolone_resistance_protein_Qnr,QNRB,HPCIA
gene:plasmid:93482;gene:plasmid:124502,Rahnella aquatilis,Drugs,betalactams,Class_A_betalactamases,RAHN,Authorized for use in humans only 
gene:plasmid:157743;gene:proph:169464;gene:proph:169512;gene:proph:170892;gene:plasmid:125744;gene:plasmid:124575;gene:plasmid:123175;gene:plasmid:90202;gene:proph:172517,Klebsiella sp. HC6,Drugs,Multi-drug_resistance,Multi-drug_RND_efflux_regulator,RAMR,Authorized for use in humans only ?
gene:vir:507;gene:proph:170540;gene:proph:179208;gene:proph:170536;gene:proph:170537;gene:proph:170528;gene:proph:179204,Citrobacter freundii,Multi-compound,Drug_and_biocide_and_metal_resistance,Drug_and_biocide_and_metal_RND_efflux_pumps,ROBA,Authorized for use in humans only ?
gene:plasmid:142025;gene:proph:163854;gene:proph:177620;gene:proph:177621;gene:plasmid:156052,Escherichia coli,Multi-compound,Drug_and_biocide_and_metal_resistance,Drug_and_biocide_and_metal_RND_efflux_pumps,ROBA,Authorized for use in humans only ?
gene:vir:105410,Yersinia alsatica,Drugs,Multi-drug_resistance,Multi-drug_MFS_efflux_pumps,ROSA,NA
gene:vir:105410,Yersinia alsatica,Drugs,Multi-drug_resistance,Multi-drug_MFS_efflux_pumps,ROSB,NA
gene:proph:176833,Acinetobacter johnsonii,Drugs,Rifampin,Rifampin-resistant_beta-subunit_of_RNA_polymerase_RpoB,RPOB,CIA
gene:proph:176833,Acinetobacter sp. CE-15,Drugs,Rifampin,Rifampin-resistant_beta-subunit_of_RNA_polymerase_RpoB,RPOB,CIA
gene:proph:181867,Acinetobacter sp. TTH0-4,Drugs,Rifampin,Rifampin-resistant_beta-subunit_of_RNA_polymerase_RpoB,RPOB,CIA
gene:plasmid:123887,Acinetobacter sp. TTH0-4,Drugs,Rifampin,Rifampin-resistant_beta-subunit_of_RNA_polymerase_RpoB,RPOB,CIA
gene:plasmid:123887,Acinetobacter sp. TTH0-4,Drugs,Rifampin,Rifampin-resistant_beta-subunit_of_RNA_polymerase_RpoB,RPOB,CIA
gene:plasmid:141403,Bacillus cereus,Drugs,Rifampin,Rifampin-resistant_beta-subunit_of_RNA_polymerase_RpoB,RPOB,CIA
gene:plasmid:141403,Bacillus mycoides,Drugs,Rifampin,Rifampin-resistant_beta-subunit_of_RNA_polymerase_RpoB,RPOB,CIA
gene:plasmid:141403,Bacillus mycoides,Drugs,Rifampin,Rifampin-resistant_beta-subunit_of_RNA_polymerase_RpoB,RPOB,CIA
gene:plasmid:141403,Bacillus thuringiensis,Drugs,Rifampin,Rifampin-resistant_beta-subunit_of_RNA_polymerase_RpoB,RPOB,CIA
gene:plasmid:141403,Bacillus tropicus,Drugs,Rifampin,Rifampin-resistant_beta-subunit_of_RNA_polymerase_RpoB,RPOB,CIA
gene:plasmid:123887,Citrobacter freundii,Drugs,Rifampin,Rifampin-resistant_beta-subunit_of_RNA_polymerase_RpoB,RPOB,CIA
gene:plasmid:123887,Citrobacter freundii,Drugs,Rifampin,Rifampin-resistant_beta-subunit_of_RNA_polymerase_RpoB,RPOB,CIA
gene:plasmid:123887,Citrobacter freundii,Drugs,Rifampin,Rifampin-resistant_beta-subunit_of_RNA_polymerase_RpoB,RPOB,CIA
gene:plasmid:123887,Citrobacter freundii,Drugs,Rifampin,Rifampin-resistant_beta-subunit_of_RNA_polymerase_RpoB,RPOB,CIA
gene:plasmid:123887,Duffyella gerundensis,Drugs,Rifampin,Rifampin-resistant_beta-subunit_of_RNA_polymerase_RpoB,RPOB,CIA
gene:plasmid:123888;gene:plasmid:123887,Enterobacter hormaechei,Drugs,Rifampin,Rifampin-resistant_beta-subunit_of_RNA_polymerase_RpoB,RPOB,CIA
gene:plasmid:123888;gene:plasmid:123887,Enterobacter hormaechei,Drugs,Rifampin,Rifampin-resistant_beta-subunit_of_RNA_polymerase_RpoB,RPOB,CIA
gene:plasmid:123887,Escherichia coli,Drugs,Rifampin,Rifampin-resistant_beta-subunit_of_RNA_polymerase_RpoB,RPOB,CIA
gene:plasmid:123887,Escherichia coli,Drugs,Rifampin,Rifampin-resistant_beta-subunit_of_RNA_polymerase_RpoB,RPOB,CIA
gene:plasmid:123887,Escherichia coli,Drugs,Rifampin,Rifampin-resistant_beta-subunit_of_RNA_polymerase_RpoB,RPOB,CIA
gene:proph:176835;gene:plasmid:123887,Hafnia alvei,Drugs,Rifampin,Rifampin-resistant_beta-subunit_of_RNA_polymerase_RpoB,RPOB,CIA
gene:proph:176835;gene:plasmid:123887,Hafnia paralvei,Drugs,Rifampin,Rifampin-resistant_beta-subunit_of_RNA_polymerase_RpoB,RPOB,CIA
gene:proph:176835;gene:plasmid:123887,Hafnia paralvei,Drugs,Rifampin,Rifampin-resistant_beta-subunit_of_RNA_polymerase_RpoB,RPOB,CIA
gene:proph:176835;gene:plasmid:123887,Hafnia paralvei,Drugs,Rifampin,Rifampin-resistant_beta-subunit_of_RNA_polymerase_RpoB,RPOB,CIA
gene:proph:176835;gene:plasmid:123887,Hafnia paralvei,Drugs,Rifampin,Rifampin-resistant_beta-subunit_of_RNA_polymerase_RpoB,RPOB,CIA
gene:plasmid:123887,Klebsiella grimontii,Drugs,Rifampin,Rifampin-resistant_beta-subunit_of_RNA_polymerase_RpoB,RPOB,CIA
gene:proph:176833;gene:proph:176835,Klebsiella grimontii,Drugs,Rifampin,Rifampin-resistant_beta-subunit_of_RNA_polymerase_RpoB,RPOB,CIA
gene:proph:176833;gene:proph:176835;gene:plasmid:123887,Klebsiella grimontii,Drugs,Rifampin,Rifampin-resistant_beta-subunit_of_RNA_polymerase_RpoB,RPOB,CIA
gene:plasmid:123887,Klebsiella grimontii,Drugs,Rifampin,Rifampin-resistant_beta-subunit_of_RNA_polymerase_RpoB,RPOB,CIA
gene:proph:176833;gene:proph:176835;gene:plasmid:123887,Klebsiella grimontii,Drugs,Rifampin,Rifampin-resistant_beta-subunit_of_RNA_polymerase_RpoB,RPOB,CIA
gene:plasmid:123888;gene:plasmid:123887,Klebsiella sp. HC6,Drugs,Rifampin,Rifampin-resistant_beta-subunit_of_RNA_polymerase_RpoB,RPOB,CIA
gene:plasmid:88446;gene:plasmid:123887,Kluyvera cryocrescens,Drugs,Rifampin,Rifampin-resistant_beta-subunit_of_RNA_polymerase_RpoB,RPOB,CIA
gene:plasmid:123887,Lelliottia amnigena,Drugs,Rifampin,Rifampin-resistant_beta-subunit_of_RNA_polymerase_RpoB,RPOB,CIA
gene:plasmid:123887,Lelliottia amnigena,Drugs,Rifampin,Rifampin-resistant_beta-subunit_of_RNA_polymerase_RpoB,RPOB,CIA
gene:plasmid:123887,Lelliottia amnigena,Drugs,Rifampin,Rifampin-resistant_beta-subunit_of_RNA_polymerase_RpoB,RPOB,CIA
gene:plasmid:123887,Pseudomonas helleri,Drugs,Rifampin,Rifampin-resistant_beta-subunit_of_RNA_polymerase_RpoB,RPOB,CIA
gene:plasmid:123887,Pseudomonas helleri,Drugs,Rifampin,Rifampin-resistant_beta-subunit_of_RNA_polymerase_RpoB,RPOB,CIA
gene:plasmid:123887,Pseudomonas helleri,Drugs,Rifampin,Rifampin-resistant_beta-subunit_of_RNA_polymerase_RpoB,RPOB,CIA
gene:plasmid:123887,Pseudomonas helleri,Drugs,Rifampin,Rifampin-resistant_beta-subunit_of_RNA_polymerase_RpoB,RPOB,CIA
gene:plasmid:123887,Pseudomonas helleri,Drugs,Rifampin,Rifampin-resistant_beta-subunit_of_RNA_polymerase_RpoB,RPOB,CIA
gene:plasmid:123887,Pseudomonas helleri,Drugs,Rifampin,Rifampin-resistant_beta-subunit_of_RNA_polymerase_RpoB,RPOB,CIA
gene:plasmid:123887,Pseudomonas helleri,Drugs,Rifampin,Rifampin-resistant_beta-subunit_of_RNA_polymerase_RpoB,RPOB,CIA
gene:plasmid:123887,Pseudomonas helleri,Drugs,Rifampin,Rifampin-resistant_beta-subunit_of_RNA_polymerase_RpoB,RPOB,CIA
gene:plasmid:123887,Pseudomonas helleri,Drugs,Rifampin,Rifampin-resistant_beta-subunit_of_RNA_polymerase_RpoB,RPOB,CIA
gene:plasmid:123887,Pseudomonas helleri,Drugs,Rifampin,Rifampin-resistant_beta-subunit_of_RNA_polymerase_RpoB,RPOB,CIA
gene:plasmid:123887,Pseudomonas helleri,Drugs,Rifampin,Rifampin-resistant_beta-subunit_of_RNA_polymerase_RpoB,RPOB,CIA
gene:plasmid:123887,Serratia liquefaciens,Drugs,Rifampin,Rifampin-resistant_beta-subunit_of_RNA_polymerase_RpoB,RPOB,CIA
gene:plasmid:123887,Pantoea agglomerans,Drugs,Rifampin,Rifampin-resistant_beta-subunit_of_RNA_polymerase_RpoB,RPOB,CIA
gene:plasmid:123887,Pantoea septica,Drugs,Rifampin,Rifampin-resistant_beta-subunit_of_RNA_polymerase_RpoB,RPOB,CIA
gene:plasmid:123887,Pseudomonas azotoformans,Drugs,Rifampin,Rifampin-resistant_beta-subunit_of_RNA_polymerase_RpoB,RPOB,CIA
gene:plasmid:138489,Pseudomonas brenneri,Drugs,Rifampin,Rifampin-resistant_beta-subunit_of_RNA_polymerase_RpoB,RPOB,CIA
gene:plasmid:123887;gene:plasmid:139212,Pseudomonas bubulae,Drugs,Rifampin,Rifampin-resistant_beta-subunit_of_RNA_polymerase_RpoB,RPOB,CIA
gene:plasmid:123887;gene:plasmid:139212,Pseudomonas bubulae,Drugs,Rifampin,Rifampin-resistant_beta-subunit_of_RNA_polymerase_RpoB,RPOB,CIA
gene:plasmid:123887;gene:plasmid:139212,Pseudomonas bubulae,Drugs,Rifampin,Rifampin-resistant_beta-subunit_of_RNA_polymerase_RpoB,RPOB,CIA
gene:plasmid:123887;gene:plasmid:139212,Pseudomonas bubulae,Drugs,Rifampin,Rifampin-resistant_beta-subunit_of_RNA_polymerase_RpoB,RPOB,CIA
gene:plasmid:123887;gene:plasmid:139212,Pseudomonas bubulae,Drugs,Rifampin,Rifampin-resistant_beta-subunit_of_RNA_polymerase_RpoB,RPOB,CIA
gene:plasmid:123887,Pseudomonas fragi,Drugs,Rifampin,Rifampin-resistant_beta-subunit_of_RNA_polymerase_RpoB,RPOB,CIA
gene:plasmid:123887,Pseudomonas helleri,Drugs,Rifampin,Rifampin-resistant_beta-subunit_of_RNA_polymerase_RpoB,RPOB,CIA
gene:plasmid:123887,Pseudomonas helleri,Drugs,Rifampin,Rifampin-resistant_beta-subunit_of_RNA_polymerase_RpoB,RPOB,CIA
gene:plasmid:123887,Pseudomonas helleri,Drugs,Rifampin,Rifampin-resistant_beta-subunit_of_RNA_polymerase_RpoB,RPOB,CIA
gene:plasmid:123887,Pseudomonas helleri,Drugs,Rifampin,Rifampin-resistant_beta-subunit_of_RNA_polymerase_RpoB,RPOB,CIA
gene:plasmid:123887,Pseudomonas lundensis,Drugs,Rifampin,Rifampin-resistant_beta-subunit_of_RNA_polymerase_RpoB,RPOB,CIA
gene:plasmid:123887,Pseudomonas lundensis,Drugs,Rifampin,Rifampin-resistant_beta-subunit_of_RNA_polymerase_RpoB,RPOB,CIA
gene:plasmid:123887,Pseudomonas lundensis,Drugs,Rifampin,Rifampin-resistant_beta-subunit_of_RNA_polymerase_RpoB,RPOB,CIA
gene:plasmid:123887,Pseudomonas lundensis,Drugs,Rifampin,Rifampin-resistant_beta-subunit_of_RNA_polymerase_RpoB,RPOB,CIA
gene:plasmid:123887,Pseudomonas putida,Drugs,Rifampin,Rifampin-resistant_beta-subunit_of_RNA_polymerase_RpoB,RPOB,CIA
gene:plasmid:123887,Pseudomonas putida,Drugs,Rifampin,Rifampin-resistant_beta-subunit_of_RNA_polymerase_RpoB,RPOB,CIA
gene:plasmid:123887,Pseudomonas saxonica,Drugs,Rifampin,Rifampin-resistant_beta-subunit_of_RNA_polymerase_RpoB,RPOB,CIA
gene:plasmid:123887,Pseudomonas saxonica,Drugs,Rifampin,Rifampin-resistant_beta-subunit_of_RNA_polymerase_RpoB,RPOB,CIA
gene:plasmid:123887,Pseudomonas sp.TH21,Drugs,Rifampin,Rifampin-resistant_beta-subunit_of_RNA_polymerase_RpoB,RPOB,CIA
gene:plasmid:123887,Pseudomonas sp.TH21,Drugs,Rifampin,Rifampin-resistant_beta-subunit_of_RNA_polymerase_RpoB,RPOB,CIA
gene:plasmid:123887;gene:plasmid:116472,Pseudomonas sp. B21-036,Drugs,Rifampin,Rifampin-resistant_beta-subunit_of_RNA_polymerase_RpoB,RPOB,CIA
gene:plasmid:123887;gene:plasmid:138489,Pseudomonas sp. DTU12.1,Drugs,Rifampin,Rifampin-resistant_beta-subunit_of_RNA_polymerase_RpoB,RPOB,CIA
gene:plasmid:138489,Pseudomonas sp. FP453,Drugs,Rifampin,Rifampin-resistant_beta-subunit_of_RNA_polymerase_RpoB,RPOB,CIA
gene:plasmid:22410,Pseudomonas sp. J380,Drugs,Rifampin,Rifampin-resistant_beta-subunit_of_RNA_polymerase_RpoB,RPOB,CIA
gene:plasmid:123887;gene:plasmid:22410,Pseudomonas sp. J380,Drugs,Rifampin,Rifampin-resistant_beta-subunit_of_RNA_polymerase_RpoB,RPOB,CIA
gene:plasmid:123887,Pseudomonas sp. S2_B10,Drugs,Rifampin,Rifampin-resistant_beta-subunit_of_RNA_polymerase_RpoB,RPOB,CIA
gene:plasmid:123887,Pseudomonas taetrolens,Drugs,Rifampin,Rifampin-resistant_beta-subunit_of_RNA_polymerase_RpoB,RPOB,CIA
gene:plasmid:123888,Rahnella sp. PAMC25559,Drugs,Rifampin,Rifampin-resistant_beta-subunit_of_RNA_polymerase_RpoB,RPOB,CIA
gene:plasmid:123888;gene:plasmid:123887,Rahnella sp. Y9602,Drugs,Rifampin,Rifampin-resistant_beta-subunit_of_RNA_polymerase_RpoB,RPOB,CIA
gene:plasmid:123887,Serratia liquefaciens,Drugs,Rifampin,Rifampin-resistant_beta-subunit_of_RNA_polymerase_RpoB,RPOB,CIA
gene:plasmid:21818,Stenotrophomonas maltophilia,Drugs,Rifampin,Rifampin-resistant_beta-subunit_of_RNA_polymerase_RpoB,RPOB,CIA
gene:proph:181670,Streptococcus thermophilus,Drugs,Rifampin,Rifampin-resistant_beta-subunit_of_RNA_polymerase_RpoB,RPOB,CIA
gene:proph:181670,Streptococcus thermophilus,Drugs,Rifampin,Rifampin-resistant_beta-subunit_of_RNA_polymerase_RpoB,RPOB,CIA
gene:proph:181670,Streptococcus thermophilus,Drugs,Rifampin,Rifampin-resistant_beta-subunit_of_RNA_polymerase_RpoB,RPOB,CIA
gene:proph:176833;gene:proph:176835;gene:plasmid:123887,Superficieibacter sp. HKU1,Drugs,Rifampin,Rifampin-resistant_beta-subunit_of_RNA_polymerase_RpoB,RPOB,CIA
gene:proph:176835;gene:plasmid:123887,Yersinia alsatica,Drugs,Rifampin,Rifampin-resistant_beta-subunit_of_RNA_polymerase_RpoB,RPOB,CIA
gene:plasmid:141403,Bacillus cereus,Drugs,Lipopeptides,Daptomycin-resistant_beta-subunit_of_RNA_polymerase_RpoC,RPOCL,Authorized for use in humans only
gene:plasmid:141403,Bacillus mycoides,Drugs,Lipopeptides,Daptomycin-resistant_beta-subunit_of_RNA_polymerase_RpoC,RPOCL,Authorized for use in humans only
gene:plasmid:141403,Bacillus mycoides,Drugs,Lipopeptides,Daptomycin-resistant_beta-subunit_of_RNA_polymerase_RpoC,RPOCL,Authorized for use in humans only
gene:plasmid:141403,Bacillus thuringiensis,Drugs,Lipopeptides,Daptomycin-resistant_beta-subunit_of_RNA_polymerase_RpoC,RPOCL,Authorized for use in humans only
gene:plasmid:141403,Bacillus tropicus,Drugs,Lipopeptides,Daptomycin-resistant_beta-subunit_of_RNA_polymerase_RpoC,RPOCL,Authorized for use in humans only
gene:plasmid:123169;gene:plasmid:123170;gene:plasmid:123171;gene:plasmid:123173;gene:plasmid:123174;gene:plasmid:123175;gene:plasmid:123168,Citrobacter freundii,Biocides,Multi-biocide_resistance,Multi-biocide_resistance_regulator,RPOS,0
gene:plasmid:123169;gene:plasmid:123170;gene:plasmid:123171;gene:plasmid:123173;gene:plasmid:123174;gene:plasmid:123175;gene:plasmid:123168,Citrobacter freundii,Biocides,Multi-biocide_resistance,Multi-biocide_resistance_regulator,RPOS,0
gene:proph:177427;gene:proph:177428;gene:proph:179486;gene:vir:4537;gene:vir:4536;gene:proph:176737;gene:proph:179490;gene:vir:4507;gene:vir:4508;gene:vir:4509;gene:proph:181093;gene:proph:159053,Enterobacter hormaechei,Biocides,Multi-biocide_resistance,Multi-biocide_resistance_regulator,RPOS,0
gene:plasmid:21842,Klebsiella aerogenes,Biocides,Multi-biocide_resistance,Multi-biocide_resistance_regulator,RPOS,0
gene:plasmid:117704;gene:plasmid:117783,Kluyvera cryocrescens,Biocides,Multi-biocide_resistance,Multi-biocide_resistance_regulator,RPOS,0
gene:proph:173756;gene:proph:175005;gene:proph:173765;gene:proph:175001;gene:proph:173768;gene:proph:173769;gene:proph:174993;gene:proph:173776;gene:proph:173777;gene:proph:174987;gene:proph:173782;gene:proph:173786;gene:proph:174981;gene:proph:173788,Yersinia alsatica,Biocides,Multi-biocide_resistance,Multi-biocide_resistance_regulator,RPOS,0
gene:proph:169074;gene:proph:169075,AF180954 Hafnia alvei,Drugs,Aminoglycosides,Aminoglycoside-resistant_16S_ribosomal_subunit_protein,RPSL,CIA
gene:proph:169074;gene:proph:169075,AF180954 Hafnia alvei,Drugs,Aminoglycosides,Aminoglycoside-resistant_16S_ribosomal_subunit_protein,RPSL,CIA
gene:proph:169074;gene:proph:169075,AF180954 Hafnia alvei,Drugs,Aminoglycosides,Aminoglycoside-resistant_16S_ribosomal_subunit_protein,RPSL,CIA
gene:plasmid:153902;gene:plasmid:153905;gene:plasmid:153906;gene:plasmid:147501;gene:plasmid:147500;gene:plasmid:139674,Citrobacter freundii,Drugs,Aminoglycosides,Aminoglycoside-resistant_16S_ribosomal_subunit_protein,RPSL,CIA
gene:plasmid:21818,Escherichia coli,Drugs,Aminoglycosides,Aminoglycoside-resistant_16S_ribosomal_subunit_protein,RPSL,CIA
gene:plasmid:120162;gene:plasmid:21818,Escherichia coli,Drugs,Aminoglycosides,Aminoglycoside-resistant_16S_ribosomal_subunit_protein,RPSL,CIA
gene:plasmid:151260,Klebsiella grimontii,Drugs,Aminoglycosides,Aminoglycoside-resistant_16S_ribosomal_subunit_protein,RPSL,CIA
gene:plasmid:151260,Klebsiella grimontii,Drugs,Aminoglycosides,Aminoglycoside-resistant_16S_ribosomal_subunit_protein,RPSL,CIA
gene:plasmid:88446;gene:plasmid:123887,Kluyvera cryocrescens,Drugs,Aminoglycosides,Aminoglycoside-resistant_16S_ribosomal_subunit_protein,RPSL,CIA
gene:plasmid:156013;gene:plasmid:88436;gene:plasmid:21818,Superficieibacter sp. BNK-5,Drugs,Aminoglycosides,Aminoglycoside-resistant_16S_ribosomal_subunit_protein,RPSL,CIA
gene:plasmid:27818;gene:plasmid:89528,Pseudomonas helleri,Multi-compound,Biocide_and_metal_resistance,Biocide_and_metal_resistance_protein,RUVB,0
gene:plasmid:27818,Pseudomonas helleri,Multi-compound,Biocide_and_metal_resistance,Biocide_and_metal_resistance_protein,RUVB,0
gene:plasmid:124575,Pseudomonas helleri,Multi-compound,Biocide_and_metal_resistance,Biocide_and_metal_resistance_protein,RUVB,0
gene:plasmid:27818,Pseudomonas helleri,Multi-compound,Biocide_and_metal_resistance,Biocide_and_metal_resistance_protein,RUVB,0
gene:plasmid:124575,Pseudomonas helleri,Multi-compound,Biocide_and_metal_resistance,Biocide_and_metal_resistance_protein,RUVB,0
gene:plasmid:89528,Pseudomonas helleri,Multi-compound,Biocide_and_metal_resistance,Biocide_and_metal_resistance_protein,RUVB,0
gene:plasmid:124575,Pseudomonas helleri,Multi-compound,Biocide_and_metal_resistance,Biocide_and_metal_resistance_protein,RUVB,0
gene:plasmid:124575,Pseudomonas helleri,Multi-compound,Biocide_and_metal_resistance,Biocide_and_metal_resistance_protein,RUVB,0
gene:plasmid:27818;gene:plasmid:89528;gene:plasmid:20845;gene:plasmid:22062,Pseudomonas helleri,Multi-compound,Biocide_and_metal_resistance,Biocide_and_metal_resistance_protein,RUVB,0
gene:plasmid:124575,Pseudomonas helleri,Multi-compound,Biocide_and_metal_resistance,Biocide_and_metal_resistance_protein,RUVB,0
gene:plasmid:124575,Pseudomonas helleri,Multi-compound,Biocide_and_metal_resistance,Biocide_and_metal_resistance_protein,RUVB,0
gene:plasmid:124575,Pseudomonas helleri,Multi-compound,Biocide_and_metal_resistance,Biocide_and_metal_resistance_protein,RUVB,0
gene:plasmid:124575;gene:plasmid:125744;gene:plasmid:21379,Pseudomonas azotoformans,Multi-compound,Biocide_and_metal_resistance,Biocide_and_metal_resistance_protein,RUVB,0
gene:plasmid:22061;gene:plasmid:124575,Pseudomonas brenneri,Multi-compound,Biocide_and_metal_resistance,Biocide_and_metal_resistance_protein,RUVB,0
gene:plasmid:20845;gene:plasmid:125744,Pseudomonas bubulae,Multi-compound,Biocide_and_metal_resistance,Biocide_and_metal_resistance_protein,RUVB,0
gene:plasmid:90278;gene:plasmid:27818;gene:plasmid:125744;gene:plasmid:20845,Pseudomonas bubulae,Multi-compound,Biocide_and_metal_resistance,Biocide_and_metal_resistance_protein,RUVB,0
gene:plasmid:22061;gene:plasmid:27818;gene:plasmid:125744;gene:plasmid:20845,Pseudomonas bubulae,Multi-compound,Biocide_and_metal_resistance,Biocide_and_metal_resistance_protein,RUVB,0
gene:plasmid:27818;gene:plasmid:125744;gene:plasmid:20845,Pseudomonas bubulae,Multi-compound,Biocide_and_metal_resistance,Biocide_and_metal_resistance_protein,RUVB,0
gene:plasmid:125744,Pseudomonas fragi,Multi-compound,Biocide_and_metal_resistance,Biocide_and_metal_resistance_protein,RUVB,0
gene:plasmid:22061;gene:plasmid:90278;gene:plasmid:27818;gene:plasmid:125744;gene:plasmid:20845,Pseudomonas fragi,Multi-compound,Biocide_and_metal_resistance,Biocide_and_metal_resistance_protein,RUVB,0
gene:plasmid:124575,Pseudomonas helleri,Multi-compound,Biocide_and_metal_resistance,Biocide_and_metal_resistance_protein,RUVB,0
gene:plasmid:124575,Pseudomonas helleri,Multi-compound,Biocide_and_metal_resistance,Biocide_and_metal_resistance_protein,RUVB,0
gene:plasmid:27818,Pseudomonas helleri,Multi-compound,Biocide_and_metal_resistance,Biocide_and_metal_resistance_protein,RUVB,0
gene:plasmid:155093;gene:plasmid:125744,Pseudomonas lundensis,Multi-compound,Biocide_and_metal_resistance,Biocide_and_metal_resistance_protein,RUVB,0
gene:plasmid:125744,Pseudomonas lundensis,Multi-compound,Biocide_and_metal_resistance,Biocide_and_metal_resistance_protein,RUVB,0
gene:plasmid:90428,Pseudomonas palmensis,Multi-compound,Biocide_and_metal_resistance,Biocide_and_metal_resistance_protein,RUVB,0
gene:plasmid:86304,Pseudomonas putida,Multi-compound,Biocide_and_metal_resistance,Biocide_and_metal_resistance_protein,RUVB,0
gene:plasmid:129691;gene:plasmid:86304,Pseudomonas putida,Multi-compound,Biocide_and_metal_resistance,Biocide_and_metal_resistance_protein,RUVB,0
gene:plasmid:138733;gene:plasmid:86304;gene:plasmid:124575;gene:plasmid:155093;gene:plasmid:154639,Pseudomonas putida,Multi-compound,Biocide_and_metal_resistance,Biocide_and_metal_resistance_protein,RUVB,0
gene:plasmid:22061;gene:plasmid:124575;gene:plasmid:130030,Pseudomonas rustica,Multi-compound,Biocide_and_metal_resistance,Biocide_and_metal_resistance_protein,RUVB,0
gene:plasmid:124575,Pseudomonas saxonica,Multi-compound,Biocide_and_metal_resistance,Biocide_and_metal_resistance_protein,RUVB,0
gene:plasmid:124575,Pseudomonas saxonica,Multi-compound,Biocide_and_metal_resistance,Biocide_and_metal_resistance_protein,RUVB,0
gene:plasmid:125744;gene:plasmid:21379,Pseudomonas shahriarae,Multi-compound,Biocide_and_metal_resistance,Biocide_and_metal_resistance_protein,RUVB,0
gene:plasmid:89528;gene:plasmid:20845;gene:plasmid:125744,Pseudomonas sp. AC109,Multi-compound,Biocide_and_metal_resistance,Biocide_and_metal_resistance_protein,RUVB,0
gene:plasmid:22061;gene:plasmid:124575;gene:plasmid:125744;gene:plasmid:20845,Pseudomonas sp. FP453,Multi-compound,Biocide_and_metal_resistance,Biocide_and_metal_resistance_protein,RUVB,0
gene:plasmid:89528;gene:plasmid:20845;gene:plasmid:125744,Pseudomonas sp. J380,Multi-compound,Biocide_and_metal_resistance,Biocide_and_metal_resistance_protein,RUVB,0
gene:plasmid:130030,Pseudomonas sp. Lz4W,Multi-compound,Biocide_and_metal_resistance,Biocide_and_metal_resistance_protein,RUVB,0
gene:plasmid:27818;gene:plasmid:22062,Pseudomonas sp. S3_B08,Multi-compound,Biocide_and_metal_resistance,Biocide_and_metal_resistance_protein,RUVB,0
gene:plasmid:122956;gene:plasmid:122853;gene:plasmid:151356;gene:plasmid:151355;gene:plasmid:151354;gene:plasmid:123068;gene:plasmid:122725,Bacillus mycoides,Drugs,Nucleosides,Streptothricin_acetyltransferase,SAT,CIA
gene:plasmid:123158,Bacillus tropicus,Drugs,Nucleosides,Streptothricin_acetyltransferase,SAT,CIA
gene:plasmid:15664;gene:plasmid:135617;gene:plasmid:135990;gene:plasmid:135989;gene:plasmid:135988;gene:plasmid:135991;gene:plasmid:135987;gene:plasmid:135986;gene:plasmid:135985;gene:plasmid:135984;gene:plasmid:135983;gene:plasmid:135660,Enterococcus faecalis,Drugs,Nucleosides,Streptothricin_acetyltransferase,SAT,CIA
gene:plasmid:15664;gene:plasmid:135617,Streptococcus suis,Drugs,Nucleosides,Streptothricin_acetyltransferase,SAT,CIA
gene:plasmid:15664;gene:plasmid:135617,Streptococcus suis,Drugs,Nucleosides,Streptothricin_acetyltransferase,SAT,CIA
gene:proph:165705;gene:proph:165711;gene:proph:169512;gene:proph:172517;gene:proph:165703;gene:proph:165704;gene:proph:165696;gene:proph:165697;gene:proph:165698;gene:proph:165694,Serratia liquefaciens,Multi-compound,Drug_and_biocide_resistance,Drug_and_biocide_RND_efflux_pumps,SDEB,0
gene:plasmid:93482;gene:plasmid:124502,Rahnella aquatilis,Multi-compound,Drug_and_biocide_resistance,Drug_and_biocide_RND_efflux_pumps,SDEB,0
gene:proph:165705;gene:proph:169512;gene:proph:173723;gene:proph:165701;gene:proph:163818;gene:plasmid:111200;gene:proph:173726;gene:plasmid:124311;gene:plasmid:145318;gene:plasmid:124699;gene:proph:172517,Serratia liquefaciens,Multi-compound,Drug_and_biocide_resistance,Drug_and_biocide_RND_efflux_pumps,SDEB,0
gene:proph:165705;gene:proph:169512;gene:proph:173723;gene:proph:165701;gene:proph:163818;gene:plasmid:111200;gene:proph:173726;gene:plasmid:124311;gene:plasmid:145318;gene:plasmid:124699;gene:proph:172517,Serratia liquefaciens,Multi-compound,Drug_and_biocide_resistance,Drug_and_biocide_RND_efflux_pumps,SDEX,0
gene:plasmid:156009;gene:proph:163818;gene:proph:173723;gene:plasmid:111200;gene:plasmid:145318;gene:plasmid:124596,Serratia liquefaciens,Multi-compound,Drug_and_biocide_resistance,Drug_and_biocide_RND_efflux_pumps,SDEX,0
gene:proph:170892,Klebsiella grimontii,Multi-compound,Drug_and_biocide_resistance,Drug_and_biocide_RND_efflux_pumps,SDEY,0
gene:proph:170892,Klebsiella grimontii,Multi-compound,Drug_and_biocide_resistance,Drug_and_biocide_RND_efflux_pumps,SDEY,0
gene:proph:170892,Klebsiella grimontii,Multi-compound,Drug_and_biocide_resistance,Drug_and_biocide_RND_efflux_pumps,SDEY,0
gene:proph:170892,Klebsiella grimontii,Multi-compound,Drug_and_biocide_resistance,Drug_and_biocide_RND_efflux_pumps,SDEY,0
gene:proph:165705;gene:proph:169512;gene:proph:173723;gene:proph:165701;gene:proph:163818;gene:plasmid:111200;gene:proph:173726;gene:plasmid:124311;gene:plasmid:145318;gene:plasmid:124699;gene:proph:172517,Serratia liquefaciens,Multi-compound,Drug_and_biocide_resistance,Drug_and_biocide_RND_efflux_pumps,SDEY,0
gene:proph:163906;gene:proph:183597;gene:proph:179208,Serratia liquefaciens,Multi-compound,Drug_and_biocide_resistance,Drug_and_biocide_RND_efflux_pumps,SDEY,0
gene:plasmid:156009;gene:proph:163818;gene:proph:173723;gene:plasmid:111200;gene:plasmid:145318;gene:plasmid:124596,Serratia liquefaciens,Multi-compound,Drug_and_biocide_resistance,Drug_and_biocide_RND_efflux_pumps,SDEY,0
gene:proph:183597,Serratia liquefaciens,Multi-compound,Drug_and_biocide_resistance,Drug_and_biocide_RND_efflux_pumps,SDEY,0
gene:vir:105410,Yersinia alsatica,Multi-compound,Drug_and_biocide_resistance,Drug_and_biocide_RND_efflux_pumps,SDEY,0
gene:plasmid:123169;gene:plasmid:123170;gene:plasmid:123171;gene:plasmid:123173;gene:plasmid:123174;gene:plasmid:123175;gene:plasmid:123168,Citrobacter freundii,Multi-compound,Biocide_and_metal_resistance,Biocide_and_metal_ABC_efflux_pumps,SITC,0
gene:plasmid:123169;gene:plasmid:123170;gene:plasmid:123171;gene:plasmid:123173;gene:plasmid:123174;gene:plasmid:123175;gene:plasmid:123168,Citrobacter freundii,Multi-compound,Biocide_and_metal_resistance,Biocide_and_metal_ABC_efflux_pumps,SITC,0
gene:plasmid:125744,Citrobacter freundii,Biocides,Multi-biocide_resistance,Multi-biocide_ABC_efflux_pump,SMDA,0
gene:proph:170892,Citrobacter freundii,Biocides,Multi-biocide_resistance,Multi-biocide_ABC_efflux_pump,SMDA,0
gene:proph:170892;gene:plasmid:88436,Citrobacter freundii,Biocides,Multi-biocide_resistance,Multi-biocide_ABC_efflux_pump,SMDA,0
gene:plasmid:87452;gene:proph:170892;gene:plasmid:88436;gene:plasmid:87451,Citrobacter freundii,Biocides,Multi-biocide_resistance,Multi-biocide_ABC_efflux_pump,SMDA,0
gene:proph:170892,Klebsiella grimontii,Biocides,Multi-biocide_resistance,Multi-biocide_ABC_efflux_pump,SMDA,0
gene:proph:170892,Klebsiella grimontii,Biocides,Multi-biocide_resistance,Multi-biocide_ABC_efflux_pump,SMDA,0
gene:proph:170892,Klebsiella grimontii,Biocides,Multi-biocide_resistance,Multi-biocide_ABC_efflux_pump,SMDA,0
gene:proph:170892,Klebsiella grimontii,Biocides,Multi-biocide_resistance,Multi-biocide_ABC_efflux_pump,SMDA,0
gene:proph:170892,Klebsiella sp. HC6,Biocides,Multi-biocide_resistance,Multi-biocide_ABC_efflux_pump,SMDA,0
gene:plasmid:157743;gene:proph:169464;gene:proph:169512;gene:proph:170892;gene:plasmid:125744;gene:plasmid:124575;gene:plasmid:123175;gene:plasmid:90202;gene:proph:172517,Klebsiella sp. HC6,Biocides,Multi-biocide_resistance,Multi-biocide_ABC_efflux_pump,SMDA,0
gene:proph:165705;gene:proph:169512;gene:proph:173723;gene:proph:165701;gene:proph:163818;gene:plasmid:111200;gene:proph:173726;gene:plasmid:124311;gene:plasmid:145318;gene:plasmid:124699;gene:proph:172517,Serratia liquefaciens,Biocides,Multi-biocide_resistance,Multi-biocide_ABC_efflux_pump,SMDA,0
gene:plasmid:156009;gene:proph:163818;gene:proph:173723;gene:plasmid:111200;gene:plasmid:145318;gene:plasmid:124596,Serratia liquefaciens,Biocides,Multi-biocide_resistance,Multi-biocide_ABC_efflux_pump,SMDA,0
gene:plasmid:93398,Superficieibacter sp. BNK-5,Biocides,Multi-biocide_resistance,Multi-biocide_ABC_efflux_pump,SMDA,0
gene:plasmid:125744,Citrobacter freundii,Biocides,Multi-biocide_resistance,Multi-biocide_ABC_efflux_pump,SMDB,0
gene:plasmid:157743;gene:proph:169464;gene:proph:169512;gene:proph:170892;gene:plasmid:125744;gene:plasmid:124575;gene:plasmid:123175;gene:plasmid:90202;gene:proph:172517,Klebsiella sp. HC6,Biocides,Multi-biocide_resistance,Multi-biocide_ABC_efflux_pump,SMDB,0
gene:proph:179220;gene:plasmid:93399;gene:plasmid:93398,Lelliottia amnigena,Biocides,Multi-biocide_resistance,Multi-biocide_ABC_efflux_pump,SMDB,0
gene:plasmid:93398;gene:plasmid:93399,Lelliottia amnigena,Biocides,Multi-biocide_resistance,Multi-biocide_ABC_efflux_pump,SMDB,0
gene:proph:165705;gene:proph:169512;gene:proph:173723;gene:proph:165701;gene:proph:163818;gene:plasmid:111200;gene:proph:173726;gene:plasmid:124311;gene:plasmid:145318;gene:plasmid:124699;gene:proph:172517,Serratia liquefaciens,Biocides,Multi-biocide_resistance,Multi-biocide_ABC_efflux_pump,SMDB,0
gene:plasmid:156009;gene:proph:163818;gene:proph:173723;gene:plasmid:111200;gene:plasmid:145318;gene:plasmid:124596,Serratia liquefaciens,Biocides,Multi-biocide_resistance,Multi-biocide_ABC_efflux_pump,SMDB,0
gene:plasmid:146294;gene:plasmid:21628;gene:plasmid:154791,Pseudomonas brenneri,Biocides,Multi-biocide_resistance,Multi-biocide_ABC_efflux_pump,SMRA,0
gene:plasmid:26360,Pseudomonas sp. FP453,Biocides,Multi-biocide_resistance,Multi-biocide_ABC_efflux_pump,SMRA,0
gene:proph:172517;gene:plasmid:88467;gene:plasmid:153880;gene:plasmid:112498;gene:plasmid:154014;gene:plasmid:22293;gene:vir:105410;gene:plasmid:117744;gene:proph:169464;gene:proph:169511;gene:proph:172522,Escherichia coli,Biocides,Multi-biocide_resistance,Multi-biocide_MFS_efflux_pump,SMVA,0
gene:plasmid:91918;gene:plasmid:91985;gene:proph:161537;gene:proph:169464;gene:proph:169511;gene:proph:169512,Klebsiella pneumoniae,Biocides,Multi-biocide_resistance,Multi-biocide_MFS_efflux_pump,SMVA,0
gene:proph:182964,Citrobacter freundii,Biocides,Peroxide_resistance,peroxide_resistance_protein,SODA,0
gene:proph:182964,Citrobacter freundii,Biocides,Peroxide_resistance,peroxide_resistance_protein,SODA,0
gene:plasmid:157741,Escherichia coli,Biocides,Peroxide_resistance,peroxide_resistance_protein,SODA,0
gene:plasmid:16162,Escherichia coli,Biocides,Peroxide_resistance,peroxide_resistance_protein,SODA,0
gene:plasmid:138733;gene:plasmid:154897,Pseudomonas palmensis,Biocides,Peroxide_resistance,peroxide_resistance_protein,SODA,0
gene:plasmid:16162,Superficieibacter sp. BNK-5,Biocides,Peroxide_resistance,peroxide_resistance_protein,SODA,0
gene:proph:163927;gene:proph:172451;gene:proph:163921;gene:proph:181125;gene:proph:179435;gene:proph:179434;gene:proph:179433;gene:proph:163942,Escherichia coli,Biocides,Peroxide_resistance,peroxide_resistance_protein,SODB,0
gene:proph:163940;gene:proph:182930;gene:proph:179461;gene:proph:159076;gene:proph:159058;gene:proph:179471;gene:plasmid:117772;gene:proph:163947;gene:proph:163927;gene:proph:163921;gene:proph:163942;gene:proph:169106;gene:proph:169101;gene:proph:169100;gene:plasmid:117704;gene:plasmid:117783;gene:proph:177498;gene:proph:163929;gene:proph:159074;gene:proph:163938;gene:proph:159072;gene:proph:159064;gene:proph:163939;gene:proph:159065;gene:proph:159066;gene:proph:159070;gene:proph:159071;gene:proph:179464;gene:proph:159069;gene:proph:159067;gene:proph:159060;gene:proph:163832;gene:proph:163946;gene:proph:163928,Escherichia coli,Biocides,Peroxide_resistance,peroxide_resistance_protein,SODB,0
gene:proph:164876;gene:plasmid:89001;gene:plasmid:21988;gene:plasmid:21989;gene:vir:7358,Klebsiella grimontii,Biocides,Peroxide_resistance,peroxide_resistance_protein,SODB,0
gene:proph:164876;gene:proph:164876;gene:plasmid:89001;gene:plasmid:21988;gene:plasmid:21989;gene:vir:7358;gene:vir:7358;gene:plasmid:22293,Klebsiella grimontii,Biocides,Peroxide_resistance,peroxide_resistance_protein,SODB,0
gene:proph:164876;gene:plasmid:89001;gene:plasmid:21988;gene:plasmid:21989;gene:vir:7358;gene:plasmid:22293,Klebsiella grimontii,Biocides,Peroxide_resistance,peroxide_resistance_protein,SODB,0
gene:proph:184236;gene:proph:175955;gene:proph:184195;gene:proph:184194,Pseudomonas helleri,Biocides,Peroxide_resistance,peroxide_resistance_protein,SODB,0
gene:plasmid:115070;gene:plasmid:21021,Pseudomonas azotoformans,Biocides,Peroxide_resistance,peroxide_resistance_protein,SODB,0
gene:plasmid:85950,Pseudomonas brenneri,Biocides,Peroxide_resistance,peroxide_resistance_protein,SODB,0
gene:proph:184236;gene:proph:175955;gene:proph:175950;gene:proph:175953;gene:proph:175954;gene:proph:184195;gene:proph:184194,Pseudomonas bubulae,Biocides,Peroxide_resistance,peroxide_resistance_protein,SODB,0
gene:plasmid:21134,Pseudomonas bubulae,Biocides,Peroxide_resistance,peroxide_resistance_protein,SODB,0
gene:proph:184236;gene:proph:175955;gene:proph:175950;gene:proph:175953;gene:proph:175954;gene:proph:184195;gene:proph:184194,Pseudomonas bubulae,Biocides,Peroxide_resistance,peroxide_resistance_protein,SODB,0
gene:proph:184236;gene:proph:175955;gene:proph:175950;gene:proph:175953;gene:proph:175954;gene:proph:184195;gene:proph:184194;gene:plasmid:21134,Pseudomonas bubulae,Biocides,Peroxide_resistance,peroxide_resistance_protein,SODB,0
gene:proph:184236;gene:proph:175955;gene:proph:175950;gene:proph:175953;gene:proph:175954;gene:proph:184195;gene:proph:184194;gene:plasmid:21134,Pseudomonas fragi,Biocides,Peroxide_resistance,peroxide_resistance_protein,SODB,0
gene:proph:184236;gene:proph:175955;gene:plasmid:21021;gene:plasmid:154774;gene:proph:175950;gene:proph:175953;gene:proph:175954,Pseudomonas lundensis,Biocides,Peroxide_resistance,peroxide_resistance_protein,SODB,0
gene:plasmid:21021,Pseudomonas lundensis,Biocides,Peroxide_resistance,peroxide_resistance_protein,SODB,0
gene:plasmid:21021;gene:proph:184236;gene:proph:175950;gene:proph:175953;gene:proph:175954;gene:proph:175955;gene:proph:184195;gene:proph:184194,Pseudomonas lundensis,Biocides,Peroxide_resistance,peroxide_resistance_protein,SODB,0
gene:plasmid:21021,Pseudomonas lundensis,Biocides,Peroxide_resistance,peroxide_resistance_protein,SODB,0
gene:plasmid:21089,Pseudomonas putida,Biocides,Peroxide_resistance,peroxide_resistance_protein,SODB,0
gene:plasmid:21089,Pseudomonas putida,Biocides,Peroxide_resistance,peroxide_resistance_protein,SODB,0
gene:plasmid:21089,Pseudomonas putida,Biocides,Peroxide_resistance,peroxide_resistance_protein,SODB,0
gene:plasmid:28490;gene:plasmid:21089,Pseudomonas qingdaonensis,Biocides,Peroxide_resistance,peroxide_resistance_protein,SODB,0
gene:plasmid:21664;gene:plasmid:20556;gene:plasmid:20554,Pseudomonas sp. AC109,Biocides,Peroxide_resistance,peroxide_resistance_protein,SODB,0
gene:plasmid:124393,Pseudomonas sp. FP2335,Biocides,Peroxide_resistance,peroxide_resistance_protein,SODB,0
gene:plasmid:154774;gene:plasmid:21021;gene:plasmid:149679;gene:plasmid:21214;gene:plasmid:124393,Pseudomonas sp. FP453,Biocides,Peroxide_resistance,peroxide_resistance_protein,SODB,0
gene:plasmid:21664;gene:plasmid:154774;gene:plasmid:120282;gene:plasmid:154739;gene:plasmid:20556,Pseudomonas sp. J380,Biocides,Peroxide_resistance,peroxide_resistance_protein,SODB,0
gene:plasmid:91662,Pseudomonas sp. SD17-1,Biocides,Peroxide_resistance,peroxide_resistance_protein,SODB,0
gene:proph:175953;gene:proph:184194;gene:proph:184236;gene:plasmid:154774,Pseudomonas versuta,Biocides,Peroxide_resistance,peroxide_resistance_protein,SODB,0
gene:plasmid:123353,Escherichia coli,Biocides,Multi-biocide_resistance,Multi-biocide_resistance_regulator,SOXRB,0
gene:plasmid:123353,Escherichia coli,Multi-compound,Drug_and_biocide_and_metal_resistance,Drug_and_biocide_and_metal_resistance_regulator,SOXS,NA
gene:plasmid:123353,Escherichia coli,Biocides,Multi-biocide_resistance,Multi-biocide_SMR_efflux_pump,SUGE,0
gene:plasmid:16015,Other,Drugs,Sulfonamides,Sulfonamide-resistant_dihydropteroate_synthases,SULI,HIA
gene:proph:177427;gene:proph:177428;gene:proph:179486;gene:vir:4537;gene:vir:4536;gene:proph:176737;gene:proph:179490;gene:vir:4507;gene:vir:4508;gene:vir:4509;gene:proph:181093;gene:proph:159053,Enterobacter hormaechei,Multi-compound,Biocide_and_metal_resistance,Biocide_and_metal_resistance_protein,TEHA,0
gene:plasmid:149414,Escherichia coli,Multi-compound,Biocide_and_metal_resistance,Biocide_and_metal_resistance_protein,TEHA,0
gene:proph:177427;gene:proph:177428;gene:proph:179486;gene:vir:4537;gene:vir:4536;gene:proph:176737;gene:proph:179490;gene:vir:4507;gene:vir:4508;gene:vir:4509;gene:proph:181093;gene:proph:159053,Enterobacter hormaechei,Multi-compound,Biocide_and_metal_resistance,Biocide_and_metal_resistance_protein,TEHB,0
gene:plasmid:149414,Escherichia coli,Multi-compound,Biocide_and_metal_resistance,Biocide_and_metal_resistance_protein,TEHB,0
gene:plasmid:154014,Lelliottia amnigena,Multi-compound,Biocide_and_metal_resistance,Biocide_and_metal_resistance_protein,TEHB,0
gene:plasmid:19384;gene:plasmid:145499,Other,Drugs,betalactams,Class_A_betalactamases,TEM,Authorized for use in humans only
gene:plasmid:145499;gene:plasmid:19384,Other,Drugs,betalactams,Class_A_betalactamases,TEM,Authorized for use in humans only
gene:plasmid:145499,Other,Drugs,betalactams,Class_A_betalactamases,TEM,Authorized for use in humans only
gene:plasmid:145499,Other,Drugs,betalactams,Class_A_betalactamases,TEM,Authorized for use in humans only
gene:plasmid:19384;gene:plasmid:145499,Other,Drugs,betalactams,Class_A_betalactamases,TEM,Authorized for use in humans only
gene:plasmid:145499,Other,Drugs,betalactams,Class_A_betalactamases,TEM,Authorized for use in humans only
gene:plasmid:145499;gene:plasmid:19384,Other,Drugs,betalactams,Class_A_betalactamases,TEM,Authorized for use in humans only
gene:plasmid:145499,Other,Drugs,betalactams,Class_A_betalactamases,TEM,Authorized for use in humans only
gene:plasmid:145499,Escherichia coli,Drugs,betalactams,Class_A_betalactamases,TEM,Authorized for use in humans only
gene:plasmid:145499,other,Drugs,betalactams,Class_A_betalactamases,TEM,Authorized for use in humans only
gene:plasmid:145499,other,Drugs,betalactams,Class_A_betalactamases,TEM,Authorized for use in humans only
gene:plasmid:145499,Other,Drugs,betalactams,Class_A_betalactamases,TEM,Authorized for use in humans only
gene:plasmid:145499,Other,Drugs,betalactams,Class_A_betalactamases,TEM,Authorized for use in humans only
gene:plasmid:145499,Other,Drugs,betalactams,Class_A_betalactamases,TEM,Authorized for use in humans only
gene:plasmid:145499,Other,Drugs,betalactams,Class_A_betalactamases,TEM,Authorized for use in humans only
gene:plasmid:83808;gene:plasmid:91778,Klebsiella pneumoniae,Drugs,Tetracyclines,Tetracycline_resistance_MFS_efflux_pumps,TETD,HIA
ICEberg|304|ICESga43143-1|GenBank|AP012053|1643376..1661407,Enterococcus faecalis,Drugs,Tetracyclines,Tetracycline_resistance_ribosomal_protection_proteins,TETM,HIA
ICEberg|304|ICESga43143-1|GenBank|AP012053|1643376..1661407,Enterococcus faecalis,Drugs,Tetracyclines,Tetracycline_resistance_ribosomal_protection_proteins,TETM,HIA
gene:plasmid:19763;gene:plasmid:17265;gene:plasmid:87114;gene:plasmid:17365;gene:plasmid:17315;gene:plasmid:17316;gene:plasmid:17317;gene:plasmid:17286;gene:plasmid:119373;gene:plasmid:17348,Listeria monocytogenes,Drugs,Tetracyclines,Tetracycline_resistance_ribosomal_protection_proteins,TETS,HIA
gene:plasmid:123168;gene:plasmid:123169;gene:plasmid:123170;gene:plasmid:123171;gene:plasmid:123173;gene:plasmid:123174;gene:plasmid:123175,Citrobacter freundii,Biocides,Multi-biocide_resistance,Multi-biocide_RND_efflux_pump,TOLC,0
gene:plasmid:25641;gene:proph:170565;gene:proph:170564;gene:proph:170546;gene:proph:170559;gene:proph:170548;gene:proph:170549;gene:proph:170542;gene:proph:170541;gene:proph:170553;gene:proph:170560;gene:proph:184661,Citrobacter freundii,Biocides,Multi-biocide_resistance,Multi-biocide_RND_efflux_pump,TOLC,0
gene:plasmid:142025,Citrobacter freundii,Biocides,Multi-biocide_resistance,Multi-biocide_RND_efflux_pump,TOLC,0
gene:proph:163818;gene:plasmid:123257;gene:plasmid:91947,Escherichia coli,Biocides,Multi-biocide_resistance,Multi-biocide_RND_efflux_pump,TOLC,0
gene:plasmid:93474,Escherichia coli,Biocides,Multi-biocide_resistance,Multi-biocide_RND_efflux_pump,TOLC,0
gene:plasmid:93474,Escherichia coli,Biocides,Multi-biocide_resistance,Multi-biocide_RND_efflux_pump,TOLC,0
gene:plasmid:22062;gene:plasmid:139048,Pseudomonas azotoformans,Biocides,Phenolic_compound_resistance,Phenolic_RND_efflux_pump,TRIC,0
gene:plasmid:22062;gene:plasmid:116567,Pseudomonas brenneri,Biocides,Phenolic_compound_resistance,Phenolic_RND_efflux_pump,TRIC,0
gene:plasmid:145291,Pseudomonas bubulae,Biocides,Phenolic_compound_resistance,Phenolic_RND_efflux_pump,TRIC,0
gene:plasmid:83370,Pseudomonas bubulae,Biocides,Phenolic_compound_resistance,Phenolic_RND_efflux_pump,TRIC,0
gene:plasmid:145291,Pseudomonas bubulae,Biocides,Phenolic_compound_resistance,Phenolic_RND_efflux_pump,TRIC,0
gene:plasmid:145289,Pseudomonas lundensis,Biocides,Phenolic_compound_resistance,Phenolic_RND_efflux_pump,TRIC,0
gene:plasmid:138733;gene:plasmid:86304;gene:plasmid:124575;gene:plasmid:155093;gene:plasmid:154639,Pseudomonas putida,Biocides,Phenolic_compound_resistance,Phenolic_RND_efflux_pump,TRIC,0
gene:plasmid:22062,Pseudomonas qingdaonensis,Biocides,Phenolic_compound_resistance,Phenolic_RND_efflux_pump,TRIC,0
gene:plasmid:136479,Pseudomonas rustica,Biocides,Phenolic_compound_resistance,Phenolic_RND_efflux_pump,TRIC,0
gene:plasmid:22062,Pseudomonas sp. J380,Biocides,Phenolic_compound_resistance,Phenolic_RND_efflux_pump,TRIC,0
gene:plasmid:21021;gene:plasmid:28490;gene:plasmid:21089,Pseudomonas sp. B21-036,Multi-compound,Drug_and_biocide_resistance,Drug_and_biocide_RND_efflux_pumps,TTGA,NA
gene:plasmid:21021,Pseudomonas sp. SD17-1,Multi-compound,Drug_and_biocide_resistance,Drug_and_biocide_RND_efflux_pumps,TTGA,NA
gene:plasmid:115548;gene:proph:184192;gene:proph:184193;gene:plasmid:20884,Pseudomonas azotoformans,Multi-compound,Drug_and_biocide_resistance,Drug_and_biocide_RND_efflux_pumps,TTGB,NA
gene:proph:184194,Pseudomonas helleri,Multi-compound,Drug_and_biocide_resistance,Drug_and_biocide_RND_efflux_pumps,TTGB,NA
gene:plasmid:146598;gene:plasmid:20860;gene:proph:175950;gene:proph:184195;gene:proph:184194;gene:proph:184196;gene:proph:184202;gene:proph:184206;gene:proph:163072;gene:proph:184236;gene:proph:175955;gene:plasmid:115548;gene:proph:184192;gene:proph:184193;gene:plasmid:20884;gene:proph:179959;gene:plasmid:154897,Pseudomonas sp. AC109,Multi-compound,Drug_and_biocide_resistance,Drug_and_biocide_RND_efflux_pumps,TTGB,NA
gene:plasmid:21021;gene:plasmid:28490;gene:plasmid:21089,Pseudomonas sp. B21-036,Multi-compound,Drug_and_biocide_resistance,Drug_and_biocide_RND_efflux_pumps,TTGB,NA
gene:plasmid:115548;gene:proph:184192;gene:proph:184193;gene:plasmid:21089,Pseudomonas sp. FP2294,Multi-compound,Drug_and_biocide_resistance,Drug_and_biocide_RND_efflux_pumps,TTGB,NA
gene:plasmid:21021,Pseudomonas sp. SD17-1,Multi-compound,Drug_and_biocide_resistance,Drug_and_biocide_RND_efflux_pumps,TTGB,NA
gene:plasmid:28490;gene:plasmid:21089,Pseudomonas qingdaonensis,Multi-compound,Drug_and_biocide_resistance,Drug_and_biocide_RND_efflux_pumps,TTGC,NA
gene:plasmid:21021;gene:plasmid:28490;gene:plasmid:21089,Pseudomonas sp. B21-036,Multi-compound,Drug_and_biocide_resistance,Drug_and_biocide_RND_efflux_pumps,TTGC,NA
gene:proph:176833;gene:proph:176833,Acinetobacter guillouiae,Drugs,Elfamycins,EF-Tu_inhibition,TUFAB,NA
gene:proph:176833,Acinetobacter guillouiae,Drugs,Elfamycins,EF-Tu_inhibition,TUFAB,NA
gene:proph:176833,Acinetobacter johnsonii,Drugs,Elfamycins,EF-Tu_inhibition,TUFAB,NA
gene:proph:176833,Acinetobacter johnsonii,Drugs,Elfamycins,EF-Tu_inhibition,TUFAB,NA
gene:proph:176833,Acinetobacter sp. CE-15,Drugs,Elfamycins,EF-Tu_inhibition,TUFAB,NA
gene:proph:176833,Acinetobacter sp. MYb10,Drugs,Elfamycins,EF-Tu_inhibition,TUFAB,NA
gene:proph:169074;gene:proph:169075,AF180954 Hafnia alvei,Drugs,Elfamycins,EF-Tu_inhibition,TUFAB,NA
gene:proph:169074;gene:proph:169075,AF180954 Hafnia alvei,Drugs,Elfamycins,EF-Tu_inhibition,TUFAB,NA
gene:plasmid:141403,Bacillus cereus,Drugs,Elfamycins,EF-Tu_inhibition,TUFAB,NA
gene:plasmid:141403,Bacillus mycoides,Drugs,Elfamycins,EF-Tu_inhibition,TUFAB,NA
gene:plasmid:141403,Bacillus mycoides,Drugs,Elfamycins,EF-Tu_inhibition,TUFAB,NA
gene:plasmid:141403,Bacillus thuringiensis,Drugs,Elfamycins,EF-Tu_inhibition,TUFAB,NA
gene:plasmid:141403,Bacillus tropicus,Drugs,Elfamycins,EF-Tu_inhibition,TUFAB,NA
gene:plasmid:153902;gene:plasmid:153905;gene:plasmid:153906;gene:plasmid:147501;gene:plasmid:147500;gene:plasmid:139674,Citrobacter freundii,Drugs,Elfamycins,EF-Tu_inhibition,TUFAB,NA
gene:proph:176835,Duffyella gerundensis,Drugs,Elfamycins,EF-Tu_inhibition,TUFAB,NA
gene:plasmid:15652;gene:plasmid:15651,Enterococcus durans,Drugs,Elfamycins,EF-Tu_inhibition,TUFAB,NA
gene:proph:176835;gene:plasmid:123887,Hafnia alvei,Drugs,Elfamycins,EF-Tu_inhibition,TUFAB,NA
gene:proph:176835;gene:plasmid:123887,Hafnia paralvei,Drugs,Elfamycins,EF-Tu_inhibition,TUFAB,NA
gene:proph:176835;gene:plasmid:123887,Hafnia paralvei,Drugs,Elfamycins,EF-Tu_inhibition,TUFAB,NA
gene:proph:176835;gene:plasmid:123887,Hafnia paralvei,Drugs,Elfamycins,EF-Tu_inhibition,TUFAB,NA
gene:proph:176835;gene:plasmid:123887,Hafnia paralvei,Drugs,Elfamycins,EF-Tu_inhibition,TUFAB,NA
gene:proph:176833;gene:proph:176835,Klebsiella grimontii,Drugs,Elfamycins,EF-Tu_inhibition,TUFAB,NA
gene:plasmid:151260,Klebsiella grimontii,Drugs,Elfamycins,EF-Tu_inhibition,TUFAB,NA
gene:proph:176833;gene:proph:176835;gene:plasmid:123887,Klebsiella grimontii,Drugs,Elfamycins,EF-Tu_inhibition,TUFAB,NA
gene:plasmid:151260,Klebsiella grimontii,Drugs,Elfamycins,EF-Tu_inhibition,TUFAB,NA
gene:proph:176833;gene:proph:176835;gene:plasmid:123887,Klebsiella grimontii,Drugs,Elfamycins,EF-Tu_inhibition,TUFAB,NA
gene:plasmid:88446;gene:plasmid:123887,Kluyvera cryocrescens,Drugs,Elfamycins,EF-Tu_inhibition,TUFAB,NA
gene:vir:723,Lactococcus formosensis,Drugs,Elfamycins,EF-Tu_inhibition,TUFAB,NA
gene:proph:176835,Leclercia adecarboxylata,Drugs,Elfamycins,EF-Tu_inhibition,TUFAB,NA
gene:proph:176833;gene:proph:176835,Lelliottia amnigena,Drugs,Elfamycins,EF-Tu_inhibition,TUFAB,NA
gene:plasmid:115792;gene:plasmid:120653;gene:plasmid:120658;gene:plasmid:120659;gene:plasmid:155304,Leuconostoc mesenteroides,Drugs,Elfamycins,EF-Tu_inhibition,TUFAB,NA
gene:plasmid:120653,Leuconostoc mesenteroides,Drugs,Elfamycins,EF-Tu_inhibition,TUFAB,NA
gene:plasmid:155304,Leuconostoc mesenteroides,Drugs,Elfamycins,EF-Tu_inhibition,TUFAB,NA
gene:plasmid:155304,Leuconostoc mesenteroides isolate Leuconostoc_mesenteroides_FME338 genome assembly,Drugs,Elfamycins,EF-Tu_inhibition,TUFAB,NA
gene:plasmid:155304,Leuconostoc mesenteroides,Drugs,Elfamycins,EF-Tu_inhibition,TUFAB,NA
gene:plasmid:155304,Leuconostoc mesenteroides,Drugs,Elfamycins,EF-Tu_inhibition,TUFAB,NA
gene:plasmid:155304,Leuconostoc mesenteroides,Drugs,Elfamycins,EF-Tu_inhibition,TUFAB,NA
gene:plasmid:123887,Pseudomonas helleri,Drugs,Elfamycins,EF-Tu_inhibition,TUFAB,NA
gene:plasmid:123887,Pseudomonas helleri,Drugs,Elfamycins,EF-Tu_inhibition,TUFAB,NA
gene:plasmid:138489,Pseudomonas brenneri,Drugs,Elfamycins,EF-Tu_inhibition,TUFAB,NA
gene:plasmid:123887;gene:plasmid:139212,Pseudomonas bubulae,Drugs,Elfamycins,EF-Tu_inhibition,TUFAB,NA
gene:plasmid:123887;gene:plasmid:139212,Pseudomonas bubulae,Drugs,Elfamycins,EF-Tu_inhibition,TUFAB,NA
gene:plasmid:123887;gene:plasmid:139212,Pseudomonas bubulae,Drugs,Elfamycins,EF-Tu_inhibition,TUFAB,NA
gene:plasmid:123887;gene:plasmid:139212,Pseudomonas bubulae,Drugs,Elfamycins,EF-Tu_inhibition,TUFAB,NA
gene:plasmid:123887;gene:plasmid:139212,Pseudomonas bubulae,Drugs,Elfamycins,EF-Tu_inhibition,TUFAB,NA
gene:plasmid:123887,Pseudomonas fragi,Drugs,Elfamycins,EF-Tu_inhibition,TUFAB,NA
gene:plasmid:123887,Pseudomonas fragi,Drugs,Elfamycins,EF-Tu_inhibition,TUFAB,NA
gene:plasmid:123887,Pseudomonas helleri,Drugs,Elfamycins,EF-Tu_inhibition,TUFAB,NA
gene:plasmid:123887,Pseudomonas helleri,Drugs,Elfamycins,EF-Tu_inhibition,TUFAB,NA
gene:plasmid:123887,Pseudomonas helleri,Drugs,Elfamycins,EF-Tu_inhibition,TUFAB,NA
gene:plasmid:138489,Pseudomonas lundensis,Drugs,Elfamycins,EF-Tu_inhibition,TUFAB,NA
gene:plasmid:123887,Pseudomonas lundensis,Drugs,Elfamycins,EF-Tu_inhibition,TUFAB,NA
gene:plasmid:123887,Pseudomonas putida,Drugs,Elfamycins,EF-Tu_inhibition,TUFAB,NA
gene:plasmid:123887,Pseudomonas putida,Drugs,Elfamycins,EF-Tu_inhibition,TUFAB,NA
gene:plasmid:123887,Pseudomonas saxonica,Drugs,Elfamycins,EF-Tu_inhibition,TUFAB,NA
gene:plasmid:123887,Pseudomonas saxonica,Drugs,Elfamycins,EF-Tu_inhibition,TUFAB,NA
gene:plasmid:123887,Pseudomonas sp.TH21,Drugs,Elfamycins,EF-Tu_inhibition,TUFAB,NA
gene:plasmid:123887;gene:plasmid:116472,Pseudomonas sp. B21-036,Drugs,Elfamycins,EF-Tu_inhibition,TUFAB,NA
gene:plasmid:123887;gene:plasmid:116472,Pseudomonas sp. B21-036,Drugs,Elfamycins,EF-Tu_inhibition,TUFAB,NA
gene:plasmid:123887;gene:plasmid:138489,Pseudomonas sp. DTU12.1,Drugs,Elfamycins,EF-Tu_inhibition,TUFAB,NA
gene:plasmid:138489,Pseudomonas sp. FP453,Drugs,Elfamycins,EF-Tu_inhibition,TUFAB,NA
gene:plasmid:22410,Pseudomonas sp. J380,Drugs,Elfamycins,EF-Tu_inhibition,TUFAB,NA
gene:plasmid:123887;gene:plasmid:22410,Pseudomonas sp. J380,Drugs,Elfamycins,EF-Tu_inhibition,TUFAB,NA
gene:plasmid:123887,Pseudomonas sp. S2_B10,Drugs,Elfamycins,EF-Tu_inhibition,TUFAB,NA
gene:plasmid:123887,Pseudomonas sp. S2_B10,Drugs,Elfamycins,EF-Tu_inhibition,TUFAB,NA
gene:plasmid:123887,Pseudomonas taetrolens,Drugs,Elfamycins,EF-Tu_inhibition,TUFAB,NA
gene:proph:176835,Rahnella sp. PAMC25559,Drugs,Elfamycins,EF-Tu_inhibition,TUFAB,NA
gene:proph:176835,Serratia liquefaciens,Drugs,Elfamycins,EF-Tu_inhibition,TUFAB,NA
gene:plasmid:156013;gene:plasmid:88436;gene:plasmid:21818,Superficieibacter sp. BNK-5,Drugs,Elfamycins,EF-Tu_inhibition,TUFAB,NA
gene:proph:176833;gene:proph:176835;gene:plasmid:123887,Superficieibacter sp. HKU1,Drugs,Elfamycins,EF-Tu_inhibition,TUFAB,NA
gene:proph:176835;gene:plasmid:123887,Yersinia alsatica,Drugs,Elfamycins,EF-Tu_inhibition,TUFAB,NA
gene:proph:181243;gene:proph:163837;gene:plasmid:151225;gene:plasmid:148202;gene:plasmid:151223;gene:vir:1321;gene:proph:183581,Escherichia coli,Drugs,Cationic_antimicrobial_peptides,Lipid_A_modification,UGD,HPCIA
gene:proph:176040;gene:vir:1321;gene:proph:183581,Escherichia coli,Drugs,Cationic_antimicrobial_peptides,Lipid_A_modification,UGD,HPCIA
gene:plasmid:117701;gene:plasmid:117686;gene:plasmid:117671;gene:proph:176833;gene:proph:176835,Enterobacter hormaechei,Drugs,Fosfomycin,Fosfomycin_target_mutation,UHPT,HPCIA
gene:plasmid:117701;gene:plasmid:117686;gene:plasmid:117671;gene:proph:176833;gene:proph:176835,Enterobacter hormaechei,Drugs,Fosfomycin,Fosfomycin_target_mutation,UHPT,HPCIA
gene:plasmid:88446;gene:plasmid:123887,Kluyvera cryocrescens,Drugs,Fosfomycin,Fosfomycin_target_mutation,UHPT,HPCIA
gene:plasmid:21818,Thermus thermophilus,Drugs,Pleuromutilin,Pleuromutilin-resistant_23S_rRNA_mutation,UL3,IA
gene:proph:179440;gene:proph:181296;gene:proph:172518;gene:proph:172519;gene:proph:172520;gene:proph:172521;gene:proph:172522;gene:proph:172523;gene:proph:172524;gene:proph:172517,Escherichia coli,Multi-compound,Biocide_and_metal_resistance,Biocide_and_metal_resistance_protein,YCHH,0
gene:proph:182947;gene:proph:182971;gene:proph:182951;gene:proph:182952;gene:proph:179383;gene:proph:179426;gene:proph:183644;gene:proph:172518;gene:proph:172519;gene:proph:172520;gene:proph:172521;gene:proph:172522;gene:proph:172523;gene:proph:172524;gene:proph:172517;gene:proph:163818;gene:proph:179418;gene:proph:179425;gene:proph:179382;gene:proph:179387;gene:proph:182978;gene:proph:182984;gene:proph:182982,Escherichia coli,Multi-compound,Biocide_and_metal_resistance,Biocide_and_metal_resistance_protein,YCHH,0
gene:proph:179433;gene:proph:182931;gene:proph:163928;gene:plasmid:88455;gene:plasmid:84622;gene:plasmid:84614;gene:proph:163940,Escherichia coli,Biocides,Peroxide_resistance,peroxide_resistance_protein,YDEI,0
gene:proph:163940;gene:proph:182930;gene:proph:179461;gene:proph:159076;gene:proph:159058;gene:proph:179471;gene:plasmid:117772;gene:proph:163947;gene:proph:163927;gene:proph:163921;gene:proph:163942;gene:proph:169106;gene:proph:169101;gene:proph:169100;gene:plasmid:117704;gene:plasmid:117783;gene:proph:177498;gene:proph:163929;gene:proph:159074;gene:proph:163938;gene:proph:159072;gene:proph:159064;gene:proph:163939;gene:proph:159065;gene:proph:159066;gene:proph:159070;gene:proph:159071;gene:proph:179464;gene:proph:159069;gene:proph:159067;gene:proph:159060;gene:proph:163832;gene:proph:163946;gene:proph:163928,Escherichia coli,Biocides,Peroxide_resistance,peroxide_resistance_protein,YDEI,0
gene:proph:179433;gene:proph:182931;gene:proph:163928;gene:plasmid:88455;gene:plasmid:84622;gene:plasmid:84614;gene:proph:163940,Escherichia coli,Biocides,Multi-biocide_resistance,Multi-biocide_resistance_regulator,YDEO,0
gene:proph:179433;gene:proph:182931;gene:proph:163928;gene:plasmid:88455;gene:plasmid:84622;gene:plasmid:84614;gene:proph:163940,Escherichia coli,Biocides,Acid_resistance,Acid_resistance_protein,YDEP,0
gene:proph:163818;gene:plasmid:123257;gene:plasmid:91947,Escherichia coli,Multi-compound,Biocide_and_metal_resistance,Biocide_and_metal_resistance_protein,YGIW,0
gene:proph:163818;gene:plasmid:123257;gene:plasmid:91947,Escherichia coli,Multi-compound,Biocide_and_metal_resistance,Biocide_and_metal_resistance_protein,YHCN,0
gene:plasmid:117701;gene:plasmid:117686;gene:plasmid:117671;gene:proph:176833;gene:proph:176835,Enterobacter hormaechei,Multi-compound,Biocide_and_metal_resistance,Biocide_and_metal_resistance_protein,YIEF,0
gene:plasmid:117701;gene:plasmid:117686;gene:plasmid:117671;gene:proph:176833;gene:proph:176835,Enterobacter hormaechei,Multi-compound,Biocide_and_metal_resistance,Biocide_and_metal_resistance_protein,YIEF,0
gene:plasmid:123353,Escherichia coli,Multi-compound,Biocide_and_metal_resistance,Biocide_and_metal_resistance_protein,YJAA,0
gene:plasmid:123353,Escherichia coli,Biocides,Multi-biocide_resistance,Multi-biocide_resistance_protein,YJCG,0
gene:plasmid:124575;gene:plasmid:140887,Serratia liquefaciens,Biocides,Multi-biocide_resistance,Multi-biocide_resistance_protein,YJCG,0
gene:plasmid:124575;gene:proph:179208;gene:proph:165701,Serratia liquefaciens,Biocides,Multi-biocide_resistance,Multi-biocide_resistance_protein,YJCG,0
gene:proph:175195;gene:proph:175194;gene:proph:175193;gene:proph:161694;gene:proph:161693;gene:proph:175190;gene:proph:175188;gene:proph:175184;gene:proph:161685,Superficieibacter sp. BNK-5,Biocides,Multi-biocide_resistance,Multi-biocide_resistance_protein,YJCG,0
gene:proph:181243;gene:proph:163837;gene:plasmid:151225;gene:plasmid:148202;gene:plasmid:151223;gene:vir:1321;gene:proph:183581,Escherichia coli,Multi-compound,Biocide_and_metal_resistance,Biocide_and_metal_resistance_protein,YODB,0
gene:proph:176040;gene:vir:1321;gene:proph:183581,Escherichia coli,Multi-compound,Biocide_and_metal_resistance,Biocide_and_metal_resistance_protein,YODB,0
gene:plasmid:134726;gene:plasmid:134726;gene:plasmid:93469;gene:plasmid:93507;gene:plasmid:93509,Enterobacter hormaechei,Multi-compound,Drug_and_biocide_resistance,Drug_and_biocide_ABC_efflux_pumps,YOGI,NA
gene:proph:181243;gene:proph:163837;gene:plasmid:151225;gene:plasmid:148202;gene:plasmid:151223;gene:vir:1321;gene:proph:183581,Escherichia coli,Multi-compound,Drug_and_biocide_resistance,Drug_and_biocide_ABC_efflux_pumps,YOGI,NA
gene:proph:176040;gene:vir:1321;gene:proph:183581,Escherichia coli,Multi-compound,Drug_and_biocide_resistance,Drug_and_biocide_ABC_efflux_pumps,YOGI,NA
gene:proph:163818;gene:plasmid:123257;gene:plasmid:91947,Escherichia coli,Multi-compound,Biocide_and_metal_resistance,Biocide_and_metal_resistance_protein,ZUPT,0